ISO-10303-21;
HEADER;
FILE_DESCRIPTION(('STEP AP203'),
    '1');
FILE_NAME('Корпус блока управления датчика уровня жидкости',
    '2026-07-27T08:06:18',
    ('rizz'),
    (''),
    'C3D Converter',
    'C3D Toolkit',
    '');
/**/
FILE_SCHEMA(('CONFIG_CONTROL_DESIGN'));
ENDSEC;

DATA;
#1=PRODUCT_DEFINITION('','UNSPECIFIED',#28,#31);
#2=SHAPE_DEFINITION_REPRESENTATION(#26,#3);
#3=SHAPE_REPRESENTATION('NONE',(#4),#8);
#4=AXIS2_PLACEMENT_3D('',#5,#6,#7);
#5=CARTESIAN_POINT('',(0.,0.,0.));
#6=DIRECTION('',(0.,0.,1.));
#7=DIRECTION('',(1.,0.,0.));
#8=(GEOMETRIC_REPRESENTATION_CONTEXT(3)GLOBAL_UNCERTAINTY_ASSIGNED_CONTEXT((#10))
GLOBAL_UNIT_ASSIGNED_CONTEXT((#9,#11,#12))REPRESENTATION_CONTEXT('NONE','NONE'));
#9=(LENGTH_UNIT()NAMED_UNIT(*)SI_UNIT(.MILLI.,.METRE.));
#10=UNCERTAINTY_MEASURE_WITH_UNIT(LENGTH_MEASURE(1.E-5),#9,'NONE','NONE');
#11=(NAMED_UNIT(*)PLANE_ANGLE_UNIT()SI_UNIT($,.RADIAN.));
#12=(NAMED_UNIT(*)SI_UNIT($,.STERADIAN.)SOLID_ANGLE_UNIT());
#13=MANIFOLD_SOLID_BREP('',#14);
#14=CLOSED_SHELL('',(#53,#54,#55,#56,#57,#58,#59,#60,#61,#62,#63,#64,#65,#66,#67,
#68,#69,#70,#71,#72,#73,#74,#75,#76,#77,#78,#79,#80,#81,#82,#83,#84,#85,#86,#87,
#88,#89,#90,#91,#92,#93,#94,#95,#96,#97,#98,#99,#100,#101,#102,#103,#104,#105,#106,
#107,#108,#109,#110,#111,#112,#113,#114,#115,#116,#117,#118,#119,#120,#121,#122,
#123,#124,#125,#126,#127,#128,#129,#130,#131,#132,#133,#134,#135,#136,#137,#138,
#139,#140,#141,#142,#143,#144,#145,#146,#147,#148,#149,#150,#151,#152,#153,#154,
#155,#156,#157,#158,#159,#160,#161,#162,#163,#164,#165,#166,#167,#168,#169,#170,
#171,#172,#173,#174,#175,#176,#177,#178,#179,#180,#181,#182,#183,#184,#185,#186,
#187,#188,#189,#190,#191,#192,#193,#194,#195,#196,#197,#198,#199,#200,#201,#202,
#203,#204,#205,#206,#207,#208,#209,#210,#211,#212,#213,#214,#215,#216,#217,#218,
#219,#220,#221,#222,#223,#224,#225,#226,#227,#228,#229,#230));
#15=COLOUR_RGB('',1.,1.,0.);
#16=FILL_AREA_STYLE_COLOUR('',#15);
#17=FILL_AREA_STYLE($,(#16));
#18=SURFACE_STYLE_FILL_AREA(#17);
#19=SURFACE_SIDE_STYLE('',(#18));
#20=SURFACE_STYLE_USAGE(.BOTH.,#19);
#21=PRESENTATION_STYLE_ASSIGNMENT((#20));
#22=MECHANICAL_DESIGN_GEOMETRIC_PRESENTATION_REPRESENTATION('NONE',(#23),#8);
#23=STYLED_ITEM('',(#21),#13);
#24=ADVANCED_BREP_SHAPE_REPRESENTATION('NONE',(#13),#8);
#25=SHAPE_REPRESENTATION_RELATIONSHIP('','',#3,#24);
#26=PRODUCT_DEFINITION_SHAPE('NONE','NONE',#1);
#27=MECHANICAL_CONTEXT('NONE',#32,'mechanical');
#28=PRODUCT_DEFINITION_FORMATION_WITH_SPECIFIED_SOURCE('ANY','UNSPECIFIED',#29,.NOT_KNOWN.);
#29=PRODUCT('','\X2\041A043E0440043F04430441\X0\ \X2\0431043B043E043A0430\X0\ \X2\0443043F044004300432043B0435043D0438044F\X0\ \X2\04340430044204470438043A0430\X0\ \X2\04430440043E0432043D044F\X0\ \X2\043604380434043A043E044104420438\X0\',
'NONE',(#27));
#30=PRODUCT_RELATED_PRODUCT_CATEGORY('detail','',(#29));
#31=DESIGN_CONTEXT('detailed design',#32,'design');
#32=APPLICATION_CONTEXT('configuration controlled 3d designs of mechanical parts and assemblies');
#33=APPLICATION_PROTOCOL_DEFINITION('international standard','config_control_design',
1994,#32);
#34=CC_DESIGN_DATE_AND_TIME_ASSIGNMENT(#35,#39,(#1));
#35=DATE_AND_TIME(#36,#37);
#36=CALENDAR_DATE(0,1,1);
#37=LOCAL_TIME(0,0,0.,#38);
#38=COORDINATED_UNIVERSAL_TIME_OFFSET(0,0,.AHEAD.);
#39=DATE_TIME_ROLE('creation_date');
#40=CC_DESIGN_APPROVAL(#41,(#1));
#41=APPROVAL(#42,'UNSPECIFIED');
#42=APPROVAL_STATUS('not_yet_approved');
#43=APPROVAL_DATE_TIME(#44,#41);
#44=DATE_AND_TIME(#45,#46);
#45=CALENDAR_DATE(0,1,1);
#46=LOCAL_TIME(0,0,0.,#47);
#47=COORDINATED_UNIVERSAL_TIME_OFFSET(0,0,.AHEAD.);
#48=PERSON('UNSPECIFIED','rizz','UNSPECIFIED',('UNSPECIFIED'),('UNSPECIFIED'),('UNSPECIFIED'));
#49=ORGANIZATION('UNSPECIFIED','UNSPECIFIED','UNSPECIFIED');
#50=PERSON_AND_ORGANIZATION(#48,#49);
#51=PERSON_AND_ORGANIZATION_ROLE('creator');
#52=CC_DESIGN_PERSON_AND_ORGANIZATION_ASSIGNMENT(#50,#51,(#28,#1));
#53=ADVANCED_FACE('',(#231),#233,.F.);
#54=ADVANCED_FACE('',(#238,#240,#242,#244),#246,.T.);
#55=ADVANCED_FACE('',(#251),#253,.F.);
#56=ADVANCED_FACE('',(#258),#260,.T.);
#57=ADVANCED_FACE('',(#265,#267),#269,.T.);
#58=ADVANCED_FACE('',(#274),#276,.F.);
#59=ADVANCED_FACE('',(#281),#283,.F.);
#60=ADVANCED_FACE('',(#288),#290,.F.);
#61=ADVANCED_FACE('',(#295),#297,.F.);
#62=ADVANCED_FACE('',(#302),#304,.T.);
#63=ADVANCED_FACE('',(#309),#311,.F.);
#64=ADVANCED_FACE('',(#316),#318,.F.);
#65=ADVANCED_FACE('',(#323),#325,.T.);
#66=ADVANCED_FACE('',(#330,#332),#334,.T.);
#67=ADVANCED_FACE('',(#339),#341,.T.);
#68=ADVANCED_FACE('',(#346),#348,.F.);
#69=ADVANCED_FACE('',(#353),#355,.T.);
#70=ADVANCED_FACE('',(#360),#362,.F.);
#71=ADVANCED_FACE('',(#367),#369,.F.);
#72=ADVANCED_FACE('',(#374),#376,.F.);
#73=ADVANCED_FACE('',(#381),#383,.F.);
#74=ADVANCED_FACE('',(#388),#390,.F.);
#75=ADVANCED_FACE('',(#395),#397,.T.);
#76=ADVANCED_FACE('',(#402),#404,.F.);
#77=ADVANCED_FACE('',(#409),#411,.T.);
#78=ADVANCED_FACE('',(#416),#418,.F.);
#79=ADVANCED_FACE('',(#423),#425,.F.);
#80=ADVANCED_FACE('',(#430),#432,.F.);
#81=ADVANCED_FACE('',(#437),#439,.T.);
#82=ADVANCED_FACE('',(#444),#446,.T.);
#83=ADVANCED_FACE('',(#451),#453,.T.);
#84=ADVANCED_FACE('',(#458),#460,.T.);
#85=ADVANCED_FACE('',(#465),#467,.T.);
#86=ADVANCED_FACE('',(#472),#474,.F.);
#87=ADVANCED_FACE('',(#479,#481),#483,.T.);
#88=ADVANCED_FACE('',(#488,#490),#492,.T.);
#89=ADVANCED_FACE('',(#497,#499),#501,.T.);
#90=ADVANCED_FACE('',(#506),#508,.T.);
#91=ADVANCED_FACE('',(#513),#515,.F.);
#92=ADVANCED_FACE('',(#520),#522,.T.);
#93=ADVANCED_FACE('',(#527),#529,.F.);
#94=ADVANCED_FACE('',(#534),#536,.F.);
#95=ADVANCED_FACE('',(#541),#543,.F.);
#96=ADVANCED_FACE('',(#548),#550,.F.);
#97=ADVANCED_FACE('',(#555),#557,.F.);
#98=ADVANCED_FACE('',(#562),#564,.T.);
#99=ADVANCED_FACE('',(#569),#571,.T.);
#100=ADVANCED_FACE('',(#576),#578,.F.);
#101=ADVANCED_FACE('',(#583),#585,.T.);
#102=ADVANCED_FACE('',(#590),#592,.T.);
#103=ADVANCED_FACE('',(#597),#599,.F.);
#104=ADVANCED_FACE('',(#604),#606,.T.);
#105=ADVANCED_FACE('',(#611),#613,.T.);
#106=ADVANCED_FACE('',(#618,#620,#622),#624,.F.);
#107=ADVANCED_FACE('',(#629),#631,.F.);
#108=ADVANCED_FACE('',(#636),#638,.F.);
#109=ADVANCED_FACE('',(#643),#645,.F.);
#110=ADVANCED_FACE('',(#760),#762,.F.);
#111=ADVANCED_FACE('',(#767),#769,.F.);
#112=ADVANCED_FACE('',(#774),#776,.T.);
#113=ADVANCED_FACE('',(#781),#783,.T.);
#114=ADVANCED_FACE('',(#788,#790),#792,.T.);
#115=ADVANCED_FACE('',(#797),#799,.T.);
#116=ADVANCED_FACE('',(#804),#806,.T.);
#117=ADVANCED_FACE('',(#811),#813,.T.);
#118=ADVANCED_FACE('',(#818,#820),#822,.T.);
#119=ADVANCED_FACE('',(#827),#829,.F.);
#120=ADVANCED_FACE('',(#834),#836,.F.);
#121=ADVANCED_FACE('',(#841),#843,.T.);
#122=ADVANCED_FACE('',(#848),#850,.T.);
#123=ADVANCED_FACE('',(#855,#857),#859,.T.);
#124=ADVANCED_FACE('',(#864),#866,.T.);
#125=ADVANCED_FACE('',(#871),#873,.T.);
#126=ADVANCED_FACE('',(#878,#880),#882,.T.);
#127=ADVANCED_FACE('',(#887),#889,.T.);
#128=ADVANCED_FACE('',(#894),#896,.T.);
#129=ADVANCED_FACE('',(#901,#903),#905,.T.);
#130=ADVANCED_FACE('',(#910,#912),#914,.T.);
#131=ADVANCED_FACE('',(#919,#921),#923,.T.);
#132=ADVANCED_FACE('',(#928),#930,.T.);
#133=ADVANCED_FACE('',(#935),#937,.T.);
#134=ADVANCED_FACE('',(#942),#944,.T.);
#135=ADVANCED_FACE('',(#949),#951,.T.);
#136=ADVANCED_FACE('',(#956),#958,.T.);
#137=ADVANCED_FACE('',(#963),#965,.T.);
#138=ADVANCED_FACE('',(#970),#972,.T.);
#139=ADVANCED_FACE('',(#977),#979,.T.);
#140=ADVANCED_FACE('',(#984),#986,.T.);
#141=ADVANCED_FACE('',(#991),#993,.T.);
#142=ADVANCED_FACE('',(#998),#1000,.T.);
#143=ADVANCED_FACE('',(#1005),#1007,.T.);
#144=ADVANCED_FACE('',(#1012),#1014,.T.);
#145=ADVANCED_FACE('',(#1019),#1021,.T.);
#146=ADVANCED_FACE('',(#1026),#1028,.T.);
#147=ADVANCED_FACE('',(#1033),#1035,.T.);
#148=ADVANCED_FACE('',(#1040),#1042,.T.);
#149=ADVANCED_FACE('',(#1047),#1049,.T.);
#150=ADVANCED_FACE('',(#1054),#1056,.T.);
#151=ADVANCED_FACE('',(#1061),#1063,.T.);
#152=ADVANCED_FACE('',(#1068),#1070,.T.);
#153=ADVANCED_FACE('',(#1075),#1077,.T.);
#154=ADVANCED_FACE('',(#1082),#1084,.T.);
#155=ADVANCED_FACE('',(#1089),#1091,.T.);
#156=ADVANCED_FACE('',(#1096),#1098,.T.);
#157=ADVANCED_FACE('',(#1103),#1105,.T.);
#158=ADVANCED_FACE('',(#1110),#1112,.F.);
#159=ADVANCED_FACE('',(#1117),#1119,.F.);
#160=ADVANCED_FACE('',(#1124),#1126,.F.);
#161=ADVANCED_FACE('',(#1131),#1133,.F.);
#162=ADVANCED_FACE('',(#1138),#1140,.T.);
#163=ADVANCED_FACE('',(#1145),#1147,.T.);
#164=ADVANCED_FACE('',(#1152,#1154),#1156,.T.);
#165=ADVANCED_FACE('',(#1161),#1163,.T.);
#166=ADVANCED_FACE('',(#1168),#1170,.T.);
#167=ADVANCED_FACE('',(#1175),#1177,.T.);
#168=ADVANCED_FACE('',(#1182),#1184,.T.);
#169=ADVANCED_FACE('',(#1189),#1191,.T.);
#170=ADVANCED_FACE('',(#1196),#1198,.T.);
#171=ADVANCED_FACE('',(#1203),#1205,.T.);
#172=ADVANCED_FACE('',(#1210),#1212,.T.);
#173=ADVANCED_FACE('',(#1217),#1219,.T.);
#174=ADVANCED_FACE('',(#1224),#1226,.T.);
#175=ADVANCED_FACE('',(#1231),#1233,.T.);
#176=ADVANCED_FACE('',(#1238),#1240,.F.);
#177=ADVANCED_FACE('',(#1245),#1247,.T.);
#178=ADVANCED_FACE('',(#1252),#1254,.F.);
#179=ADVANCED_FACE('',(#1259),#1261,.F.);
#180=ADVANCED_FACE('',(#1266),#1268,.T.);
#181=ADVANCED_FACE('',(#1273),#1275,.T.);
#182=ADVANCED_FACE('',(#1280),#1282,.T.);
#183=ADVANCED_FACE('',(#1287),#1289,.T.);
#184=ADVANCED_FACE('',(#1294),#1296,.T.);
#185=ADVANCED_FACE('',(#1301),#1303,.F.);
#186=ADVANCED_FACE('',(#1308),#1310,.F.);
#187=ADVANCED_FACE('',(#1315,#1317),#1319,.F.);
#188=ADVANCED_FACE('',(#1324,#1326),#1328,.F.);
#189=ADVANCED_FACE('',(#1333),#1335,.F.);
#190=ADVANCED_FACE('',(#1340,#1342),#1344,.F.);
#191=ADVANCED_FACE('',(#1349,#1351),#1353,.F.);
#192=ADVANCED_FACE('',(#1358,#1360),#1362,.F.);
#193=ADVANCED_FACE('',(#1367,#1369),#1371,.F.);
#194=ADVANCED_FACE('',(#1376,#1378),#1380,.F.);
#195=ADVANCED_FACE('',(#1385),#1387,.T.);
#196=ADVANCED_FACE('',(#1392,#1394),#1396,.T.);
#197=ADVANCED_FACE('',(#1401,#1403),#1405,.T.);
#198=ADVANCED_FACE('',(#1410),#1412,.F.);
#199=ADVANCED_FACE('',(#1417),#1419,.T.);
#200=ADVANCED_FACE('',(#1534),#1536,.F.);
#201=ADVANCED_FACE('',(#1541),#1543,.T.);
#202=ADVANCED_FACE('',(#1548,#1550),#1552,.F.);
#203=ADVANCED_FACE('',(#1557,#1559),#1561,.F.);
#204=ADVANCED_FACE('',(#1566),#1568,.F.);
#205=ADVANCED_FACE('',(#1573),#1575,.F.);
#206=ADVANCED_FACE('',(#1580),#1582,.T.);
#207=ADVANCED_FACE('',(#1587),#1589,.T.);
#208=ADVANCED_FACE('',(#1594,#1596),#1598,.F.);
#209=ADVANCED_FACE('',(#1603,#1605),#1607,.F.);
#210=ADVANCED_FACE('',(#1612,#1614),#1616,.F.);
#211=ADVANCED_FACE('',(#1621),#1623,.T.);
#212=ADVANCED_FACE('',(#1628),#1630,.T.);
#213=ADVANCED_FACE('',(#1635),#1637,.T.);
#214=ADVANCED_FACE('',(#1642),#1644,.T.);
#215=ADVANCED_FACE('',(#1649),#1651,.F.);
#216=ADVANCED_FACE('',(#1656),#1658,.F.);
#217=ADVANCED_FACE('',(#1663),#1665,.T.);
#218=ADVANCED_FACE('',(#1670),#1672,.T.);
#219=ADVANCED_FACE('',(#1677),#1679,.T.);
#220=ADVANCED_FACE('',(#1684),#1686,.F.);
#221=ADVANCED_FACE('',(#1691),#1693,.F.);
#222=ADVANCED_FACE('',(#1698),#1700,.F.);
#223=ADVANCED_FACE('',(#1705),#1707,.F.);
#224=ADVANCED_FACE('',(#1712),#1714,.F.);
#225=ADVANCED_FACE('',(#1719),#1721,.F.);
#226=ADVANCED_FACE('',(#1726),#1728,.F.);
#227=ADVANCED_FACE('',(#1733),#1735,.F.);
#228=ADVANCED_FACE('',(#1740),#1742,.F.);
#229=ADVANCED_FACE('',(#1747),#1749,.F.);
#230=ADVANCED_FACE('',(#1754),#1756,.F.);
#231=FACE_BOUND('',#232,.T.);
#232=EDGE_LOOP('',(#1761,#1762,#1763,#1764,#1765,#1766,#1767,#1768,#1769,#1770));
#233=PLANE('',#234);
#234=AXIS2_PLACEMENT_3D('',#235,#236,#237);
#235=CARTESIAN_POINT('',(-9.8,58.2,-11.4999990042745));
#236=DIRECTION('',(-1.,0.,0.));
#237=DIRECTION('',(0.,5.46571251471623E-16,-1.));
#238=FACE_BOUND('',#239,.T.);
#239=EDGE_LOOP('',(#1771,#1772,#1773,#1774,#1775,#1776,#1777,#1778,#1779,#1780,#1781,
#1782,#1783,#1784,#1785,#1786,#1787,#1788,#1789,#1790,#1791,#1792,#1793,#1794,#1795,
#1796,#1797,#1798,#1799,#1800,#1801,#1802,#1803,#1804,#1805));
#240=FACE_BOUND('',#241,.T.);
#241=EDGE_LOOP('',(#1806));
#242=FACE_BOUND('',#243,.T.);
#243=EDGE_LOOP('',(#1807));
#244=FACE_BOUND('',#245,.T.);
#245=EDGE_LOOP('',(#1808));
#246=PLANE('',#247);
#247=AXIS2_PLACEMENT_3D('',#248,#249,#250);
#248=CARTESIAN_POINT('',(-26.4,0.,4.84960132462352E-15));
#249=DIRECTION('',(1.,0.,-1.83697019872103E-16));
#250=DIRECTION('',(-1.83697019872103E-16,1.22464679914735E-16,-1.));
#251=FACE_BOUND('',#252,.T.);
#252=EDGE_LOOP('',(#1809,#1810,#1811,#1812,#1813,#1814,#1815,#1816,#1817,#1818,#1819,
#1820,#1821,#1822,#1823,#1824,#1825,#1826));
#253=PLANE('',#254);
#254=AXIS2_PLACEMENT_3D('',#255,#256,#257);
#255=CARTESIAN_POINT('',(-28.,-44.6,37.6));
#256=DIRECTION('',(-4.79550702262013E-32,-1.,-1.8897413185109E-16));
#257=DIRECTION('',(-1.8897413185109E-16,1.8897413185109E-16,-1.));
#258=FACE_BOUND('',#259,.T.);
#259=EDGE_LOOP('',(#1827,#1828,#1829,#1830));
#260=PLANE('',#261);
#261=AXIS2_PLACEMENT_3D('',#262,#263,#264);
#262=CARTESIAN_POINT('',(-26.4,-41.6,-22.));
#263=DIRECTION('',(0.,1.,0.));
#264=DIRECTION('',(0.,0.,1.));
#265=FACE_BOUND('',#266,.T.);
#266=EDGE_LOOP('',(#1831,#1832,#1833,#1834,#1835,#1836,#1837,#1838,#1839,#1840,#1841,
#1842,#1843,#1844,#1845,#1846,#1847,#1848));
#267=FACE_BOUND('',#268,.T.);
#268=EDGE_LOOP('',(#1849,#1850,#1851,#1852,#1853,#1854,#1855,#1856));
#269=PLANE('',#270);
#270=AXIS2_PLACEMENT_3D('',#271,#272,#273);
#271=CARTESIAN_POINT('',(-28.,-46.2,37.6));
#272=DIRECTION('',(-4.79550702262013E-32,-1.,-1.8897413185109E-16));
#273=DIRECTION('',(-1.8897413185109E-16,1.8897413185109E-16,-1.));
#274=FACE_BOUND('',#275,.T.);
#275=EDGE_LOOP('',(#1857,#1858,#1859,#1860));
#276=CYLINDRICAL_SURFACE('',#277,0.499999004274465);
#277=AXIS2_PLACEMENT_3D('',#278,#279,#280);
#278=CARTESIAN_POINT('',(-9.30000099572553,58.2,-24.5000009957255));
#279=DIRECTION('',(-4.79550702262013E-32,-1.,-1.8897413185109E-16));
#280=DIRECTION('',(-1.,5.95263985108557E-32,-6.12323399573677E-17));
#281=FACE_BOUND('',#282,.T.);
#282=EDGE_LOOP('',(#1861,#1862,#1863,#1864));
#283=CYLINDRICAL_SURFACE('',#284,0.499999004274469);
#284=AXIS2_PLACEMENT_3D('',#285,#286,#287);
#285=CARTESIAN_POINT('',(-9.30000099572553,58.2,-11.4999990042745));
#286=DIRECTION('',(-4.79550702262013E-32,-1.,-1.8897413185109E-16));
#287=DIRECTION('',(2.48078129371327E-14,-1.8897413185109E-16,1.));
#288=FACE_BOUND('',#289,.T.);
#289=EDGE_LOOP('',(#1865,#1866,#1867,#1868));
#290=CYLINDRICAL_SURFACE('',#291,6.);
#291=AXIS2_PLACEMENT_3D('',#292,#293,#294);
#292=CARTESIAN_POINT('',(-58.4,-38.6,-30.));
#293=DIRECTION('',(-1.,0.,1.60032147693716E-16));
#294=DIRECTION('',(-1.60032147693717E-16,0.,-1.));
#295=FACE_BOUND('',#296,.T.);
#296=EDGE_LOOP('',(#1869,#1870,#1871,#1872,#1873,#1874));
#297=PLANE('',#298);
#298=AXIS2_PLACEMENT_3D('',#299,#300,#301);
#299=CARTESIAN_POINT('',(-28.,-46.2,-36.));
#300=DIRECTION('',(-2.53765262771464E-16,1.53797128952403E-16,-1.));
#301=DIRECTION('',(0.,1.,1.53797128952403E-16));
#302=FACE_BOUND('',#303,.T.);
#303=EDGE_LOOP('',(#1875,#1876,#1877,#1878));
#304=CYLINDRICAL_SURFACE('',#305,5.);
#305=AXIS2_PLACEMENT_3D('',#306,#307,#308);
#306=CARTESIAN_POINT('',(-28.,-25.25,-37.6));
#307=DIRECTION('',(1.,0.,3.06161699786838E-16));
#308=DIRECTION('',(3.06161699786838E-16,0.,-1.));
#309=FACE_BOUND('',#310,.T.);
#310=EDGE_LOOP('',(#1879,#1880,#1881,#1882,#1883,#1884,#1885,#1886,#1887,#1888,#1889,
#1890));
#311=PLANE('',#312);
#312=AXIS2_PLACEMENT_3D('',#313,#314,#315);
#313=CARTESIAN_POINT('',(-28.,-46.2,-36.));
#314=DIRECTION('',(-2.53765262771464E-16,1.53797128952403E-16,-1.));
#315=DIRECTION('',(0.,1.,1.53797128952403E-16));
#316=FACE_BOUND('',#317,.T.);
#317=EDGE_LOOP('',(#1891,#1892,#1893,#1894));
#318=CYLINDRICAL_SURFACE('',#319,1.6);
#319=AXIS2_PLACEMENT_3D('',#320,#321,#322);
#320=CARTESIAN_POINT('',(6.4,-18.8,-34.4));
#321=DIRECTION('',(-1.,9.06304509898087E-17,0.));
#322=DIRECTION('',(9.06304509898085E-17,1.,0.));
#323=FACE_BOUND('',#324,.T.);
#324=EDGE_LOOP('',(#1895,#1896,#1897,#1898));
#325=CYLINDRICAL_SURFACE('',#326,1.6);
#326=AXIS2_PLACEMENT_3D('',#327,#328,#329);
#327=CARTESIAN_POINT('',(-29.6,-16.0287187078898,-36.));
#328=DIRECTION('',(-1.,0.,2.16628882853689E-16));
#329=DIRECTION('',(1.08314441426844E-16,-0.866025403784441,0.499999999999995));
#330=FACE_BOUND('',#331,.T.);
#331=EDGE_LOOP('',(#1899,#1900,#1901,#1902));
#332=FACE_BOUND('',#333,.T.);
#333=EDGE_LOOP('',(#1903,#1904));
#334=PLANE('',#335);
#335=AXIS2_PLACEMENT_3D('',#336,#337,#338);
#336=CARTESIAN_POINT('',(-26.4,-5.2,-34.4));
#337=DIRECTION('',(2.59322166335803E-16,0.,1.));
#338=DIRECTION('',(0.,-1.,0.));
#339=FACE_BOUND('',#340,.T.);
#340=EDGE_LOOP('',(#1905,#1906,#1907,#1908));
#341=CYLINDRICAL_SURFACE('',#342,1.6);
#342=AXIS2_PLACEMENT_3D('',#343,#344,#345);
#343=CARTESIAN_POINT('',(-29.6,-6.37128129211021,-36.));
#344=DIRECTION('',(-1.,-1.08314441426845E-16,2.16628882853689E-16));
#345=DIRECTION('',(2.16628882853689E-16,-2.17042337099772E-31,1.));
#346=FACE_BOUND('',#347,.T.);
#347=EDGE_LOOP('',(#1909,#1910,#1911,#1912));
#348=CYLINDRICAL_SURFACE('',#349,1.6);
#349=AXIS2_PLACEMENT_3D('',#350,#351,#352);
#350=CARTESIAN_POINT('',(-32.8,-3.60000000000001,-34.4));
#351=DIRECTION('',(1.,9.06304509898087E-17,0.));
#352=DIRECTION('',(9.06304509898087E-17,-1.,4.44089209850063E-15));
#353=FACE_BOUND('',#354,.T.);
#354=EDGE_LOOP('',(#1913,#1914,#1915,#1916));
#355=CYLINDRICAL_SURFACE('',#356,5.);
#356=AXIS2_PLACEMENT_3D('',#357,#358,#359);
#357=CARTESIAN_POINT('',(-28.,25.25,-37.6));
#358=DIRECTION('',(1.,0.,3.06161699786838E-16));
#359=DIRECTION('',(3.06161699786838E-16,0.,-1.));
#360=FACE_BOUND('',#361,.T.);
#361=EDGE_LOOP('',(#1917,#1918,#1919,#1920,#1921,#1922));
#362=PLANE('',#363);
#363=AXIS2_PLACEMENT_3D('',#364,#365,#366);
#364=CARTESIAN_POINT('',(-28.,-46.2,-36.));
#365=DIRECTION('',(-2.53765262771464E-16,1.53797128952403E-16,-1.));
#366=DIRECTION('',(0.,1.,1.53797128952403E-16));
#367=FACE_BOUND('',#368,.T.);
#368=EDGE_LOOP('',(#1923,#1924,#1925,#1926));
#369=CYLINDRICAL_SURFACE('',#370,6.);
#370=AXIS2_PLACEMENT_3D('',#371,#372,#373);
#371=CARTESIAN_POINT('',(-58.4,38.6,-30.));
#372=DIRECTION('',(-1.,0.,3.20064295387433E-16));
#373=DIRECTION('',(-2.07594975058161E-31,1.,-4.6746232615796E-16));
#374=FACE_BOUND('',#375,.T.);
#375=EDGE_LOOP('',(#1927,#1928,#1929,#1930));
#376=PLANE('',#377);
#377=AXIS2_PLACEMENT_3D('',#378,#379,#380);
#378=CARTESIAN_POINT('',(-28.,44.6,-37.6));
#379=DIRECTION('',(0.,1.,0.));
#380=DIRECTION('',(1.8897413185109E-16,0.,1.));
#381=FACE_BOUND('',#382,.T.);
#382=EDGE_LOOP('',(#1931,#1932,#1933,#1934));
#383=CYLINDRICAL_SURFACE('',#384,6.);
#384=AXIS2_PLACEMENT_3D('',#385,#386,#387);
#385=CARTESIAN_POINT('',(-58.4,38.6,30.));
#386=DIRECTION('',(-1.,0.,1.60032147693716E-16));
#387=DIRECTION('',(1.60032147693716E-16,-9.34924652315922E-16,1.));
#388=FACE_BOUND('',#389,.T.);
#389=EDGE_LOOP('',(#1935,#1936,#1937,#1938,#1939,#1940));
#390=PLANE('',#391);
#391=AXIS2_PLACEMENT_3D('',#392,#393,#394);
#392=CARTESIAN_POINT('',(-28.,46.2,36.));
#393=DIRECTION('',(2.53765262771464E-16,-1.53797128952403E-16,1.));
#394=DIRECTION('',(0.,-1.,-1.53797128952403E-16));
#395=FACE_BOUND('',#396,.T.);
#396=EDGE_LOOP('',(#1941,#1942,#1943,#1944));
#397=CYLINDRICAL_SURFACE('',#398,5.);
#398=AXIS2_PLACEMENT_3D('',#399,#400,#401);
#399=CARTESIAN_POINT('',(-28.,25.25,37.6));
#400=DIRECTION('',(1.,0.,-3.06161699786838E-16));
#401=DIRECTION('',(3.06161699786838E-16,0.,1.));
#402=FACE_BOUND('',#403,.T.);
#403=EDGE_LOOP('',(#1945,#1946,#1947,#1948,#1949,#1950,#1951,#1952));
#404=PLANE('',#405);
#405=AXIS2_PLACEMENT_3D('',#406,#407,#408);
#406=CARTESIAN_POINT('',(-28.,46.2,36.));
#407=DIRECTION('',(2.53765262771464E-16,-1.53797128952403E-16,1.));
#408=DIRECTION('',(0.,-1.,-1.53797128952403E-16));
#409=FACE_BOUND('',#410,.T.);
#410=EDGE_LOOP('',(#1953,#1954,#1955,#1956));
#411=CYLINDRICAL_SURFACE('',#412,5.);
#412=AXIS2_PLACEMENT_3D('',#413,#414,#415);
#413=CARTESIAN_POINT('',(-28.,-25.25,37.6));
#414=DIRECTION('',(1.,0.,-3.06161699786838E-16));
#415=DIRECTION('',(3.06161699786838E-16,0.,1.));
#416=FACE_BOUND('',#417,.T.);
#417=EDGE_LOOP('',(#1957,#1958,#1959,#1960,#1961,#1962));
#418=PLANE('',#419);
#419=AXIS2_PLACEMENT_3D('',#420,#421,#422);
#420=CARTESIAN_POINT('',(-28.,46.2,36.));
#421=DIRECTION('',(2.53765262771464E-16,-1.53797128952403E-16,1.));
#422=DIRECTION('',(0.,-1.,-1.53797128952403E-16));
#423=FACE_BOUND('',#424,.T.);
#424=EDGE_LOOP('',(#1963,#1964,#1965,#1966,#1967,#1968));
#425=CYLINDRICAL_SURFACE('',#426,6.);
#426=AXIS2_PLACEMENT_3D('',#427,#428,#429);
#427=CARTESIAN_POINT('',(-58.4,-38.6,30.));
#428=DIRECTION('',(-1.,1.60032147693716E-16,3.20064295387433E-16));
#429=DIRECTION('',(-1.60032147693716E-16,-1.,-2.48015423492908E-31));
#430=FACE_BOUND('',#431,.T.);
#431=EDGE_LOOP('',(#1969,#1970,#1971,#1972));
#432=CYLINDRICAL_SURFACE('',#433,3.);
#433=AXIS2_PLACEMENT_3D('',#434,#435,#436);
#434=CARTESIAN_POINT('',(12.,-41.5580398915498,30.5));
#435=DIRECTION('',(-1.,5.6392280615881E-16,0.));
#436=DIRECTION('',(1.31476817536835E-30,2.368475785867E-15,-1.));
#437=FACE_BOUND('',#438,.T.);
#438=EDGE_LOOP('',(#1973,#1974,#1975,#1976));
#439=PLANE('',#440);
#440=AXIS2_PLACEMENT_3D('',#441,#442,#443);
#441=CARTESIAN_POINT('',(-26.4,-38.6,27.5));
#442=DIRECTION('',(1.34572487833352E-16,5.92118946466751E-16,1.));
#443=DIRECTION('',(0.,-1.,5.92118946466751E-16));
#444=FACE_BOUND('',#445,.T.);
#445=EDGE_LOOP('',(#1977,#1978,#1979,#1980));
#446=CYLINDRICAL_SURFACE('',#447,1.);
#447=AXIS2_PLACEMENT_3D('',#448,#449,#450);
#448=CARTESIAN_POINT('',(-30.4,-39.6,26.5));
#449=DIRECTION('',(-1.,0.,1.03276560430247E-16));
#450=DIRECTION('',(1.03276560430247E-16,0.,1.));
#451=FACE_BOUND('',#452,.T.);
#452=EDGE_LOOP('',(#1981,#1982,#1983,#1984,#1985,#1986,#1987,#1988,#1989,#1990,#1991,
#1992));
#453=PLANE('',#454);
#454=AXIS2_PLACEMENT_3D('',#455,#456,#457);
#455=CARTESIAN_POINT('',(-26.4,-38.6,13.9));
#456=DIRECTION('',(-9.56195036631526E-32,1.,-5.92118946466748E-16));
#457=DIRECTION('',(0.,5.92118946466748E-16,1.));
#458=FACE_BOUND('',#459,.T.);
#459=EDGE_LOOP('',(#1993,#1994,#1995,#1996));
#460=CYLINDRICAL_SURFACE('',#461,1.);
#461=AXIS2_PLACEMENT_3D('',#462,#463,#464);
#462=CARTESIAN_POINT('',(-30.4,-39.6,13.3));
#463=DIRECTION('',(-1.,0.,1.54914840645371E-16));
#464=DIRECTION('',(0.,1.,0.));
#465=FACE_BOUND('',#466,.T.);
#466=EDGE_LOOP('',(#1997,#1998,#1999,#2000));
#467=PLANE('',#468);
#468=AXIS2_PLACEMENT_3D('',#469,#470,#471);
#469=CARTESIAN_POINT('',(-26.4,-44.6,12.3));
#470=DIRECTION('',(-2.01858731750028E-16,0.,-1.));
#471=DIRECTION('',(0.,1.,0.));
#472=FACE_BOUND('',#473,.T.);
#473=EDGE_LOOP('',(#2001,#2002,#2003,#2004));
#474=CYLINDRICAL_SURFACE('',#475,3.);
#475=AXIS2_PLACEMENT_3D('',#476,#477,#478);
#476=CARTESIAN_POINT('',(-38.4,-41.6,9.29999999999997));
#477=DIRECTION('',(1.,0.,-2.11471052309554E-16));
#478=DIRECTION('',(2.11471052309554E-16,0.,1.));
#479=FACE_OUTER_BOUND('',#480,.T.);
#480=EDGE_LOOP('',(#2005));
#481=FACE_OUTER_BOUND('',#482,.T.);
#482=EDGE_LOOP('',(#2006));
#483=CONICAL_SURFACE('',#484,3.40470053837925,0.523598775598299);
#484=AXIS2_PLACEMENT_3D('',#485,#486,#487);
#485=CARTESIAN_POINT('',(-24.4,-19.1,6.82128267125076E-15));
#486=DIRECTION('',(-1.,0.,1.83697019872103E-16));
#487=DIRECTION('',(1.83697019872103E-16,0.,1.));
#488=FACE_OUTER_BOUND('',#489,.T.);
#489=EDGE_LOOP('',(#2007));
#490=FACE_OUTER_BOUND('',#491,.T.);
#491=EDGE_LOOP('',(#2008));
#492=CONICAL_SURFACE('',#493,4.65470053837925,0.523598775598299);
#493=AXIS2_PLACEMENT_3D('',#494,#495,#496);
#494=CARTESIAN_POINT('',(-24.4,-11.4,9.5));
#495=DIRECTION('',(-1.,0.,1.83697019872103E-16));
#496=DIRECTION('',(1.83697019872103E-16,-3.8162644938245E-16,1.));
#497=FACE_OUTER_BOUND('',#498,.T.);
#498=EDGE_LOOP('',(#2009));
#499=FACE_OUTER_BOUND('',#500,.T.);
#500=EDGE_LOOP('',(#2010));
#501=CONICAL_SURFACE('',#502,4.65470053837925,0.523598775598299);
#502=AXIS2_PLACEMENT_3D('',#503,#504,#505);
#503=CARTESIAN_POINT('',(-24.4,35.6,-11.5));
#504=DIRECTION('',(-1.,0.,1.83697019872103E-16));
#505=DIRECTION('',(1.83697019872103E-16,0.,1.));
#506=FACE_BOUND('',#507,.T.);
#507=EDGE_LOOP('',(#2011,#2012,#2013,#2014,#2015,#2016));
#508=PLANE('',#509);
#509=AXIS2_PLACEMENT_3D('',#510,#511,#512);
#510=CARTESIAN_POINT('',(0.,0.,0.));
#511=DIRECTION('',(1.,0.,-1.83697019872103E-16));
#512=DIRECTION('',(-1.83697019872103E-16,1.22464679914735E-16,-1.));
#513=FACE_BOUND('',#514,.T.);
#514=EDGE_LOOP('',(#2017,#2018,#2019,#2020,#2021,#2022,#2023,#2024));
#515=PLANE('',#516);
#516=AXIS2_PLACEMENT_3D('',#517,#518,#519);
#517=CARTESIAN_POINT('',(2.9963678890994E-15,-58.2,13.9));
#518=DIRECTION('',(1.15347846714302E-16,1.30614473485312E-16,-1.));
#519=DIRECTION('',(-1.,0.,-1.15347846714302E-16));
#520=FACE_BOUND('',#521,.T.);
#521=EDGE_LOOP('',(#2025,#2026,#2027,#2028,#2029,#2030,#2031,#2032,#2033,#2034,#2035,
#2036,#2037,#2038,#2039,#2040,#2041,#2042,#2043,#2044,#2045,#2046,#2047,#2048,#2049,
#2050,#2051,#2052,#2053,#2054,#2055,#2056,#2057,#2058,#2059,#2060,#2061,#2062,#2063,
#2064,#2065,#2066,#2067,#2068,#2069,#2070,#2071,#2072,#2073,#2074,#2075,#2076));
#522=PLANE('',#523);
#523=AXIS2_PLACEMENT_3D('',#524,#525,#526);
#524=CARTESIAN_POINT('',(1.2,0.,-2.20436423846524E-16));
#525=DIRECTION('',(1.,0.,-1.83697019872103E-16));
#526=DIRECTION('',(-1.83697019872103E-16,-1.22464679914735E-16,-1.));
#527=FACE_BOUND('',#528,.T.);
#528=EDGE_LOOP('',(#2077,#2078,#2079,#2080));
#529=PLANE('',#530);
#530=AXIS2_PLACEMENT_3D('',#531,#532,#533);
#531=CARTESIAN_POINT('',(-9.30000099572553,58.2,-25.));
#532=DIRECTION('',(0.,2.041789470575E-16,-1.));
#533=DIRECTION('',(1.,0.,0.));
#534=FACE_BOUND('',#535,.T.);
#535=EDGE_LOOP('',(#2081,#2082,#2083,#2084));
#536=CYLINDRICAL_SURFACE('',#537,0.499999004274469);
#537=AXIS2_PLACEMENT_3D('',#538,#539,#540);
#538=CARTESIAN_POINT('',(-4.69999900427446,58.2,-24.5000009957255));
#539=DIRECTION('',(-4.79550702262013E-32,-1.,-1.8897413185109E-16));
#540=DIRECTION('',(6.12323399573677E-17,1.8897413185109E-16,-1.));
#541=FACE_BOUND('',#542,.T.);
#542=EDGE_LOOP('',(#2085,#2086,#2087,#2088));
#543=PLANE('',#544);
#544=AXIS2_PLACEMENT_3D('',#545,#546,#547);
#545=CARTESIAN_POINT('',(-4.2,58.2,-24.5000009957255));
#546=DIRECTION('',(1.,-1.3949792827172E-32,6.83214064339529E-17));
#547=DIRECTION('',(-6.83214064339529E-17,-5.46571251471623E-16,1.));
#548=FACE_BOUND('',#549,.T.);
#549=EDGE_LOOP('',(#2089,#2090,#2091,#2092));
#550=CYLINDRICAL_SURFACE('',#551,0.499999004274469);
#551=AXIS2_PLACEMENT_3D('',#552,#553,#554);
#552=CARTESIAN_POINT('',(-4.69999900427447,58.2,-11.4999990042745));
#553=DIRECTION('',(-4.79550702262013E-32,-1.,-1.8897413185109E-16));
#554=DIRECTION('',(1.,-5.95263985108557E-32,6.12323399573677E-17));
#555=FACE_BOUND('',#556,.T.);
#556=EDGE_LOOP('',(#2093,#2094,#2095,#2096));
#557=PLANE('',#558);
#558=AXIS2_PLACEMENT_3D('',#559,#560,#561);
#559=CARTESIAN_POINT('',(-4.69999900427446,58.2,-11.));
#560=DIRECTION('',(0.,-1.87164034802708E-16,1.));
#561=DIRECTION('',(-1.,0.,0.));
#562=FACE_BOUND('',#563,.T.);
#563=EDGE_LOOP('',(#2097,#2098,#2099,#2100));
#564=PLANE('',#565);
#565=AXIS2_PLACEMENT_3D('',#566,#567,#568);
#566=CARTESIAN_POINT('',(-12.9,-56.2,13.8999999999999));
#567=DIRECTION('',(0.707106781186546,-1.16303145087687E-16,0.707106781186549));
#568=DIRECTION('',(-1.2912242951267E-32,1.,1.64477485129653E-16));
#569=FACE_BOUND('',#570,.T.);
#570=EDGE_LOOP('',(#2101,#2102,#2103,#2104));
#571=PLANE('',#572);
#572=AXIS2_PLACEMENT_3D('',#573,#574,#575);
#573=CARTESIAN_POINT('',(-15.4,0.,2.82893410603039E-15));
#574=DIRECTION('',(1.,0.,-1.83697019872103E-16));
#575=DIRECTION('',(-1.83697019872103E-16,-1.22464679914735E-16,-1.));
#576=FACE_BOUND('',#577,.T.);
#577=EDGE_LOOP('',(#2105,#2106,#2107,#2108));
#578=CYLINDRICAL_SURFACE('',#579,1.8);
#579=AXIS2_PLACEMENT_3D('',#580,#581,#582);
#580=CARTESIAN_POINT('',(-15.4,-58.2,19.9));
#581=DIRECTION('',(-9.56195036631526E-32,1.,-5.92118946466748E-16));
#582=DIRECTION('',(-2.09529133934718E-62,-5.92118946466748E-16,-1.));
#583=FACE_BOUND('',#584,.T.);
#584=EDGE_LOOP('',(#2109,#2110,#2111,#2112));
#585=PLANE('',#586);
#586=AXIS2_PLACEMENT_3D('',#587,#588,#589);
#587=CARTESIAN_POINT('',(-15.4,0.,2.82893410603039E-15));
#588=DIRECTION('',(1.,0.,-1.83697019872103E-16));
#589=DIRECTION('',(-1.83697019872103E-16,-1.22464679914735E-16,-1.));
#590=FACE_BOUND('',#591,.T.);
#591=EDGE_LOOP('',(#2113,#2114,#2115,#2116));
#592=PLANE('',#593);
#593=AXIS2_PLACEMENT_3D('',#594,#595,#596);
#594=CARTESIAN_POINT('',(-15.4,-56.2,23.4));
#595=DIRECTION('',(0.707106781186549,-1.16303145087687E-16,-0.707106781186546));
#596=DIRECTION('',(0.,1.,-1.64477485129653E-16));
#597=FACE_BOUND('',#598,.T.);
#598=EDGE_LOOP('',(#2117,#2118,#2119,#2120,#2121,#2122,#2123,#2124));
#599=PLANE('',#600);
#600=AXIS2_PLACEMENT_3D('',#601,#602,#603);
#601=CARTESIAN_POINT('',(-15.4,-58.2,25.9));
#602=DIRECTION('',(0.,-2.61228946970625E-16,1.));
#603=DIRECTION('',(1.,0.,0.));
#604=FACE_BOUND('',#605,.T.);
#605=EDGE_LOOP('',(#2125,#2126,#2127,#2128,#2129,#2130,#2131,#2132,#2133,#2134,#2135,
#2136,#2137,#2138,#2139,#2140,#2141,#2142,#2143,#2144,#2145,#2146,#2147,#2148,#2149,
#2150,#2151,#2152,#2153,#2154,#2155,#2156,#2157,#2158,#2159,#2160,#2161,#2162,#2163,
#2164,#2165,#2166,#2167,#2168));
#606=PLANE('',#607);
#607=AXIS2_PLACEMENT_3D('',#608,#609,#610);
#608=CARTESIAN_POINT('',(0.,0.,0.));
#609=DIRECTION('',(1.,0.,-1.83697019872103E-16));
#610=DIRECTION('',(-1.83697019872103E-16,1.22464679914735E-16,-1.));
#611=FACE_BOUND('',#612,.T.);
#612=EDGE_LOOP('',(#2169,#2170,#2171,#2172));
#613=CYLINDRICAL_SURFACE('',#614,7.6);
#614=AXIS2_PLACEMENT_3D('',#615,#616,#617);
#615=CARTESIAN_POINT('',(-58.4,-38.6,30.));
#616=DIRECTION('',(-1.,1.60032147693716E-16,3.20064295387433E-16));
#617=DIRECTION('',(-1.60032147693716E-16,-1.,-2.48015423492908E-31));
#618=FACE_BOUND('',#619,.T.);
#619=EDGE_LOOP('',(#2173,#2174,#2175,#2176,#2177,#2178,#2179,#2180,#2181,#2182,#2183,
#2184,#2185,#2186,#2187,#2188,#2189,#2190,#2191,#2192,#2193,#2194,#2195,#2196,#2197,
#2198,#2199,#2200,#2201,#2202,#2203,#2204));
#620=FACE_BOUND('',#621,.T.);
#621=EDGE_LOOP('',(#2205));
#622=FACE_BOUND('',#623,.T.);
#623=EDGE_LOOP('',(#2206));
#624=PLANE('',#625);
#625=AXIS2_PLACEMENT_3D('',#626,#627,#628);
#626=CARTESIAN_POINT('',(-28.,0.,5.14351655641888E-15));
#627=DIRECTION('',(1.,0.,-1.83697019872103E-16));
#628=DIRECTION('',(-1.83697019872103E-16,1.22464679914735E-16,-1.));
#629=FACE_BOUND('',#630,.T.);
#630=EDGE_LOOP('',(#2207,#2208,#2209,#2210));
#631=CYLINDRICAL_SURFACE('',#632,4.);
#632=AXIS2_PLACEMENT_3D('',#633,#634,#635);
#633=CARTESIAN_POINT('',(-44.,-50.2,19.1568542494925));
#634=DIRECTION('',(1.,0.,-2.45014736469E-16));
#635=DIRECTION('',(-1.73251581647873E-16,0.707106781186516,-0.707106781186579));
#636=FACE_BOUND('',#637,.T.);
#637=EDGE_LOOP('',(#2211,#2212,#2213,#2214,#2215));
#638=CYLINDRICAL_SURFACE('',#639,4.);
#639=AXIS2_PLACEMENT_3D('',#640,#641,#642);
#640=CARTESIAN_POINT('',(-18.,-50.2,33.5));
#641=DIRECTION('',(-4.24204618364239E-16,0.,-1.));
#642=DIRECTION('',(-1.,0.,4.24204618364239E-16));
#643=FACE_BOUND('',#644,.T.);
#644=EDGE_LOOP('',(#2216,#2217,#2218,#2219));
#645=(BOUNDED_SURFACE()B_SPLINE_SURFACE(3,2,(
(#646,#647,#648),
(#649,#650,#651),
(#652,#653,#654),
(#655,#656,#657),
(#658,#659,#660),
(#661,#662,#663),
(#664,#665,#666),
(#667,#668,#669),
(#670,#671,#672),
(#673,#674,#675),
(#676,#677,#678),
(#679,#680,#681),
(#682,#683,#684),
(#685,#686,#687),
(#688,#689,#690),
(#691,#692,#693),
(#694,#695,#696),
(#697,#698,#699),
(#700,#701,#702),
(#703,#704,#705),
(#706,#707,#708),
(#709,#710,#711),
(#712,#713,#714),
(#715,#716,#717),
(#718,#719,#720),
(#721,#722,#723),
(#724,#725,#726),
(#727,#728,#729),
(#730,#731,#732),
(#733,#734,#735),
(#736,#737,#738),
(#739,#740,#741),
(#742,#743,#744),
(#745,#746,#747),
(#748,#749,#750),
(#751,#752,#753),
(#754,#755,#756),
(#757,#758,#759)),
.UNSPECIFIED.,.F.,.F.,.F.)B_SPLINE_SURFACE_WITH_KNOTS((4,1,1,1,1,1,1,1,1,1,1,1,1,
1,1,1,1,1,1,1,1,1,1,1,1,1,1,1,1,1,1,1,1,1,1,4),
(3,3),
(-2.41700012540066E-6,0.267428593114044,0.366753816371495,0.433541631945638,0.484848315171467,
0.526629484665518,0.565560403978962,0.600497672554566,0.634291540572937,0.666874433335797,
0.699389751400376,0.731905069464956,0.765082831748882,0.798990612950434,0.833884007413207,
0.869032996219577,0.904378852161913,0.939665980896619,0.974772851444812,1.010273987003,
1.04616938757119,1.08314897071762,1.12090991873512,1.15945223162371,1.19955543856784,
1.24210290119281,1.28709461949862,1.33692766683621,1.39529935417955,1.46220968152862,
1.55003220031134,1.65211979007728,1.76972050257736,1.87927612829693,1.98448448806491,
2.09439751939332),
(0.,1.),
.UNSPECIFIED.)GEOMETRIC_REPRESENTATION_ITEM()RATIONAL_B_SPLINE_SURFACE((
(1.,0.707106041133517,1.),
(1.,0.734390996359734,1.),
(1.,0.766805881624656,1.),
(1.,0.797341647182584,1.),
(1.,0.810899614973133,1.),
(1.,0.819954965065896,1.),
(1.,0.826838539384041,1.),
(1.,0.832418027602242,1.),
(1.,0.837228628786339,1.),
(1.,0.841419972102529,1.),
(1.,0.845194903912624,1.),
(1.,0.848615025694,1.),
(1.,0.851748524804704,1.),
(1.,0.854611516480555,1.),
(1.,0.857213624785225,1.),
(1.,0.859521881261843,1.),
(1.,0.861506891124294,1.),
(1.,0.863140523347468,1.),
(1.,0.864414160209187,1.),
(1.,0.865331016500314,1.),
(1.,0.8658913331423,1.),
(1.,0.866089222881821,1.),
(1.,0.865903327306249,1.),
(1.,0.865305624203178,1.),
(1.,0.864264095128549,1.),
(1.,0.862721162602369,1.),
(1.,0.86058853668557,1.),
(1.,0.857714738174197,1.),
(1.,0.853810883873408,1.),
(1.,0.848436572035374,1.),
(1.,0.840611050833278,1.),
(1.,0.829265911108999,1.),
(1.,0.812864010556247,1.),
(1.,0.791802195920864,1.),
(1.,0.766861619657728,1.),
(1.,0.739062202339194,1.),
(1.,0.718323820934042,1.),
(1.,0.707106041133517,1.)))REPRESENTATION_ITEM('')SURFACE());
#646=CARTESIAN_POINT('',(-18.0000000000097,-46.2,3.60738870620176));
#647=CARTESIAN_POINT('',(-22.0000083727068,-46.2,3.60737420407959));
#648=CARTESIAN_POINT('',(-22.,-50.2000083727399,3.60737420410995));
#649=CARTESIAN_POINT('',(-18.0148019258635,-46.2,2.93313585299299));
#650=CARTESIAN_POINT('',(-21.6998747236924,-46.2,3.42498197702934));
#651=CARTESIAN_POINT('',(-22.,-49.9010681600099,3.43495369688428));
#652=CARTESIAN_POINT('',(-18.1281217141428,-46.2,2.33950347156832));
#653=CARTESIAN_POINT('',(-21.4128359025437,-46.2,3.01891937620781));
#654=CARTESIAN_POINT('',(-22.,-49.5211372568845,3.14404709074109));
#655=CARTESIAN_POINT('',(-18.2489356885802,-46.2,1.81940809888687));
#656=CARTESIAN_POINT('',(-21.1992578131543,-46.2,2.50511251959317));
#657=CARTESIAN_POINT('',(-22.,-49.1356195363618,2.72168236966939));
#658=CARTESIAN_POINT('',(-18.3063343299846,-46.2,1.58404170521015));
#659=CARTESIAN_POINT('',(-21.1155823576121,-46.2,2.24993785216177));
#660=CARTESIAN_POINT('',(-22.,-48.9544747235239,2.48587991887773));
#661=CARTESIAN_POINT('',(-18.3460910327165,-46.2,1.41990642588632));
#662=CARTESIAN_POINT('',(-21.0637369287058,-46.2,2.06322697718836));
#663=CARTESIAN_POINT('',(-22.,-48.8280832745778,2.29799353427591));
#664=CARTESIAN_POINT('',(-18.3753317716351,-46.2,1.29640246017685));
#665=CARTESIAN_POINT('',(-21.0263992143238,-46.2,1.90978382750722));
#666=CARTESIAN_POINT('',(-22.,-48.7343884189442,2.14292759551979));
#667=CARTESIAN_POINT('',(-18.3988692697046,-46.2,1.19369408162132));
#668=CARTESIAN_POINT('',(-20.9974217445907,-46.2,1.77597479188498));
#669=CARTESIAN_POINT('',(-22.,-48.6583505611808,2.00448024713852));
#670=CARTESIAN_POINT('',(-18.4187445362439,-46.2,1.1034468199128));
#671=CARTESIAN_POINT('',(-20.9733373104387,-46.2,1.65194511956342));
#672=CARTESIAN_POINT('',(-22.,-48.5936394374428,1.87550231257689));
#673=CARTESIAN_POINT('',(-18.4361431578912,-46.2,1.02066528933485));
#674=CARTESIAN_POINT('',(-20.9530116017635,-46.2,1.53572050664412));
#675=CARTESIAN_POINT('',(-22.,-48.5365664583355,1.75112167180779));
#676=CARTESIAN_POINT('',(-18.4516301650598,-46.2,0.942893121267509));
#677=CARTESIAN_POINT('',(-20.9352187667153,-46.2,1.42272969474747));
#678=CARTESIAN_POINT('',(-22.,-48.4854014482568,1.62902660508834));
#679=CARTESIAN_POINT('',(-18.4656543437446,-46.2,0.867919497193551));
#680=CARTESIAN_POINT('',(-20.9195088194712,-46.2,1.31163150912477));
#681=CARTESIAN_POINT('',(-22.,-48.4387536163951,1.50661202106901));
#682=CARTESIAN_POINT('',(-18.4784181948016,-46.2,0.794521867003269));
#683=CARTESIAN_POINT('',(-20.9054511517388,-46.2,1.20027104126405));
#684=CARTESIAN_POINT('',(-22.,-48.3960225686462,1.38244234373576));
#685=CARTESIAN_POINT('',(-18.4900514788592,-46.2,0.721622107623034));
#686=CARTESIAN_POINT('',(-20.8928823918466,-46.2,1.08773197931288));
#687=CARTESIAN_POINT('',(-22.,-48.3568368947866,1.25507649347231));
#688=CARTESIAN_POINT('',(-18.5005458854228,-46.2,0.648756799341362));
#689=CARTESIAN_POINT('',(-20.8816832038835,-46.2,0.972891450423338));
#690=CARTESIAN_POINT('',(-22.,-48.321283206218,1.12400214732883));
#691=CARTESIAN_POINT('',(-18.5098307059535,-46.2,0.575788997158438));
#692=CARTESIAN_POINT('',(-20.8719250480687,-46.2,0.856192818854312));
#693=CARTESIAN_POINT('',(-22.,-48.2896601986342,0.989279747224092));
#694=CARTESIAN_POINT('',(-18.5177888671441,-46.2,0.503036469883081));
#695=CARTESIAN_POINT('',(-20.8636639353674,-46.2,0.738208123735947));
#696=CARTESIAN_POINT('',(-22.,-48.2624271374856,0.851877432782631));
#697=CARTESIAN_POINT('',(-18.5243398193775,-46.2,0.430791189868875));
#698=CARTESIAN_POINT('',(-20.8569543719454,-46.2,0.620066237995688));
#699=CARTESIAN_POINT('',(-22.,-48.2399186855737,0.712816457374472));
#700=CARTESIAN_POINT('',(-18.5294515212237,-46.2,0.35915978477422));
#701=CARTESIAN_POINT('',(-20.8517785984647,-46.2,0.502202589195591));
#702=CARTESIAN_POINT('',(-22.,-48.2222974712646,0.572825005797253));
#703=CARTESIAN_POINT('',(-18.5331270722419,-46.2,0.287910076558425));
#704=CARTESIAN_POINT('',(-20.8480823189479,-46.2,0.384342727159588));
#705=CARTESIAN_POINT('',(-22.,-48.2095952312568,0.431979760194971));
#706=CARTESIAN_POINT('',(-18.5353725581753,-46.2,0.216437051579074));
#707=CARTESIAN_POINT('',(-20.8458355972429,-46.2,0.265926307592039));
#708=CARTESIAN_POINT('',(-22.,-48.2018218953693,0.289602824483265));
#709=CARTESIAN_POINT('',(-18.5361546856407,-46.2,0.144098521903949));
#710=CARTESIAN_POINT('',(-20.8450443255551,-46.2,0.1454906105763));
#711=CARTESIAN_POINT('',(-22.,-48.199111951293,0.144931063954025));
#712=CARTESIAN_POINT('',(-18.5353970680215,-46.2,0.0702570044788552));
#713=CARTESIAN_POINT('',(-20.8457875782421,-46.2,0.0225435768310928));
#714=CARTESIAN_POINT('',(-22.,-48.2017370230266,-0.00275733780679011));
#715=CARTESIAN_POINT('',(-18.5329907399693,-46.2,-0.00557356903630093));
#716=CARTESIAN_POINT('',(-20.8481840691048,-46.2,-0.103414125122012));
#717=CARTESIAN_POINT('',(-22.,-48.2100673171869,-0.153810437512829));
#718=CARTESIAN_POINT('',(-18.5287819241495,-46.2,-0.0842008560165672));
#719=CARTESIAN_POINT('',(-20.8523849130612,-46.2,-0.232992570777619));
#720=CARTESIAN_POINT('',(-22.,-48.2246103391107,-0.309108013346033));
#721=CARTESIAN_POINT('',(-18.522533846636,-46.2,-0.166782486278856));
#722=CARTESIAN_POINT('',(-20.8586662505934,-46.2,-0.368140520740484));
#723=CARTESIAN_POINT('',(-22.,-48.2461367588911,-0.470037500343481));
#724=CARTESIAN_POINT('',(-18.513849178032,-46.2,-0.255228359876002));
#725=CARTESIAN_POINT('',(-20.8674638734571,-46.2,-0.510837215171729));
#726=CARTESIAN_POINT('',(-22.,-48.2759351799854,-0.639118444848872));
#727=CARTESIAN_POINT('',(-18.5020326673844,-46.2,-0.352692737759865));
#728=CARTESIAN_POINT('',(-20.8795337221705,-46.2,-0.664926454444815));
#729=CARTESIAN_POINT('',(-22.,-48.3162572071202,-0.820613611655166));
#730=CARTESIAN_POINT('',(-18.4859058021498,-46.2,-0.463834903214588));
#731=CARTESIAN_POINT('',(-20.8963270958108,-46.2,-0.837534778297874));
#732=CARTESIAN_POINT('',(-22.,-48.3708905164558,-1.02031325038196));
#733=CARTESIAN_POINT('',(-18.4632183717801,-46.2,-0.597368335716743));
#734=CARTESIAN_POINT('',(-20.9202146182989,-46.2,-1.03599723283256));
#735=CARTESIAN_POINT('',(-22.,-48.4470190532117,-1.24869073727933));
#736=CARTESIAN_POINT('',(-18.4305826121075,-46.2,-0.764134671330514));
#737=CARTESIAN_POINT('',(-20.9566267384752,-46.2,-1.27943918490161));
#738=CARTESIAN_POINT('',(-22.,-48.5551429137046,-1.51439912126898));
#739=CARTESIAN_POINT('',(-18.3830058482634,-46.2,-0.979655737215556));
#740=CARTESIAN_POINT('',(-21.0130196801931,-46.2,-1.57586392758194));
#741=CARTESIAN_POINT('',(-22.,-48.7101599890841,-1.82355535777914));
#742=CARTESIAN_POINT('',(-18.317005740931,-46.2,-1.25432554964673));
#743=CARTESIAN_POINT('',(-21.1028811323975,-46.2,-1.93469932805162));
#744=CARTESIAN_POINT('',(-22.,-48.9210031669095,-2.16072549374671));
#745=CARTESIAN_POINT('',(-18.2325841302576,-46.2,-1.59921795173525));
#746=CARTESIAN_POINT('',(-21.2345916855307,-46.2,-2.32094891475894));
#747=CARTESIAN_POINT('',(-22.,-49.1871715306802,-2.5001860777385));
#748=CARTESIAN_POINT('',(-18.1397699019656,-46.2,-2.00927022979134));
#749=CARTESIAN_POINT('',(-21.4180196108029,-46.2,-2.70448393118347));
#750=CARTESIAN_POINT('',(-22.,-49.4840114149386,-2.80311957645954));
#751=CARTESIAN_POINT('',(-18.0458399392267,-46.2,-2.53936504488058));
#752=CARTESIAN_POINT('',(-21.6610914016273,-46.2,-3.05724443572862));
#753=CARTESIAN_POINT('',(-22.,-49.8205863964571,-3.08183110209434));
#754=CARTESIAN_POINT('',(-18.0007584707066,-46.2,-3.00281966120785));
#755=CARTESIAN_POINT('',(-21.8749019568314,-46.2,-3.24837500768844));
#756=CARTESIAN_POINT('',(-22.,-50.0620198610876,-3.24117513131368));
#757=CARTESIAN_POINT('',(-18.0000000000094,-46.2,-3.32085319623764));
#758=CARTESIAN_POINT('',(-22.0000083727061,-46.2,-3.32083869411546));
#759=CARTESIAN_POINT('',(-22.,-50.2000083727399,-3.32083869414582));
#760=FACE_BOUND('',#761,.T.);
#761=EDGE_LOOP('',(#2220,#2221,#2222,#2223,#2224));
#762=CYLINDRICAL_SURFACE('',#763,4.);
#763=AXIS2_PLACEMENT_3D('',#764,#765,#766);
#764=CARTESIAN_POINT('',(-18.,-50.2,33.5));
#765=DIRECTION('',(-4.24204618364239E-16,0.,-1.));
#766=DIRECTION('',(-1.,0.,4.24204618364239E-16));
#767=FACE_BOUND('',#768,.T.);
#768=EDGE_LOOP('',(#2225,#2226,#2227,#2228));
#769=CYLINDRICAL_SURFACE('',#770,4.);
#770=AXIS2_PLACEMENT_3D('',#771,#772,#773);
#771=CARTESIAN_POINT('',(14.,-50.2,-19.1568542494926));
#772=DIRECTION('',(-1.,-2.45014736469E-16,1.04131262999325E-15));
#773=DIRECTION('',(5.63067640355601E-16,0.707106781186516,0.707106781186579));
#774=FACE_BOUND('',#775,.T.);
#775=EDGE_LOOP('',(#2229,#2230,#2231,#2232));
#776=CYLINDRICAL_SURFACE('',#777,7.6);
#777=AXIS2_PLACEMENT_3D('',#778,#779,#780);
#778=CARTESIAN_POINT('',(-58.4,-38.6,-30.));
#779=DIRECTION('',(-1.,0.,1.60032147693716E-16));
#780=DIRECTION('',(-1.60032147693717E-16,0.,-1.));
#781=FACE_BOUND('',#782,.T.);
#782=EDGE_LOOP('',(#2233,#2234,#2235,#2236));
#783=PLANE('',#784);
#784=AXIS2_PLACEMENT_3D('',#785,#786,#787);
#785=CARTESIAN_POINT('',(-6.90700794719107E-15,-28.65,-37.6));
#786=DIRECTION('',(0.,1.,4.44089209850068E-15));
#787=DIRECTION('',(1.83697019872103E-16,-4.44089209850068E-15,1.));
#788=FACE_BOUND('',#789,.T.);
#789=EDGE_LOOP('',(#2237,#2238,#2239,#2240,#2241,#2242));
#790=FACE_BOUND('',#791,.T.);
#791=EDGE_LOOP('',(#2243));
#792=PLANE('',#793);
#793=AXIS2_PLACEMENT_3D('',#794,#795,#796);
#794=CARTESIAN_POINT('',(0.,0.,0.));
#795=DIRECTION('',(1.,0.,-1.83697019872103E-16));
#796=DIRECTION('',(-1.83697019872103E-16,1.22464679914735E-16,-1.));
#797=FACE_BOUND('',#798,.T.);
#798=EDGE_LOOP('',(#2244,#2245,#2246,#2247,#2248,#2249));
#799=PLANE('',#800);
#800=AXIS2_PLACEMENT_3D('',#801,#802,#803);
#801=CARTESIAN_POINT('',(0.,0.,0.));
#802=DIRECTION('',(1.,0.,-1.83697019872103E-16));
#803=DIRECTION('',(-1.83697019872103E-16,1.22464679914735E-16,-1.));
#804=FACE_BOUND('',#805,.T.);
#805=EDGE_LOOP('',(#2250,#2251,#2252,#2253));
#806=PLANE('',#807);
#807=AXIS2_PLACEMENT_3D('',#808,#809,#810);
#808=CARTESIAN_POINT('',(-6.61309271539571E-15,-21.85,-36.));
#809=DIRECTION('',(0.,-1.,6.66133814775099E-15));
#810=DIRECTION('',(-1.83697019872103E-16,-6.66133814775099E-15,-1.));
#811=FACE_BOUND('',#812,.T.);
#812=EDGE_LOOP('',(#2254,#2255,#2256,#2257));
#813=PLANE('',#814);
#814=AXIS2_PLACEMENT_3D('',#815,#816,#817);
#815=CARTESIAN_POINT('',(-6.90700794719107E-15,21.85,-37.6));
#816=DIRECTION('',(0.,1.,2.22044604925032E-15));
#817=DIRECTION('',(1.83697019872103E-16,-2.22044604925032E-15,1.));
#818=FACE_BOUND('',#819,.T.);
#819=EDGE_LOOP('',(#2258,#2259,#2260,#2261,#2262,#2263));
#820=FACE_BOUND('',#821,.T.);
#821=EDGE_LOOP('',(#2264));
#822=PLANE('',#823);
#823=AXIS2_PLACEMENT_3D('',#824,#825,#826);
#824=CARTESIAN_POINT('',(0.,0.,0.));
#825=DIRECTION('',(1.,0.,-1.83697019872103E-16));
#826=DIRECTION('',(-1.83697019872103E-16,1.22464679914735E-16,-1.));
#827=FACE_BOUND('',#828,.T.);
#828=EDGE_LOOP('',(#2265,#2266,#2267,#2268));
#829=CYLINDRICAL_SURFACE('',#830,3.3);
#830=AXIS2_PLACEMENT_3D('',#831,#832,#833);
#831=CARTESIAN_POINT('',(-6.99999999999999,-11.2,37.6));
#832=DIRECTION('',(-2.53765262771464E-16,1.53797128952403E-16,-1.));
#833=DIRECTION('',(-0.848484848484848,0.529219672623424,2.96708446767977E-16));
#834=FACE_BOUND('',#835,.T.);
#835=EDGE_LOOP('',(#2269,#2270,#2271,#2272));
#836=PLANE('',#837);
#837=AXIS2_PLACEMENT_3D('',#838,#839,#840);
#838=CARTESIAN_POINT('',(-9.79999999999999,-12.9464249196573,37.6));
#839=DIRECTION('',(-1.,0.,2.59839431295249E-16));
#840=DIRECTION('',(0.,1.,0.));
#841=FACE_BOUND('',#842,.T.);
#842=EDGE_LOOP('',(#2273,#2274,#2275,#2276));
#843=PLANE('',#844);
#844=AXIS2_PLACEMENT_3D('',#845,#846,#847);
#845=CARTESIAN_POINT('',(-6.61309271539571E-15,28.65,-36.));
#846=DIRECTION('',(0.,-1.,0.));
#847=DIRECTION('',(-1.83697019872103E-16,0.,-1.));
#848=FACE_BOUND('',#849,.T.);
#849=EDGE_LOOP('',(#2277,#2278,#2279,#2280));
#850=PLANE('',#851);
#851=AXIS2_PLACEMENT_3D('',#852,#853,#854);
#852=CARTESIAN_POINT('',(6.90700794719107E-15,28.65,37.6));
#853=DIRECTION('',(0.,-1.,0.));
#854=DIRECTION('',(-1.83697019872103E-16,0.,-1.));
#855=FACE_BOUND('',#856,.T.);
#856=EDGE_LOOP('',(#2281,#2282,#2283,#2284,#2285,#2286));
#857=FACE_BOUND('',#858,.T.);
#858=EDGE_LOOP('',(#2287));
#859=PLANE('',#860);
#860=AXIS2_PLACEMENT_3D('',#861,#862,#863);
#861=CARTESIAN_POINT('',(0.,0.,0.));
#862=DIRECTION('',(1.,0.,-1.83697019872103E-16));
#863=DIRECTION('',(-1.83697019872103E-16,1.22464679914735E-16,-1.));
#864=FACE_BOUND('',#865,.T.);
#865=EDGE_LOOP('',(#2288,#2289,#2290,#2291));
#866=PLANE('',#867);
#867=AXIS2_PLACEMENT_3D('',#868,#869,#870);
#868=CARTESIAN_POINT('',(6.61309271539571E-15,21.85,36.));
#869=DIRECTION('',(0.,1.,2.22044604925032E-15));
#870=DIRECTION('',(1.83697019872103E-16,-2.22044604925032E-15,1.));
#871=FACE_BOUND('',#872,.T.);
#872=EDGE_LOOP('',(#2292,#2293,#2294,#2295));
#873=PLANE('',#874);
#874=AXIS2_PLACEMENT_3D('',#875,#876,#877);
#875=CARTESIAN_POINT('',(6.90700794719107E-15,-21.85,37.6));
#876=DIRECTION('',(0.,-1.,-2.22044604925031E-15));
#877=DIRECTION('',(-1.83697019872103E-16,2.22044604925031E-15,-1.));
#878=FACE_BOUND('',#879,.T.);
#879=EDGE_LOOP('',(#2296,#2297,#2298,#2299,#2300,#2301));
#880=FACE_BOUND('',#881,.T.);
#881=EDGE_LOOP('',(#2302));
#882=PLANE('',#883);
#883=AXIS2_PLACEMENT_3D('',#884,#885,#886);
#884=CARTESIAN_POINT('',(0.,0.,0.));
#885=DIRECTION('',(1.,0.,-1.83697019872103E-16));
#886=DIRECTION('',(-1.83697019872103E-16,1.22464679914735E-16,-1.));
#887=FACE_BOUND('',#888,.T.);
#888=EDGE_LOOP('',(#2303,#2304,#2305,#2306));
#889=PLANE('',#890);
#890=AXIS2_PLACEMENT_3D('',#891,#892,#893);
#891=CARTESIAN_POINT('',(6.61309271539571E-15,-28.65,36.));
#892=DIRECTION('',(0.,1.,2.22044604925032E-15));
#893=DIRECTION('',(1.83697019872103E-16,-2.22044604925032E-15,1.));
#894=FACE_BOUND('',#895,.T.);
#895=EDGE_LOOP('',(#2307,#2308,#2309,#2310,#2311,#2312,#2313));
#896=PLANE('',#897);
#897=AXIS2_PLACEMENT_3D('',#898,#899,#900);
#898=CARTESIAN_POINT('',(0.,0.,0.));
#899=DIRECTION('',(1.,0.,-1.83697019872103E-16));
#900=DIRECTION('',(-1.83697019872103E-16,1.22464679914735E-16,-1.));
#901=FACE_OUTER_BOUND('',#902,.T.);
#902=EDGE_LOOP('',(#2314));
#903=FACE_OUTER_BOUND('',#904,.T.);
#904=EDGE_LOOP('',(#2315));
#905=CYLINDRICAL_SURFACE('',#906,2.25);
#906=AXIS2_PLACEMENT_3D('',#907,#908,#909);
#907=CARTESIAN_POINT('',(-26.4,-19.1,7.18867671099496E-15));
#908=DIRECTION('',(1.,0.,-1.83697019872103E-16));
#909=DIRECTION('',(-1.83697019872103E-16,-1.22464679914735E-16,-1.));
#910=FACE_OUTER_BOUND('',#911,.T.);
#911=EDGE_LOOP('',(#2316));
#912=FACE_OUTER_BOUND('',#913,.T.);
#913=EDGE_LOOP('',(#2317));
#914=CYLINDRICAL_SURFACE('',#915,3.5);
#915=AXIS2_PLACEMENT_3D('',#916,#917,#918);
#916=CARTESIAN_POINT('',(-26.4,-11.4,9.5));
#917=DIRECTION('',(1.,0.,-1.83697019872103E-16));
#918=DIRECTION('',(-1.83697019872103E-16,-1.22464679914735E-16,-1.));
#919=FACE_OUTER_BOUND('',#920,.T.);
#920=EDGE_LOOP('',(#2318));
#921=FACE_OUTER_BOUND('',#922,.T.);
#922=EDGE_LOOP('',(#2319));
#923=CYLINDRICAL_SURFACE('',#924,3.5);
#924=AXIS2_PLACEMENT_3D('',#925,#926,#927);
#925=CARTESIAN_POINT('',(-26.4,35.6,-11.5));
#926=DIRECTION('',(1.,0.,-1.83697019872103E-16));
#927=DIRECTION('',(-1.83697019872103E-16,-1.22464679914735E-16,-1.));
#928=FACE_BOUND('',#929,.T.);
#929=EDGE_LOOP('',(#2320,#2321,#2322,#2323));
#930=PLANE('',#931);
#931=AXIS2_PLACEMENT_3D('',#932,#933,#934);
#932=CARTESIAN_POINT('',(2.55338857622222E-15,-45.4,13.9));
#933=DIRECTION('',(0.,-1.,0.));
#934=DIRECTION('',(-1.83697019872103E-16,0.,-1.));
#935=FACE_BOUND('',#936,.T.);
#936=EDGE_LOOP('',(#2324,#2325,#2326,#2327));
#937=CYLINDRICAL_SURFACE('',#938,6.8);
#938=AXIS2_PLACEMENT_3D('',#939,#940,#941);
#939=CARTESIAN_POINT('',(-5.51091059616309E-15,-38.6,-30.));
#940=DIRECTION('',(1.,0.,-1.83697019872103E-16));
#941=DIRECTION('',(2.14444312991254E-31,-1.,1.16738046779724E-15));
#942=FACE_BOUND('',#943,.T.);
#943=EDGE_LOOP('',(#2328,#2329,#2330,#2331));
#944=PLANE('',#945);
#945=AXIS2_PLACEMENT_3D('',#946,#947,#948);
#946=CARTESIAN_POINT('',(-6.76005033129339E-15,-38.6,-36.8));
#947=DIRECTION('',(0.,0.,-1.));
#948=DIRECTION('',(0.,1.,0.));
#949=FACE_BOUND('',#950,.T.);
#950=EDGE_LOOP('',(#2332,#2333,#2334,#2335));
#951=PLANE('',#952);
#952=AXIS2_PLACEMENT_3D('',#953,#954,#955);
#953=CARTESIAN_POINT('',(-6.76005033129339E-15,-29.45,-36.8));
#954=DIRECTION('',(0.,-1.,-4.44089209850068E-15));
#955=DIRECTION('',(-1.83697019872104E-16,4.44089209850068E-15,-1.));
#956=FACE_BOUND('',#957,.T.);
#957=EDGE_LOOP('',(#2336,#2337,#2338,#2339));
#958=CYLINDRICAL_SURFACE('',#959,4.2);
#959=AXIS2_PLACEMENT_3D('',#960,#961,#962);
#960=CARTESIAN_POINT('',(-6.90700794719107E-15,-25.25,-37.6));
#961=DIRECTION('',(1.,0.,-1.83697019872103E-16));
#962=DIRECTION('',(-2.88276420047933E-31,-1.,-1.56930373856169E-15));
#963=FACE_BOUND('',#964,.T.);
#964=EDGE_LOOP('',(#2340,#2341,#2342,#2343));
#965=PLANE('',#966);
#966=AXIS2_PLACEMENT_3D('',#967,#968,#969);
#967=CARTESIAN_POINT('',(-6.90700794719107E-15,-21.05,-37.6));
#968=DIRECTION('',(0.,1.,-4.44089209850064E-15));
#969=DIRECTION('',(1.83697019872103E-16,4.44089209850064E-15,1.));
#970=FACE_BOUND('',#971,.T.);
#971=EDGE_LOOP('',(#2344,#2345,#2346,#2347));
#972=PLANE('',#973);
#973=AXIS2_PLACEMENT_3D('',#974,#975,#976);
#974=CARTESIAN_POINT('',(-6.76005033129339E-15,-21.05,-36.8));
#975=DIRECTION('',(0.,3.37549993235202E-16,-1.));
#976=DIRECTION('',(1.87377887225894E-32,1.,3.37549993235202E-16));
#977=FACE_BOUND('',#978,.T.);
#978=EDGE_LOOP('',(#2348,#2349,#2350,#2351));
#979=PLANE('',#980);
#980=AXIS2_PLACEMENT_3D('',#981,#982,#983);
#981=CARTESIAN_POINT('',(-6.76005033129339E-15,21.05,-36.8));
#982=DIRECTION('',(0.,-1.,0.));
#983=DIRECTION('',(-1.83697019872103E-16,0.,-1.));
#984=FACE_BOUND('',#985,.T.);
#985=EDGE_LOOP('',(#2352,#2353,#2354,#2355));
#986=CYLINDRICAL_SURFACE('',#987,4.2);
#987=AXIS2_PLACEMENT_3D('',#988,#989,#990);
#988=CARTESIAN_POINT('',(-6.90700794719107E-15,25.25,-37.6));
#989=DIRECTION('',(1.,0.,-1.83697019872103E-16));
#990=DIRECTION('',(2.24963967399279E-32,-1.,1.22464679914735E-16));
#991=FACE_BOUND('',#992,.T.);
#992=EDGE_LOOP('',(#2356,#2357,#2358,#2359));
#993=PLANE('',#994);
#994=AXIS2_PLACEMENT_3D('',#995,#996,#997);
#995=CARTESIAN_POINT('',(-6.90700794719107E-15,29.45,-37.6));
#996=DIRECTION('',(0.,1.,0.));
#997=DIRECTION('',(1.83697019872103E-16,0.,1.));
#998=FACE_BOUND('',#999,.T.);
#999=EDGE_LOOP('',(#2360,#2361,#2362,#2363));
#1000=PLANE('',#1001);
#1001=AXIS2_PLACEMENT_3D('',#1002,#1003,#1004);
#1002=CARTESIAN_POINT('',(-6.76005033129339E-15,29.45,-36.8));
#1003=DIRECTION('',(0.,0.,-1.));
#1004=DIRECTION('',(0.,1.,0.));
#1005=FACE_BOUND('',#1006,.T.);
#1006=EDGE_LOOP('',(#2364,#2365,#2366,#2367));
#1007=CYLINDRICAL_SURFACE('',#1008,6.80000000000001);
#1008=AXIS2_PLACEMENT_3D('',#1009,#1010,#1011);
#1009=CARTESIAN_POINT('',(-5.51091059616309E-15,38.6,-30.));
#1010=DIRECTION('',(1.,0.,-1.83697019872103E-16));
#1011=DIRECTION('',(-1.83697019872103E-16,-1.22464679914735E-16,-1.));
#1012=FACE_BOUND('',#1013,.T.);
#1013=EDGE_LOOP('',(#2368,#2369,#2370,#2371));
#1014=PLANE('',#1015);
#1015=AXIS2_PLACEMENT_3D('',#1016,#1017,#1018);
#1016=CARTESIAN_POINT('',(-5.51091059616309E-15,45.4,-30.));
#1017=DIRECTION('',(0.,1.,-1.1842378929335E-16));
#1018=DIRECTION('',(1.83697019872103E-16,1.1842378929335E-16,1.));
#1019=FACE_BOUND('',#1020,.T.);
#1020=EDGE_LOOP('',(#2372,#2373,#2374,#2375));
#1021=CYLINDRICAL_SURFACE('',#1022,6.79999999999999);
#1022=AXIS2_PLACEMENT_3D('',#1023,#1024,#1025);
#1023=CARTESIAN_POINT('',(5.51091059616309E-15,38.6,30.));
#1024=DIRECTION('',(1.,0.,-1.83697019872103E-16));
#1025=DIRECTION('',(1.69451519511398E-31,1.,9.22451107967765E-16));
#1026=FACE_BOUND('',#1027,.T.);
#1027=EDGE_LOOP('',(#2376,#2377,#2378,#2379));
#1028=PLANE('',#1029);
#1029=AXIS2_PLACEMENT_3D('',#1030,#1031,#1032);
#1030=CARTESIAN_POINT('',(6.76005033129339E-15,38.6,36.8));
#1031=DIRECTION('',(0.,0.,1.));
#1032=DIRECTION('',(0.,-1.,0.));
#1033=FACE_BOUND('',#1034,.T.);
#1034=EDGE_LOOP('',(#2380,#2381,#2382,#2383));
#1035=PLANE('',#1036);
#1036=AXIS2_PLACEMENT_3D('',#1037,#1038,#1039);
#1037=CARTESIAN_POINT('',(6.76005033129339E-15,29.45,36.8));
#1038=DIRECTION('',(0.,1.,0.));
#1039=DIRECTION('',(1.83697019872102E-16,0.,1.));
#1040=FACE_BOUND('',#1041,.T.);
#1041=EDGE_LOOP('',(#2384,#2385,#2386,#2387));
#1042=CYLINDRICAL_SURFACE('',#1043,4.2);
#1043=AXIS2_PLACEMENT_3D('',#1044,#1045,#1046);
#1044=CARTESIAN_POINT('',(6.90700794719107E-15,25.25,37.6));
#1045=DIRECTION('',(1.,0.,-1.83697019872103E-16));
#1046=DIRECTION('',(-2.24963967399279E-32,1.,-1.22464679914735E-16));
#1047=FACE_BOUND('',#1048,.T.);
#1048=EDGE_LOOP('',(#2388,#2389,#2390,#2391));
#1049=PLANE('',#1050);
#1050=AXIS2_PLACEMENT_3D('',#1051,#1052,#1053);
#1051=CARTESIAN_POINT('',(6.90700794719107E-15,21.05,37.6));
#1052=DIRECTION('',(0.,-1.,0.));
#1053=DIRECTION('',(-1.83697019872103E-16,0.,-1.));
#1054=FACE_BOUND('',#1055,.T.);
#1055=EDGE_LOOP('',(#2392,#2393,#2394,#2395));
#1056=PLANE('',#1057);
#1057=AXIS2_PLACEMENT_3D('',#1058,#1059,#1060);
#1058=CARTESIAN_POINT('',(6.76005033129339E-15,21.05,36.8));
#1059=DIRECTION('',(0.,-3.37549993235202E-16,1.));
#1060=DIRECTION('',(-3.74755774451787E-32,-1.,-3.37549993235202E-16));
#1061=FACE_BOUND('',#1062,.T.);
#1062=EDGE_LOOP('',(#2396,#2397,#2398,#2399));
#1063=PLANE('',#1064);
#1064=AXIS2_PLACEMENT_3D('',#1065,#1066,#1067);
#1065=CARTESIAN_POINT('',(6.76005033129339E-15,-21.05,36.8));
#1066=DIRECTION('',(0.,1.,0.));
#1067=DIRECTION('',(1.83697019872103E-16,0.,1.));
#1068=FACE_BOUND('',#1069,.T.);
#1069=EDGE_LOOP('',(#2400,#2401,#2402,#2403));
#1070=CYLINDRICAL_SURFACE('',#1071,4.2);
#1071=AXIS2_PLACEMENT_3D('',#1072,#1073,#1074);
#1072=CARTESIAN_POINT('',(6.90700794719107E-15,-25.25,37.6));
#1073=DIRECTION('',(1.,0.,-1.83697019872103E-16));
#1074=DIRECTION('',(2.88276420047933E-31,1.,1.56930373856169E-15));
#1075=FACE_BOUND('',#1076,.T.);
#1076=EDGE_LOOP('',(#2404,#2405,#2406,#2407));
#1077=PLANE('',#1078);
#1078=AXIS2_PLACEMENT_3D('',#1079,#1080,#1081);
#1079=CARTESIAN_POINT('',(6.90700794719107E-15,-29.45,37.6));
#1080=DIRECTION('',(0.,-1.,0.));
#1081=DIRECTION('',(-1.83697019872104E-16,0.,-1.));
#1082=FACE_BOUND('',#1083,.T.);
#1083=EDGE_LOOP('',(#2408,#2409,#2410,#2411));
#1084=PLANE('',#1085);
#1085=AXIS2_PLACEMENT_3D('',#1086,#1087,#1088);
#1086=CARTESIAN_POINT('',(6.76005033129339E-15,-29.45,36.8));
#1087=DIRECTION('',(0.,7.76549437989181E-16,1.));
#1088=DIRECTION('',(8.62143065815314E-32,-1.,7.76549437989181E-16));
#1089=FACE_BOUND('',#1090,.T.);
#1090=EDGE_LOOP('',(#2412,#2413,#2414,#2415));
#1091=CYLINDRICAL_SURFACE('',#1092,6.79999999999999);
#1092=AXIS2_PLACEMENT_3D('',#1093,#1094,#1095);
#1093=CARTESIAN_POINT('',(5.51091059616309E-15,-38.6,30.));
#1094=DIRECTION('',(1.,0.,-1.83697019872103E-16));
#1095=DIRECTION('',(1.83697019872103E-16,1.22464679914735E-16,1.));
#1096=FACE_BOUND('',#1097,.T.);
#1097=EDGE_LOOP('',(#2416,#2417,#2418,#2419));
#1098=PLANE('',#1099);
#1099=AXIS2_PLACEMENT_3D('',#1100,#1101,#1102);
#1100=CARTESIAN_POINT('',(5.51091059616309E-15,-45.4,30.));
#1101=DIRECTION('',(0.,-1.,1.73303106282952E-15));
#1102=DIRECTION('',(-1.83697019872103E-16,-1.73303106282952E-15,-1.));
#1103=FACE_BOUND('',#1104,.T.);
#1104=EDGE_LOOP('',(#2420,#2421,#2422,#2423));
#1105=PLANE('',#1106);
#1106=AXIS2_PLACEMENT_3D('',#1107,#1108,#1109);
#1107=CARTESIAN_POINT('',(4.75775281468747E-15,-44.6,25.9));
#1108=DIRECTION('',(0.,1.,-1.73303106282952E-15));
#1109=DIRECTION('',(1.83697019872103E-16,1.73303106282952E-15,1.));
#1110=FACE_BOUND('',#1111,.T.);
#1111=EDGE_LOOP('',(#2424,#2425,#2426,#2427));
#1112=CYLINDRICAL_SURFACE('',#1113,3.4);
#1113=AXIS2_PLACEMENT_3D('',#1114,#1115,#1116);
#1114=CARTESIAN_POINT('',(6.90700794719107E-15,-25.25,37.6));
#1115=DIRECTION('',(-1.,0.,1.83697019872103E-16));
#1116=DIRECTION('',(2.24963967399279E-32,-1.,1.22464679914735E-16));
#1117=FACE_BOUND('',#1118,.T.);
#1118=EDGE_LOOP('',(#2428,#2429,#2430,#2431));
#1119=CYLINDRICAL_SURFACE('',#1120,3.4);
#1120=AXIS2_PLACEMENT_3D('',#1121,#1122,#1123);
#1121=CARTESIAN_POINT('',(6.90700794719107E-15,25.25,37.6));
#1122=DIRECTION('',(-1.,0.,1.83697019872103E-16));
#1123=DIRECTION('',(-3.61399435762724E-31,-1.,-1.96736689585027E-15));
#1124=FACE_BOUND('',#1125,.T.);
#1125=EDGE_LOOP('',(#2432,#2433,#2434,#2435));
#1126=CYLINDRICAL_SURFACE('',#1127,3.4);
#1127=AXIS2_PLACEMENT_3D('',#1128,#1129,#1130);
#1128=CARTESIAN_POINT('',(-6.90700794719107E-15,25.25,-37.6));
#1129=DIRECTION('',(-1.,0.,1.83697019872103E-16));
#1130=DIRECTION('',(-2.24963967399279E-32,1.,-1.22464679914735E-16));
#1131=FACE_BOUND('',#1132,.T.);
#1132=EDGE_LOOP('',(#2436,#2437,#2438,#2439));
#1133=CYLINDRICAL_SURFACE('',#1134,3.4);
#1134=AXIS2_PLACEMENT_3D('',#1135,#1136,#1137);
#1135=CARTESIAN_POINT('',(-6.90700794719107E-15,-25.25,-37.6));
#1136=DIRECTION('',(-1.,0.,1.83697019872103E-16));
#1137=DIRECTION('',(-4.0639222924258E-31,1.,-2.21229625567974E-15));
#1138=FACE_BOUND('',#1139,.T.);
#1139=EDGE_LOOP('',(#2440,#2441,#2442,#2443));
#1140=PLANE('',#1141);
#1141=AXIS2_PLACEMENT_3D('',#1142,#1143,#1144);
#1142=CARTESIAN_POINT('',(-28.,-46.2,-37.6));
#1143=DIRECTION('',(-2.53765262771464E-16,1.53797128952403E-16,-1.));
#1144=DIRECTION('',(0.,1.,1.53797128952403E-16));
#1145=FACE_BOUND('',#1146,.T.);
#1146=EDGE_LOOP('',(#2444,#2445,#2446,#2447));
#1147=CYLINDRICAL_SURFACE('',#1148,5.);
#1148=AXIS2_PLACEMENT_3D('',#1149,#1150,#1151);
#1149=CARTESIAN_POINT('',(-28.,-25.25,-37.6));
#1150=DIRECTION('',(1.,0.,3.06161699786838E-16));
#1151=DIRECTION('',(3.06161699786838E-16,0.,-1.));
#1152=FACE_BOUND('',#1153,.T.);
#1153=EDGE_LOOP('',(#2448,#2449,#2450,#2451));
#1154=FACE_BOUND('',#1155,.T.);
#1155=EDGE_LOOP('',(#2452,#2453));
#1156=PLANE('',#1157);
#1157=AXIS2_PLACEMENT_3D('',#1158,#1159,#1160);
#1158=CARTESIAN_POINT('',(-28.,-46.2,-37.6));
#1159=DIRECTION('',(-2.53765262771464E-16,1.53797128952403E-16,-1.));
#1160=DIRECTION('',(0.,1.,1.53797128952403E-16));
#1161=FACE_BOUND('',#1162,.T.);
#1162=EDGE_LOOP('',(#2454,#2455,#2456,#2457));
#1163=CYLINDRICAL_SURFACE('',#1164,5.);
#1164=AXIS2_PLACEMENT_3D('',#1165,#1166,#1167);
#1165=CARTESIAN_POINT('',(-28.,25.25,-37.6));
#1166=DIRECTION('',(1.,0.,3.06161699786838E-16));
#1167=DIRECTION('',(3.06161699786838E-16,0.,-1.));
#1168=FACE_BOUND('',#1169,.T.);
#1169=EDGE_LOOP('',(#2458,#2459,#2460,#2461));
#1170=PLANE('',#1171);
#1171=AXIS2_PLACEMENT_3D('',#1172,#1173,#1174);
#1172=CARTESIAN_POINT('',(-28.,-46.2,-37.6));
#1173=DIRECTION('',(-2.53765262771464E-16,1.53797128952403E-16,-1.));
#1174=DIRECTION('',(0.,1.,1.53797128952403E-16));
#1175=FACE_BOUND('',#1176,.T.);
#1176=EDGE_LOOP('',(#2462,#2463,#2464,#2465));
#1177=CYLINDRICAL_SURFACE('',#1178,7.6);
#1178=AXIS2_PLACEMENT_3D('',#1179,#1180,#1181);
#1179=CARTESIAN_POINT('',(-58.4,38.6,-30.));
#1180=DIRECTION('',(-1.,0.,3.20064295387433E-16));
#1181=DIRECTION('',(-2.07594975058161E-31,1.,-4.6746232615796E-16));
#1182=FACE_BOUND('',#1183,.T.);
#1183=EDGE_LOOP('',(#2466,#2467,#2468,#2469,#2470,#2471,#2472,#2473,#2474,#2475));
#1184=PLANE('',#1185);
#1185=AXIS2_PLACEMENT_3D('',#1186,#1187,#1188);
#1186=CARTESIAN_POINT('',(-28.,46.2,-37.6));
#1187=DIRECTION('',(0.,1.,0.));
#1188=DIRECTION('',(1.8897413185109E-16,0.,1.));
#1189=FACE_BOUND('',#1190,.T.);
#1190=EDGE_LOOP('',(#2476,#2477,#2478,#2479));
#1191=CYLINDRICAL_SURFACE('',#1192,7.6);
#1192=AXIS2_PLACEMENT_3D('',#1193,#1194,#1195);
#1193=CARTESIAN_POINT('',(-58.4,38.6,30.));
#1194=DIRECTION('',(-1.,0.,1.60032147693716E-16));
#1195=DIRECTION('',(1.60032147693716E-16,-9.34924652315922E-16,1.));
#1196=FACE_BOUND('',#1197,.T.);
#1197=EDGE_LOOP('',(#2480,#2481,#2482,#2483));
#1198=PLANE('',#1199);
#1199=AXIS2_PLACEMENT_3D('',#1200,#1201,#1202);
#1200=CARTESIAN_POINT('',(-28.,46.2,37.6));
#1201=DIRECTION('',(2.53765262771464E-16,-1.53797128952403E-16,1.));
#1202=DIRECTION('',(0.,-1.,-1.53797128952403E-16));
#1203=FACE_BOUND('',#1204,.T.);
#1204=EDGE_LOOP('',(#2484,#2485,#2486,#2487));
#1205=CYLINDRICAL_SURFACE('',#1206,5.);
#1206=AXIS2_PLACEMENT_3D('',#1207,#1208,#1209);
#1207=CARTESIAN_POINT('',(-28.,25.25,37.6));
#1208=DIRECTION('',(1.,0.,-3.06161699786838E-16));
#1209=DIRECTION('',(3.06161699786838E-16,0.,1.));
#1210=FACE_BOUND('',#1211,.T.);
#1211=EDGE_LOOP('',(#2488,#2489,#2490,#2491));
#1212=PLANE('',#1213);
#1213=AXIS2_PLACEMENT_3D('',#1214,#1215,#1216);
#1214=CARTESIAN_POINT('',(-28.,46.2,37.6));
#1215=DIRECTION('',(2.53765262771464E-16,-1.53797128952403E-16,1.));
#1216=DIRECTION('',(0.,-1.,-1.53797128952403E-16));
#1217=FACE_BOUND('',#1218,.T.);
#1218=EDGE_LOOP('',(#2492,#2493,#2494,#2495));
#1219=CYLINDRICAL_SURFACE('',#1220,5.);
#1220=AXIS2_PLACEMENT_3D('',#1221,#1222,#1223);
#1221=CARTESIAN_POINT('',(-28.,-25.25,37.6));
#1222=DIRECTION('',(1.,0.,-3.06161699786838E-16));
#1223=DIRECTION('',(3.06161699786838E-16,0.,1.));
#1224=FACE_BOUND('',#1225,.T.);
#1225=EDGE_LOOP('',(#2496,#2497,#2498,#2499));
#1226=PLANE('',#1227);
#1227=AXIS2_PLACEMENT_3D('',#1228,#1229,#1230);
#1228=CARTESIAN_POINT('',(-28.,46.2,37.6));
#1229=DIRECTION('',(2.53765262771464E-16,-1.53797128952403E-16,1.));
#1230=DIRECTION('',(0.,-1.,-1.53797128952403E-16));
#1231=FACE_BOUND('',#1232,.T.);
#1232=EDGE_LOOP('',(#2500,#2501,#2502,#2503));
#1233=CYLINDRICAL_SURFACE('',#1234,4.);
#1234=AXIS2_PLACEMENT_3D('',#1235,#1236,#1237);
#1235=CARTESIAN_POINT('',(-44.,-54.2,-3.84314575050861));
#1236=DIRECTION('',(1.,1.86984930463184E-16,-2.80477395694776E-16));
#1237=DIRECTION('',(1.86984930463184E-16,-1.,-5.55111512312579E-16));
#1238=FACE_BOUND('',#1239,.T.);
#1239=EDGE_LOOP('',(#2504,#2505,#2506,#2507));
#1240=PLANE('',#1241);
#1241=AXIS2_PLACEMENT_3D('',#1242,#1243,#1244);
#1242=CARTESIAN_POINT('',(-28.,-58.2,-5.50000000000109));
#1243=DIRECTION('',(0.,1.,1.22464679914735E-16));
#1244=DIRECTION('',(0.,-1.22464679914735E-16,1.));
#1245=FACE_BOUND('',#1246,.T.);
#1246=EDGE_LOOP('',(#2508,#2509,#2510,#2511));
#1247=CYLINDRICAL_SURFACE('',#1248,4.);
#1248=AXIS2_PLACEMENT_3D('',#1249,#1250,#1251);
#1249=CARTESIAN_POINT('',(-44.,-54.2,3.84314575050859));
#1250=DIRECTION('',(1.,1.86984930463184E-16,-2.80477395694776E-16));
#1251=DIRECTION('',(3.30545780775535E-16,-0.707106781186515,0.70710678118658));
#1252=FACE_BOUND('',#1253,.T.);
#1253=EDGE_LOOP('',(#2512,#2513,#2514,#2515,#2516));
#1254=PLANE('',#1255);
#1255=AXIS2_PLACEMENT_3D('',#1256,#1257,#1258);
#1256=CARTESIAN_POINT('',(-28.,-58.2,5.50000000000108));
#1257=DIRECTION('',(-2.09345661157846E-16,0.707106781186516,-0.707106781186579));
#1258=DIRECTION('',(4.18691322315692E-16,0.707106781186579,0.707106781186516));
#1259=FACE_BOUND('',#1260,.T.);
#1260=EDGE_LOOP('',(#2517,#2518,#2519,#2520));
#1261=CYLINDRICAL_SURFACE('',#1262,4.);
#1262=AXIS2_PLACEMENT_3D('',#1263,#1264,#1265);
#1263=CARTESIAN_POINT('',(-44.,50.2,19.1568542494925));
#1264=DIRECTION('',(-1.,1.225073682345E-16,2.45014736469E-16));
#1265=DIRECTION('',(-2.59877372471801E-16,-0.707106781186515,-0.70710678118658));
#1266=FACE_BOUND('',#1267,.T.);
#1267=EDGE_LOOP('',(#2521,#2522,#2523,#2524,#2525));
#1268=PLANE('',#1269);
#1269=AXIS2_PLACEMENT_3D('',#1270,#1271,#1272);
#1270=CARTESIAN_POINT('',(-28.,58.2,5.50000000000108));
#1271=DIRECTION('',(2.09345661157846E-16,0.707106781186516,0.707106781186579));
#1272=DIRECTION('',(4.18691322315692E-16,-0.707106781186579,0.707106781186516));
#1273=FACE_BOUND('',#1274,.T.);
#1274=EDGE_LOOP('',(#2526,#2527,#2528,#2529));
#1275=CYLINDRICAL_SURFACE('',#1276,4.);
#1276=AXIS2_PLACEMENT_3D('',#1277,#1278,#1279);
#1277=CARTESIAN_POINT('',(-44.,54.2,3.8431457505086));
#1278=DIRECTION('',(-1.,0.,2.80477395694776E-16));
#1279=DIRECTION('',(1.98327468465328E-16,0.707106781186515,0.707106781186581));
#1280=FACE_BOUND('',#1281,.T.);
#1281=EDGE_LOOP('',(#2530,#2531,#2532,#2533));
#1282=PLANE('',#1283);
#1283=AXIS2_PLACEMENT_3D('',#1284,#1285,#1286);
#1284=CARTESIAN_POINT('',(-28.,58.2,-5.50000000000109));
#1285=DIRECTION('',(0.,1.,0.));
#1286=DIRECTION('',(0.,0.,1.));
#1287=FACE_BOUND('',#1288,.T.);
#1288=EDGE_LOOP('',(#2534,#2535,#2536,#2537));
#1289=CYLINDRICAL_SURFACE('',#1290,4.);
#1290=AXIS2_PLACEMENT_3D('',#1291,#1292,#1293);
#1291=CARTESIAN_POINT('',(-44.,54.2,-3.84314575050859));
#1292=DIRECTION('',(-1.,3.73969860926369E-16,2.80477395694776E-16));
#1293=DIRECTION('',(3.73969860926369E-16,1.,4.44089209850063E-16));
#1294=FACE_BOUND('',#1295,.T.);
#1295=EDGE_LOOP('',(#2538,#2539,#2540,#2541,#2542));
#1296=PLANE('',#1297);
#1297=AXIS2_PLACEMENT_3D('',#1298,#1299,#1300);
#1298=CARTESIAN_POINT('',(-28.,46.2,-17.5));
#1299=DIRECTION('',(-2.46519032881566E-32,0.707106781186516,-0.707106781186579));
#1300=DIRECTION('',(4.18691322315692E-16,0.707106781186579,0.707106781186516));
#1301=FACE_BOUND('',#1302,.T.);
#1302=EDGE_LOOP('',(#2543,#2544,#2545,#2546));
#1303=CYLINDRICAL_SURFACE('',#1304,4.);
#1304=AXIS2_PLACEMENT_3D('',#1305,#1306,#1307);
#1305=CARTESIAN_POINT('',(14.,50.2,-19.1568542494925));
#1306=DIRECTION('',(1.,0.,1.225073682345E-16));
#1307=DIRECTION('',(-8.66257908239361E-17,-0.707106781186516,0.70710678118658));
#1308=FACE_BOUND('',#1309,.T.);
#1309=EDGE_LOOP('',(#2547,#2548,#2549,#2550,#2551));
#1310=PLANE('',#1311);
#1311=AXIS2_PLACEMENT_3D('',#1312,#1313,#1314);
#1312=CARTESIAN_POINT('',(-28.,-46.2,-17.5));
#1313=DIRECTION('',(2.46519032881566E-32,0.707106781186516,0.70710678118658));
#1314=DIRECTION('',(4.18691322315692E-16,-0.70710678118658,0.707106781186516));
#1315=FACE_OUTER_BOUND('',#1316,.T.);
#1316=EDGE_LOOP('',(#2552));
#1317=FACE_OUTER_BOUND('',#1318,.T.);
#1318=EDGE_LOOP('',(#2553));
#1319=CYLINDRICAL_SURFACE('',#1320,2.5);
#1320=AXIS2_PLACEMENT_3D('',#1321,#1322,#1323);
#1321=CARTESIAN_POINT('',(-28.,-52.2,0.143267754982064));
#1322=DIRECTION('',(1.,3.74939945665464E-32,-3.06161699786838E-16));
#1323=DIRECTION('',(-3.06161699786838E-16,2.44929359829471E-16,-1.));
#1324=FACE_OUTER_BOUND('',#1325,.T.);
#1325=EDGE_LOOP('',(#2554));
#1326=FACE_OUTER_BOUND('',#1327,.T.);
#1327=EDGE_LOOP('',(#2555));
#1328=CYLINDRICAL_SURFACE('',#1329,2.5);
#1329=AXIS2_PLACEMENT_3D('',#1330,#1331,#1332);
#1330=CARTESIAN_POINT('',(-28.,52.2,0.14326775498207));
#1331=DIRECTION('',(1.,0.,-3.06161699786838E-16));
#1332=DIRECTION('',(-3.06161699786838E-16,-1.22464679914735E-16,-1.));
#1333=FACE_BOUND('',#1334,.T.);
#1334=EDGE_LOOP('',(#2556,#2557,#2558,#2559,#2560,#2561,#2562,#2563,#2564));
#1335=PLANE('',#1336);
#1336=AXIS2_PLACEMENT_3D('',#1337,#1338,#1339);
#1337=CARTESIAN_POINT('',(-22.,-4.04935141318702E-31,3.30654635769785E-15));
#1338=DIRECTION('',(-1.,-3.74939945665464E-32,3.06161699786838E-16));
#1339=DIRECTION('',(-3.06161699786838E-16,0.,-1.));
#1340=FACE_BOUND('',#1341,.T.);
#1341=EDGE_LOOP('',(#2565,#2566,#2567));
#1342=FACE_OUTER_BOUND('',#1343,.T.);
#1343=EDGE_LOOP('',(#2568));
#1344=CYLINDRICAL_SURFACE('',#1345,4.);
#1345=AXIS2_PLACEMENT_3D('',#1346,#1347,#1348);
#1346=CARTESIAN_POINT('',(-24.,-52.2,0.143267754982063));
#1347=DIRECTION('',(-1.,-3.74939945665464E-32,3.06161699786838E-16));
#1348=DIRECTION('',(-3.06161699786838E-16,2.44929359829471E-16,-1.));
#1349=FACE_OUTER_BOUND('',#1350,.T.);
#1350=EDGE_LOOP('',(#2569));
#1351=FACE_OUTER_BOUND('',#1352,.T.);
#1352=EDGE_LOOP('',(#2570));
#1353=CYLINDRICAL_SURFACE('',#1354,3.);
#1354=AXIS2_PLACEMENT_3D('',#1355,#1356,#1357);
#1355=CARTESIAN_POINT('',(-20.,-25.25,-37.6));
#1356=DIRECTION('',(-1.,0.,-1.83697019872103E-16));
#1357=DIRECTION('',(-1.83697019872103E-16,-1.22464679914735E-16,1.));
#1358=FACE_OUTER_BOUND('',#1359,.T.);
#1359=EDGE_LOOP('',(#2571));
#1360=FACE_OUTER_BOUND('',#1361,.T.);
#1361=EDGE_LOOP('',(#2572));
#1362=CYLINDRICAL_SURFACE('',#1363,3.);
#1363=AXIS2_PLACEMENT_3D('',#1364,#1365,#1366);
#1364=CARTESIAN_POINT('',(-20.,25.25,-37.6));
#1365=DIRECTION('',(-1.,0.,-1.83697019872103E-16));
#1366=DIRECTION('',(-1.83697019872103E-16,-1.22464679914735E-16,1.));
#1367=FACE_OUTER_BOUND('',#1368,.T.);
#1368=EDGE_LOOP('',(#2573));
#1369=FACE_OUTER_BOUND('',#1370,.T.);
#1370=EDGE_LOOP('',(#2574));
#1371=CYLINDRICAL_SURFACE('',#1372,3.);
#1372=AXIS2_PLACEMENT_3D('',#1373,#1374,#1375);
#1373=CARTESIAN_POINT('',(-20.,25.25,37.6));
#1374=DIRECTION('',(1.,0.,-1.83697019872103E-16));
#1375=DIRECTION('',(-1.83697019872103E-16,-1.22464679914735E-16,-1.));
#1376=FACE_OUTER_BOUND('',#1377,.T.);
#1377=EDGE_LOOP('',(#2575));
#1378=FACE_OUTER_BOUND('',#1379,.T.);
#1379=EDGE_LOOP('',(#2576));
#1380=CYLINDRICAL_SURFACE('',#1381,3.);
#1381=AXIS2_PLACEMENT_3D('',#1382,#1383,#1384);
#1382=CARTESIAN_POINT('',(-20.,-25.25,37.6));
#1383=DIRECTION('',(1.,0.,-1.83697019872103E-16));
#1384=DIRECTION('',(-1.83697019872103E-16,-1.22464679914735E-16,-1.));
#1385=FACE_BOUND('',#1386,.T.);
#1386=EDGE_LOOP('',(#2577));
#1387=PLANE('',#1388);
#1388=AXIS2_PLACEMENT_3D('',#1389,#1390,#1391);
#1389=CARTESIAN_POINT('',(-19.4,0.,3.5637221855188E-15));
#1390=DIRECTION('',(1.,0.,-1.83697019872103E-16));
#1391=DIRECTION('',(-1.83697019872103E-16,-1.22464679914735E-16,-1.));
#1392=FACE_BOUND('',#1393,.T.);
#1393=EDGE_LOOP('',(#2578));
#1394=FACE_BOUND('',#1395,.T.);
#1395=EDGE_LOOP('',(#2579));
#1396=PLANE('',#1397);
#1397=AXIS2_PLACEMENT_3D('',#1398,#1399,#1400);
#1398=CARTESIAN_POINT('',(-19.4,0.,3.5637221855188E-15));
#1399=DIRECTION('',(1.,0.,-1.83697019872103E-16));
#1400=DIRECTION('',(-1.83697019872103E-16,-1.22464679914735E-16,-1.));
#1401=FACE_BOUND('',#1402,.T.);
#1402=EDGE_LOOP('',(#2580));
#1403=FACE_BOUND('',#1404,.T.);
#1404=EDGE_LOOP('',(#2581));
#1405=PLANE('',#1406);
#1406=AXIS2_PLACEMENT_3D('',#1407,#1408,#1409);
#1407=CARTESIAN_POINT('',(-19.4,0.,3.5637221855188E-15));
#1408=DIRECTION('',(1.,0.,-1.83697019872103E-16));
#1409=DIRECTION('',(-1.83697019872103E-16,-1.22464679914735E-16,-1.));
#1410=FACE_BOUND('',#1411,.T.);
#1411=EDGE_LOOP('',(#2582,#2583,#2584,#2585,#2586));
#1412=CYLINDRICAL_SURFACE('',#1413,4.);
#1413=AXIS2_PLACEMENT_3D('',#1414,#1415,#1416);
#1414=CARTESIAN_POINT('',(-18.,50.2,33.5));
#1415=DIRECTION('',(4.24204618364239E-16,0.,1.));
#1416=DIRECTION('',(-1.,-1.77635683940025E-15,4.24204618364239E-16));
#1417=FACE_BOUND('',#1418,.T.);
#1418=EDGE_LOOP('',(#2587,#2588,#2589,#2590));
#1419=(BOUNDED_SURFACE()B_SPLINE_SURFACE(3,2,(
(#1420,#1421,#1422),
(#1423,#1424,#1425),
(#1426,#1427,#1428),
(#1429,#1430,#1431),
(#1432,#1433,#1434),
(#1435,#1436,#1437),
(#1438,#1439,#1440),
(#1441,#1442,#1443),
(#1444,#1445,#1446),
(#1447,#1448,#1449),
(#1450,#1451,#1452),
(#1453,#1454,#1455),
(#1456,#1457,#1458),
(#1459,#1460,#1461),
(#1462,#1463,#1464),
(#1465,#1466,#1467),
(#1468,#1469,#1470),
(#1471,#1472,#1473),
(#1474,#1475,#1476),
(#1477,#1478,#1479),
(#1480,#1481,#1482),
(#1483,#1484,#1485),
(#1486,#1487,#1488),
(#1489,#1490,#1491),
(#1492,#1493,#1494),
(#1495,#1496,#1497),
(#1498,#1499,#1500),
(#1501,#1502,#1503),
(#1504,#1505,#1506),
(#1507,#1508,#1509),
(#1510,#1511,#1512),
(#1513,#1514,#1515),
(#1516,#1517,#1518),
(#1519,#1520,#1521),
(#1522,#1523,#1524),
(#1525,#1526,#1527),
(#1528,#1529,#1530),
(#1531,#1532,#1533)),
.UNSPECIFIED.,.F.,.F.,.F.)B_SPLINE_SURFACE_WITH_KNOTS((4,1,1,1,1,1,1,1,1,1,1,1,1,
1,1,1,1,1,1,1,1,1,1,1,1,1,1,1,1,1,1,1,1,1,1,4),
(3,3),
(-2.41700012540066E-6,0.267428593113473,0.366753816370751,0.433541631944722,0.484848315170254,
0.526629484663971,0.565560403977091,0.600497672552409,0.63429154057052,0.666874433333197,
0.699389751397647,0.731905069462098,0.76508283174602,0.798990612947642,0.833884007410657,
0.869032996217367,0.904378852160285,0.939665980895715,0.974772851444923,1.01027398700445,
1.04616938757428,1.0831489707229,1.12090991874313,1.15945223163497,1.19955543858303,
1.24210290121207,1.28709461952207,1.33692766686379,1.39529935421053,1.46220968156228,
1.55003220034634,1.65211979011652,1.76972050261532,1.87927612833068,1.98448448810036,
2.09439751939332),
(0.,1.),
.UNSPECIFIED.)GEOMETRIC_REPRESENTATION_ITEM()RATIONAL_B_SPLINE_SURFACE((
(1.,0.707106041133517,1.),
(1.,0.734390996359676,1.),
(1.,0.766805881624543,1.),
(1.,0.797341647182433,1.),
(1.,0.810899614972961,1.),
(1.,0.819954965065694,1.),
(1.,0.826838539383808,1.),
(1.,0.832418027601981,1.),
(1.,0.837228628786061,1.),
(1.,0.841419972102243,1.),
(1.,0.84519490391234,1.),
(1.,0.848615025693725,1.),
(1.,0.851748524804448,1.),
(1.,0.854611516480324,1.),
(1.,0.857213624785029,1.),
(1.,0.85952188126169,1.),
(1.,0.861506891124185,1.),
(1.,0.863140523347406,1.),
(1.,0.864414160209165,1.),
(1.,0.865331016500322,1.),
(1.,0.865891333142322,1.),
(1.,0.866089222881829,1.),
(1.,0.865903327306201,1.),
(1.,0.865305624203014,1.),
(1.,0.864264095128189,1.),
(1.,0.862721162601711,1.),
(1.,0.860588536684497,1.),
(1.,0.857714738172582,1.),
(1.,0.853810883871119,1.),
(1.,0.848436572032277,1.),
(1.,0.840611050829246,1.),
(1.,0.829265911103753,1.),
(1.,0.812864010549669,1.),
(1.,0.791802195913133,1.),
(1.,0.766861619649112,1.),
(1.,0.739062202332714,1.),
(1.,0.718323820930425,1.),
(1.,0.707106041133517,1.)))REPRESENTATION_ITEM('')SURFACE());
#1420=CARTESIAN_POINT('',(-18.0000000000097,46.2,3.60738870620177));
#1421=CARTESIAN_POINT('',(-22.0000083727068,46.2,3.6073742040796));
#1422=CARTESIAN_POINT('',(-22.,50.2000083727399,3.60737420410996));
#1423=CARTESIAN_POINT('',(-18.0148019258634,46.2,2.93313585299436));
#1424=CARTESIAN_POINT('',(-21.699874723693,46.2,3.42498197702976));
#1425=CARTESIAN_POINT('',(-22.,49.9010681600106,3.43495369688466));
#1426=CARTESIAN_POINT('',(-18.1281217141424,46.2,2.33950347157036));
#1427=CARTESIAN_POINT('',(-21.4128359025446,46.2,3.01891937620927));
#1428=CARTESIAN_POINT('',(-22.,49.5211372568858,3.1440470907422));
#1429=CARTESIAN_POINT('',(-18.2489356885796,46.2,1.81940809888946));
#1430=CARTESIAN_POINT('',(-21.1992578131553,46.2,2.50511251959578));
#1431=CARTESIAN_POINT('',(-22.,49.1356195363638,2.72168236967169));
#1432=CARTESIAN_POINT('',(-18.3063343299839,46.2,1.58404170521314));
#1433=CARTESIAN_POINT('',(-21.1155823576131,46.2,2.24993785216512));
#1434=CARTESIAN_POINT('',(-22.,48.9544747235262,2.4858799188809));
#1435=CARTESIAN_POINT('',(-18.3460910327157,46.2,1.41990642588984));
#1436=CARTESIAN_POINT('',(-21.0637369287069,46.2,2.06322697719264));
#1437=CARTESIAN_POINT('',(-22.,48.8280832745805,2.2979935342801));
#1438=CARTESIAN_POINT('',(-18.3753317716341,46.2,1.29640246018098));
#1439=CARTESIAN_POINT('',(-21.026399214325,46.2,1.90978382751259));
#1440=CARTESIAN_POINT('',(-22.,48.7343884189473,2.14292759552513));
#1441=CARTESIAN_POINT('',(-18.3988692697035,46.2,1.19369408162606));
#1442=CARTESIAN_POINT('',(-20.997421744592,46.2,1.77597479189143));
#1443=CARTESIAN_POINT('',(-22.,48.6583505611842,2.00448024714508));
#1444=CARTESIAN_POINT('',(-18.4187445362428,46.2,1.10344681991805));
#1445=CARTESIAN_POINT('',(-20.9733373104401,46.2,1.65194511957083));
#1446=CARTESIAN_POINT('',(-22.,48.5936394374465,1.87550231258459));
#1447=CARTESIAN_POINT('',(-18.43614315789,46.2,1.02066528934053));
#1448=CARTESIAN_POINT('',(-20.9530116017649,46.2,1.53572050665233));
#1449=CARTESIAN_POINT('',(-22.,48.5365664583394,1.75112167181649));
#1450=CARTESIAN_POINT('',(-18.4516301650586,46.2,0.942893121273476));
#1451=CARTESIAN_POINT('',(-20.9352187667166,46.2,1.42272969475631));
#1452=CARTESIAN_POINT('',(-22.,48.4854014482606,1.62902660509788));
#1453=CARTESIAN_POINT('',(-18.4656543437435,46.2,0.867919497199686));
#1454=CARTESIAN_POINT('',(-20.9195088194724,46.2,1.31163150913408));
#1455=CARTESIAN_POINT('',(-22.,48.4387536163988,1.50661202107921));
#1456=CARTESIAN_POINT('',(-18.4784181948005,46.2,0.794521867009455));
#1457=CARTESIAN_POINT('',(-20.90545115174,46.2,1.20027104127361));
#1458=CARTESIAN_POINT('',(-22.,48.3960225686496,1.38244234374639));
#1459=CARTESIAN_POINT('',(-18.4900514788583,46.2,0.721622107629097));
#1460=CARTESIAN_POINT('',(-20.8928823918476,46.2,1.0877319793225));
#1461=CARTESIAN_POINT('',(-22.,48.3568368947897,1.25507649348308));
#1462=CARTESIAN_POINT('',(-18.500545885422,46.2,0.648756799347096));
#1463=CARTESIAN_POINT('',(-20.8816832038843,46.2,0.972891450432567));
#1464=CARTESIAN_POINT('',(-22.,48.3212832062206,1.1240021473393));
#1465=CARTESIAN_POINT('',(-18.5098307059529,46.2,0.575788997163598));
#1466=CARTESIAN_POINT('',(-20.8719250480693,46.2,0.856192818862789));
#1467=CARTESIAN_POINT('',(-22.,48.2896601986363,0.989279747233725));
#1468=CARTESIAN_POINT('',(-18.5177888671437,46.2,0.503036469887366));
#1469=CARTESIAN_POINT('',(-20.8636639353678,46.2,0.738208123743101));
#1470=CARTESIAN_POINT('',(-22.,48.262427137487,0.85187743279082));
#1471=CARTESIAN_POINT('',(-18.5243398193772,46.2,0.430791189871943));
#1472=CARTESIAN_POINT('',(-20.8569543719456,46.2,0.62006623800098));
#1473=CARTESIAN_POINT('',(-22.,48.2399186855746,0.712816457380442));
#1474=CARTESIAN_POINT('',(-18.5294515212236,46.2,0.359159784775682));
#1475=CARTESIAN_POINT('',(-20.8517785984647,46.2,0.502202589198295));
#1476=CARTESIAN_POINT('',(-22.,48.2222974712649,0.572825005800144));
#1477=CARTESIAN_POINT('',(-18.533127072242,46.2,0.287910076557793));
#1478=CARTESIAN_POINT('',(-20.8480823189478,46.2,0.384342727158872));
#1479=CARTESIAN_POINT('',(-22.,48.2095952312566,0.431979760193703));
#1480=CARTESIAN_POINT('',(-18.5353725581754,46.2,0.216437051575704));
#1481=CARTESIAN_POINT('',(-20.8458355972428,46.2,0.265926307586871));
#1482=CARTESIAN_POINT('',(-22.,48.201821895369,0.289602824476552));
#1483=CARTESIAN_POINT('',(-18.5361546856408,46.2,0.144098521897099));
#1484=CARTESIAN_POINT('',(-20.8450443255551,46.2,0.145490610565389));
#1485=CARTESIAN_POINT('',(-22.,48.1991119512929,0.144931063940311));
#1486=CARTESIAN_POINT('',(-18.5353970680213,46.2,0.0702570044675851));
#1487=CARTESIAN_POINT('',(-20.8457875782423,46.2,0.0225435768128965));
#1488=CARTESIAN_POINT('',(-22.,48.2017370230273,-0.00275733782933159));
#1489=CARTESIAN_POINT('',(-18.5329907399686,46.2,-0.00557356905313436));
#1490=CARTESIAN_POINT('',(-20.8481840691055,46.2,-0.103414125149327));
#1491=CARTESIAN_POINT('',(-22.,48.2100673171893,-0.153810437546262));
#1492=CARTESIAN_POINT('',(-18.5287819241481,46.2,-0.0842008560400878));
#1493=CARTESIAN_POINT('',(-20.8523849130627,46.2,-0.232992570815999));
#1494=CARTESIAN_POINT('',(-22.,48.2246103391157,-0.309108013392299));
#1495=CARTESIAN_POINT('',(-18.5225338466333,46.2,-0.166782486310214));
#1496=CARTESIAN_POINT('',(-20.8586662505961,46.2,-0.368140520791513));
#1497=CARTESIAN_POINT('',(-22.,48.2461367589003,-0.470037500404163));
#1498=CARTESIAN_POINT('',(-18.5138491780276,46.2,-0.255228359916095));
#1499=CARTESIAN_POINT('',(-20.8674638734615,46.2,-0.510837215236548));
#1500=CARTESIAN_POINT('',(-22.,48.2759351800003,-0.639118444924729));
#1501=CARTESIAN_POINT('',(-18.5020326673779,46.2,-0.352692737809332));
#1502=CARTESIAN_POINT('',(-20.8795337221774,46.2,-0.664926454523809));
#1503=CARTESIAN_POINT('',(-22.,48.3162572071425,-0.820613611745923));
#1504=CARTESIAN_POINT('',(-18.4859058021406,46.2,-0.463834903273781));
#1505=CARTESIAN_POINT('',(-20.8963270958208,46.2,-0.83753477839052));
#1506=CARTESIAN_POINT('',(-22.,48.3708905164872,-1.02031325048607));
#1507=CARTESIAN_POINT('',(-18.4632183717675,46.2,-0.597368335785732));
#1508=CARTESIAN_POINT('',(-20.920214618313,46.2,-1.03599723293742));
#1509=CARTESIAN_POINT('',(-22.,48.4470190532538,-1.24869073739362));
#1510=CARTESIAN_POINT('',(-18.4305826120908,46.2,-0.764134671410484));
#1511=CARTESIAN_POINT('',(-20.9566267384945,46.2,-1.27943918501589));
#1512=CARTESIAN_POINT('',(-22.,48.5551429137596,-1.51439912139049));
#1513=CARTESIAN_POINT('',(-18.3830058482418,46.2,-0.97965573730845));
#1514=CARTESIAN_POINT('',(-21.0130196802202,46.2,-1.57586392770704));
#1515=CARTESIAN_POINT('',(-22.,48.7101599891538,-1.82355535790323));
#1516=CARTESIAN_POINT('',(-18.3170057409043,46.2,-1.25432554975553));
#1517=CARTESIAN_POINT('',(-21.1028811324357,46.2,-1.93469932818303));
#1518=CARTESIAN_POINT('',(-22.,48.9210031669942,-2.16072549386735));
#1519=CARTESIAN_POINT('',(-18.2325841302268,46.2,-1.59921795186361));
#1520=CARTESIAN_POINT('',(-21.2345916855828,46.2,-2.32094891488855));
#1521=CARTESIAN_POINT('',(-22.,49.1871715307773,-2.50018607784897));
#1522=CARTESIAN_POINT('',(-18.1397699019336,46.2,-2.00927022994513));
#1523=CARTESIAN_POINT('',(-21.4180196108717,46.2,-2.70448393130464));
#1524=CARTESIAN_POINT('',(-22.,49.4840114150442,-2.80311957655669));
#1525=CARTESIAN_POINT('',(-18.0458399392086,46.2,-2.53936504501876));
#1526=CARTESIAN_POINT('',(-21.6610914016905,46.2,-3.0572444357959));
#1527=CARTESIAN_POINT('',(-22.,49.8205863965345,-3.08183110214814));
#1528=CARTESIAN_POINT('',(-18.0007584707053,46.2,-3.00281966129934));
#1529=CARTESIAN_POINT('',(-21.8749019568714,46.2,-3.24837500771196));
#1530=CARTESIAN_POINT('',(-22.,50.0620198611277,-3.24117513133682));
#1531=CARTESIAN_POINT('',(-18.0000000000094,46.2,-3.32085319623763));
#1532=CARTESIAN_POINT('',(-22.0000083727061,46.2,-3.32083869411546));
#1533=CARTESIAN_POINT('',(-22.,50.2000083727399,-3.32083869414581));
#1534=FACE_BOUND('',#1535,.T.);
#1535=EDGE_LOOP('',(#2591,#2592,#2593,#2594,#2595));
#1536=CYLINDRICAL_SURFACE('',#1537,4.);
#1537=AXIS2_PLACEMENT_3D('',#1538,#1539,#1540);
#1538=CARTESIAN_POINT('',(-18.,50.2,33.5));
#1539=DIRECTION('',(4.24204618364239E-16,0.,1.));
#1540=DIRECTION('',(-1.,-1.77635683940025E-15,4.24204618364239E-16));
#1541=FACE_BOUND('',#1542,.T.);
#1542=EDGE_LOOP('',(#2596,#2597,#2598,#2599,#2600,#2601,#2602,#2603,#2604));
#1543=PLANE('',#1544);
#1544=AXIS2_PLACEMENT_3D('',#1545,#1546,#1547);
#1545=CARTESIAN_POINT('',(-22.,0.,3.30654635769785E-15));
#1546=DIRECTION('',(1.,0.,-3.06161699786838E-16));
#1547=DIRECTION('',(-3.06161699786838E-16,1.22464679914735E-16,-1.));
#1548=FACE_OUTER_BOUND('',#1549,.T.);
#1549=EDGE_LOOP('',(#2605));
#1550=FACE_OUTER_BOUND('',#1551,.T.);
#1551=EDGE_LOOP('',(#2606));
#1552=CONICAL_SURFACE('',#1553,3.25,0.785398163397448);
#1553=AXIS2_PLACEMENT_3D('',#1554,#1555,#1556);
#1554=CARTESIAN_POINT('',(-24.75,-52.2,0.143267754982063));
#1555=DIRECTION('',(1.,3.74939945665464E-32,-3.06161699786838E-16));
#1556=DIRECTION('',(-3.06161699786838E-16,-1.14792251082923E-47,-1.));
#1557=FACE_OUTER_BOUND('',#1558,.T.);
#1558=EDGE_LOOP('',(#2607));
#1559=FACE_OUTER_BOUND('',#1560,.T.);
#1560=EDGE_LOOP('',(#2608));
#1561=CONICAL_SURFACE('',#1562,3.25,0.785398163397448);
#1562=AXIS2_PLACEMENT_3D('',#1563,#1564,#1565);
#1563=CARTESIAN_POINT('',(-24.75,52.2,0.143267754982069));
#1564=DIRECTION('',(1.,0.,-3.06161699786838E-16));
#1565=DIRECTION('',(-3.06161699786838E-16,0.,-1.));
#1566=FACE_BOUND('',#1567,.T.);
#1567=EDGE_LOOP('',(#2609));
#1568=PLANE('',#1569);
#1569=AXIS2_PLACEMENT_3D('',#1570,#1571,#1572);
#1570=CARTESIAN_POINT('',(-20.,0.,-3.67394039744206E-15));
#1571=DIRECTION('',(-1.,0.,-1.83697019872103E-16));
#1572=DIRECTION('',(-1.83697019872103E-16,-1.22464679914735E-16,1.));
#1573=FACE_BOUND('',#1574,.T.);
#1574=EDGE_LOOP('',(#2610));
#1575=PLANE('',#1576);
#1576=AXIS2_PLACEMENT_3D('',#1577,#1578,#1579);
#1577=CARTESIAN_POINT('',(-20.,0.,-3.67394039744206E-15));
#1578=DIRECTION('',(-1.,0.,-1.83697019872103E-16));
#1579=DIRECTION('',(-1.83697019872103E-16,-1.22464679914735E-16,1.));
#1580=FACE_BOUND('',#1581,.T.);
#1581=EDGE_LOOP('',(#2611));
#1582=PLANE('',#1583);
#1583=AXIS2_PLACEMENT_3D('',#1584,#1585,#1586);
#1584=CARTESIAN_POINT('',(-20.,0.,3.67394039744206E-15));
#1585=DIRECTION('',(1.,0.,-1.83697019872103E-16));
#1586=DIRECTION('',(-1.83697019872103E-16,-1.22464679914735E-16,-1.));
#1587=FACE_BOUND('',#1588,.T.);
#1588=EDGE_LOOP('',(#2612));
#1589=PLANE('',#1590);
#1590=AXIS2_PLACEMENT_3D('',#1591,#1592,#1593);
#1591=CARTESIAN_POINT('',(-20.,0.,3.67394039744206E-15));
#1592=DIRECTION('',(1.,0.,-1.83697019872103E-16));
#1593=DIRECTION('',(-1.83697019872103E-16,-1.22464679914735E-16,-1.));
#1594=FACE_OUTER_BOUND('',#1595,.T.);
#1595=EDGE_LOOP('',(#2613));
#1596=FACE_OUTER_BOUND('',#1597,.T.);
#1597=EDGE_LOOP('',(#2614));
#1598=CYLINDRICAL_SURFACE('',#1599,0.9);
#1599=AXIS2_PLACEMENT_3D('',#1600,#1601,#1602);
#1600=CARTESIAN_POINT('',(-25.4,-11.4,9.5));
#1601=DIRECTION('',(1.,0.,-1.83697019872103E-16));
#1602=DIRECTION('',(-1.83697019872103E-16,-1.22464679914735E-16,-1.));
#1603=FACE_OUTER_BOUND('',#1604,.T.);
#1604=EDGE_LOOP('',(#2615));
#1605=FACE_OUTER_BOUND('',#1606,.T.);
#1606=EDGE_LOOP('',(#2616));
#1607=CYLINDRICAL_SURFACE('',#1608,0.9);
#1608=AXIS2_PLACEMENT_3D('',#1609,#1610,#1611);
#1609=CARTESIAN_POINT('',(-25.4,35.6,-11.5));
#1610=DIRECTION('',(1.,0.,-1.83697019872103E-16));
#1611=DIRECTION('',(-1.83697019872103E-16,-1.22464679914735E-16,-1.));
#1612=FACE_BOUND('',#1613,.T.);
#1613=EDGE_LOOP('',(#2617,#2618,#2619));
#1614=FACE_OUTER_BOUND('',#1615,.T.);
#1615=EDGE_LOOP('',(#2620));
#1616=CYLINDRICAL_SURFACE('',#1617,4.);
#1617=AXIS2_PLACEMENT_3D('',#1618,#1619,#1620);
#1618=CARTESIAN_POINT('',(-24.,52.2,0.143267754982069));
#1619=DIRECTION('',(1.,0.,-3.06161699786838E-16));
#1620=DIRECTION('',(-3.06161699786838E-16,-1.22464679914735E-16,-1.));
#1621=FACE_BOUND('',#1622,.T.);
#1622=EDGE_LOOP('',(#2621));
#1623=PLANE('',#1624);
#1624=AXIS2_PLACEMENT_3D('',#1625,#1626,#1627);
#1625=CARTESIAN_POINT('',(-25.4,0.,4.66590430475141E-15));
#1626=DIRECTION('',(1.,0.,-1.83697019872103E-16));
#1627=DIRECTION('',(-1.83697019872103E-16,-1.22464679914735E-16,-1.));
#1628=FACE_BOUND('',#1629,.T.);
#1629=EDGE_LOOP('',(#2622));
#1630=PLANE('',#1631);
#1631=AXIS2_PLACEMENT_3D('',#1632,#1633,#1634);
#1632=CARTESIAN_POINT('',(-25.4,0.,4.66590430475141E-15));
#1633=DIRECTION('',(1.,0.,-1.83697019872103E-16));
#1634=DIRECTION('',(-1.83697019872103E-16,-1.22464679914735E-16,-1.));
#1635=FACE_BOUND('',#1636,.T.);
#1636=EDGE_LOOP('',(#2623,#2624,#2625,#2626));
#1637=CYLINDRICAL_SURFACE('',#1638,1.6);
#1638=AXIS2_PLACEMENT_3D('',#1639,#1640,#1641);
#1639=CARTESIAN_POINT('',(-32.8,-43.2,-20.4));
#1640=DIRECTION('',(-1.,0.,2.4168120263949E-16));
#1641=DIRECTION('',(0.,1.,0.));
#1642=FACE_BOUND('',#1643,.T.);
#1643=EDGE_LOOP('',(#2627,#2628,#2629,#2630));
#1644=CYLINDRICAL_SURFACE('',#1645,1.6);
#1645=AXIS2_PLACEMENT_3D('',#1646,#1647,#1648);
#1646=CARTESIAN_POINT('',(-32.8,-43.2,-15.6));
#1647=DIRECTION('',(-1.,0.,2.4168120263949E-16));
#1648=DIRECTION('',(2.4168120263949E-16,-4.44089209850062E-15,1.));
#1649=FACE_BOUND('',#1650,.T.);
#1650=EDGE_LOOP('',(#2631,#2632,#2633,#2634));
#1651=CYLINDRICAL_SURFACE('',#1652,1.6);
#1652=AXIS2_PLACEMENT_3D('',#1653,#1654,#1655);
#1653=CARTESIAN_POINT('',(3.00000000000002,-43.,-12.4062561154657));
#1654=DIRECTION('',(-1.,0.,1.98475624513994E-16));
#1655=DIRECTION('',(-1.98087597506465E-16,-0.0625000000000009,-0.998044963916957));
#1656=FACE_BOUND('',#1657,.T.);
#1657=EDGE_LOOP('',(#2635,#2636,#2637,#2638));
#1658=CYLINDRICAL_SURFACE('',#1659,1.6);
#1659=AXIS2_PLACEMENT_3D('',#1660,#1661,#1662);
#1660=CARTESIAN_POINT('',(-32.8,-43.,-23.5937438845343));
#1661=DIRECTION('',(1.,0.,-1.98475624513994E-16));
#1662=DIRECTION('',(1.98087597506465E-16,-0.0624999999999966,0.998044963916957));
#1663=FACE_BOUND('',#1664,.T.);
#1664=EDGE_LOOP('',(#2639,#2640,#2641,#2642));
#1665=CONICAL_SURFACE('',#1666,1.35,0.785398163397463);
#1666=AXIS2_PLACEMENT_3D('',#1667,#1668,#1669);
#1667=CARTESIAN_POINT('',(-10.05,-43.2,-15.6));
#1668=DIRECTION('',(-1.,0.,0.));
#1669=DIRECTION('',(0.,-0.707106781186552,0.707106781186544));
#1670=FACE_BOUND('',#1671,.T.);
#1671=EDGE_LOOP('',(#2643,#2644,#2645,#2646));
#1672=PLANE('',#1673);
#1673=AXIS2_PLACEMENT_3D('',#1674,#1675,#1676);
#1674=CARTESIAN_POINT('',(-9.8,-42.1,-13.6));
#1675=DIRECTION('',(0.707106781186537,0.707106781186558,-1.71282813674596E-15));
#1676=DIRECTION('',(0.,-2.42230478100034E-15,-1.));
#1677=FACE_BOUND('',#1678,.T.);
#1678=EDGE_LOOP('',(#2647,#2648,#2649,#2650));
#1679=CONICAL_SURFACE('',#1680,1.35,0.785398163397448);
#1680=AXIS2_PLACEMENT_3D('',#1681,#1682,#1683);
#1681=CARTESIAN_POINT('',(-10.05,-43.2,-20.4));
#1682=DIRECTION('',(-1.,0.,0.));
#1683=DIRECTION('',(0.,0.661530188090603,0.749918535738924));
#1684=FACE_BOUND('',#1685,.T.);
#1685=EDGE_LOOP('',(#2651,#2652,#2653,#2654));
#1686=CONICAL_SURFACE('',#1687,1.85000000000001,0.785398163397464);
#1687=AXIS2_PLACEMENT_3D('',#1688,#1689,#1690);
#1688=CARTESIAN_POINT('',(-10.05,-43.,-23.5937438845343));
#1689=DIRECTION('',(1.,0.,0.));
#1690=DIRECTION('',(0.,0.888747641051744,0.458396804662686));
#1691=FACE_BOUND('',#1692,.T.);
#1692=EDGE_LOOP('',(#2655,#2656,#2657,#2658));
#1693=PLANE('',#1694);
#1694=AXIS2_PLACEMENT_3D('',#1695,#1696,#1697);
#1695=CARTESIAN_POINT('',(-10.3,-44.6,-21.5937438845343));
#1696=DIRECTION('',(-0.70710678118653,-0.707106781186565,0.));
#1697=DIRECTION('',(0.,0.,-1.));
#1698=FACE_BOUND('',#1699,.T.);
#1699=EDGE_LOOP('',(#2659,#2660,#2661,#2662));
#1700=CONICAL_SURFACE('',#1701,0.749999004274466,0.785398163397452);
#1701=AXIS2_PLACEMENT_3D('',#1702,#1703,#1704);
#1702=CARTESIAN_POINT('',(-9.30000099572553,-44.85,-24.5000009957255));
#1703=DIRECTION('',(3.69778549322349E-32,1.,1.8897413185109E-16));
#1704=DIRECTION('',(0.70710678118655,1.33624890100746E-16,-0.707106781186545));
#1705=FACE_BOUND('',#1706,.T.);
#1706=EDGE_LOOP('',(#2663,#2664,#2665,#2666));
#1707=PLANE('',#1708);
#1708=AXIS2_PLACEMENT_3D('',#1709,#1710,#1711);
#1709=CARTESIAN_POINT('',(-11.3000009957255,-44.6,-25.5));
#1710=DIRECTION('',(0.,-0.707106781186545,-0.70710678118655));
#1711=DIRECTION('',(1.,0.,0.));
#1712=FACE_BOUND('',#1713,.T.);
#1713=EDGE_LOOP('',(#2667,#2668,#2669,#2670));
#1714=CONICAL_SURFACE('',#1715,0.749999004274474,0.785398163397471);
#1715=AXIS2_PLACEMENT_3D('',#1716,#1717,#1718);
#1716=CARTESIAN_POINT('',(-4.69999900427446,-44.85,-24.5000009957255));
#1717=DIRECTION('',(4.93038065763132E-32,1.,1.8897413185109E-16));
#1718=DIRECTION('',(0.707106781186548,-1.33624890100747E-16,0.707106781186547));
#1719=FACE_BOUND('',#1720,.T.);
#1720=EDGE_LOOP('',(#2671,#2672,#2673,#2674));
#1721=PLANE('',#1722);
#1722=AXIS2_PLACEMENT_3D('',#1723,#1724,#1725);
#1723=CARTESIAN_POINT('',(-3.7,-44.6,-26.5000009957256));
#1724=DIRECTION('',(0.707106781186553,-0.707106781186542,-2.95546781130652E-16));
#1725=DIRECTION('',(0.,-4.17966266190684E-16,1.));
#1726=FACE_BOUND('',#1727,.T.);
#1727=EDGE_LOOP('',(#2675,#2676,#2677,#2678));
#1728=CONICAL_SURFACE('',#1729,0.749999004274474,0.785398163397471);
#1729=AXIS2_PLACEMENT_3D('',#1730,#1731,#1732);
#1730=CARTESIAN_POINT('',(-4.69999900427447,-44.85,-11.4999990042745));
#1731=DIRECTION('',(4.93038065763132E-32,1.,1.8897413185109E-16));
#1732=DIRECTION('',(-0.707106781186546,-1.33624890100747E-16,0.707106781186549));
#1733=FACE_BOUND('',#1734,.T.);
#1734=EDGE_LOOP('',(#2679,#2680,#2681,#2682));
#1735=PLANE('',#1736);
#1736=AXIS2_PLACEMENT_3D('',#1737,#1738,#1739);
#1737=CARTESIAN_POINT('',(-2.69999900427446,-44.6,-10.5));
#1738=DIRECTION('',(7.30275393072956E-16,-0.707106781186544,0.707106781186551));
#1739=DIRECTION('',(-1.,0.,1.03276536515111E-15));
#1740=FACE_BOUND('',#1741,.T.);
#1741=EDGE_LOOP('',(#2683,#2684,#2685,#2686));
#1742=CONICAL_SURFACE('',#1743,0.74999900427447,0.785398163397465);
#1743=AXIS2_PLACEMENT_3D('',#1744,#1745,#1746);
#1744=CARTESIAN_POINT('',(-9.30000099572553,-44.85,-11.4999990042745));
#1745=DIRECTION('',(2.46519032881566E-32,1.,1.8897413185109E-16));
#1746=DIRECTION('',(-0.707106781186562,1.33624890100744E-16,-0.707106781186533));
#1747=FACE_BOUND('',#1748,.T.);
#1748=EDGE_LOOP('',(#2687,#2688,#2689,#2690));
#1749=PLANE('',#1750);
#1750=AXIS2_PLACEMENT_3D('',#1751,#1752,#1753);
#1751=CARTESIAN_POINT('',(-10.3,-44.6,-9.49999900427447));
#1752=DIRECTION('',(-0.707106781186535,-0.70710678118656,0.));
#1753=DIRECTION('',(0.,0.,-1.));
#1754=FACE_BOUND('',#1755,.T.);
#1755=EDGE_LOOP('',(#2691,#2692,#2693,#2694));
#1756=CONICAL_SURFACE('',#1757,1.85,0.785398163397447);
#1757=AXIS2_PLACEMENT_3D('',#1758,#1759,#1760);
#1758=CARTESIAN_POINT('',(-10.05,-43.,-12.4062561154657));
#1759=DIRECTION('',(1.,0.,0.));
#1760=DIRECTION('',(0.,-0.401953894803482,0.915659907636187));
#1761=ORIENTED_EDGE('',*,*,#2695,.F.);
#1762=ORIENTED_EDGE('',*,*,#2696,.F.);
#1763=ORIENTED_EDGE('',*,*,#2697,.F.);
#1764=ORIENTED_EDGE('',*,*,#2698,.T.);
#1765=ORIENTED_EDGE('',*,*,#2699,.F.);
#1766=ORIENTED_EDGE('',*,*,#2700,.F.);
#1767=ORIENTED_EDGE('',*,*,#2701,.F.);
#1768=ORIENTED_EDGE('',*,*,#2702,.F.);
#1769=ORIENTED_EDGE('',*,*,#2703,.F.);
#1770=ORIENTED_EDGE('',*,*,#2704,.T.);
#1771=ORIENTED_EDGE('',*,*,#2705,.F.);
#1772=ORIENTED_EDGE('',*,*,#2706,.T.);
#1773=ORIENTED_EDGE('',*,*,#2707,.T.);
#1774=ORIENTED_EDGE('',*,*,#2708,.T.);
#1775=ORIENTED_EDGE('',*,*,#2709,.F.);
#1776=ORIENTED_EDGE('',*,*,#2710,.T.);
#1777=ORIENTED_EDGE('',*,*,#2711,.F.);
#1778=ORIENTED_EDGE('',*,*,#2712,.F.);
#1779=ORIENTED_EDGE('',*,*,#2713,.F.);
#1780=ORIENTED_EDGE('',*,*,#2714,.F.);
#1781=ORIENTED_EDGE('',*,*,#2715,.F.);
#1782=ORIENTED_EDGE('',*,*,#2716,.T.);
#1783=ORIENTED_EDGE('',*,*,#2717,.F.);
#1784=ORIENTED_EDGE('',*,*,#2718,.T.);
#1785=ORIENTED_EDGE('',*,*,#2719,.T.);
#1786=ORIENTED_EDGE('',*,*,#2720,.T.);
#1787=ORIENTED_EDGE('',*,*,#2721,.T.);
#1788=ORIENTED_EDGE('',*,*,#2722,.T.);
#1789=ORIENTED_EDGE('',*,*,#2723,.F.);
#1790=ORIENTED_EDGE('',*,*,#2724,.T.);
#1791=ORIENTED_EDGE('',*,*,#2725,.F.);
#1792=ORIENTED_EDGE('',*,*,#2726,.T.);
#1793=ORIENTED_EDGE('',*,*,#2727,.T.);
#1794=ORIENTED_EDGE('',*,*,#2728,.F.);
#1795=ORIENTED_EDGE('',*,*,#2729,.F.);
#1796=ORIENTED_EDGE('',*,*,#2730,.F.);
#1797=ORIENTED_EDGE('',*,*,#2731,.F.);
#1798=ORIENTED_EDGE('',*,*,#2732,.F.);
#1799=ORIENTED_EDGE('',*,*,#2733,.F.);
#1800=ORIENTED_EDGE('',*,*,#2734,.F.);
#1801=ORIENTED_EDGE('',*,*,#2735,.T.);
#1802=ORIENTED_EDGE('',*,*,#2736,.F.);
#1803=ORIENTED_EDGE('',*,*,#2737,.F.);
#1804=ORIENTED_EDGE('',*,*,#2738,.F.);
#1805=ORIENTED_EDGE('',*,*,#2739,.F.);
#1806=ORIENTED_EDGE('',*,*,#2740,.F.);
#1807=ORIENTED_EDGE('',*,*,#2741,.F.);
#1808=ORIENTED_EDGE('',*,*,#2742,.F.);
#1809=ORIENTED_EDGE('',*,*,#2743,.T.);
#1810=ORIENTED_EDGE('',*,*,#2744,.T.);
#1811=ORIENTED_EDGE('',*,*,#2745,.T.);
#1812=ORIENTED_EDGE('',*,*,#2746,.T.);
#1813=ORIENTED_EDGE('',*,*,#2747,.T.);
#1814=ORIENTED_EDGE('',*,*,#2748,.T.);
#1815=ORIENTED_EDGE('',*,*,#2749,.T.);
#1816=ORIENTED_EDGE('',*,*,#2750,.T.);
#1817=ORIENTED_EDGE('',*,*,#2751,.T.);
#1818=ORIENTED_EDGE('',*,*,#2752,.F.);
#1819=ORIENTED_EDGE('',*,*,#2735,.F.);
#1820=ORIENTED_EDGE('',*,*,#2753,.F.);
#1821=ORIENTED_EDGE('',*,*,#2754,.T.);
#1822=ORIENTED_EDGE('',*,*,#2755,.T.);
#1823=ORIENTED_EDGE('',*,*,#2756,.F.);
#1824=ORIENTED_EDGE('',*,*,#2757,.F.);
#1825=ORIENTED_EDGE('',*,*,#2706,.F.);
#1826=ORIENTED_EDGE('',*,*,#2758,.F.);
#1827=ORIENTED_EDGE('',*,*,#2759,.F.);
#1828=ORIENTED_EDGE('',*,*,#2760,.F.);
#1829=ORIENTED_EDGE('',*,*,#2738,.T.);
#1830=ORIENTED_EDGE('',*,*,#2761,.T.);
#1831=ORIENTED_EDGE('',*,*,#2762,.F.);
#1832=ORIENTED_EDGE('',*,*,#2763,.T.);
#1833=ORIENTED_EDGE('',*,*,#2764,.T.);
#1834=ORIENTED_EDGE('',*,*,#2765,.T.);
#1835=ORIENTED_EDGE('',*,*,#2766,.F.);
#1836=ORIENTED_EDGE('',*,*,#2767,.T.);
#1837=ORIENTED_EDGE('',*,*,#2768,.F.);
#1838=ORIENTED_EDGE('',*,*,#2769,.F.);
#1839=ORIENTED_EDGE('',*,*,#2770,.T.);
#1840=ORIENTED_EDGE('',*,*,#2771,.F.);
#1841=ORIENTED_EDGE('',*,*,#2772,.F.);
#1842=ORIENTED_EDGE('',*,*,#2773,.F.);
#1843=ORIENTED_EDGE('',*,*,#2774,.F.);
#1844=ORIENTED_EDGE('',*,*,#2775,.F.);
#1845=ORIENTED_EDGE('',*,*,#2776,.T.);
#1846=ORIENTED_EDGE('',*,*,#2777,.T.);
#1847=ORIENTED_EDGE('',*,*,#2778,.F.);
#1848=ORIENTED_EDGE('',*,*,#2779,.T.);
#1849=ORIENTED_EDGE('',*,*,#2780,.T.);
#1850=ORIENTED_EDGE('',*,*,#2699,.T.);
#1851=ORIENTED_EDGE('',*,*,#2781,.T.);
#1852=ORIENTED_EDGE('',*,*,#2782,.T.);
#1853=ORIENTED_EDGE('',*,*,#2783,.T.);
#1854=ORIENTED_EDGE('',*,*,#2784,.T.);
#1855=ORIENTED_EDGE('',*,*,#2785,.T.);
#1856=ORIENTED_EDGE('',*,*,#2786,.T.);
#1857=ORIENTED_EDGE('',*,*,#2787,.F.);
#1858=ORIENTED_EDGE('',*,*,#2700,.T.);
#1859=ORIENTED_EDGE('',*,*,#2780,.F.);
#1860=ORIENTED_EDGE('',*,*,#2788,.F.);
#1861=ORIENTED_EDGE('',*,*,#2789,.F.);
#1862=ORIENTED_EDGE('',*,*,#2790,.T.);
#1863=ORIENTED_EDGE('',*,*,#2781,.F.);
#1864=ORIENTED_EDGE('',*,*,#2698,.F.);
#1865=ORIENTED_EDGE('',*,*,#2757,.T.);
#1866=ORIENTED_EDGE('',*,*,#2791,.F.);
#1867=ORIENTED_EDGE('',*,*,#2792,.F.);
#1868=ORIENTED_EDGE('',*,*,#2707,.F.);
#1869=ORIENTED_EDGE('',*,*,#2793,.F.);
#1870=ORIENTED_EDGE('',*,*,#2708,.F.);
#1871=ORIENTED_EDGE('',*,*,#2792,.T.);
#1872=ORIENTED_EDGE('',*,*,#2794,.F.);
#1873=ORIENTED_EDGE('',*,*,#2795,.F.);
#1874=ORIENTED_EDGE('',*,*,#2796,.T.);
#1875=ORIENTED_EDGE('',*,*,#2709,.T.);
#1876=ORIENTED_EDGE('',*,*,#2793,.T.);
#1877=ORIENTED_EDGE('',*,*,#2797,.F.);
#1878=ORIENTED_EDGE('',*,*,#2798,.T.);
#1879=ORIENTED_EDGE('',*,*,#2799,.F.);
#1880=ORIENTED_EDGE('',*,*,#2800,.T.);
#1881=ORIENTED_EDGE('',*,*,#2801,.F.);
#1882=ORIENTED_EDGE('',*,*,#2710,.F.);
#1883=ORIENTED_EDGE('',*,*,#2798,.F.);
#1884=ORIENTED_EDGE('',*,*,#2802,.T.);
#1885=ORIENTED_EDGE('',*,*,#2803,.T.);
#1886=ORIENTED_EDGE('',*,*,#2804,.F.);
#1887=ORIENTED_EDGE('',*,*,#2805,.F.);
#1888=ORIENTED_EDGE('',*,*,#2806,.T.);
#1889=ORIENTED_EDGE('',*,*,#2807,.F.);
#1890=ORIENTED_EDGE('',*,*,#2716,.F.);
#1891=ORIENTED_EDGE('',*,*,#2808,.F.);
#1892=ORIENTED_EDGE('',*,*,#2711,.T.);
#1893=ORIENTED_EDGE('',*,*,#2801,.T.);
#1894=ORIENTED_EDGE('',*,*,#2809,.T.);
#1895=ORIENTED_EDGE('',*,*,#2810,.F.);
#1896=ORIENTED_EDGE('',*,*,#2712,.T.);
#1897=ORIENTED_EDGE('',*,*,#2808,.T.);
#1898=ORIENTED_EDGE('',*,*,#2811,.T.);
#1899=ORIENTED_EDGE('',*,*,#2812,.F.);
#1900=ORIENTED_EDGE('',*,*,#2713,.T.);
#1901=ORIENTED_EDGE('',*,*,#2810,.T.);
#1902=ORIENTED_EDGE('',*,*,#2813,.F.);
#1903=ORIENTED_EDGE('',*,*,#2814,.T.);
#1904=ORIENTED_EDGE('',*,*,#2815,.T.);
#1905=ORIENTED_EDGE('',*,*,#2816,.F.);
#1906=ORIENTED_EDGE('',*,*,#2714,.T.);
#1907=ORIENTED_EDGE('',*,*,#2812,.T.);
#1908=ORIENTED_EDGE('',*,*,#2817,.T.);
#1909=ORIENTED_EDGE('',*,*,#2816,.T.);
#1910=ORIENTED_EDGE('',*,*,#2818,.T.);
#1911=ORIENTED_EDGE('',*,*,#2799,.T.);
#1912=ORIENTED_EDGE('',*,*,#2715,.T.);
#1913=ORIENTED_EDGE('',*,*,#2717,.T.);
#1914=ORIENTED_EDGE('',*,*,#2807,.T.);
#1915=ORIENTED_EDGE('',*,*,#2819,.F.);
#1916=ORIENTED_EDGE('',*,*,#2820,.T.);
#1917=ORIENTED_EDGE('',*,*,#2820,.F.);
#1918=ORIENTED_EDGE('',*,*,#2821,.T.);
#1919=ORIENTED_EDGE('',*,*,#2822,.T.);
#1920=ORIENTED_EDGE('',*,*,#2823,.F.);
#1921=ORIENTED_EDGE('',*,*,#2824,.F.);
#1922=ORIENTED_EDGE('',*,*,#2718,.F.);
#1923=ORIENTED_EDGE('',*,*,#2824,.T.);
#1924=ORIENTED_EDGE('',*,*,#2825,.F.);
#1925=ORIENTED_EDGE('',*,*,#2826,.F.);
#1926=ORIENTED_EDGE('',*,*,#2719,.F.);
#1927=ORIENTED_EDGE('',*,*,#2826,.T.);
#1928=ORIENTED_EDGE('',*,*,#2827,.F.);
#1929=ORIENTED_EDGE('',*,*,#2828,.F.);
#1930=ORIENTED_EDGE('',*,*,#2720,.F.);
#1931=ORIENTED_EDGE('',*,*,#2828,.T.);
#1932=ORIENTED_EDGE('',*,*,#2829,.F.);
#1933=ORIENTED_EDGE('',*,*,#2830,.F.);
#1934=ORIENTED_EDGE('',*,*,#2721,.F.);
#1935=ORIENTED_EDGE('',*,*,#2831,.F.);
#1936=ORIENTED_EDGE('',*,*,#2722,.F.);
#1937=ORIENTED_EDGE('',*,*,#2830,.T.);
#1938=ORIENTED_EDGE('',*,*,#2832,.F.);
#1939=ORIENTED_EDGE('',*,*,#2833,.F.);
#1940=ORIENTED_EDGE('',*,*,#2834,.T.);
#1941=ORIENTED_EDGE('',*,*,#2723,.T.);
#1942=ORIENTED_EDGE('',*,*,#2831,.T.);
#1943=ORIENTED_EDGE('',*,*,#2835,.F.);
#1944=ORIENTED_EDGE('',*,*,#2836,.T.);
#1945=ORIENTED_EDGE('',*,*,#2836,.F.);
#1946=ORIENTED_EDGE('',*,*,#2837,.T.);
#1947=ORIENTED_EDGE('',*,*,#2838,.T.);
#1948=ORIENTED_EDGE('',*,*,#2839,.F.);
#1949=ORIENTED_EDGE('',*,*,#2840,.F.);
#1950=ORIENTED_EDGE('',*,*,#2841,.T.);
#1951=ORIENTED_EDGE('',*,*,#2842,.F.);
#1952=ORIENTED_EDGE('',*,*,#2724,.F.);
#1953=ORIENTED_EDGE('',*,*,#2725,.T.);
#1954=ORIENTED_EDGE('',*,*,#2842,.T.);
#1955=ORIENTED_EDGE('',*,*,#2843,.F.);
#1956=ORIENTED_EDGE('',*,*,#2844,.T.);
#1957=ORIENTED_EDGE('',*,*,#2844,.F.);
#1958=ORIENTED_EDGE('',*,*,#2845,.T.);
#1959=ORIENTED_EDGE('',*,*,#2846,.T.);
#1960=ORIENTED_EDGE('',*,*,#2847,.F.);
#1961=ORIENTED_EDGE('',*,*,#2848,.F.);
#1962=ORIENTED_EDGE('',*,*,#2726,.F.);
#1963=ORIENTED_EDGE('',*,*,#2849,.F.);
#1964=ORIENTED_EDGE('',*,*,#2727,.F.);
#1965=ORIENTED_EDGE('',*,*,#2848,.T.);
#1966=ORIENTED_EDGE('',*,*,#2850,.F.);
#1967=ORIENTED_EDGE('',*,*,#2851,.F.);
#1968=ORIENTED_EDGE('',*,*,#2852,.T.);
#1969=ORIENTED_EDGE('',*,*,#2849,.T.);
#1970=ORIENTED_EDGE('',*,*,#2853,.T.);
#1971=ORIENTED_EDGE('',*,*,#2854,.F.);
#1972=ORIENTED_EDGE('',*,*,#2728,.T.);
#1973=ORIENTED_EDGE('',*,*,#2855,.F.);
#1974=ORIENTED_EDGE('',*,*,#2729,.T.);
#1975=ORIENTED_EDGE('',*,*,#2854,.T.);
#1976=ORIENTED_EDGE('',*,*,#2856,.F.);
#1977=ORIENTED_EDGE('',*,*,#2857,.F.);
#1978=ORIENTED_EDGE('',*,*,#2730,.T.);
#1979=ORIENTED_EDGE('',*,*,#2855,.T.);
#1980=ORIENTED_EDGE('',*,*,#2858,.T.);
#1981=ORIENTED_EDGE('',*,*,#2857,.T.);
#1982=ORIENTED_EDGE('',*,*,#2859,.F.);
#1983=ORIENTED_EDGE('',*,*,#2860,.F.);
#1984=ORIENTED_EDGE('',*,*,#2861,.T.);
#1985=ORIENTED_EDGE('',*,*,#2862,.F.);
#1986=ORIENTED_EDGE('',*,*,#2863,.T.);
#1987=ORIENTED_EDGE('',*,*,#2864,.F.);
#1988=ORIENTED_EDGE('',*,*,#2865,.T.);
#1989=ORIENTED_EDGE('',*,*,#2866,.T.);
#1990=ORIENTED_EDGE('',*,*,#2867,.F.);
#1991=ORIENTED_EDGE('',*,*,#2868,.F.);
#1992=ORIENTED_EDGE('',*,*,#2731,.T.);
#1993=ORIENTED_EDGE('',*,*,#2869,.F.);
#1994=ORIENTED_EDGE('',*,*,#2732,.T.);
#1995=ORIENTED_EDGE('',*,*,#2868,.T.);
#1996=ORIENTED_EDGE('',*,*,#2870,.T.);
#1997=ORIENTED_EDGE('',*,*,#2869,.T.);
#1998=ORIENTED_EDGE('',*,*,#2871,.F.);
#1999=ORIENTED_EDGE('',*,*,#2872,.T.);
#2000=ORIENTED_EDGE('',*,*,#2733,.T.);
#2001=ORIENTED_EDGE('',*,*,#2753,.T.);
#2002=ORIENTED_EDGE('',*,*,#2734,.T.);
#2003=ORIENTED_EDGE('',*,*,#2872,.F.);
#2004=ORIENTED_EDGE('',*,*,#2873,.T.);
#2005=ORIENTED_EDGE('',*,*,#2874,.F.);
#2006=ORIENTED_EDGE('',*,*,#2740,.T.);
#2007=ORIENTED_EDGE('',*,*,#2875,.F.);
#2008=ORIENTED_EDGE('',*,*,#2741,.T.);
#2009=ORIENTED_EDGE('',*,*,#2876,.F.);
#2010=ORIENTED_EDGE('',*,*,#2742,.T.);
#2011=ORIENTED_EDGE('',*,*,#2754,.F.);
#2012=ORIENTED_EDGE('',*,*,#2873,.F.);
#2013=ORIENTED_EDGE('',*,*,#2871,.T.);
#2014=ORIENTED_EDGE('',*,*,#2870,.F.);
#2015=ORIENTED_EDGE('',*,*,#2867,.T.);
#2016=ORIENTED_EDGE('',*,*,#2877,.T.);
#2017=ORIENTED_EDGE('',*,*,#2779,.F.);
#2018=ORIENTED_EDGE('',*,*,#2878,.F.);
#2019=ORIENTED_EDGE('',*,*,#2879,.T.);
#2020=ORIENTED_EDGE('',*,*,#2880,.F.);
#2021=ORIENTED_EDGE('',*,*,#2755,.F.);
#2022=ORIENTED_EDGE('',*,*,#2877,.F.);
#2023=ORIENTED_EDGE('',*,*,#2866,.F.);
#2024=ORIENTED_EDGE('',*,*,#2881,.T.);
#2025=ORIENTED_EDGE('',*,*,#2882,.T.);
#2026=ORIENTED_EDGE('',*,*,#2883,.T.);
#2027=ORIENTED_EDGE('',*,*,#2884,.T.);
#2028=ORIENTED_EDGE('',*,*,#2885,.T.);
#2029=ORIENTED_EDGE('',*,*,#2886,.T.);
#2030=ORIENTED_EDGE('',*,*,#2887,.T.);
#2031=ORIENTED_EDGE('',*,*,#2888,.T.);
#2032=ORIENTED_EDGE('',*,*,#2889,.T.);
#2033=ORIENTED_EDGE('',*,*,#2890,.T.);
#2034=ORIENTED_EDGE('',*,*,#2891,.T.);
#2035=ORIENTED_EDGE('',*,*,#2892,.T.);
#2036=ORIENTED_EDGE('',*,*,#2893,.T.);
#2037=ORIENTED_EDGE('',*,*,#2894,.T.);
#2038=ORIENTED_EDGE('',*,*,#2895,.T.);
#2039=ORIENTED_EDGE('',*,*,#2896,.T.);
#2040=ORIENTED_EDGE('',*,*,#2897,.T.);
#2041=ORIENTED_EDGE('',*,*,#2898,.T.);
#2042=ORIENTED_EDGE('',*,*,#2899,.T.);
#2043=ORIENTED_EDGE('',*,*,#2900,.T.);
#2044=ORIENTED_EDGE('',*,*,#2901,.T.);
#2045=ORIENTED_EDGE('',*,*,#2902,.T.);
#2046=ORIENTED_EDGE('',*,*,#2903,.T.);
#2047=ORIENTED_EDGE('',*,*,#2904,.T.);
#2048=ORIENTED_EDGE('',*,*,#2905,.T.);
#2049=ORIENTED_EDGE('',*,*,#2906,.T.);
#2050=ORIENTED_EDGE('',*,*,#2907,.T.);
#2051=ORIENTED_EDGE('',*,*,#2908,.T.);
#2052=ORIENTED_EDGE('',*,*,#2850,.T.);
#2053=ORIENTED_EDGE('',*,*,#2847,.T.);
#2054=ORIENTED_EDGE('',*,*,#2909,.T.);
#2055=ORIENTED_EDGE('',*,*,#2910,.T.);
#2056=ORIENTED_EDGE('',*,*,#2911,.T.);
#2057=ORIENTED_EDGE('',*,*,#2839,.T.);
#2058=ORIENTED_EDGE('',*,*,#2912,.T.);
#2059=ORIENTED_EDGE('',*,*,#2913,.T.);
#2060=ORIENTED_EDGE('',*,*,#2914,.T.);
#2061=ORIENTED_EDGE('',*,*,#2832,.T.);
#2062=ORIENTED_EDGE('',*,*,#2829,.T.);
#2063=ORIENTED_EDGE('',*,*,#2827,.T.);
#2064=ORIENTED_EDGE('',*,*,#2825,.T.);
#2065=ORIENTED_EDGE('',*,*,#2823,.T.);
#2066=ORIENTED_EDGE('',*,*,#2915,.T.);
#2067=ORIENTED_EDGE('',*,*,#2916,.T.);
#2068=ORIENTED_EDGE('',*,*,#2917,.T.);
#2069=ORIENTED_EDGE('',*,*,#2804,.T.);
#2070=ORIENTED_EDGE('',*,*,#2918,.T.);
#2071=ORIENTED_EDGE('',*,*,#2919,.T.);
#2072=ORIENTED_EDGE('',*,*,#2920,.T.);
#2073=ORIENTED_EDGE('',*,*,#2794,.T.);
#2074=ORIENTED_EDGE('',*,*,#2791,.T.);
#2075=ORIENTED_EDGE('',*,*,#2756,.T.);
#2076=ORIENTED_EDGE('',*,*,#2880,.T.);
#2077=ORIENTED_EDGE('',*,*,#2921,.F.);
#2078=ORIENTED_EDGE('',*,*,#2788,.T.);
#2079=ORIENTED_EDGE('',*,*,#2786,.F.);
#2080=ORIENTED_EDGE('',*,*,#2922,.F.);
#2081=ORIENTED_EDGE('',*,*,#2923,.F.);
#2082=ORIENTED_EDGE('',*,*,#2922,.T.);
#2083=ORIENTED_EDGE('',*,*,#2785,.F.);
#2084=ORIENTED_EDGE('',*,*,#2924,.F.);
#2085=ORIENTED_EDGE('',*,*,#2925,.F.);
#2086=ORIENTED_EDGE('',*,*,#2924,.T.);
#2087=ORIENTED_EDGE('',*,*,#2784,.F.);
#2088=ORIENTED_EDGE('',*,*,#2926,.F.);
#2089=ORIENTED_EDGE('',*,*,#2927,.F.);
#2090=ORIENTED_EDGE('',*,*,#2926,.T.);
#2091=ORIENTED_EDGE('',*,*,#2783,.F.);
#2092=ORIENTED_EDGE('',*,*,#2928,.F.);
#2093=ORIENTED_EDGE('',*,*,#2929,.F.);
#2094=ORIENTED_EDGE('',*,*,#2928,.T.);
#2095=ORIENTED_EDGE('',*,*,#2782,.F.);
#2096=ORIENTED_EDGE('',*,*,#2790,.F.);
#2097=ORIENTED_EDGE('',*,*,#2881,.F.);
#2098=ORIENTED_EDGE('',*,*,#2865,.F.);
#2099=ORIENTED_EDGE('',*,*,#2930,.T.);
#2100=ORIENTED_EDGE('',*,*,#2762,.T.);
#2101=ORIENTED_EDGE('',*,*,#2930,.F.);
#2102=ORIENTED_EDGE('',*,*,#2864,.T.);
#2103=ORIENTED_EDGE('',*,*,#2931,.T.);
#2104=ORIENTED_EDGE('',*,*,#2763,.F.);
#2105=ORIENTED_EDGE('',*,*,#2931,.F.);
#2106=ORIENTED_EDGE('',*,*,#2863,.F.);
#2107=ORIENTED_EDGE('',*,*,#2932,.F.);
#2108=ORIENTED_EDGE('',*,*,#2764,.F.);
#2109=ORIENTED_EDGE('',*,*,#2933,.F.);
#2110=ORIENTED_EDGE('',*,*,#2765,.F.);
#2111=ORIENTED_EDGE('',*,*,#2932,.T.);
#2112=ORIENTED_EDGE('',*,*,#2862,.T.);
#2113=ORIENTED_EDGE('',*,*,#2934,.F.);
#2114=ORIENTED_EDGE('',*,*,#2766,.T.);
#2115=ORIENTED_EDGE('',*,*,#2933,.T.);
#2116=ORIENTED_EDGE('',*,*,#2861,.F.);
#2117=ORIENTED_EDGE('',*,*,#2934,.T.);
#2118=ORIENTED_EDGE('',*,*,#2860,.T.);
#2119=ORIENTED_EDGE('',*,*,#2935,.F.);
#2120=ORIENTED_EDGE('',*,*,#2936,.T.);
#2121=ORIENTED_EDGE('',*,*,#2907,.F.);
#2122=ORIENTED_EDGE('',*,*,#2937,.F.);
#2123=ORIENTED_EDGE('',*,*,#2938,.F.);
#2124=ORIENTED_EDGE('',*,*,#2767,.F.);
#2125=ORIENTED_EDGE('',*,*,#2939,.F.);
#2126=ORIENTED_EDGE('',*,*,#2878,.T.);
#2127=ORIENTED_EDGE('',*,*,#2778,.T.);
#2128=ORIENTED_EDGE('',*,*,#2940,.F.);
#2129=ORIENTED_EDGE('',*,*,#2941,.T.);
#2130=ORIENTED_EDGE('',*,*,#2942,.T.);
#2131=ORIENTED_EDGE('',*,*,#2943,.T.);
#2132=ORIENTED_EDGE('',*,*,#2944,.T.);
#2133=ORIENTED_EDGE('',*,*,#2945,.T.);
#2134=ORIENTED_EDGE('',*,*,#2946,.F.);
#2135=ORIENTED_EDGE('',*,*,#2947,.T.);
#2136=ORIENTED_EDGE('',*,*,#2948,.F.);
#2137=ORIENTED_EDGE('',*,*,#2949,.T.);
#2138=ORIENTED_EDGE('',*,*,#2950,.T.);
#2139=ORIENTED_EDGE('',*,*,#2951,.T.);
#2140=ORIENTED_EDGE('',*,*,#2952,.T.);
#2141=ORIENTED_EDGE('',*,*,#2953,.T.);
#2142=ORIENTED_EDGE('',*,*,#2954,.F.);
#2143=ORIENTED_EDGE('',*,*,#2768,.T.);
#2144=ORIENTED_EDGE('',*,*,#2938,.T.);
#2145=ORIENTED_EDGE('',*,*,#2955,.F.);
#2146=ORIENTED_EDGE('',*,*,#2956,.F.);
#2147=ORIENTED_EDGE('',*,*,#2957,.F.);
#2148=ORIENTED_EDGE('',*,*,#2958,.F.);
#2149=ORIENTED_EDGE('',*,*,#2959,.F.);
#2150=ORIENTED_EDGE('',*,*,#2960,.F.);
#2151=ORIENTED_EDGE('',*,*,#2961,.F.);
#2152=ORIENTED_EDGE('',*,*,#2962,.F.);
#2153=ORIENTED_EDGE('',*,*,#2963,.F.);
#2154=ORIENTED_EDGE('',*,*,#2964,.F.);
#2155=ORIENTED_EDGE('',*,*,#2965,.F.);
#2156=ORIENTED_EDGE('',*,*,#2966,.F.);
#2157=ORIENTED_EDGE('',*,*,#2967,.F.);
#2158=ORIENTED_EDGE('',*,*,#2968,.F.);
#2159=ORIENTED_EDGE('',*,*,#2969,.F.);
#2160=ORIENTED_EDGE('',*,*,#2970,.F.);
#2161=ORIENTED_EDGE('',*,*,#2971,.F.);
#2162=ORIENTED_EDGE('',*,*,#2972,.F.);
#2163=ORIENTED_EDGE('',*,*,#2973,.F.);
#2164=ORIENTED_EDGE('',*,*,#2974,.F.);
#2165=ORIENTED_EDGE('',*,*,#2975,.F.);
#2166=ORIENTED_EDGE('',*,*,#2976,.F.);
#2167=ORIENTED_EDGE('',*,*,#2977,.F.);
#2168=ORIENTED_EDGE('',*,*,#2978,.F.);
#2169=ORIENTED_EDGE('',*,*,#2979,.F.);
#2170=ORIENTED_EDGE('',*,*,#2980,.T.);
#2171=ORIENTED_EDGE('',*,*,#2769,.T.);
#2172=ORIENTED_EDGE('',*,*,#2954,.T.);
#2173=ORIENTED_EDGE('',*,*,#2981,.F.);
#2174=ORIENTED_EDGE('',*,*,#2982,.T.);
#2175=ORIENTED_EDGE('',*,*,#2983,.F.);
#2176=ORIENTED_EDGE('',*,*,#2984,.T.);
#2177=ORIENTED_EDGE('',*,*,#2985,.F.);
#2178=ORIENTED_EDGE('',*,*,#2770,.F.);
#2179=ORIENTED_EDGE('',*,*,#2980,.F.);
#2180=ORIENTED_EDGE('',*,*,#2986,.F.);
#2181=ORIENTED_EDGE('',*,*,#2987,.F.);
#2182=ORIENTED_EDGE('',*,*,#2988,.F.);
#2183=ORIENTED_EDGE('',*,*,#2989,.F.);
#2184=ORIENTED_EDGE('',*,*,#2990,.F.);
#2185=ORIENTED_EDGE('',*,*,#2991,.F.);
#2186=ORIENTED_EDGE('',*,*,#2992,.F.);
#2187=ORIENTED_EDGE('',*,*,#2993,.F.);
#2188=ORIENTED_EDGE('',*,*,#2994,.F.);
#2189=ORIENTED_EDGE('',*,*,#2995,.F.);
#2190=ORIENTED_EDGE('',*,*,#2996,.F.);
#2191=ORIENTED_EDGE('',*,*,#2997,.F.);
#2192=ORIENTED_EDGE('',*,*,#2998,.F.);
#2193=ORIENTED_EDGE('',*,*,#2999,.F.);
#2194=ORIENTED_EDGE('',*,*,#3000,.F.);
#2195=ORIENTED_EDGE('',*,*,#3001,.F.);
#2196=ORIENTED_EDGE('',*,*,#3002,.F.);
#2197=ORIENTED_EDGE('',*,*,#3003,.F.);
#2198=ORIENTED_EDGE('',*,*,#3004,.F.);
#2199=ORIENTED_EDGE('',*,*,#3005,.F.);
#2200=ORIENTED_EDGE('',*,*,#3006,.F.);
#2201=ORIENTED_EDGE('',*,*,#3007,.F.);
#2202=ORIENTED_EDGE('',*,*,#2776,.F.);
#2203=ORIENTED_EDGE('',*,*,#3008,.F.);
#2204=ORIENTED_EDGE('',*,*,#3009,.T.);
#2205=ORIENTED_EDGE('',*,*,#3010,.T.);
#2206=ORIENTED_EDGE('',*,*,#3011,.T.);
#2207=ORIENTED_EDGE('',*,*,#2771,.T.);
#2208=ORIENTED_EDGE('',*,*,#2985,.T.);
#2209=ORIENTED_EDGE('',*,*,#3012,.F.);
#2210=ORIENTED_EDGE('',*,*,#3013,.T.);
#2211=ORIENTED_EDGE('',*,*,#3013,.F.);
#2212=ORIENTED_EDGE('',*,*,#3014,.T.);
#2213=ORIENTED_EDGE('',*,*,#3015,.F.);
#2214=ORIENTED_EDGE('',*,*,#3016,.F.);
#2215=ORIENTED_EDGE('',*,*,#2772,.T.);
#2216=ORIENTED_EDGE('',*,*,#2773,.T.);
#2217=ORIENTED_EDGE('',*,*,#3016,.T.);
#2218=ORIENTED_EDGE('',*,*,#3017,.F.);
#2219=ORIENTED_EDGE('',*,*,#3018,.F.);
#2220=ORIENTED_EDGE('',*,*,#3019,.F.);
#2221=ORIENTED_EDGE('',*,*,#2774,.T.);
#2222=ORIENTED_EDGE('',*,*,#3018,.T.);
#2223=ORIENTED_EDGE('',*,*,#3020,.F.);
#2224=ORIENTED_EDGE('',*,*,#3021,.T.);
#2225=ORIENTED_EDGE('',*,*,#2775,.T.);
#2226=ORIENTED_EDGE('',*,*,#3019,.T.);
#2227=ORIENTED_EDGE('',*,*,#3022,.F.);
#2228=ORIENTED_EDGE('',*,*,#3008,.T.);
#2229=ORIENTED_EDGE('',*,*,#2777,.F.);
#2230=ORIENTED_EDGE('',*,*,#3007,.T.);
#2231=ORIENTED_EDGE('',*,*,#3023,.T.);
#2232=ORIENTED_EDGE('',*,*,#2940,.T.);
#2233=ORIENTED_EDGE('',*,*,#3024,.T.);
#2234=ORIENTED_EDGE('',*,*,#2795,.T.);
#2235=ORIENTED_EDGE('',*,*,#2920,.F.);
#2236=ORIENTED_EDGE('',*,*,#3025,.F.);
#2237=ORIENTED_EDGE('',*,*,#2802,.F.);
#2238=ORIENTED_EDGE('',*,*,#2797,.T.);
#2239=ORIENTED_EDGE('',*,*,#2796,.F.);
#2240=ORIENTED_EDGE('',*,*,#3024,.F.);
#2241=ORIENTED_EDGE('',*,*,#3026,.F.);
#2242=ORIENTED_EDGE('',*,*,#3027,.F.);
#2243=ORIENTED_EDGE('',*,*,#3028,.T.);
#2244=ORIENTED_EDGE('',*,*,#2800,.F.);
#2245=ORIENTED_EDGE('',*,*,#2818,.F.);
#2246=ORIENTED_EDGE('',*,*,#2817,.F.);
#2247=ORIENTED_EDGE('',*,*,#2813,.T.);
#2248=ORIENTED_EDGE('',*,*,#2811,.F.);
#2249=ORIENTED_EDGE('',*,*,#2809,.F.);
#2250=ORIENTED_EDGE('',*,*,#3027,.T.);
#2251=ORIENTED_EDGE('',*,*,#3029,.T.);
#2252=ORIENTED_EDGE('',*,*,#2918,.F.);
#2253=ORIENTED_EDGE('',*,*,#2803,.F.);
#2254=ORIENTED_EDGE('',*,*,#3030,.T.);
#2255=ORIENTED_EDGE('',*,*,#2805,.T.);
#2256=ORIENTED_EDGE('',*,*,#2917,.F.);
#2257=ORIENTED_EDGE('',*,*,#3031,.F.);
#2258=ORIENTED_EDGE('',*,*,#2821,.F.);
#2259=ORIENTED_EDGE('',*,*,#2819,.T.);
#2260=ORIENTED_EDGE('',*,*,#2806,.F.);
#2261=ORIENTED_EDGE('',*,*,#3030,.F.);
#2262=ORIENTED_EDGE('',*,*,#3032,.F.);
#2263=ORIENTED_EDGE('',*,*,#3033,.F.);
#2264=ORIENTED_EDGE('',*,*,#3034,.T.);
#2265=ORIENTED_EDGE('',*,*,#3035,.F.);
#2266=ORIENTED_EDGE('',*,*,#3036,.F.);
#2267=ORIENTED_EDGE('',*,*,#2814,.F.);
#2268=ORIENTED_EDGE('',*,*,#3037,.T.);
#2269=ORIENTED_EDGE('',*,*,#3038,.F.);
#2270=ORIENTED_EDGE('',*,*,#3037,.F.);
#2271=ORIENTED_EDGE('',*,*,#2815,.F.);
#2272=ORIENTED_EDGE('',*,*,#3036,.T.);
#2273=ORIENTED_EDGE('',*,*,#3033,.T.);
#2274=ORIENTED_EDGE('',*,*,#3039,.T.);
#2275=ORIENTED_EDGE('',*,*,#2915,.F.);
#2276=ORIENTED_EDGE('',*,*,#2822,.F.);
#2277=ORIENTED_EDGE('',*,*,#3040,.T.);
#2278=ORIENTED_EDGE('',*,*,#2833,.T.);
#2279=ORIENTED_EDGE('',*,*,#2914,.F.);
#2280=ORIENTED_EDGE('',*,*,#3041,.F.);
#2281=ORIENTED_EDGE('',*,*,#2837,.F.);
#2282=ORIENTED_EDGE('',*,*,#2835,.T.);
#2283=ORIENTED_EDGE('',*,*,#2834,.F.);
#2284=ORIENTED_EDGE('',*,*,#3040,.F.);
#2285=ORIENTED_EDGE('',*,*,#3042,.F.);
#2286=ORIENTED_EDGE('',*,*,#3043,.F.);
#2287=ORIENTED_EDGE('',*,*,#3044,.T.);
#2288=ORIENTED_EDGE('',*,*,#3043,.T.);
#2289=ORIENTED_EDGE('',*,*,#3045,.T.);
#2290=ORIENTED_EDGE('',*,*,#2912,.F.);
#2291=ORIENTED_EDGE('',*,*,#2838,.F.);
#2292=ORIENTED_EDGE('',*,*,#3046,.T.);
#2293=ORIENTED_EDGE('',*,*,#2840,.T.);
#2294=ORIENTED_EDGE('',*,*,#2911,.F.);
#2295=ORIENTED_EDGE('',*,*,#3047,.F.);
#2296=ORIENTED_EDGE('',*,*,#2845,.F.);
#2297=ORIENTED_EDGE('',*,*,#2843,.T.);
#2298=ORIENTED_EDGE('',*,*,#2841,.F.);
#2299=ORIENTED_EDGE('',*,*,#3046,.F.);
#2300=ORIENTED_EDGE('',*,*,#3048,.F.);
#2301=ORIENTED_EDGE('',*,*,#3049,.F.);
#2302=ORIENTED_EDGE('',*,*,#3050,.T.);
#2303=ORIENTED_EDGE('',*,*,#3049,.T.);
#2304=ORIENTED_EDGE('',*,*,#3051,.T.);
#2305=ORIENTED_EDGE('',*,*,#2909,.F.);
#2306=ORIENTED_EDGE('',*,*,#2846,.F.);
#2307=ORIENTED_EDGE('',*,*,#3052,.F.);
#2308=ORIENTED_EDGE('',*,*,#2935,.T.);
#2309=ORIENTED_EDGE('',*,*,#2859,.T.);
#2310=ORIENTED_EDGE('',*,*,#2858,.F.);
#2311=ORIENTED_EDGE('',*,*,#2856,.T.);
#2312=ORIENTED_EDGE('',*,*,#2853,.F.);
#2313=ORIENTED_EDGE('',*,*,#2852,.F.);
#2314=ORIENTED_EDGE('',*,*,#3053,.F.);
#2315=ORIENTED_EDGE('',*,*,#2874,.T.);
#2316=ORIENTED_EDGE('',*,*,#3054,.F.);
#2317=ORIENTED_EDGE('',*,*,#2875,.T.);
#2318=ORIENTED_EDGE('',*,*,#3055,.F.);
#2319=ORIENTED_EDGE('',*,*,#2876,.T.);
#2320=ORIENTED_EDGE('',*,*,#2939,.T.);
#2321=ORIENTED_EDGE('',*,*,#3056,.T.);
#2322=ORIENTED_EDGE('',*,*,#2882,.F.);
#2323=ORIENTED_EDGE('',*,*,#2879,.F.);
#2324=ORIENTED_EDGE('',*,*,#2978,.T.);
#2325=ORIENTED_EDGE('',*,*,#3057,.T.);
#2326=ORIENTED_EDGE('',*,*,#2883,.F.);
#2327=ORIENTED_EDGE('',*,*,#3056,.F.);
#2328=ORIENTED_EDGE('',*,*,#2977,.T.);
#2329=ORIENTED_EDGE('',*,*,#3058,.T.);
#2330=ORIENTED_EDGE('',*,*,#2884,.F.);
#2331=ORIENTED_EDGE('',*,*,#3057,.F.);
#2332=ORIENTED_EDGE('',*,*,#2976,.T.);
#2333=ORIENTED_EDGE('',*,*,#3059,.T.);
#2334=ORIENTED_EDGE('',*,*,#2885,.F.);
#2335=ORIENTED_EDGE('',*,*,#3058,.F.);
#2336=ORIENTED_EDGE('',*,*,#2975,.T.);
#2337=ORIENTED_EDGE('',*,*,#3060,.T.);
#2338=ORIENTED_EDGE('',*,*,#2886,.F.);
#2339=ORIENTED_EDGE('',*,*,#3059,.F.);
#2340=ORIENTED_EDGE('',*,*,#2974,.T.);
#2341=ORIENTED_EDGE('',*,*,#3061,.T.);
#2342=ORIENTED_EDGE('',*,*,#2887,.F.);
#2343=ORIENTED_EDGE('',*,*,#3060,.F.);
#2344=ORIENTED_EDGE('',*,*,#2973,.T.);
#2345=ORIENTED_EDGE('',*,*,#3062,.T.);
#2346=ORIENTED_EDGE('',*,*,#2888,.F.);
#2347=ORIENTED_EDGE('',*,*,#3061,.F.);
#2348=ORIENTED_EDGE('',*,*,#2972,.T.);
#2349=ORIENTED_EDGE('',*,*,#3063,.T.);
#2350=ORIENTED_EDGE('',*,*,#2889,.F.);
#2351=ORIENTED_EDGE('',*,*,#3062,.F.);
#2352=ORIENTED_EDGE('',*,*,#2971,.T.);
#2353=ORIENTED_EDGE('',*,*,#3064,.T.);
#2354=ORIENTED_EDGE('',*,*,#2890,.F.);
#2355=ORIENTED_EDGE('',*,*,#3063,.F.);
#2356=ORIENTED_EDGE('',*,*,#2970,.T.);
#2357=ORIENTED_EDGE('',*,*,#3065,.T.);
#2358=ORIENTED_EDGE('',*,*,#2891,.F.);
#2359=ORIENTED_EDGE('',*,*,#3064,.F.);
#2360=ORIENTED_EDGE('',*,*,#2969,.T.);
#2361=ORIENTED_EDGE('',*,*,#3066,.T.);
#2362=ORIENTED_EDGE('',*,*,#2892,.F.);
#2363=ORIENTED_EDGE('',*,*,#3065,.F.);
#2364=ORIENTED_EDGE('',*,*,#2968,.T.);
#2365=ORIENTED_EDGE('',*,*,#3067,.T.);
#2366=ORIENTED_EDGE('',*,*,#2893,.F.);
#2367=ORIENTED_EDGE('',*,*,#3066,.F.);
#2368=ORIENTED_EDGE('',*,*,#2967,.T.);
#2369=ORIENTED_EDGE('',*,*,#3068,.T.);
#2370=ORIENTED_EDGE('',*,*,#2894,.F.);
#2371=ORIENTED_EDGE('',*,*,#3067,.F.);
#2372=ORIENTED_EDGE('',*,*,#2966,.T.);
#2373=ORIENTED_EDGE('',*,*,#3069,.T.);
#2374=ORIENTED_EDGE('',*,*,#2895,.F.);
#2375=ORIENTED_EDGE('',*,*,#3068,.F.);
#2376=ORIENTED_EDGE('',*,*,#2965,.T.);
#2377=ORIENTED_EDGE('',*,*,#3070,.T.);
#2378=ORIENTED_EDGE('',*,*,#2896,.F.);
#2379=ORIENTED_EDGE('',*,*,#3069,.F.);
#2380=ORIENTED_EDGE('',*,*,#2964,.T.);
#2381=ORIENTED_EDGE('',*,*,#3071,.T.);
#2382=ORIENTED_EDGE('',*,*,#2897,.F.);
#2383=ORIENTED_EDGE('',*,*,#3070,.F.);
#2384=ORIENTED_EDGE('',*,*,#2963,.T.);
#2385=ORIENTED_EDGE('',*,*,#3072,.T.);
#2386=ORIENTED_EDGE('',*,*,#2898,.F.);
#2387=ORIENTED_EDGE('',*,*,#3071,.F.);
#2388=ORIENTED_EDGE('',*,*,#2962,.T.);
#2389=ORIENTED_EDGE('',*,*,#3073,.T.);
#2390=ORIENTED_EDGE('',*,*,#2899,.F.);
#2391=ORIENTED_EDGE('',*,*,#3072,.F.);
#2392=ORIENTED_EDGE('',*,*,#2961,.T.);
#2393=ORIENTED_EDGE('',*,*,#3074,.T.);
#2394=ORIENTED_EDGE('',*,*,#2900,.F.);
#2395=ORIENTED_EDGE('',*,*,#3073,.F.);
#2396=ORIENTED_EDGE('',*,*,#2960,.T.);
#2397=ORIENTED_EDGE('',*,*,#3075,.T.);
#2398=ORIENTED_EDGE('',*,*,#2901,.F.);
#2399=ORIENTED_EDGE('',*,*,#3074,.F.);
#2400=ORIENTED_EDGE('',*,*,#2959,.T.);
#2401=ORIENTED_EDGE('',*,*,#3076,.T.);
#2402=ORIENTED_EDGE('',*,*,#2902,.F.);
#2403=ORIENTED_EDGE('',*,*,#3075,.F.);
#2404=ORIENTED_EDGE('',*,*,#2958,.T.);
#2405=ORIENTED_EDGE('',*,*,#3077,.T.);
#2406=ORIENTED_EDGE('',*,*,#2903,.F.);
#2407=ORIENTED_EDGE('',*,*,#3076,.F.);
#2408=ORIENTED_EDGE('',*,*,#2957,.T.);
#2409=ORIENTED_EDGE('',*,*,#3078,.T.);
#2410=ORIENTED_EDGE('',*,*,#2904,.F.);
#2411=ORIENTED_EDGE('',*,*,#3077,.F.);
#2412=ORIENTED_EDGE('',*,*,#2956,.T.);
#2413=ORIENTED_EDGE('',*,*,#3079,.T.);
#2414=ORIENTED_EDGE('',*,*,#2905,.F.);
#2415=ORIENTED_EDGE('',*,*,#3078,.F.);
#2416=ORIENTED_EDGE('',*,*,#2955,.T.);
#2417=ORIENTED_EDGE('',*,*,#2937,.T.);
#2418=ORIENTED_EDGE('',*,*,#2906,.F.);
#2419=ORIENTED_EDGE('',*,*,#3079,.F.);
#2420=ORIENTED_EDGE('',*,*,#3052,.T.);
#2421=ORIENTED_EDGE('',*,*,#2851,.T.);
#2422=ORIENTED_EDGE('',*,*,#2908,.F.);
#2423=ORIENTED_EDGE('',*,*,#2936,.F.);
#2424=ORIENTED_EDGE('',*,*,#3048,.T.);
#2425=ORIENTED_EDGE('',*,*,#3047,.T.);
#2426=ORIENTED_EDGE('',*,*,#2910,.F.);
#2427=ORIENTED_EDGE('',*,*,#3051,.F.);
#2428=ORIENTED_EDGE('',*,*,#3042,.T.);
#2429=ORIENTED_EDGE('',*,*,#3041,.T.);
#2430=ORIENTED_EDGE('',*,*,#2913,.F.);
#2431=ORIENTED_EDGE('',*,*,#3045,.F.);
#2432=ORIENTED_EDGE('',*,*,#3032,.T.);
#2433=ORIENTED_EDGE('',*,*,#3031,.T.);
#2434=ORIENTED_EDGE('',*,*,#2916,.F.);
#2435=ORIENTED_EDGE('',*,*,#3039,.F.);
#2436=ORIENTED_EDGE('',*,*,#3026,.T.);
#2437=ORIENTED_EDGE('',*,*,#3025,.T.);
#2438=ORIENTED_EDGE('',*,*,#2919,.F.);
#2439=ORIENTED_EDGE('',*,*,#3029,.F.);
#2440=ORIENTED_EDGE('',*,*,#3080,.F.);
#2441=ORIENTED_EDGE('',*,*,#2941,.F.);
#2442=ORIENTED_EDGE('',*,*,#3023,.F.);
#2443=ORIENTED_EDGE('',*,*,#3006,.T.);
#2444=ORIENTED_EDGE('',*,*,#3080,.T.);
#2445=ORIENTED_EDGE('',*,*,#3005,.T.);
#2446=ORIENTED_EDGE('',*,*,#3081,.T.);
#2447=ORIENTED_EDGE('',*,*,#2942,.F.);
#2448=ORIENTED_EDGE('',*,*,#3082,.F.);
#2449=ORIENTED_EDGE('',*,*,#2943,.F.);
#2450=ORIENTED_EDGE('',*,*,#3081,.F.);
#2451=ORIENTED_EDGE('',*,*,#3004,.T.);
#2452=ORIENTED_EDGE('',*,*,#3038,.T.);
#2453=ORIENTED_EDGE('',*,*,#3035,.T.);
#2454=ORIENTED_EDGE('',*,*,#3082,.T.);
#2455=ORIENTED_EDGE('',*,*,#3003,.T.);
#2456=ORIENTED_EDGE('',*,*,#3083,.T.);
#2457=ORIENTED_EDGE('',*,*,#2944,.F.);
#2458=ORIENTED_EDGE('',*,*,#3083,.F.);
#2459=ORIENTED_EDGE('',*,*,#3002,.T.);
#2460=ORIENTED_EDGE('',*,*,#3084,.T.);
#2461=ORIENTED_EDGE('',*,*,#2945,.F.);
#2462=ORIENTED_EDGE('',*,*,#3084,.F.);
#2463=ORIENTED_EDGE('',*,*,#3001,.T.);
#2464=ORIENTED_EDGE('',*,*,#3085,.T.);
#2465=ORIENTED_EDGE('',*,*,#2946,.T.);
#2466=ORIENTED_EDGE('',*,*,#3086,.F.);
#2467=ORIENTED_EDGE('',*,*,#3087,.F.);
#2468=ORIENTED_EDGE('',*,*,#3088,.F.);
#2469=ORIENTED_EDGE('',*,*,#3089,.F.);
#2470=ORIENTED_EDGE('',*,*,#3090,.F.);
#2471=ORIENTED_EDGE('',*,*,#2992,.T.);
#2472=ORIENTED_EDGE('',*,*,#3091,.T.);
#2473=ORIENTED_EDGE('',*,*,#2947,.F.);
#2474=ORIENTED_EDGE('',*,*,#3085,.F.);
#2475=ORIENTED_EDGE('',*,*,#3000,.T.);
#2476=ORIENTED_EDGE('',*,*,#3091,.F.);
#2477=ORIENTED_EDGE('',*,*,#2991,.T.);
#2478=ORIENTED_EDGE('',*,*,#3092,.T.);
#2479=ORIENTED_EDGE('',*,*,#2948,.T.);
#2480=ORIENTED_EDGE('',*,*,#3093,.F.);
#2481=ORIENTED_EDGE('',*,*,#2949,.F.);
#2482=ORIENTED_EDGE('',*,*,#3092,.F.);
#2483=ORIENTED_EDGE('',*,*,#2990,.T.);
#2484=ORIENTED_EDGE('',*,*,#3093,.T.);
#2485=ORIENTED_EDGE('',*,*,#2989,.T.);
#2486=ORIENTED_EDGE('',*,*,#3094,.T.);
#2487=ORIENTED_EDGE('',*,*,#2950,.F.);
#2488=ORIENTED_EDGE('',*,*,#3094,.F.);
#2489=ORIENTED_EDGE('',*,*,#2988,.T.);
#2490=ORIENTED_EDGE('',*,*,#3095,.F.);
#2491=ORIENTED_EDGE('',*,*,#2951,.F.);
#2492=ORIENTED_EDGE('',*,*,#3095,.T.);
#2493=ORIENTED_EDGE('',*,*,#2987,.T.);
#2494=ORIENTED_EDGE('',*,*,#3096,.T.);
#2495=ORIENTED_EDGE('',*,*,#2952,.F.);
#2496=ORIENTED_EDGE('',*,*,#3096,.F.);
#2497=ORIENTED_EDGE('',*,*,#2986,.T.);
#2498=ORIENTED_EDGE('',*,*,#2979,.T.);
#2499=ORIENTED_EDGE('',*,*,#2953,.F.);
#2500=ORIENTED_EDGE('',*,*,#3097,.T.);
#2501=ORIENTED_EDGE('',*,*,#3098,.T.);
#2502=ORIENTED_EDGE('',*,*,#3099,.F.);
#2503=ORIENTED_EDGE('',*,*,#2981,.T.);
#2504=ORIENTED_EDGE('',*,*,#3099,.T.);
#2505=ORIENTED_EDGE('',*,*,#3100,.T.);
#2506=ORIENTED_EDGE('',*,*,#3101,.F.);
#2507=ORIENTED_EDGE('',*,*,#2982,.F.);
#2508=ORIENTED_EDGE('',*,*,#3101,.T.);
#2509=ORIENTED_EDGE('',*,*,#3102,.T.);
#2510=ORIENTED_EDGE('',*,*,#3103,.F.);
#2511=ORIENTED_EDGE('',*,*,#2983,.T.);
#2512=ORIENTED_EDGE('',*,*,#3103,.T.);
#2513=ORIENTED_EDGE('',*,*,#3104,.T.);
#2514=ORIENTED_EDGE('',*,*,#3014,.F.);
#2515=ORIENTED_EDGE('',*,*,#3012,.T.);
#2516=ORIENTED_EDGE('',*,*,#2984,.F.);
#2517=ORIENTED_EDGE('',*,*,#3090,.T.);
#2518=ORIENTED_EDGE('',*,*,#3105,.T.);
#2519=ORIENTED_EDGE('',*,*,#3106,.F.);
#2520=ORIENTED_EDGE('',*,*,#2993,.T.);
#2521=ORIENTED_EDGE('',*,*,#3107,.F.);
#2522=ORIENTED_EDGE('',*,*,#2994,.T.);
#2523=ORIENTED_EDGE('',*,*,#3106,.T.);
#2524=ORIENTED_EDGE('',*,*,#3108,.F.);
#2525=ORIENTED_EDGE('',*,*,#3109,.F.);
#2526=ORIENTED_EDGE('',*,*,#3110,.F.);
#2527=ORIENTED_EDGE('',*,*,#2995,.T.);
#2528=ORIENTED_EDGE('',*,*,#3107,.T.);
#2529=ORIENTED_EDGE('',*,*,#3111,.T.);
#2530=ORIENTED_EDGE('',*,*,#3110,.T.);
#2531=ORIENTED_EDGE('',*,*,#3112,.F.);
#2532=ORIENTED_EDGE('',*,*,#3113,.F.);
#2533=ORIENTED_EDGE('',*,*,#2996,.T.);
#2534=ORIENTED_EDGE('',*,*,#3114,.F.);
#2535=ORIENTED_EDGE('',*,*,#2997,.T.);
#2536=ORIENTED_EDGE('',*,*,#3113,.T.);
#2537=ORIENTED_EDGE('',*,*,#3115,.T.);
#2538=ORIENTED_EDGE('',*,*,#3114,.T.);
#2539=ORIENTED_EDGE('',*,*,#3116,.F.);
#2540=ORIENTED_EDGE('',*,*,#3117,.F.);
#2541=ORIENTED_EDGE('',*,*,#3118,.T.);
#2542=ORIENTED_EDGE('',*,*,#2998,.T.);
#2543=ORIENTED_EDGE('',*,*,#3086,.T.);
#2544=ORIENTED_EDGE('',*,*,#2999,.T.);
#2545=ORIENTED_EDGE('',*,*,#3118,.F.);
#2546=ORIENTED_EDGE('',*,*,#3119,.T.);
#2547=ORIENTED_EDGE('',*,*,#3097,.F.);
#2548=ORIENTED_EDGE('',*,*,#3009,.F.);
#2549=ORIENTED_EDGE('',*,*,#3022,.T.);
#2550=ORIENTED_EDGE('',*,*,#3021,.F.);
#2551=ORIENTED_EDGE('',*,*,#3120,.T.);
#2552=ORIENTED_EDGE('',*,*,#3121,.T.);
#2553=ORIENTED_EDGE('',*,*,#3010,.F.);
#2554=ORIENTED_EDGE('',*,*,#3122,.T.);
#2555=ORIENTED_EDGE('',*,*,#3011,.F.);
#2556=ORIENTED_EDGE('',*,*,#3098,.F.);
#2557=ORIENTED_EDGE('',*,*,#3120,.F.);
#2558=ORIENTED_EDGE('',*,*,#3020,.T.);
#2559=ORIENTED_EDGE('',*,*,#3123,.T.);
#2560=ORIENTED_EDGE('',*,*,#3124,.T.);
#2561=ORIENTED_EDGE('',*,*,#3015,.T.);
#2562=ORIENTED_EDGE('',*,*,#3104,.F.);
#2563=ORIENTED_EDGE('',*,*,#3102,.F.);
#2564=ORIENTED_EDGE('',*,*,#3100,.F.);
#2565=ORIENTED_EDGE('',*,*,#3124,.F.);
#2566=ORIENTED_EDGE('',*,*,#3123,.F.);
#2567=ORIENTED_EDGE('',*,*,#3017,.T.);
#2568=ORIENTED_EDGE('',*,*,#3125,.F.);
#2569=ORIENTED_EDGE('',*,*,#3028,.F.);
#2570=ORIENTED_EDGE('',*,*,#3126,.T.);
#2571=ORIENTED_EDGE('',*,*,#3034,.F.);
#2572=ORIENTED_EDGE('',*,*,#3127,.T.);
#2573=ORIENTED_EDGE('',*,*,#3044,.F.);
#2574=ORIENTED_EDGE('',*,*,#3128,.F.);
#2575=ORIENTED_EDGE('',*,*,#3050,.F.);
#2576=ORIENTED_EDGE('',*,*,#3129,.F.);
#2577=ORIENTED_EDGE('',*,*,#3053,.T.);
#2578=ORIENTED_EDGE('',*,*,#3054,.T.);
#2579=ORIENTED_EDGE('',*,*,#3130,.T.);
#2580=ORIENTED_EDGE('',*,*,#3055,.T.);
#2581=ORIENTED_EDGE('',*,*,#3131,.T.);
#2582=ORIENTED_EDGE('',*,*,#3119,.F.);
#2583=ORIENTED_EDGE('',*,*,#3117,.T.);
#2584=ORIENTED_EDGE('',*,*,#3132,.F.);
#2585=ORIENTED_EDGE('',*,*,#3133,.F.);
#2586=ORIENTED_EDGE('',*,*,#3087,.T.);
#2587=ORIENTED_EDGE('',*,*,#3088,.T.);
#2588=ORIENTED_EDGE('',*,*,#3133,.T.);
#2589=ORIENTED_EDGE('',*,*,#3134,.F.);
#2590=ORIENTED_EDGE('',*,*,#3135,.F.);
#2591=ORIENTED_EDGE('',*,*,#3105,.F.);
#2592=ORIENTED_EDGE('',*,*,#3089,.T.);
#2593=ORIENTED_EDGE('',*,*,#3135,.T.);
#2594=ORIENTED_EDGE('',*,*,#3136,.F.);
#2595=ORIENTED_EDGE('',*,*,#3108,.T.);
#2596=ORIENTED_EDGE('',*,*,#3111,.F.);
#2597=ORIENTED_EDGE('',*,*,#3109,.T.);
#2598=ORIENTED_EDGE('',*,*,#3136,.T.);
#2599=ORIENTED_EDGE('',*,*,#3137,.T.);
#2600=ORIENTED_EDGE('',*,*,#3138,.T.);
#2601=ORIENTED_EDGE('',*,*,#3132,.T.);
#2602=ORIENTED_EDGE('',*,*,#3116,.T.);
#2603=ORIENTED_EDGE('',*,*,#3115,.F.);
#2604=ORIENTED_EDGE('',*,*,#3112,.T.);
#2605=ORIENTED_EDGE('',*,*,#3125,.T.);
#2606=ORIENTED_EDGE('',*,*,#3121,.F.);
#2607=ORIENTED_EDGE('',*,*,#3139,.T.);
#2608=ORIENTED_EDGE('',*,*,#3122,.F.);
#2609=ORIENTED_EDGE('',*,*,#3126,.F.);
#2610=ORIENTED_EDGE('',*,*,#3127,.F.);
#2611=ORIENTED_EDGE('',*,*,#3128,.T.);
#2612=ORIENTED_EDGE('',*,*,#3129,.T.);
#2613=ORIENTED_EDGE('',*,*,#3130,.F.);
#2614=ORIENTED_EDGE('',*,*,#3140,.F.);
#2615=ORIENTED_EDGE('',*,*,#3131,.F.);
#2616=ORIENTED_EDGE('',*,*,#3141,.F.);
#2617=ORIENTED_EDGE('',*,*,#3137,.F.);
#2618=ORIENTED_EDGE('',*,*,#3134,.T.);
#2619=ORIENTED_EDGE('',*,*,#3138,.F.);
#2620=ORIENTED_EDGE('',*,*,#3139,.F.);
#2621=ORIENTED_EDGE('',*,*,#3140,.T.);
#2622=ORIENTED_EDGE('',*,*,#3141,.T.);
#2623=ORIENTED_EDGE('',*,*,#3142,.T.);
#2624=ORIENTED_EDGE('',*,*,#3143,.T.);
#2625=ORIENTED_EDGE('',*,*,#2739,.T.);
#2626=ORIENTED_EDGE('',*,*,#2760,.T.);
#2627=ORIENTED_EDGE('',*,*,#3144,.T.);
#2628=ORIENTED_EDGE('',*,*,#2761,.F.);
#2629=ORIENTED_EDGE('',*,*,#2737,.T.);
#2630=ORIENTED_EDGE('',*,*,#3145,.T.);
#2631=ORIENTED_EDGE('',*,*,#3146,.T.);
#2632=ORIENTED_EDGE('',*,*,#3145,.F.);
#2633=ORIENTED_EDGE('',*,*,#2736,.T.);
#2634=ORIENTED_EDGE('',*,*,#2752,.T.);
#2635=ORIENTED_EDGE('',*,*,#3147,.T.);
#2636=ORIENTED_EDGE('',*,*,#2758,.T.);
#2637=ORIENTED_EDGE('',*,*,#2705,.T.);
#2638=ORIENTED_EDGE('',*,*,#3143,.F.);
#2639=ORIENTED_EDGE('',*,*,#2695,.T.);
#2640=ORIENTED_EDGE('',*,*,#3148,.T.);
#2641=ORIENTED_EDGE('',*,*,#3144,.F.);
#2642=ORIENTED_EDGE('',*,*,#3149,.F.);
#2643=ORIENTED_EDGE('',*,*,#2704,.F.);
#2644=ORIENTED_EDGE('',*,*,#3150,.T.);
#2645=ORIENTED_EDGE('',*,*,#2759,.T.);
#2646=ORIENTED_EDGE('',*,*,#3148,.F.);
#2647=ORIENTED_EDGE('',*,*,#2703,.T.);
#2648=ORIENTED_EDGE('',*,*,#3151,.T.);
#2649=ORIENTED_EDGE('',*,*,#3142,.F.);
#2650=ORIENTED_EDGE('',*,*,#3150,.F.);
#2651=ORIENTED_EDGE('',*,*,#2702,.T.);
#2652=ORIENTED_EDGE('',*,*,#3152,.T.);
#2653=ORIENTED_EDGE('',*,*,#3147,.F.);
#2654=ORIENTED_EDGE('',*,*,#3151,.F.);
#2655=ORIENTED_EDGE('',*,*,#2743,.F.);
#2656=ORIENTED_EDGE('',*,*,#3152,.F.);
#2657=ORIENTED_EDGE('',*,*,#2701,.T.);
#2658=ORIENTED_EDGE('',*,*,#3153,.T.);
#2659=ORIENTED_EDGE('',*,*,#2744,.F.);
#2660=ORIENTED_EDGE('',*,*,#3153,.F.);
#2661=ORIENTED_EDGE('',*,*,#2787,.T.);
#2662=ORIENTED_EDGE('',*,*,#3154,.T.);
#2663=ORIENTED_EDGE('',*,*,#2745,.F.);
#2664=ORIENTED_EDGE('',*,*,#3154,.F.);
#2665=ORIENTED_EDGE('',*,*,#2921,.T.);
#2666=ORIENTED_EDGE('',*,*,#3155,.T.);
#2667=ORIENTED_EDGE('',*,*,#2746,.F.);
#2668=ORIENTED_EDGE('',*,*,#3155,.F.);
#2669=ORIENTED_EDGE('',*,*,#2923,.T.);
#2670=ORIENTED_EDGE('',*,*,#3156,.T.);
#2671=ORIENTED_EDGE('',*,*,#2747,.F.);
#2672=ORIENTED_EDGE('',*,*,#3156,.F.);
#2673=ORIENTED_EDGE('',*,*,#2925,.T.);
#2674=ORIENTED_EDGE('',*,*,#3157,.T.);
#2675=ORIENTED_EDGE('',*,*,#2748,.F.);
#2676=ORIENTED_EDGE('',*,*,#3157,.F.);
#2677=ORIENTED_EDGE('',*,*,#2927,.T.);
#2678=ORIENTED_EDGE('',*,*,#3158,.T.);
#2679=ORIENTED_EDGE('',*,*,#2749,.F.);
#2680=ORIENTED_EDGE('',*,*,#3158,.F.);
#2681=ORIENTED_EDGE('',*,*,#2929,.T.);
#2682=ORIENTED_EDGE('',*,*,#3159,.T.);
#2683=ORIENTED_EDGE('',*,*,#2750,.F.);
#2684=ORIENTED_EDGE('',*,*,#3159,.F.);
#2685=ORIENTED_EDGE('',*,*,#2789,.T.);
#2686=ORIENTED_EDGE('',*,*,#3160,.T.);
#2687=ORIENTED_EDGE('',*,*,#2751,.F.);
#2688=ORIENTED_EDGE('',*,*,#3160,.F.);
#2689=ORIENTED_EDGE('',*,*,#2697,.T.);
#2690=ORIENTED_EDGE('',*,*,#3161,.T.);
#2691=ORIENTED_EDGE('',*,*,#2696,.T.);
#2692=ORIENTED_EDGE('',*,*,#3149,.T.);
#2693=ORIENTED_EDGE('',*,*,#3146,.F.);
#2694=ORIENTED_EDGE('',*,*,#3161,.F.);
#2695=EDGE_CURVE('',#3162,#3163,#3164,.F.);
#2696=EDGE_CURVE('',#3165,#3162,#3166,.F.);
#2697=EDGE_CURVE('',#3167,#3165,#3168,.T.);
#2698=EDGE_CURVE('',#3167,#3169,#3170,.T.);
#2699=EDGE_CURVE('',#3171,#3169,#3172,.F.);
#2700=EDGE_CURVE('',#3173,#3171,#3174,.T.);
#2701=EDGE_CURVE('',#3175,#3173,#3176,.T.);
#2702=EDGE_CURVE('',#3177,#3175,#3178,.F.);
#2703=EDGE_CURVE('',#3179,#3177,#3180,.F.);
#2704=EDGE_CURVE('',#3179,#3163,#3181,.F.);
#2705=EDGE_CURVE('',#3182,#3183,#3184,.F.);
#2706=EDGE_CURVE('',#3182,#3185,#3186,.T.);
#2707=EDGE_CURVE('',#3185,#3187,#3188,.F.);
#2708=EDGE_CURVE('',#3187,#3189,#3190,.T.);
#2709=EDGE_CURVE('',#3191,#3189,#3192,.T.);
#2710=EDGE_CURVE('',#3191,#3193,#3194,.T.);
#2711=EDGE_CURVE('',#3195,#3193,#3196,.F.);
#2712=EDGE_CURVE('',#3197,#3195,#3198,.F.);
#2713=EDGE_CURVE('',#3199,#3197,#3200,.T.);
#2714=EDGE_CURVE('',#3201,#3199,#3202,.F.);
#2715=EDGE_CURVE('',#3203,#3201,#3204,.F.);
#2716=EDGE_CURVE('',#3203,#3205,#3206,.T.);
#2717=EDGE_CURVE('',#3207,#3205,#3208,.T.);
#2718=EDGE_CURVE('',#3207,#3209,#3210,.T.);
#2719=EDGE_CURVE('',#3209,#3211,#3212,.F.);
#2720=EDGE_CURVE('',#3211,#3213,#3214,.T.);
#2721=EDGE_CURVE('',#3213,#3215,#3216,.F.);
#2722=EDGE_CURVE('',#3215,#3217,#3218,.T.);
#2723=EDGE_CURVE('',#3219,#3217,#3220,.T.);
#2724=EDGE_CURVE('',#3219,#3221,#3222,.T.);
#2725=EDGE_CURVE('',#3223,#3221,#3224,.T.);
#2726=EDGE_CURVE('',#3223,#3225,#3226,.T.);
#2727=EDGE_CURVE('',#3225,#3227,#3228,.F.);
#2728=EDGE_CURVE('',#3229,#3227,#3230,.F.);
#2729=EDGE_CURVE('',#3231,#3229,#3232,.T.);
#2730=EDGE_CURVE('',#3233,#3231,#3234,.F.);
#2731=EDGE_CURVE('',#3235,#3233,#3236,.T.);
#2732=EDGE_CURVE('',#3237,#3235,#3238,.F.);
#2733=EDGE_CURVE('',#3239,#3237,#3240,.T.);
#2734=EDGE_CURVE('',#3241,#3239,#3242,.F.);
#2735=EDGE_CURVE('',#3241,#3243,#3244,.T.);
#2736=EDGE_CURVE('',#3245,#3243,#3246,.F.);
#2737=EDGE_CURVE('',#3247,#3245,#3248,.F.);
#2738=EDGE_CURVE('',#3249,#3247,#3250,.T.);
#2739=EDGE_CURVE('',#3183,#3249,#3251,.F.);
#2740=EDGE_CURVE('',#3252,#3252,#3253,.T.);
#2741=EDGE_CURVE('',#3254,#3254,#3255,.T.);
#2742=EDGE_CURVE('',#3256,#3256,#3257,.T.);
#2743=EDGE_CURVE('',#3258,#3259,#3260,.T.);
#2744=EDGE_CURVE('',#3259,#3261,#3262,.T.);
#2745=EDGE_CURVE('',#3261,#3263,#3264,.T.);
#2746=EDGE_CURVE('',#3263,#3265,#3266,.T.);
#2747=EDGE_CURVE('',#3265,#3267,#3268,.T.);
#2748=EDGE_CURVE('',#3267,#3269,#3270,.T.);
#2749=EDGE_CURVE('',#3269,#3271,#3272,.T.);
#2750=EDGE_CURVE('',#3271,#3273,#3274,.T.);
#2751=EDGE_CURVE('',#3273,#3275,#3276,.T.);
#2752=EDGE_CURVE('',#3243,#3275,#3277,.F.);
#2753=EDGE_CURVE('',#3278,#3241,#3279,.F.);
#2754=EDGE_CURVE('',#3278,#3280,#3281,.T.);
#2755=EDGE_CURVE('',#3280,#3282,#3283,.T.);
#2756=EDGE_CURVE('',#3284,#3282,#3285,.T.);
#2757=EDGE_CURVE('',#3185,#3284,#3286,.T.);
#2758=EDGE_CURVE('',#3258,#3182,#3287,.F.);
#2759=EDGE_CURVE('',#3288,#3289,#3290,.F.);
#2760=EDGE_CURVE('',#3249,#3288,#3291,.T.);
#2761=EDGE_CURVE('',#3247,#3289,#3292,.T.);
#2762=EDGE_CURVE('',#3293,#3294,#3295,.F.);
#2763=EDGE_CURVE('',#3293,#3296,#3297,.F.);
#2764=EDGE_CURVE('',#3296,#3298,#3299,.T.);
#2765=EDGE_CURVE('',#3298,#3300,#3301,.F.);
#2766=EDGE_CURVE('',#3302,#3300,#3303,.F.);
#2767=EDGE_CURVE('',#3302,#3304,#3305,.F.);
#2768=EDGE_CURVE('',#3306,#3304,#3307,.T.);
#2769=EDGE_CURVE('',#3308,#3306,#3309,.T.);
#2770=EDGE_CURVE('',#3308,#3310,#3311,.T.);
#2771=EDGE_CURVE('',#3312,#3310,#3313,.F.);
#2772=EDGE_CURVE('',#3314,#3312,#3315,.F.);
#2773=EDGE_CURVE('',#3316,#3314,#3317,.F.);
#2774=EDGE_CURVE('',#3318,#3316,#3319,.F.);
#2775=EDGE_CURVE('',#3320,#3318,#3321,.F.);
#2776=EDGE_CURVE('',#3320,#3322,#3323,.T.);
#2777=EDGE_CURVE('',#3322,#3324,#3325,.T.);
#2778=EDGE_CURVE('',#3326,#3324,#3327,.T.);
#2779=EDGE_CURVE('',#3326,#3294,#3328,.F.);
#2780=EDGE_CURVE('',#3329,#3171,#3330,.F.);
#2781=EDGE_CURVE('',#3169,#3331,#3332,.F.);
#2782=EDGE_CURVE('',#3331,#3333,#3334,.F.);
#2783=EDGE_CURVE('',#3333,#3335,#3336,.F.);
#2784=EDGE_CURVE('',#3335,#3337,#3338,.F.);
#2785=EDGE_CURVE('',#3337,#3339,#3340,.F.);
#2786=EDGE_CURVE('',#3339,#3329,#3341,.F.);
#2787=EDGE_CURVE('',#3173,#3342,#3343,.T.);
#2788=EDGE_CURVE('',#3342,#3329,#3344,.T.);
#2789=EDGE_CURVE('',#3345,#3167,#3346,.T.);
#2790=EDGE_CURVE('',#3345,#3331,#3347,.T.);
#2791=EDGE_CURVE('',#3348,#3284,#3349,.T.);
#2792=EDGE_CURVE('',#3187,#3348,#3350,.T.);
#2793=EDGE_CURVE('',#3189,#3351,#3352,.T.);
#2794=EDGE_CURVE('',#3353,#3348,#3354,.T.);
#2795=EDGE_CURVE('',#3355,#3353,#3356,.T.);
#2796=EDGE_CURVE('',#3355,#3351,#3357,.T.);
#2797=EDGE_CURVE('',#3358,#3351,#3359,.T.);
#2798=EDGE_CURVE('',#3358,#3191,#3360,.F.);
#2799=EDGE_CURVE('',#3361,#3203,#3362,.F.);
#2800=EDGE_CURVE('',#3361,#3363,#3364,.T.);
#2801=EDGE_CURVE('',#3193,#3363,#3365,.F.);
#2802=EDGE_CURVE('',#3358,#3366,#3367,.T.);
#2803=EDGE_CURVE('',#3366,#3368,#3369,.T.);
#2804=EDGE_CURVE('',#3370,#3368,#3371,.T.);
#2805=EDGE_CURVE('',#3372,#3370,#3373,.T.);
#2806=EDGE_CURVE('',#3372,#3374,#3375,.T.);
#2807=EDGE_CURVE('',#3205,#3374,#3376,.T.);
#2808=EDGE_CURVE('',#3195,#3377,#3378,.T.);
#2809=EDGE_CURVE('',#3363,#3377,#3379,.F.);
#2810=EDGE_CURVE('',#3197,#3380,#3381,.T.);
#2811=EDGE_CURVE('',#3377,#3380,#3382,.F.);
#2812=EDGE_CURVE('',#3199,#3383,#3384,.T.);
#2813=EDGE_CURVE('',#3383,#3380,#3385,.T.);
#2814=EDGE_CURVE('',#3386,#3387,#3388,.T.);
#2815=EDGE_CURVE('',#3387,#3386,#3389,.F.);
#2816=EDGE_CURVE('',#3201,#3390,#3391,.T.);
#2817=EDGE_CURVE('',#3383,#3390,#3392,.F.);
#2818=EDGE_CURVE('',#3390,#3361,#3393,.F.);
#2819=EDGE_CURVE('',#3394,#3374,#3395,.T.);
#2820=EDGE_CURVE('',#3394,#3207,#3396,.F.);
#2821=EDGE_CURVE('',#3394,#3397,#3398,.T.);
#2822=EDGE_CURVE('',#3397,#3399,#3400,.T.);
#2823=EDGE_CURVE('',#3401,#3399,#3402,.T.);
#2824=EDGE_CURVE('',#3209,#3401,#3403,.T.);
#2825=EDGE_CURVE('',#3404,#3401,#3405,.T.);
#2826=EDGE_CURVE('',#3211,#3404,#3406,.T.);
#2827=EDGE_CURVE('',#3407,#3404,#3408,.T.);
#2828=EDGE_CURVE('',#3213,#3407,#3409,.T.);
#2829=EDGE_CURVE('',#3410,#3407,#3411,.T.);
#2830=EDGE_CURVE('',#3215,#3410,#3412,.T.);
#2831=EDGE_CURVE('',#3217,#3413,#3414,.T.);
#2832=EDGE_CURVE('',#3415,#3410,#3416,.T.);
#2833=EDGE_CURVE('',#3417,#3415,#3418,.T.);
#2834=EDGE_CURVE('',#3417,#3413,#3419,.T.);
#2835=EDGE_CURVE('',#3420,#3413,#3421,.T.);
#2836=EDGE_CURVE('',#3420,#3219,#3422,.F.);
#2837=EDGE_CURVE('',#3420,#3423,#3424,.T.);
#2838=EDGE_CURVE('',#3423,#3425,#3426,.T.);
#2839=EDGE_CURVE('',#3427,#3425,#3428,.T.);
#2840=EDGE_CURVE('',#3429,#3427,#3430,.T.);
#2841=EDGE_CURVE('',#3429,#3431,#3432,.T.);
#2842=EDGE_CURVE('',#3221,#3431,#3433,.T.);
#2843=EDGE_CURVE('',#3434,#3431,#3435,.T.);
#2844=EDGE_CURVE('',#3434,#3223,#3436,.F.);
#2845=EDGE_CURVE('',#3434,#3437,#3438,.T.);
#2846=EDGE_CURVE('',#3437,#3439,#3440,.T.);
#2847=EDGE_CURVE('',#3441,#3439,#3442,.T.);
#2848=EDGE_CURVE('',#3225,#3441,#3443,.T.);
#2849=EDGE_CURVE('',#3227,#3444,#3445,.F.);
#2850=EDGE_CURVE('',#3446,#3441,#3447,.T.);
#2851=EDGE_CURVE('',#3448,#3446,#3449,.T.);
#2852=EDGE_CURVE('',#3448,#3444,#3450,.T.);
#2853=EDGE_CURVE('',#3444,#3451,#3452,.F.);
#2854=EDGE_CURVE('',#3229,#3451,#3453,.F.);
#2855=EDGE_CURVE('',#3231,#3454,#3455,.T.);
#2856=EDGE_CURVE('',#3454,#3451,#3456,.T.);
#2857=EDGE_CURVE('',#3233,#3457,#3458,.T.);
#2858=EDGE_CURVE('',#3454,#3457,#3459,.F.);
#2859=EDGE_CURVE('',#3460,#3457,#3461,.T.);
#2860=EDGE_CURVE('',#3462,#3460,#3463,.T.);
#2861=EDGE_CURVE('',#3462,#3464,#3465,.T.);
#2862=EDGE_CURVE('',#3466,#3464,#3467,.T.);
#2863=EDGE_CURVE('',#3466,#3468,#3469,.F.);
#2864=EDGE_CURVE('',#3470,#3468,#3471,.T.);
#2865=EDGE_CURVE('',#3470,#3472,#3473,.T.);
#2866=EDGE_CURVE('',#3472,#3474,#3475,.T.);
#2867=EDGE_CURVE('',#3476,#3474,#3477,.T.);
#2868=EDGE_CURVE('',#3235,#3476,#3478,.T.);
#2869=EDGE_CURVE('',#3237,#3479,#3480,.T.);
#2870=EDGE_CURVE('',#3476,#3479,#3481,.F.);
#2871=EDGE_CURVE('',#3482,#3479,#3483,.T.);
#2872=EDGE_CURVE('',#3482,#3239,#3484,.F.);
#2873=EDGE_CURVE('',#3482,#3278,#3485,.F.);
#2874=EDGE_CURVE('',#3486,#3486,#3487,.T.);
#2875=EDGE_CURVE('',#3488,#3488,#3489,.T.);
#2876=EDGE_CURVE('',#3490,#3490,#3491,.T.);
#2877=EDGE_CURVE('',#3474,#3280,#3492,.T.);
#2878=EDGE_CURVE('',#3493,#3326,#3494,.T.);
#2879=EDGE_CURVE('',#3493,#3495,#3496,.T.);
#2880=EDGE_CURVE('',#3282,#3495,#3497,.T.);
#2881=EDGE_CURVE('',#3472,#3294,#3498,.T.);
#2882=EDGE_CURVE('',#3495,#3499,#3500,.T.);
#2883=EDGE_CURVE('',#3499,#3501,#3502,.T.);
#2884=EDGE_CURVE('',#3501,#3503,#3504,.T.);
#2885=EDGE_CURVE('',#3503,#3505,#3506,.T.);
#2886=EDGE_CURVE('',#3505,#3507,#3508,.T.);
#2887=EDGE_CURVE('',#3507,#3509,#3510,.T.);
#2888=EDGE_CURVE('',#3509,#3511,#3512,.T.);
#2889=EDGE_CURVE('',#3511,#3513,#3514,.T.);
#2890=EDGE_CURVE('',#3513,#3515,#3516,.T.);
#2891=EDGE_CURVE('',#3515,#3517,#3518,.T.);
#2892=EDGE_CURVE('',#3517,#3519,#3520,.T.);
#2893=EDGE_CURVE('',#3519,#3521,#3522,.T.);
#2894=EDGE_CURVE('',#3521,#3523,#3524,.T.);
#2895=EDGE_CURVE('',#3523,#3525,#3526,.T.);
#2896=EDGE_CURVE('',#3525,#3527,#3528,.T.);
#2897=EDGE_CURVE('',#3527,#3529,#3530,.T.);
#2898=EDGE_CURVE('',#3529,#3531,#3532,.T.);
#2899=EDGE_CURVE('',#3531,#3533,#3534,.T.);
#2900=EDGE_CURVE('',#3533,#3535,#3536,.T.);
#2901=EDGE_CURVE('',#3535,#3537,#3538,.T.);
#2902=EDGE_CURVE('',#3537,#3539,#3540,.T.);
#2903=EDGE_CURVE('',#3539,#3541,#3542,.T.);
#2904=EDGE_CURVE('',#3541,#3543,#3544,.T.);
#2905=EDGE_CURVE('',#3543,#3545,#3546,.T.);
#2906=EDGE_CURVE('',#3545,#3547,#3548,.T.);
#2907=EDGE_CURVE('',#3547,#3549,#3550,.T.);
#2908=EDGE_CURVE('',#3549,#3446,#3551,.T.);
#2909=EDGE_CURVE('',#3439,#3552,#3553,.T.);
#2910=EDGE_CURVE('',#3552,#3554,#3555,.T.);
#2911=EDGE_CURVE('',#3554,#3427,#3556,.T.);
#2912=EDGE_CURVE('',#3425,#3557,#3558,.T.);
#2913=EDGE_CURVE('',#3557,#3559,#3560,.T.);
#2914=EDGE_CURVE('',#3559,#3415,#3561,.T.);
#2915=EDGE_CURVE('',#3399,#3562,#3563,.T.);
#2916=EDGE_CURVE('',#3562,#3564,#3565,.T.);
#2917=EDGE_CURVE('',#3564,#3370,#3566,.T.);
#2918=EDGE_CURVE('',#3368,#3567,#3568,.T.);
#2919=EDGE_CURVE('',#3567,#3569,#3570,.T.);
#2920=EDGE_CURVE('',#3569,#3353,#3571,.T.);
#2921=EDGE_CURVE('',#3342,#3572,#3573,.T.);
#2922=EDGE_CURVE('',#3572,#3339,#3574,.T.);
#2923=EDGE_CURVE('',#3572,#3575,#3576,.T.);
#2924=EDGE_CURVE('',#3575,#3337,#3577,.T.);
#2925=EDGE_CURVE('',#3575,#3578,#3579,.T.);
#2926=EDGE_CURVE('',#3578,#3335,#3580,.T.);
#2927=EDGE_CURVE('',#3578,#3581,#3582,.T.);
#2928=EDGE_CURVE('',#3581,#3333,#3583,.T.);
#2929=EDGE_CURVE('',#3581,#3345,#3584,.T.);
#2930=EDGE_CURVE('',#3470,#3293,#3585,.T.);
#2931=EDGE_CURVE('',#3468,#3296,#3586,.F.);
#2932=EDGE_CURVE('',#3298,#3466,#3587,.T.);
#2933=EDGE_CURVE('',#3300,#3464,#3588,.T.);
#2934=EDGE_CURVE('',#3302,#3462,#3589,.T.);
#2935=EDGE_CURVE('',#3590,#3460,#3591,.T.);
#2936=EDGE_CURVE('',#3590,#3549,#3592,.T.);
#2937=EDGE_CURVE('',#3593,#3547,#3594,.T.);
#2938=EDGE_CURVE('',#3304,#3593,#3595,.T.);
#2939=EDGE_CURVE('',#3493,#3596,#3597,.T.);
#2940=EDGE_CURVE('',#3598,#3324,#3599,.F.);
#2941=EDGE_CURVE('',#3598,#3600,#3601,.T.);
#2942=EDGE_CURVE('',#3600,#3602,#3603,.T.);
#2943=EDGE_CURVE('',#3602,#3604,#3605,.T.);
#2944=EDGE_CURVE('',#3604,#3606,#3607,.T.);
#2945=EDGE_CURVE('',#3606,#3608,#3609,.T.);
#2946=EDGE_CURVE('',#3610,#3608,#3611,.F.);
#2947=EDGE_CURVE('',#3610,#3612,#3613,.T.);
#2948=EDGE_CURVE('',#3614,#3612,#3615,.F.);
#2949=EDGE_CURVE('',#3614,#3616,#3617,.T.);
#2950=EDGE_CURVE('',#3616,#3618,#3619,.T.);
#2951=EDGE_CURVE('',#3618,#3620,#3621,.T.);
#2952=EDGE_CURVE('',#3620,#3622,#3623,.T.);
#2953=EDGE_CURVE('',#3622,#3624,#3625,.T.);
#2954=EDGE_CURVE('',#3306,#3624,#3626,.F.);
#2955=EDGE_CURVE('',#3627,#3593,#3628,.T.);
#2956=EDGE_CURVE('',#3629,#3627,#3630,.T.);
#2957=EDGE_CURVE('',#3631,#3629,#3632,.T.);
#2958=EDGE_CURVE('',#3633,#3631,#3634,.T.);
#2959=EDGE_CURVE('',#3635,#3633,#3636,.T.);
#2960=EDGE_CURVE('',#3637,#3635,#3638,.T.);
#2961=EDGE_CURVE('',#3639,#3637,#3640,.T.);
#2962=EDGE_CURVE('',#3641,#3639,#3642,.T.);
#2963=EDGE_CURVE('',#3643,#3641,#3644,.T.);
#2964=EDGE_CURVE('',#3645,#3643,#3646,.T.);
#2965=EDGE_CURVE('',#3647,#3645,#3648,.T.);
#2966=EDGE_CURVE('',#3649,#3647,#3650,.T.);
#2967=EDGE_CURVE('',#3651,#3649,#3652,.T.);
#2968=EDGE_CURVE('',#3653,#3651,#3654,.T.);
#2969=EDGE_CURVE('',#3655,#3653,#3656,.T.);
#2970=EDGE_CURVE('',#3657,#3655,#3658,.T.);
#2971=EDGE_CURVE('',#3659,#3657,#3660,.T.);
#2972=EDGE_CURVE('',#3661,#3659,#3662,.T.);
#2973=EDGE_CURVE('',#3663,#3661,#3664,.T.);
#2974=EDGE_CURVE('',#3665,#3663,#3666,.T.);
#2975=EDGE_CURVE('',#3667,#3665,#3668,.T.);
#2976=EDGE_CURVE('',#3669,#3667,#3670,.T.);
#2977=EDGE_CURVE('',#3671,#3669,#3672,.T.);
#2978=EDGE_CURVE('',#3596,#3671,#3673,.T.);
#2979=EDGE_CURVE('',#3674,#3624,#3675,.T.);
#2980=EDGE_CURVE('',#3674,#3308,#3676,.F.);
#2981=EDGE_CURVE('',#3677,#3678,#3679,.F.);
#2982=EDGE_CURVE('',#3677,#3680,#3681,.T.);
#2983=EDGE_CURVE('',#3682,#3680,#3683,.F.);
#2984=EDGE_CURVE('',#3682,#3684,#3685,.T.);
#2985=EDGE_CURVE('',#3310,#3684,#3686,.F.);
#2986=EDGE_CURVE('',#3687,#3674,#3688,.T.);
#2987=EDGE_CURVE('',#3689,#3687,#3690,.T.);
#2988=EDGE_CURVE('',#3691,#3689,#3692,.T.);
#2989=EDGE_CURVE('',#3693,#3691,#3694,.T.);
#2990=EDGE_CURVE('',#3695,#3693,#3696,.T.);
#2991=EDGE_CURVE('',#3697,#3695,#3698,.F.);
#2992=EDGE_CURVE('',#3699,#3697,#3700,.T.);
#2993=EDGE_CURVE('',#3701,#3699,#3702,.F.);
#2994=EDGE_CURVE('',#3703,#3701,#3704,.T.);
#2995=EDGE_CURVE('',#3705,#3703,#3706,.F.);
#2996=EDGE_CURVE('',#3707,#3705,#3708,.T.);
#2997=EDGE_CURVE('',#3709,#3707,#3710,.F.);
#2998=EDGE_CURVE('',#3711,#3709,#3712,.T.);
#2999=EDGE_CURVE('',#3713,#3711,#3714,.F.);
#3000=EDGE_CURVE('',#3715,#3713,#3716,.T.);
#3001=EDGE_CURVE('',#3717,#3715,#3718,.F.);
#3002=EDGE_CURVE('',#3719,#3717,#3720,.T.);
#3003=EDGE_CURVE('',#3721,#3719,#3722,.T.);
#3004=EDGE_CURVE('',#3723,#3721,#3724,.T.);
#3005=EDGE_CURVE('',#3725,#3723,#3726,.T.);
#3006=EDGE_CURVE('',#3727,#3725,#3728,.T.);
#3007=EDGE_CURVE('',#3322,#3727,#3729,.F.);
#3008=EDGE_CURVE('',#3730,#3320,#3731,.F.);
#3009=EDGE_CURVE('',#3730,#3678,#3732,.T.);
#3010=EDGE_CURVE('',#3733,#3733,#3734,.T.);
#3011=EDGE_CURVE('',#3735,#3735,#3736,.T.);
#3012=EDGE_CURVE('',#3737,#3684,#3738,.F.);
#3013=EDGE_CURVE('',#3737,#3312,#3739,.T.);
#3014=EDGE_CURVE('',#3737,#3740,#3741,.F.);
#3015=EDGE_CURVE('',#3742,#3740,#3743,.F.);
#3016=EDGE_CURVE('',#3314,#3742,#3744,.T.);
#3017=EDGE_CURVE('',#3745,#3742,#3746,.F.);
#3018=EDGE_CURVE('',#3316,#3745,#3747,.T.);
#3019=EDGE_CURVE('',#3318,#3748,#3749,.F.);
#3020=EDGE_CURVE('',#3750,#3745,#3751,.F.);
#3021=EDGE_CURVE('',#3750,#3748,#3752,.T.);
#3022=EDGE_CURVE('',#3730,#3748,#3753,.F.);
#3023=EDGE_CURVE('',#3727,#3598,#3754,.T.);
#3024=EDGE_CURVE('',#3755,#3355,#3756,.T.);
#3025=EDGE_CURVE('',#3755,#3569,#3757,.T.);
#3026=EDGE_CURVE('',#3758,#3755,#3759,.T.);
#3027=EDGE_CURVE('',#3366,#3758,#3760,.T.);
#3028=EDGE_CURVE('',#3761,#3761,#3762,.T.);
#3029=EDGE_CURVE('',#3758,#3567,#3763,.T.);
#3030=EDGE_CURVE('',#3764,#3372,#3765,.T.);
#3031=EDGE_CURVE('',#3764,#3564,#3766,.T.);
#3032=EDGE_CURVE('',#3767,#3764,#3768,.T.);
#3033=EDGE_CURVE('',#3397,#3767,#3769,.T.);
#3034=EDGE_CURVE('',#3770,#3770,#3771,.T.);
#3035=EDGE_CURVE('',#3772,#3773,#3774,.F.);
#3036=EDGE_CURVE('',#3387,#3772,#3775,.T.);
#3037=EDGE_CURVE('',#3386,#3773,#3776,.T.);
#3038=EDGE_CURVE('',#3773,#3772,#3777,.F.);
#3039=EDGE_CURVE('',#3767,#3562,#3778,.T.);
#3040=EDGE_CURVE('',#3779,#3417,#3780,.T.);
#3041=EDGE_CURVE('',#3779,#3559,#3781,.T.);
#3042=EDGE_CURVE('',#3782,#3779,#3783,.T.);
#3043=EDGE_CURVE('',#3423,#3782,#3784,.T.);
#3044=EDGE_CURVE('',#3785,#3785,#3786,.F.);
#3045=EDGE_CURVE('',#3782,#3557,#3787,.T.);
#3046=EDGE_CURVE('',#3788,#3429,#3789,.T.);
#3047=EDGE_CURVE('',#3788,#3554,#3790,.T.);
#3048=EDGE_CURVE('',#3791,#3788,#3792,.T.);
#3049=EDGE_CURVE('',#3437,#3791,#3793,.T.);
#3050=EDGE_CURVE('',#3794,#3794,#3795,.F.);
#3051=EDGE_CURVE('',#3791,#3552,#3796,.T.);
#3052=EDGE_CURVE('',#3590,#3448,#3797,.T.);
#3053=EDGE_CURVE('',#3798,#3798,#3799,.T.);
#3054=EDGE_CURVE('',#3800,#3800,#3801,.T.);
#3055=EDGE_CURVE('',#3802,#3802,#3803,.T.);
#3056=EDGE_CURVE('',#3596,#3499,#3804,.T.);
#3057=EDGE_CURVE('',#3671,#3501,#3805,.T.);
#3058=EDGE_CURVE('',#3669,#3503,#3806,.T.);
#3059=EDGE_CURVE('',#3667,#3505,#3807,.T.);
#3060=EDGE_CURVE('',#3665,#3507,#3808,.T.);
#3061=EDGE_CURVE('',#3663,#3509,#3809,.T.);
#3062=EDGE_CURVE('',#3661,#3511,#3810,.T.);
#3063=EDGE_CURVE('',#3659,#3513,#3811,.T.);
#3064=EDGE_CURVE('',#3657,#3515,#3812,.T.);
#3065=EDGE_CURVE('',#3655,#3517,#3813,.T.);
#3066=EDGE_CURVE('',#3653,#3519,#3814,.T.);
#3067=EDGE_CURVE('',#3651,#3521,#3815,.T.);
#3068=EDGE_CURVE('',#3649,#3523,#3816,.T.);
#3069=EDGE_CURVE('',#3647,#3525,#3817,.T.);
#3070=EDGE_CURVE('',#3645,#3527,#3818,.T.);
#3071=EDGE_CURVE('',#3643,#3529,#3819,.T.);
#3072=EDGE_CURVE('',#3641,#3531,#3820,.T.);
#3073=EDGE_CURVE('',#3639,#3533,#3821,.T.);
#3074=EDGE_CURVE('',#3637,#3535,#3822,.T.);
#3075=EDGE_CURVE('',#3635,#3537,#3823,.T.);
#3076=EDGE_CURVE('',#3633,#3539,#3824,.T.);
#3077=EDGE_CURVE('',#3631,#3541,#3825,.T.);
#3078=EDGE_CURVE('',#3629,#3543,#3826,.T.);
#3079=EDGE_CURVE('',#3627,#3545,#3827,.T.);
#3080=EDGE_CURVE('',#3600,#3725,#3828,.F.);
#3081=EDGE_CURVE('',#3723,#3602,#3829,.T.);
#3082=EDGE_CURVE('',#3604,#3721,#3830,.F.);
#3083=EDGE_CURVE('',#3719,#3606,#3831,.T.);
#3084=EDGE_CURVE('',#3717,#3608,#3832,.T.);
#3085=EDGE_CURVE('',#3715,#3610,#3833,.T.);
#3086=EDGE_CURVE('',#3834,#3713,#3835,.T.);
#3087=EDGE_CURVE('',#3836,#3834,#3837,.T.);
#3088=EDGE_CURVE('',#3838,#3836,#3839,.T.);
#3089=EDGE_CURVE('',#3840,#3838,#3841,.T.);
#3090=EDGE_CURVE('',#3699,#3840,#3842,.T.);
#3091=EDGE_CURVE('',#3697,#3612,#3843,.T.);
#3092=EDGE_CURVE('',#3695,#3614,#3844,.T.);
#3093=EDGE_CURVE('',#3616,#3693,#3845,.F.);
#3094=EDGE_CURVE('',#3691,#3618,#3846,.T.);
#3095=EDGE_CURVE('',#3620,#3689,#3847,.F.);
#3096=EDGE_CURVE('',#3687,#3622,#3848,.T.);
#3097=EDGE_CURVE('',#3678,#3849,#3850,.T.);
#3098=EDGE_CURVE('',#3849,#3851,#3852,.F.);
#3099=EDGE_CURVE('',#3677,#3851,#3853,.T.);
#3100=EDGE_CURVE('',#3851,#3854,#3855,.T.);
#3101=EDGE_CURVE('',#3680,#3854,#3856,.T.);
#3102=EDGE_CURVE('',#3854,#3857,#3858,.F.);
#3103=EDGE_CURVE('',#3682,#3857,#3859,.T.);
#3104=EDGE_CURVE('',#3857,#3740,#3860,.T.);
#3105=EDGE_CURVE('',#3840,#3861,#3862,.F.);
#3106=EDGE_CURVE('',#3701,#3861,#3863,.T.);
#3107=EDGE_CURVE('',#3703,#3864,#3865,.T.);
#3108=EDGE_CURVE('',#3866,#3861,#3867,.T.);
#3109=EDGE_CURVE('',#3864,#3866,#3868,.T.);
#3110=EDGE_CURVE('',#3705,#3869,#3870,.T.);
#3111=EDGE_CURVE('',#3864,#3869,#3871,.F.);
#3112=EDGE_CURVE('',#3872,#3869,#3873,.T.);
#3113=EDGE_CURVE('',#3707,#3872,#3874,.T.);
#3114=EDGE_CURVE('',#3709,#3875,#3876,.T.);
#3115=EDGE_CURVE('',#3872,#3875,#3877,.F.);
#3116=EDGE_CURVE('',#3878,#3875,#3879,.T.);
#3117=EDGE_CURVE('',#3880,#3878,#3881,.F.);
#3118=EDGE_CURVE('',#3880,#3711,#3882,.T.);
#3119=EDGE_CURVE('',#3880,#3834,#3883,.T.);
#3120=EDGE_CURVE('',#3750,#3849,#3884,.T.);
#3121=EDGE_CURVE('',#3885,#3885,#3886,.T.);
#3122=EDGE_CURVE('',#3887,#3887,#3888,.T.);
#3123=EDGE_CURVE('',#3745,#3889,#3890,.T.);
#3124=EDGE_CURVE('',#3889,#3742,#3891,.T.);
#3125=EDGE_CURVE('',#3892,#3892,#3893,.T.);
#3126=EDGE_CURVE('',#3894,#3894,#3895,.T.);
#3127=EDGE_CURVE('',#3896,#3896,#3897,.T.);
#3128=EDGE_CURVE('',#3898,#3898,#3899,.T.);
#3129=EDGE_CURVE('',#3900,#3900,#3901,.T.);
#3130=EDGE_CURVE('',#3902,#3902,#3903,.F.);
#3131=EDGE_CURVE('',#3904,#3904,#3905,.F.);
#3132=EDGE_CURVE('',#3906,#3878,#3907,.T.);
#3133=EDGE_CURVE('',#3836,#3906,#3908,.T.);
#3134=EDGE_CURVE('',#3909,#3906,#3910,.T.);
#3135=EDGE_CURVE('',#3838,#3909,#3911,.T.);
#3136=EDGE_CURVE('',#3866,#3909,#3912,.T.);
#3137=EDGE_CURVE('',#3909,#3913,#3914,.F.);
#3138=EDGE_CURVE('',#3913,#3906,#3915,.F.);
#3139=EDGE_CURVE('',#3916,#3916,#3917,.T.);
#3140=EDGE_CURVE('',#3918,#3918,#3919,.T.);
#3141=EDGE_CURVE('',#3920,#3920,#3921,.T.);
#3142=EDGE_CURVE('',#3288,#3922,#3923,.F.);
#3143=EDGE_CURVE('',#3922,#3183,#3924,.F.);
#3144=EDGE_CURVE('',#3925,#3289,#3926,.F.);
#3145=EDGE_CURVE('',#3245,#3925,#3927,.F.);
#3146=EDGE_CURVE('',#3275,#3925,#3928,.F.);
#3147=EDGE_CURVE('',#3922,#3258,#3929,.F.);
#3148=EDGE_CURVE('',#3163,#3289,#3930,.T.);
#3149=EDGE_CURVE('',#3162,#3925,#3931,.T.);
#3150=EDGE_CURVE('',#3179,#3288,#3932,.T.);
#3151=EDGE_CURVE('',#3177,#3922,#3933,.T.);
#3152=EDGE_CURVE('',#3175,#3258,#3934,.T.);
#3153=EDGE_CURVE('',#3173,#3259,#3935,.F.);
#3154=EDGE_CURVE('',#3342,#3261,#3936,.F.);
#3155=EDGE_CURVE('',#3572,#3263,#3937,.F.);
#3156=EDGE_CURVE('',#3575,#3265,#3938,.F.);
#3157=EDGE_CURVE('',#3578,#3267,#3939,.F.);
#3158=EDGE_CURVE('',#3581,#3269,#3940,.F.);
#3159=EDGE_CURVE('',#3345,#3271,#3941,.F.);
#3160=EDGE_CURVE('',#3167,#3273,#3942,.F.);
#3161=EDGE_CURVE('',#3165,#3275,#3943,.F.);
#3162=VERTEX_POINT('',#3944);
#3163=VERTEX_POINT('',#3945);
#3164=CIRCLE('',#3946,1.09999999999999);
#3165=VERTEX_POINT('',#3950);
#3166=CIRCLE('',#3951,2.1);
#3167=VERTEX_POINT('',#3955);
#3168=LINE('',#3956,#3957);
#3169=VERTEX_POINT('',#3959);
#3170=LINE('',#3960,#3961);
#3171=VERTEX_POINT('',#3963);
#3172=LINE('',#3964,#3965);
#3173=VERTEX_POINT('',#3967);
#3174=LINE('',#3968,#3969);
#3175=VERTEX_POINT('',#3971);
#3176=LINE('',#3972,#3973);
#3177=VERTEX_POINT('',#3975);
#3178=CIRCLE('',#3976,2.10000000000002);
#3179=VERTEX_POINT('',#3980);
#3180=CIRCLE('',#3981,1.1);
#3181=LINE('',#3985,#3986);
#3182=VERTEX_POINT('',#3988);
#3183=VERTEX_POINT('',#3989);
#3184=CIRCLE('',#3990,1.6);
#3185=VERTEX_POINT('',#3994);
#3186=LINE('',#3995,#3996);
#3187=VERTEX_POINT('',#3998);
#3188=CIRCLE('',#3999,6.);
#3189=VERTEX_POINT('',#4003);
#3190=LINE('',#4004,#4005);
#3191=VERTEX_POINT('',#4007);
#3192=CIRCLE('',#4008,5.);
#3193=VERTEX_POINT('',#4012);
#3194=LINE('',#4013,#4014);
#3195=VERTEX_POINT('',#4016);
#3196=CIRCLE('',#4017,1.60000000000001);
#3197=VERTEX_POINT('',#4021);
#3198=CIRCLE('',#4022,1.59999999999999);
#3199=VERTEX_POINT('',#4026);
#3200=LINE('',#4027,#4028);
#3201=VERTEX_POINT('',#4030);
#3202=CIRCLE('',#4031,1.6);
#3203=VERTEX_POINT('',#4035);
#3204=CIRCLE('',#4036,1.6);
#3205=VERTEX_POINT('',#4040);
#3206=LINE('',#4041,#4042);
#3207=VERTEX_POINT('',#4044);
#3208=CIRCLE('',#4045,5.);
#3209=VERTEX_POINT('',#4049);
#3210=LINE('',#4050,#4051);
#3211=VERTEX_POINT('',#4053);
#3212=CIRCLE('',#4054,6.);
#3213=VERTEX_POINT('',#4058);
#3214=LINE('',#4059,#4060);
#3215=VERTEX_POINT('',#4062);
#3216=CIRCLE('',#4063,5.99999999999999);
#3217=VERTEX_POINT('',#4067);
#3218=LINE('',#4068,#4069);
#3219=VERTEX_POINT('',#4071);
#3220=CIRCLE('',#4072,5.);
#3221=VERTEX_POINT('',#4076);
#3222=LINE('',#4077,#4078);
#3223=VERTEX_POINT('',#4080);
#3224=CIRCLE('',#4081,5.);
#3225=VERTEX_POINT('',#4085);
#3226=LINE('',#4086,#4087);
#3227=VERTEX_POINT('',#4089);
#3228=CIRCLE('',#4090,6.00000000000001);
#3229=VERTEX_POINT('',#4094);
#3230=CIRCLE('',#4095,3.);
#3231=VERTEX_POINT('',#4099);
#3232=LINE('',#4100,#4101);
#3233=VERTEX_POINT('',#4103);
#3234=CIRCLE('',#4104,1.);
#3235=VERTEX_POINT('',#4108);
#3236=LINE('',#4109,#4110);
#3237=VERTEX_POINT('',#4112);
#3238=CIRCLE('',#4113,1.);
#3239=VERTEX_POINT('',#4117);
#3240=LINE('',#4118,#4119);
#3241=VERTEX_POINT('',#4121);
#3242=CIRCLE('',#4122,3.);
#3243=VERTEX_POINT('',#4126);
#3244=LINE('',#4127,#4128);
#3245=VERTEX_POINT('',#4130);
#3246=CIRCLE('',#4131,1.60000000000002);
#3247=VERTEX_POINT('',#4135);
#3248=CIRCLE('',#4136,1.6);
#3249=VERTEX_POINT('',#4140);
#3250=LINE('',#4141,#4142);
#3251=CIRCLE('',#4144,1.59999999999999);
#3252=VERTEX_POINT('',#4148);
#3253=CIRCLE('',#4149,4.5594010767585);
#3254=VERTEX_POINT('',#4153);
#3255=CIRCLE('',#4154,5.8094010767585);
#3256=VERTEX_POINT('',#4158);
#3257=CIRCLE('',#4159,5.8094010767585);
#3258=VERTEX_POINT('',#4163);
#3259=VERTEX_POINT('',#4164);
#3260=LINE('',#4165,#4166);
#3261=VERTEX_POINT('',#4168);
#3262=CIRCLE('',#4169,0.999999004274464);
#3263=VERTEX_POINT('',#4173);
#3264=LINE('',#4174,#4175);
#3265=VERTEX_POINT('',#4177);
#3266=CIRCLE('',#4178,0.999999004274471);
#3267=VERTEX_POINT('',#4182);
#3268=LINE('',#4183,#4184);
#3269=VERTEX_POINT('',#4186);
#3270=CIRCLE('',#4187,0.999999004274471);
#3271=VERTEX_POINT('',#4191);
#3272=LINE('',#4192,#4193);
#3273=VERTEX_POINT('',#4195);
#3274=CIRCLE('',#4196,0.999999004274464);
#3275=VERTEX_POINT('',#4200);
#3276=LINE('',#4201,#4202);
#3277=LINE('',#4204,#4205);
#3278=VERTEX_POINT('',#4207);
#3279=LINE('',#4208,#4209);
#3280=VERTEX_POINT('',#4211);
#3281=LINE('',#4212,#4213);
#3282=VERTEX_POINT('',#4215);
#3283=LINE('',#4216,#4217);
#3284=VERTEX_POINT('',#4219);
#3285=LINE('',#4220,#4221);
#3286=LINE('',#4223,#4224);
#3287=LINE('',#4226,#4227);
#3288=VERTEX_POINT('',#4229);
#3289=VERTEX_POINT('',#4230);
#3290=LINE('',#4231,#4232);
#3291=LINE('',#4234,#4235);
#3292=LINE('',#4237,#4238);
#3293=VERTEX_POINT('',#4240);
#3294=VERTEX_POINT('',#4241);
#3295=LINE('',#4242,#4243);
#3296=VERTEX_POINT('',#4245);
#3297=LINE('',#4246,#4247);
#3298=VERTEX_POINT('',#4249);
#3299=CIRCLE('',#4250,1.8);
#3300=VERTEX_POINT('',#4254);
#3301=LINE('',#4255,#4256);
#3302=VERTEX_POINT('',#4258);
#3303=LINE('',#4259,#4260);
#3304=VERTEX_POINT('',#4262);
#3305=LINE('',#4263,#4264);
#3306=VERTEX_POINT('',#4266);
#3307=LINE('',#4267,#4268);
#3308=VERTEX_POINT('',#4270);
#3309=LINE('',#4271,#4272);
#3310=VERTEX_POINT('',#4274);
#3311=LINE('',#4275,#4276);
#3312=VERTEX_POINT('',#4278);
#3313=LINE('',#4279,#4280);
#3314=VERTEX_POINT('',#4282);
#3315=LINE('',#4283,#4284);
#3316=VERTEX_POINT('',#4286);
#3317=B_SPLINE_CURVE_WITH_KNOTS('',3,
(#4287,#4288,#4289,#4290,#4291,#4292,#4293,#4294,#4295,#4296,#4297,#4298,#4299,#4300,
#4301,#4302,#4303,#4304,#4305,#4306,#4307,#4308,#4309,#4310,#4311,#4312,#4313,#4314,
#4315,#4316,#4317,#4318,#4319,#4320,#4321,#4322,#4323,#4324),
.UNSPECIFIED.,.F.,.F.,
(4,1,1,1,1,1,1,1,1,1,1,1,1,1,1,1,1,1,1,1,1,1,1,1,1,1,1,1,1,1,1,1,1,1,1,4),
(0.,0.0198957987403566,0.0375439994664761,0.0545244157944689,0.0706450422983232,
0.0888244745515494,0.108023881620241,0.129100285523635,0.151986915442858,0.176839630497755,
0.203757890481812,0.233009840942269,0.264852517529567,0.299619535050822,0.337804673645814,
0.380224720362496,0.428998238688908,0.488380043687165,0.549570108120294,0.606784152152952,
0.652811352320383,0.693385049352316,0.730028934222564,0.763390183345526,0.793927268891602,
0.821926945752928,0.847655213174925,0.871323579991458,0.893119755669236,0.913187282211254,
0.931254777955523,0.947627799908999,0.96202822754586,0.975353483530636,0.987740321402607,
1.),
.UNSPECIFIED.);
#3318=VERTEX_POINT('',#4325);
#3319=LINE('',#4326,#4327);
#3320=VERTEX_POINT('',#4329);
#3321=LINE('',#4330,#4331);
#3322=VERTEX_POINT('',#4333);
#3323=LINE('',#4334,#4335);
#3324=VERTEX_POINT('',#4337);
#3325=LINE('',#4338,#4339);
#3326=VERTEX_POINT('',#4341);
#3327=LINE('',#4342,#4343);
#3328=LINE('',#4345,#4346);
#3329=VERTEX_POINT('',#4348);
#3330=CIRCLE('',#4349,0.499999004274465);
#3331=VERTEX_POINT('',#4353);
#3332=CIRCLE('',#4354,0.499999004274469);
#3333=VERTEX_POINT('',#4358);
#3334=LINE('',#4359,#4360);
#3335=VERTEX_POINT('',#4362);
#3336=CIRCLE('',#4363,0.499999004274469);
#3337=VERTEX_POINT('',#4367);
#3338=LINE('',#4368,#4369);
#3339=VERTEX_POINT('',#4371);
#3340=CIRCLE('',#4372,0.499999004274469);
#3341=LINE('',#4376,#4377);
#3342=VERTEX_POINT('',#4379);
#3343=CIRCLE('',#4380,0.499999004274465);
#3344=LINE('',#4384,#4385);
#3345=VERTEX_POINT('',#4387);
#3346=CIRCLE('',#4388,0.499999004274469);
#3347=LINE('',#4392,#4393);
#3348=VERTEX_POINT('',#4395);
#3349=CIRCLE('',#4396,6.);
#3350=LINE('',#4400,#4401);
#3351=VERTEX_POINT('',#4403);
#3352=LINE('',#4404,#4405);
#3353=VERTEX_POINT('',#4407);
#3354=LINE('',#4408,#4409);
#3355=VERTEX_POINT('',#4411);
#3356=LINE('',#4412,#4413);
#3357=LINE('',#4415,#4416);
#3358=VERTEX_POINT('',#4418);
#3359=CIRCLE('',#4419,5.);
#3360=LINE('',#4423,#4424);
#3361=VERTEX_POINT('',#4426);
#3362=LINE('',#4427,#4428);
#3363=VERTEX_POINT('',#4430);
#3364=LINE('',#4431,#4432);
#3365=LINE('',#4434,#4435);
#3366=VERTEX_POINT('',#4437);
#3367=LINE('',#4438,#4439);
#3368=VERTEX_POINT('',#4441);
#3369=LINE('',#4442,#4443);
#3370=VERTEX_POINT('',#4445);
#3371=LINE('',#4446,#4447);
#3372=VERTEX_POINT('',#4449);
#3373=LINE('',#4450,#4451);
#3374=VERTEX_POINT('',#4453);
#3375=LINE('',#4454,#4455);
#3376=LINE('',#4457,#4458);
#3377=VERTEX_POINT('',#4460);
#3378=LINE('',#4461,#4462);
#3379=CIRCLE('',#4464,1.6);
#3380=VERTEX_POINT('',#4468);
#3381=LINE('',#4469,#4470);
#3382=CIRCLE('',#4472,1.59999999999999);
#3383=VERTEX_POINT('',#4476);
#3384=LINE('',#4477,#4478);
#3385=LINE('',#4480,#4481);
#3386=VERTEX_POINT('',#4483);
#3387=VERTEX_POINT('',#4484);
#3388=CIRCLE('',#4485,3.3);
#3389=LINE('',#4489,#4490);
#3390=VERTEX_POINT('',#4492);
#3391=LINE('',#4493,#4494);
#3392=CIRCLE('',#4496,1.6);
#3393=CIRCLE('',#4500,1.6);
#3394=VERTEX_POINT('',#4504);
#3395=CIRCLE('',#4505,5.);
#3396=LINE('',#4509,#4510);
#3397=VERTEX_POINT('',#4512);
#3398=LINE('',#4513,#4514);
#3399=VERTEX_POINT('',#4516);
#3400=LINE('',#4517,#4518);
#3401=VERTEX_POINT('',#4520);
#3402=LINE('',#4521,#4522);
#3403=LINE('',#4524,#4525);
#3404=VERTEX_POINT('',#4527);
#3405=CIRCLE('',#4528,6.00000000000001);
#3406=LINE('',#4532,#4533);
#3407=VERTEX_POINT('',#4535);
#3408=LINE('',#4536,#4537);
#3409=LINE('',#4539,#4540);
#3410=VERTEX_POINT('',#4542);
#3411=CIRCLE('',#4543,5.99999999999999);
#3412=LINE('',#4547,#4548);
#3413=VERTEX_POINT('',#4550);
#3414=LINE('',#4551,#4552);
#3415=VERTEX_POINT('',#4554);
#3416=LINE('',#4555,#4556);
#3417=VERTEX_POINT('',#4558);
#3418=LINE('',#4559,#4560);
#3419=LINE('',#4562,#4563);
#3420=VERTEX_POINT('',#4565);
#3421=CIRCLE('',#4566,5.);
#3422=LINE('',#4570,#4571);
#3423=VERTEX_POINT('',#4573);
#3424=LINE('',#4574,#4575);
#3425=VERTEX_POINT('',#4577);
#3426=LINE('',#4578,#4579);
#3427=VERTEX_POINT('',#4581);
#3428=LINE('',#4582,#4583);
#3429=VERTEX_POINT('',#4585);
#3430=LINE('',#4586,#4587);
#3431=VERTEX_POINT('',#4589);
#3432=LINE('',#4590,#4591);
#3433=LINE('',#4593,#4594);
#3434=VERTEX_POINT('',#4596);
#3435=CIRCLE('',#4597,5.);
#3436=LINE('',#4601,#4602);
#3437=VERTEX_POINT('',#4604);
#3438=LINE('',#4605,#4606);
#3439=VERTEX_POINT('',#4608);
#3440=LINE('',#4609,#4610);
#3441=VERTEX_POINT('',#4612);
#3442=LINE('',#4613,#4614);
#3443=LINE('',#4616,#4617);
#3444=VERTEX_POINT('',#4619);
#3445=LINE('',#4620,#4621);
#3446=VERTEX_POINT('',#4623);
#3447=CIRCLE('',#4624,5.99999999999999);
#3448=VERTEX_POINT('',#4628);
#3449=LINE('',#4629,#4630);
#3450=CIRCLE('',#4632,5.99999999999999);
#3451=VERTEX_POINT('',#4636);
#3452=CIRCLE('',#4637,3.);
#3453=LINE('',#4641,#4642);
#3454=VERTEX_POINT('',#4644);
#3455=LINE('',#4645,#4646);
#3456=LINE('',#4648,#4649);
#3457=VERTEX_POINT('',#4651);
#3458=LINE('',#4652,#4653);
#3459=CIRCLE('',#4655,1.00000000000001);
#3460=VERTEX_POINT('',#4659);
#3461=LINE('',#4660,#4661);
#3462=VERTEX_POINT('',#4663);
#3463=LINE('',#4664,#4665);
#3464=VERTEX_POINT('',#4667);
#3465=LINE('',#4668,#4669);
#3466=VERTEX_POINT('',#4671);
#3467=LINE('',#4672,#4673);
#3468=VERTEX_POINT('',#4675);
#3469=CIRCLE('',#4676,1.8);
#3470=VERTEX_POINT('',#4680);
#3471=LINE('',#4681,#4682);
#3472=VERTEX_POINT('',#4684);
#3473=LINE('',#4685,#4686);
#3474=VERTEX_POINT('',#4688);
#3475=LINE('',#4689,#4690);
#3476=VERTEX_POINT('',#4692);
#3477=LINE('',#4693,#4694);
#3478=LINE('',#4696,#4697);
#3479=VERTEX_POINT('',#4699);
#3480=LINE('',#4700,#4701);
#3481=CIRCLE('',#4703,1.);
#3482=VERTEX_POINT('',#4707);
#3483=LINE('',#4708,#4709);
#3484=LINE('',#4711,#4712);
#3485=CIRCLE('',#4714,3.);
#3486=VERTEX_POINT('',#4718);
#3487=CIRCLE('',#4719,2.25);
#3488=VERTEX_POINT('',#4723);
#3489=CIRCLE('',#4724,3.5);
#3490=VERTEX_POINT('',#4728);
#3491=CIRCLE('',#4729,3.5);
#3492=LINE('',#4733,#4734);
#3493=VERTEX_POINT('',#4736);
#3494=LINE('',#4737,#4738);
#3495=VERTEX_POINT('',#4740);
#3496=LINE('',#4741,#4742);
#3497=LINE('',#4744,#4745);
#3498=LINE('',#4747,#4748);
#3499=VERTEX_POINT('',#4750);
#3500=LINE('',#4751,#4752);
#3501=VERTEX_POINT('',#4754);
#3502=CIRCLE('',#4755,6.8);
#3503=VERTEX_POINT('',#4759);
#3504=LINE('',#4760,#4761);
#3505=VERTEX_POINT('',#4763);
#3506=LINE('',#4764,#4765);
#3507=VERTEX_POINT('',#4767);
#3508=CIRCLE('',#4768,4.2);
#3509=VERTEX_POINT('',#4772);
#3510=LINE('',#4773,#4774);
#3511=VERTEX_POINT('',#4776);
#3512=LINE('',#4777,#4778);
#3513=VERTEX_POINT('',#4780);
#3514=LINE('',#4781,#4782);
#3515=VERTEX_POINT('',#4784);
#3516=CIRCLE('',#4785,4.2);
#3517=VERTEX_POINT('',#4789);
#3518=LINE('',#4790,#4791);
#3519=VERTEX_POINT('',#4793);
#3520=LINE('',#4794,#4795);
#3521=VERTEX_POINT('',#4797);
#3522=CIRCLE('',#4798,6.80000000000001);
#3523=VERTEX_POINT('',#4802);
#3524=LINE('',#4803,#4804);
#3525=VERTEX_POINT('',#4806);
#3526=CIRCLE('',#4807,6.79999999999999);
#3527=VERTEX_POINT('',#4811);
#3528=LINE('',#4812,#4813);
#3529=VERTEX_POINT('',#4815);
#3530=LINE('',#4816,#4817);
#3531=VERTEX_POINT('',#4819);
#3532=CIRCLE('',#4820,4.2);
#3533=VERTEX_POINT('',#4824);
#3534=LINE('',#4825,#4826);
#3535=VERTEX_POINT('',#4828);
#3536=LINE('',#4829,#4830);
#3537=VERTEX_POINT('',#4832);
#3538=LINE('',#4833,#4834);
#3539=VERTEX_POINT('',#4836);
#3540=CIRCLE('',#4837,4.2);
#3541=VERTEX_POINT('',#4841);
#3542=LINE('',#4842,#4843);
#3543=VERTEX_POINT('',#4845);
#3544=LINE('',#4846,#4847);
#3545=VERTEX_POINT('',#4849);
#3546=CIRCLE('',#4850,6.79999999999999);
#3547=VERTEX_POINT('',#4854);
#3548=LINE('',#4855,#4856);
#3549=VERTEX_POINT('',#4858);
#3550=LINE('',#4859,#4860);
#3551=LINE('',#4862,#4863);
#3552=VERTEX_POINT('',#4865);
#3553=LINE('',#4866,#4867);
#3554=VERTEX_POINT('',#4869);
#3555=CIRCLE('',#4870,3.4);
#3556=LINE('',#4874,#4875);
#3557=VERTEX_POINT('',#4877);
#3558=LINE('',#4878,#4879);
#3559=VERTEX_POINT('',#4881);
#3560=CIRCLE('',#4882,3.4);
#3561=LINE('',#4886,#4887);
#3562=VERTEX_POINT('',#4889);
#3563=LINE('',#4890,#4891);
#3564=VERTEX_POINT('',#4893);
#3565=CIRCLE('',#4894,3.4);
#3566=LINE('',#4898,#4899);
#3567=VERTEX_POINT('',#4901);
#3568=LINE('',#4902,#4903);
#3569=VERTEX_POINT('',#4905);
#3570=CIRCLE('',#4906,3.4);
#3571=LINE('',#4910,#4911);
#3572=VERTEX_POINT('',#4913);
#3573=LINE('',#4914,#4915);
#3574=LINE('',#4917,#4918);
#3575=VERTEX_POINT('',#4920);
#3576=CIRCLE('',#4921,0.499999004274469);
#3577=LINE('',#4925,#4926);
#3578=VERTEX_POINT('',#4928);
#3579=LINE('',#4929,#4930);
#3580=LINE('',#4932,#4933);
#3581=VERTEX_POINT('',#4935);
#3582=CIRCLE('',#4936,0.499999004274469);
#3583=LINE('',#4940,#4941);
#3584=LINE('',#4943,#4944);
#3585=LINE('',#4946,#4947);
#3586=LINE('',#4949,#4950);
#3587=LINE('',#4952,#4953);
#3588=LINE('',#4955,#4956);
#3589=LINE('',#4958,#4959);
#3590=VERTEX_POINT('',#4961);
#3591=LINE('',#4962,#4963);
#3592=LINE('',#4965,#4966);
#3593=VERTEX_POINT('',#4968);
#3594=LINE('',#4969,#4970);
#3595=LINE('',#4972,#4973);
#3596=VERTEX_POINT('',#4975);
#3597=LINE('',#4976,#4977);
#3598=VERTEX_POINT('',#4979);
#3599=CIRCLE('',#4980,7.6);
#3600=VERTEX_POINT('',#4984);
#3601=LINE('',#4985,#4986);
#3602=VERTEX_POINT('',#4988);
#3603=CIRCLE('',#4989,5.);
#3604=VERTEX_POINT('',#4993);
#3605=LINE('',#4994,#4995);
#3606=VERTEX_POINT('',#4997);
#3607=CIRCLE('',#4998,5.);
#3608=VERTEX_POINT('',#5002);
#3609=LINE('',#5003,#5004);
#3610=VERTEX_POINT('',#5006);
#3611=CIRCLE('',#5007,7.60000000000001);
#3612=VERTEX_POINT('',#5011);
#3613=LINE('',#5012,#5013);
#3614=VERTEX_POINT('',#5015);
#3615=CIRCLE('',#5016,7.59999999999999);
#3616=VERTEX_POINT('',#5020);
#3617=LINE('',#5021,#5022);
#3618=VERTEX_POINT('',#5024);
#3619=CIRCLE('',#5025,5.);
#3620=VERTEX_POINT('',#5029);
#3621=LINE('',#5030,#5031);
#3622=VERTEX_POINT('',#5033);
#3623=CIRCLE('',#5034,5.);
#3624=VERTEX_POINT('',#5038);
#3625=LINE('',#5039,#5040);
#3626=CIRCLE('',#5042,7.59999999999999);
#3627=VERTEX_POINT('',#5046);
#3628=LINE('',#5047,#5048);
#3629=VERTEX_POINT('',#5050);
#3630=CIRCLE('',#5051,6.79999999999999);
#3631=VERTEX_POINT('',#5055);
#3632=LINE('',#5056,#5057);
#3633=VERTEX_POINT('',#5059);
#3634=LINE('',#5060,#5061);
#3635=VERTEX_POINT('',#5063);
#3636=CIRCLE('',#5064,4.2);
#3637=VERTEX_POINT('',#5068);
#3638=LINE('',#5069,#5070);
#3639=VERTEX_POINT('',#5072);
#3640=LINE('',#5073,#5074);
#3641=VERTEX_POINT('',#5076);
#3642=LINE('',#5077,#5078);
#3643=VERTEX_POINT('',#5080);
#3644=CIRCLE('',#5081,4.2);
#3645=VERTEX_POINT('',#5085);
#3646=LINE('',#5086,#5087);
#3647=VERTEX_POINT('',#5089);
#3648=LINE('',#5090,#5091);
#3649=VERTEX_POINT('',#5093);
#3650=CIRCLE('',#5094,6.79999999999999);
#3651=VERTEX_POINT('',#5098);
#3652=LINE('',#5099,#5100);
#3653=VERTEX_POINT('',#5102);
#3654=CIRCLE('',#5103,6.80000000000001);
#3655=VERTEX_POINT('',#5107);
#3656=LINE('',#5108,#5109);
#3657=VERTEX_POINT('',#5111);
#3658=LINE('',#5112,#5113);
#3659=VERTEX_POINT('',#5115);
#3660=CIRCLE('',#5116,4.2);
#3661=VERTEX_POINT('',#5120);
#3662=LINE('',#5121,#5122);
#3663=VERTEX_POINT('',#5124);
#3664=LINE('',#5125,#5126);
#3665=VERTEX_POINT('',#5128);
#3666=LINE('',#5129,#5130);
#3667=VERTEX_POINT('',#5132);
#3668=CIRCLE('',#5133,4.2);
#3669=VERTEX_POINT('',#5137);
#3670=LINE('',#5138,#5139);
#3671=VERTEX_POINT('',#5141);
#3672=LINE('',#5142,#5143);
#3673=CIRCLE('',#5145,6.8);
#3674=VERTEX_POINT('',#5149);
#3675=LINE('',#5150,#5151);
#3676=CIRCLE('',#5153,7.60000000000002);
#3677=VERTEX_POINT('',#5157);
#3678=VERTEX_POINT('',#5158);
#3679=CIRCLE('',#5159,3.99999999999999);
#3680=VERTEX_POINT('',#5163);
#3681=LINE('',#5164,#5165);
#3682=VERTEX_POINT('',#5167);
#3683=CIRCLE('',#5168,3.99999999999999);
#3684=VERTEX_POINT('',#5172);
#3685=LINE('',#5173,#5174);
#3686=CIRCLE('',#5176,4.00000000000001);
#3687=VERTEX_POINT('',#5180);
#3688=LINE('',#5181,#5182);
#3689=VERTEX_POINT('',#5184);
#3690=CIRCLE('',#5185,5.);
#3691=VERTEX_POINT('',#5189);
#3692=LINE('',#5190,#5191);
#3693=VERTEX_POINT('',#5193);
#3694=CIRCLE('',#5194,5.);
#3695=VERTEX_POINT('',#5198);
#3696=LINE('',#5199,#5200);
#3697=VERTEX_POINT('',#5202);
#3698=CIRCLE('',#5203,7.59999999999999);
#3699=VERTEX_POINT('',#5207);
#3700=LINE('',#5208,#5209);
#3701=VERTEX_POINT('',#5211);
#3702=CIRCLE('',#5212,3.99999999999999);
#3703=VERTEX_POINT('',#5216);
#3704=LINE('',#5217,#5218);
#3705=VERTEX_POINT('',#5220);
#3706=CIRCLE('',#5221,4.);
#3707=VERTEX_POINT('',#5225);
#3708=LINE('',#5226,#5227);
#3709=VERTEX_POINT('',#5229);
#3710=CIRCLE('',#5230,3.99999999999999);
#3711=VERTEX_POINT('',#5234);
#3712=LINE('',#5235,#5236);
#3713=VERTEX_POINT('',#5238);
#3714=CIRCLE('',#5239,3.99999999999999);
#3715=VERTEX_POINT('',#5243);
#3716=LINE('',#5244,#5245);
#3717=VERTEX_POINT('',#5247);
#3718=CIRCLE('',#5248,7.60000000000001);
#3719=VERTEX_POINT('',#5252);
#3720=LINE('',#5253,#5254);
#3721=VERTEX_POINT('',#5256);
#3722=CIRCLE('',#5257,5.);
#3723=VERTEX_POINT('',#5261);
#3724=LINE('',#5262,#5263);
#3725=VERTEX_POINT('',#5265);
#3726=CIRCLE('',#5266,5.);
#3727=VERTEX_POINT('',#5270);
#3728=LINE('',#5271,#5272);
#3729=CIRCLE('',#5274,7.59999999999999);
#3730=VERTEX_POINT('',#5278);
#3731=CIRCLE('',#5279,3.99999999999998);
#3732=LINE('',#5283,#5284);
#3733=VERTEX_POINT('',#5286);
#3734=CIRCLE('',#5287,2.5);
#3735=VERTEX_POINT('',#5291);
#3736=CIRCLE('',#5292,2.5);
#3737=VERTEX_POINT('',#5296);
#3738=LINE('',#5297,#5298);
#3739=(BOUNDED_CURVE()B_SPLINE_CURVE(3,
(#5300,#5301,#5302,#5303),
.UNSPECIFIED.,.F.,.F.)B_SPLINE_CURVE_WITH_KNOTS((4,4),
(0.,1.),
.UNSPECIFIED.)CURVE()GEOMETRIC_REPRESENTATION_ITEM()RATIONAL_B_SPLINE_CURVE((1.,
0.949253021674191,0.949253021674191,1.))REPRESENTATION_ITEM(''));
#3740=VERTEX_POINT('',#5304);
#3741=(BOUNDED_CURVE()B_SPLINE_CURVE(3,
(#5305,#5306,#5307,#5308),
.UNSPECIFIED.,.F.,.F.)B_SPLINE_CURVE_WITH_KNOTS((4,4),
(0.,1.),
.UNSPECIFIED.)CURVE()GEOMETRIC_REPRESENTATION_ITEM()RATIONAL_B_SPLINE_CURVE((1.,
0.949253021674191,0.949253021674191,1.))REPRESENTATION_ITEM(''));
#3742=VERTEX_POINT('',#5309);
#3743=LINE('',#5310,#5311);
#3744=B_SPLINE_CURVE_WITH_KNOTS('',3,
(#5313,#5314,#5315,#5316,#5317,#5318,#5319,#5320,#5321,#5322,#5323,#5324,#5325,#5326,
#5327,#5328,#5329,#5330,#5331,#5332,#5333,#5334,#5335,#5336,#5337,#5338,#5339,#5340,
#5341,#5342,#5343,#5344,#5345,#5346,#5347,#5348,#5349,#5350,#5351,#5352,#5353,#5354,
#5355,#5356,#5357,#5358,#5359,#5360,#5361,#5362,#5363,#5364,#5365,#5366,#5367,#5368,
#5369,#5370,#5371,#5372,#5373,#5374,#5375,#5376,#5377,#5378,#5379,#5380),
.UNSPECIFIED.,.F.,.F.,
(4,1,1,1,1,1,1,1,1,1,1,1,1,1,1,1,1,1,1,1,1,1,1,1,1,1,1,1,1,1,1,1,1,1,1,1,1,1,1,1,
1,1,1,1,1,1,1,1,1,1,1,1,1,1,1,1,1,1,1,1,1,1,1,1,1,4),
(0.,0.0156109887351881,0.0312002195044188,0.0365928292007924,0.046744217289111,0.0671636867760906,
0.095164798173158,0.110169836747994,0.130906427640171,0.169640237199178,0.185398680679582,
0.210463266345529,0.248639946538399,0.263515564895173,0.283982564095578,0.314869171250235,
0.343657925556387,0.3459029256691,0.374965824389136,0.401932682269988,0.423726052193325,
0.424871413045297,0.442462633357719,0.457766190707012,0.472690033769851,0.486484686648565,
0.499524147490256,0.506696982326145,0.515186182933245,0.530156602470555,0.544439496259377,
0.558123576108006,0.571892113570645,0.585733805880716,0.588770889141163,0.599725388397549,
0.613770751441553,0.627873387010251,0.642046011034941,0.656626896350734,0.670689415715818,
0.671603533057509,0.683833686670197,0.696463776595604,0.717908945389549,0.747865291604404,
0.75207557834104,0.779927701865563,0.805715519797214,0.823225056808074,0.832597635708635,
0.838809756035846,0.852148532483997,0.865159628300768,0.881518121302981,0.89765169851925,
0.911488754924888,0.913545470466036,0.92562574227984,0.937799681519137,0.950118633790559,
0.962489666740261,0.974960677787579,0.975197672958502,0.987472104536779,1.),
.UNSPECIFIED.);
#3745=VERTEX_POINT('',#5381);
#3746=CIRCLE('',#5382,4.);
#3747=B_SPLINE_CURVE_WITH_KNOTS('',3,
(#5386,#5387,#5388,#5389,#5390,#5391,#5392,#5393,#5394,#5395,#5396,#5397,#5398,#5399,
#5400,#5401,#5402,#5403,#5404,#5405,#5406,#5407,#5408,#5409,#5410,#5411,#5412,#5413,
#5414,#5415,#5416,#5417,#5418,#5419,#5420,#5421,#5422,#5423,#5424,#5425,#5426,#5427,
#5428,#5429,#5430,#5431,#5432,#5433,#5434,#5435,#5436,#5437,#5438,#5439,#5440,#5441,
#5442,#5443,#5444,#5445,#5446,#5447,#5448,#5449,#5450,#5451,#5452,#5453),
.UNSPECIFIED.,.F.,.F.,
(4,1,1,1,1,1,1,1,1,1,1,1,1,1,1,1,1,1,1,1,1,1,1,1,1,1,1,1,1,1,1,1,1,1,1,1,1,1,1,1,
1,1,1,1,1,1,1,1,1,1,1,1,1,1,1,1,1,1,1,1,1,1,1,1,1,4),
(0.,0.0156109888311893,0.031200219497902,0.0365928291422216,0.0467442172374673,0.0671636867931065,
0.0951647981672689,0.110169836722983,0.130906427640414,0.169640237199196,0.185398680677805,
0.210463266345856,0.248639946538763,0.263515564894922,0.283982564095017,0.314869171250277,
0.343657925556609,0.345902925669351,0.374965824389251,0.401932682270043,0.423726052193436,
0.42487141304533,0.442462633357832,0.457766190707172,0.472690033769965,0.486484686648661,
0.499524147490357,0.506696982326165,0.515186182933288,0.53015660247063,0.544439496259542,
0.55812357610817,0.571892113570881,0.585733805881032,0.588770889141273,0.599725388397872,
0.613770751441909,0.627873387010758,0.642046011034902,0.656626896350379,0.670689415715685,
0.671603533057151,0.683833686668102,0.696463776590216,0.717908945379229,0.747865291575694,
0.752075578340994,0.77992770184305,0.805715519771961,0.823225056770277,0.832597635698019,
0.838809756014436,0.852148532461323,0.865159628255202,0.881518121253977,0.897651698463666,
0.911488754900622,0.913545470410569,0.925625742260069,0.937799681507678,0.950118633772247,
0.962489666702876,0.974960677673914,0.975197672888762,0.987472104345991,1.),
.UNSPECIFIED.);
#3748=VERTEX_POINT('',#5454);
#3749=(BOUNDED_CURVE()B_SPLINE_CURVE(3,
(#5455,#5456,#5457,#5458),
.UNSPECIFIED.,.F.,.F.)B_SPLINE_CURVE_WITH_KNOTS((4,4),
(0.,1.),
.UNSPECIFIED.)CURVE()GEOMETRIC_REPRESENTATION_ITEM()RATIONAL_B_SPLINE_CURVE((1.,
0.949253021674191,0.949253021674191,1.))REPRESENTATION_ITEM(''));
#3750=VERTEX_POINT('',#5459);
#3751=LINE('',#5460,#5461);
#3752=(BOUNDED_CURVE()B_SPLINE_CURVE(3,
(#5463,#5464,#5465,#5466),
.UNSPECIFIED.,.F.,.F.)B_SPLINE_CURVE_WITH_KNOTS((4,4),
(0.,1.),
.UNSPECIFIED.)CURVE()GEOMETRIC_REPRESENTATION_ITEM()RATIONAL_B_SPLINE_CURVE((1.,
0.949253021674191,0.949253021674191,1.))REPRESENTATION_ITEM(''));
#3753=LINE('',#5467,#5468);
#3754=LINE('',#5470,#5471);
#3755=VERTEX_POINT('',#5473);
#3756=LINE('',#5474,#5475);
#3757=LINE('',#5477,#5478);
#3758=VERTEX_POINT('',#5480);
#3759=CIRCLE('',#5481,3.4);
#3760=LINE('',#5485,#5486);
#3761=VERTEX_POINT('',#5488);
#3762=CIRCLE('',#5489,3.);
#3763=LINE('',#5493,#5494);
#3764=VERTEX_POINT('',#5496);
#3765=LINE('',#5497,#5498);
#3766=LINE('',#5500,#5501);
#3767=VERTEX_POINT('',#5503);
#3768=CIRCLE('',#5504,3.4);
#3769=LINE('',#5508,#5509);
#3770=VERTEX_POINT('',#5511);
#3771=CIRCLE('',#5512,3.);
#3772=VERTEX_POINT('',#5516);
#3773=VERTEX_POINT('',#5517);
#3774=CIRCLE('',#5518,3.3);
#3775=LINE('',#5522,#5523);
#3776=LINE('',#5525,#5526);
#3777=LINE('',#5528,#5529);
#3778=LINE('',#5531,#5532);
#3779=VERTEX_POINT('',#5534);
#3780=LINE('',#5535,#5536);
#3781=LINE('',#5538,#5539);
#3782=VERTEX_POINT('',#5541);
#3783=CIRCLE('',#5542,3.4);
#3784=LINE('',#5546,#5547);
#3785=VERTEX_POINT('',#5549);
#3786=CIRCLE('',#5550,3.);
#3787=LINE('',#5554,#5555);
#3788=VERTEX_POINT('',#5557);
#3789=LINE('',#5558,#5559);
#3790=LINE('',#5561,#5562);
#3791=VERTEX_POINT('',#5564);
#3792=CIRCLE('',#5565,3.4);
#3793=LINE('',#5569,#5570);
#3794=VERTEX_POINT('',#5572);
#3795=CIRCLE('',#5573,3.);
#3796=LINE('',#5577,#5578);
#3797=LINE('',#5580,#5581);
#3798=VERTEX_POINT('',#5583);
#3799=CIRCLE('',#5584,2.25);
#3800=VERTEX_POINT('',#5588);
#3801=CIRCLE('',#5589,3.5);
#3802=VERTEX_POINT('',#5593);
#3803=CIRCLE('',#5594,3.5);
#3804=LINE('',#5598,#5599);
#3805=LINE('',#5601,#5602);
#3806=LINE('',#5604,#5605);
#3807=LINE('',#5607,#5608);
#3808=LINE('',#5610,#5611);
#3809=LINE('',#5613,#5614);
#3810=LINE('',#5616,#5617);
#3811=LINE('',#5619,#5620);
#3812=LINE('',#5622,#5623);
#3813=LINE('',#5625,#5626);
#3814=LINE('',#5628,#5629);
#3815=LINE('',#5631,#5632);
#3816=LINE('',#5634,#5635);
#3817=LINE('',#5637,#5638);
#3818=LINE('',#5640,#5641);
#3819=LINE('',#5643,#5644);
#3820=LINE('',#5646,#5647);
#3821=LINE('',#5649,#5650);
#3822=LINE('',#5652,#5653);
#3823=LINE('',#5655,#5656);
#3824=LINE('',#5658,#5659);
#3825=LINE('',#5661,#5662);
#3826=LINE('',#5664,#5665);
#3827=LINE('',#5667,#5668);
#3828=LINE('',#5670,#5671);
#3829=LINE('',#5673,#5674);
#3830=LINE('',#5676,#5677);
#3831=LINE('',#5679,#5680);
#3832=LINE('',#5682,#5683);
#3833=LINE('',#5685,#5686);
#3834=VERTEX_POINT('',#5688);
#3835=LINE('',#5689,#5690);
#3836=VERTEX_POINT('',#5692);
#3837=LINE('',#5693,#5694);
#3838=VERTEX_POINT('',#5696);
#3839=B_SPLINE_CURVE_WITH_KNOTS('',3,
(#5697,#5698,#5699,#5700,#5701,#5702,#5703,#5704,#5705,#5706,#5707,#5708,#5709,#5710,
#5711,#5712,#5713,#5714,#5715,#5716,#5717,#5718,#5719,#5720,#5721,#5722,#5723,#5724,
#5725,#5726,#5727,#5728,#5729,#5730,#5731,#5732,#5733,#5734),
.UNSPECIFIED.,.F.,.F.,
(4,1,1,1,1,1,1,1,1,1,1,1,1,1,1,1,1,1,1,1,1,1,1,1,1,1,1,1,1,1,1,1,1,1,1,4),
(0.,0.0198957987405164,0.0375439994667391,0.0545244157947233,0.0706450422985705,
0.0888244745517375,0.108023881620476,0.129100285523779,0.151986915443133,0.176839630497811,
0.203757890482147,0.23300984094235,0.264852517529815,0.299619535050975,0.33780467364592,
0.380224720362687,0.428998238689734,0.488380043686302,0.549570108116965,0.606784152146495,
0.652811352313245,0.693385049345147,0.730028934214985,0.763390183337908,0.793927268883585,
0.821926945744851,0.847655213166506,0.871323579982791,0.893119755660192,0.913187282201987,
0.931254777946387,0.947627799899605,0.962028227536317,0.975353483520883,0.987740321396258,
1.),
.UNSPECIFIED.);
#3840=VERTEX_POINT('',#5735);
#3841=LINE('',#5736,#5737);
#3842=LINE('',#5739,#5740);
#3843=LINE('',#5742,#5743);
#3844=LINE('',#5745,#5746);
#3845=LINE('',#5748,#5749);
#3846=LINE('',#5751,#5752);
#3847=LINE('',#5754,#5755);
#3848=LINE('',#5757,#5758);
#3849=VERTEX_POINT('',#5760);
#3850=LINE('',#5761,#5762);
#3851=VERTEX_POINT('',#5764);
#3852=CIRCLE('',#5765,3.99999999999999);
#3853=LINE('',#5769,#5770);
#3854=VERTEX_POINT('',#5772);
#3855=LINE('',#5773,#5774);
#3856=LINE('',#5776,#5777);
#3857=VERTEX_POINT('',#5779);
#3858=CIRCLE('',#5780,4.);
#3859=LINE('',#5784,#5785);
#3860=LINE('',#5787,#5788);
#3861=VERTEX_POINT('',#5790);
#3862=(BOUNDED_CURVE()B_SPLINE_CURVE(3,
(#5791,#5792,#5793,#5794),
.UNSPECIFIED.,.F.,.F.)B_SPLINE_CURVE_WITH_KNOTS((4,4),
(0.,1.),
.UNSPECIFIED.)CURVE()GEOMETRIC_REPRESENTATION_ITEM()RATIONAL_B_SPLINE_CURVE((1.,
0.949253021674191,0.949253021674191,1.))REPRESENTATION_ITEM(''));
#3863=LINE('',#5795,#5796);
#3864=VERTEX_POINT('',#5798);
#3865=LINE('',#5799,#5800);
#3866=VERTEX_POINT('',#5802);
#3867=(BOUNDED_CURVE()B_SPLINE_CURVE(3,
(#5803,#5804,#5805,#5806),
.UNSPECIFIED.,.F.,.F.)B_SPLINE_CURVE_WITH_KNOTS((4,4),
(0.,1.),
.UNSPECIFIED.)CURVE()GEOMETRIC_REPRESENTATION_ITEM()RATIONAL_B_SPLINE_CURVE((1.,
0.949253021674191,0.949253021674191,1.))REPRESENTATION_ITEM(''));
#3868=LINE('',#5807,#5808);
#3869=VERTEX_POINT('',#5810);
#3870=LINE('',#5811,#5812);
#3871=CIRCLE('',#5814,3.99999999999999);
#3872=VERTEX_POINT('',#5818);
#3873=LINE('',#5819,#5820);
#3874=LINE('',#5822,#5823);
#3875=VERTEX_POINT('',#5825);
#3876=LINE('',#5826,#5827);
#3877=CIRCLE('',#5829,3.99999999999999);
#3878=VERTEX_POINT('',#5833);
#3879=LINE('',#5834,#5835);
#3880=VERTEX_POINT('',#5837);
#3881=(BOUNDED_CURVE()B_SPLINE_CURVE(3,
(#5838,#5839,#5840,#5841),
.UNSPECIFIED.,.F.,.F.)B_SPLINE_CURVE_WITH_KNOTS((4,4),
(0.,1.),
.UNSPECIFIED.)CURVE()GEOMETRIC_REPRESENTATION_ITEM()RATIONAL_B_SPLINE_CURVE((1.,
0.949253021674191,0.949253021674191,1.))REPRESENTATION_ITEM(''));
#3882=LINE('',#5842,#5843);
#3883=(BOUNDED_CURVE()B_SPLINE_CURVE(3,
(#5845,#5846,#5847,#5848),
.UNSPECIFIED.,.F.,.F.)B_SPLINE_CURVE_WITH_KNOTS((4,4),
(0.,1.),
.UNSPECIFIED.)CURVE()GEOMETRIC_REPRESENTATION_ITEM()RATIONAL_B_SPLINE_CURVE((1.,
0.949253021674191,0.949253021674191,1.))REPRESENTATION_ITEM(''));
#3884=LINE('',#5849,#5850);
#3885=VERTEX_POINT('',#5852);
#3886=CIRCLE('',#5853,2.5);
#3887=VERTEX_POINT('',#5857);
#3888=CIRCLE('',#5858,2.5);
#3889=VERTEX_POINT('',#5862);
#3890=CIRCLE('',#5863,4.);
#3891=CIRCLE('',#5867,4.);
#3892=VERTEX_POINT('',#5871);
#3893=CIRCLE('',#5872,4.);
#3894=VERTEX_POINT('',#5876);
#3895=CIRCLE('',#5877,3.);
#3896=VERTEX_POINT('',#5881);
#3897=CIRCLE('',#5882,3.);
#3898=VERTEX_POINT('',#5886);
#3899=CIRCLE('',#5887,3.);
#3900=VERTEX_POINT('',#5891);
#3901=CIRCLE('',#5892,3.);
#3902=VERTEX_POINT('',#5896);
#3903=CIRCLE('',#5897,0.9);
#3904=VERTEX_POINT('',#5901);
#3905=CIRCLE('',#5902,0.9);
#3906=VERTEX_POINT('',#5906);
#3907=LINE('',#5907,#5908);
#3908=B_SPLINE_CURVE_WITH_KNOTS('',3,
(#5910,#5911,#5912,#5913,#5914,#5915,#5916,#5917,#5918,#5919,#5920,#5921,#5922,#5923,
#5924,#5925,#5926,#5927,#5928,#5929,#5930,#5931,#5932,#5933,#5934,#5935,#5936,#5937,
#5938,#5939,#5940,#5941,#5942,#5943,#5944,#5945,#5946,#5947,#5948,#5949,#5950,#5951,
#5952,#5953,#5954,#5955,#5956,#5957,#5958,#5959,#5960,#5961,#5962,#5963,#5964,#5965,
#5966,#5967,#5968,#5969,#5970,#5971,#5972,#5973,#5974,#5975,#5976,#5977,#5978,#5979,
#5980,#5981,#5982,#5983,#5984,#5985,#5986,#5987,#5988,#5989),
.UNSPECIFIED.,.F.,.F.,
(4,1,1,1,1,1,1,1,1,1,1,1,1,1,1,1,1,1,1,1,1,1,1,1,1,1,1,1,1,1,1,1,1,1,1,1,1,1,1,1,
1,1,1,1,1,1,1,1,1,1,1,1,1,1,1,1,1,1,1,1,1,1,1,1,1,1,1,1,1,1,1,1,1,1,1,1,1,4),
(0.,0.0160394893944166,0.0320697616333474,0.0365989134550266,0.0480655489646104,
0.0639051749434627,0.0796321386062532,0.0950640362268968,0.110171915905833,0.110305421719825,
0.125276355283416,0.140165879291044,0.154730833045222,0.169044704488201,0.182944580903029,
0.185397629897796,0.196681807092215,0.210033122570625,0.223161371486244,0.236000360313625,
0.248774170180745,0.261373984895125,0.26390534808867,0.273870953751837,0.290351578504636,
0.3068296456473,0.323305392295573,0.335719583492076,0.339796539952015,0.34816935125271,
0.360750599280215,0.373426387648287,0.386252185151405,0.399136239136138,0.416363267203737,
0.416492661295423,0.433908272710482,0.451390141988299,0.46591806509183,0.481853559682037,
0.498189328179967,0.504787311645446,0.527543843760811,0.550136597415177,0.565805272797104,
0.580284515081601,0.580306673838555,0.598689164524154,0.618018991256913,0.63830483398869,
0.6548306583343,0.662256844506485,0.671682727371861,0.69119970596328,0.713058778540685,
0.736884833338802,0.739663757763716,0.760314562528911,0.782988989820929,0.805302114880655,
0.816285640649449,0.824536778374701,0.841047643178482,0.854511560681983,0.867643960477267,
0.880130291965644,0.89230563213904,0.895456272532521,0.904172947486789,0.916048530204428,
0.927962126853457,0.939903103571592,0.95188934330518,0.963894175528554,0.967260207078021,
0.975931689923115,0.987974072559603,1.),
.UNSPECIFIED.);
#3909=VERTEX_POINT('',#5990);
#3910=CIRCLE('',#5991,4.);
#3911=B_SPLINE_CURVE_WITH_KNOTS('',3,
(#5995,#5996,#5997,#5998,#5999,#6000,#6001,#6002,#6003,#6004,#6005,#6006,#6007,#6008,
#6009,#6010,#6011,#6012,#6013,#6014,#6015,#6016,#6017,#6018,#6019,#6020,#6021,#6022,
#6023,#6024,#6025,#6026,#6027,#6028,#6029,#6030,#6031,#6032,#6033,#6034,#6035,#6036,
#6037,#6038,#6039,#6040,#6041,#6042,#6043,#6044,#6045,#6046,#6047,#6048,#6049,#6050,
#6051,#6052,#6053,#6054,#6055,#6056,#6057,#6058,#6059,#6060,#6061,#6062,#6063,#6064,
#6065,#6066,#6067,#6068),
.UNSPECIFIED.,.F.,.F.,
(4,1,1,1,1,1,1,1,1,1,1,1,1,1,1,1,1,1,1,1,1,1,1,1,1,1,1,1,1,1,1,1,1,1,1,1,1,1,1,1,
1,1,1,1,1,1,1,1,1,1,1,1,1,1,1,1,1,1,1,1,1,1,1,1,1,1,1,1,1,1,1,4),
(0.,0.0156110298512499,0.0312003006226891,0.0365929191694978,0.0467443374880047,
0.067163856355782,0.09516503171704,0.110170100938262,0.130906739612338,0.169640629668728,
0.185399111854119,0.210463757947756,0.253597096635411,0.263516219197035,0.291425959699694,
0.322181691475447,0.343012069883265,0.343658653310922,0.361350959777626,0.376827228383304,
0.39193107689133,0.405883852797643,0.419054885579514,0.424872678322047,0.431057364501155,
0.442668636502941,0.453494210855373,0.463925577668178,0.473956457121536,0.483983246309866,
0.493991625381608,0.503988881475228,0.506698172747935,0.5173088880181,0.530645434792509,
0.544001311113881,0.557419944569023,0.571287849316464,0.585593777081541,0.588772979702897,
0.597386527842739,0.609598809177153,0.628199416415896,0.648137650976899,0.668211251663522,
0.669392529136565,0.686512178147976,0.704143563223288,0.722347200290538,0.740600346331336,
0.746602639726715,0.758593257955708,0.776280653365474,0.798763238477556,0.82016258119081,
0.82665088775275,0.840451913028331,0.854165468277353,0.8674972883912,0.880083041333964,
0.892307878061757,0.904174748463084,0.905644189507617,0.916049940126474,0.927963219950437,
0.939903926087515,0.951889944631371,0.963894577211723,0.972305875609231,0.975931928626765,
0.987974176729666,1.),
.UNSPECIFIED.);
#3912=LINE('',#6069,#6070);
#3913=VERTEX_POINT('',#6072);
#3914=CIRCLE('',#6073,4.);
#3915=CIRCLE('',#6077,4.);
#3916=VERTEX_POINT('',#6081);
#3917=CIRCLE('',#6082,4.);
#3918=VERTEX_POINT('',#6086);
#3919=CIRCLE('',#6087,0.9);
#3920=VERTEX_POINT('',#6091);
#3921=CIRCLE('',#6092,0.9);
#3922=VERTEX_POINT('',#6096);
#3923=CIRCLE('',#6097,1.6);
#3924=LINE('',#6101,#6102);
#3925=VERTEX_POINT('',#6104);
#3926=CIRCLE('',#6105,1.6);
#3927=LINE('',#6109,#6110);
#3928=CIRCLE('',#6112,1.6);
#3929=CIRCLE('',#6116,1.6);
#3930=LINE('',#6120,#6121);
#3931=LINE('',#6123,#6124);
#3932=LINE('',#6126,#6127);
#3933=LINE('',#6129,#6130);
#3934=LINE('',#6132,#6133);
#3935=LINE('',#6135,#6136);
#3936=LINE('',#6138,#6139);
#3937=LINE('',#6141,#6142);
#3938=LINE('',#6144,#6145);
#3939=LINE('',#6147,#6148);
#3940=LINE('',#6150,#6151);
#3941=LINE('',#6153,#6154);
#3942=LINE('',#6156,#6157);
#3943=LINE('',#6159,#6160);
#3944=CARTESIAN_POINT('',(-9.8,-43.13125,-14.5021505396914));
#3945=CARTESIAN_POINT('',(-9.8,-42.1,-15.6));
#3946=AXIS2_PLACEMENT_3D('',#3947,#3948,#3949);
#3947=CARTESIAN_POINT('',(-9.8,-43.2,-15.6));
#3948=DIRECTION('',(1.,0.,0.));
#3949=DIRECTION('',(0.,1.,-1.61486985400024E-15));
#3950=CARTESIAN_POINT('',(-9.8,-45.1,-12.4062561154657));
#3951=AXIS2_PLACEMENT_3D('',#3952,#3953,#3954);
#3952=CARTESIAN_POINT('',(-9.8,-43.,-12.4062561154657));
#3953=DIRECTION('',(-1.,0.,0.));
#3954=DIRECTION('',(0.,-0.0625000000000041,-0.998044963916957));
#3955=CARTESIAN_POINT('',(-9.8,-45.1,-11.4999990042745));
#3956=CARTESIAN_POINT('',(-9.8,-45.1,-11.4999990042745));
#3957=VECTOR('',#3958,1.);
#3958=DIRECTION('',(0.,0.,-1.));
#3959=CARTESIAN_POINT('',(-9.8,-46.2,-11.4999990042745));
#3960=CARTESIAN_POINT('',(-9.8,-45.1,-11.4999990042745));
#3961=VECTOR('',#3962,1.);
#3962=DIRECTION('',(0.,-1.,0.));
#3963=CARTESIAN_POINT('',(-9.8,-46.2,-24.5000009957255));
#3964=CARTESIAN_POINT('',(-9.8,-46.2,-11.4999990042745));
#3965=VECTOR('',#3966,1.);
#3966=DIRECTION('',(1.36642812867905E-16,0.,-1.));
#3967=CARTESIAN_POINT('',(-9.8,-45.1,-24.5000009957255));
#3968=CARTESIAN_POINT('',(-9.8,-45.1,-24.5000009957255));
#3969=VECTOR('',#3970,1.);
#3970=DIRECTION('',(0.,-1.,0.));
#3971=CARTESIAN_POINT('',(-9.8,-45.1,-23.5937438845343));
#3972=CARTESIAN_POINT('',(-9.8,-45.1,-23.5937438845343));
#3973=VECTOR('',#3974,1.);
#3974=DIRECTION('',(0.,0.,-1.));
#3975=CARTESIAN_POINT('',(-9.8,-43.13125,-21.4978494603086));
#3976=AXIS2_PLACEMENT_3D('',#3977,#3978,#3979);
#3977=CARTESIAN_POINT('',(-9.8,-43.,-23.5937438845343));
#3978=DIRECTION('',(-1.,0.,0.));
#3979=DIRECTION('',(0.,-1.,-6.76707367390564E-15));
#3980=CARTESIAN_POINT('',(-9.8,-42.1,-20.4));
#3981=AXIS2_PLACEMENT_3D('',#3982,#3983,#3984);
#3982=CARTESIAN_POINT('',(-9.8,-43.2,-20.4));
#3983=DIRECTION('',(1.,0.,0.));
#3984=DIRECTION('',(0.,0.0624999999999947,-0.998044963916957));
#3985=CARTESIAN_POINT('',(-9.8,-42.1,-15.6));
#3986=VECTOR('',#3987,1.);
#3987=DIRECTION('',(0.,0.,-1.));
#3988=CARTESIAN_POINT('',(-26.4,-44.6,-23.5937438845343));
#3989=CARTESIAN_POINT('',(-26.4,-43.1,-21.9968719422671));
#3990=AXIS2_PLACEMENT_3D('',#3991,#3992,#3993);
#3991=CARTESIAN_POINT('',(-26.4,-43.,-23.5937438845343));
#3992=DIRECTION('',(1.,0.,-1.83697019872103E-16));
#3993=DIRECTION('',(1.83337885569906E-16,-0.0624999999999963,0.998044963916957));
#3994=CARTESIAN_POINT('',(-26.4,-44.6,-30.));
#3995=CARTESIAN_POINT('',(-26.4,-44.6,-23.5937438845343));
#3996=VECTOR('',#3997,1.);
#3997=DIRECTION('',(-1.10913882141667E-15,0.,-1.));
#3998=CARTESIAN_POINT('',(-26.4,-38.6,-36.));
#3999=AXIS2_PLACEMENT_3D('',#4000,#4001,#4002);
#4000=CARTESIAN_POINT('',(-26.4,-38.6,-30.));
#4001=DIRECTION('',(-1.,5.47382212626882E-48,1.83697019872103E-16));
#4002=DIRECTION('',(-1.83697019872103E-16,1.00552481190556E-63,-1.));
#4003=CARTESIAN_POINT('',(-26.4,-29.9870877129308,-36.));
#4004=CARTESIAN_POINT('',(-26.4,-38.6,-36.));
#4005=VECTOR('',#4006,1.);
#4006=DIRECTION('',(0.,1.,0.));
#4007=CARTESIAN_POINT('',(-26.4,-20.5129122870692,-36.));
#4008=AXIS2_PLACEMENT_3D('',#4009,#4010,#4011);
#4009=CARTESIAN_POINT('',(-26.4,-25.25,-37.6));
#4010=DIRECTION('',(1.,0.,-1.83697019872103E-16));
#4011=DIRECTION('',(5.87830463590727E-17,0.947417542586161,0.319999999999999));
#4012=CARTESIAN_POINT('',(-26.4,-18.8,-36.));
#4013=CARTESIAN_POINT('',(-26.4,-20.5129122870692,-36.));
#4014=VECTOR('',#4015,1.);
#4015=DIRECTION('',(0.,1.,0.));
#4016=CARTESIAN_POINT('',(-26.4,-17.4143593539449,-35.2));
#4017=AXIS2_PLACEMENT_3D('',#4018,#4019,#4020);
#4018=CARTESIAN_POINT('',(-26.4,-18.8,-34.4));
#4019=DIRECTION('',(1.,0.,-1.83697019872103E-16));
#4020=DIRECTION('',(-1.83697019872103E-16,0.,-1.));
#4021=CARTESIAN_POINT('',(-26.4,-16.0287187078898,-34.4));
#4022=AXIS2_PLACEMENT_3D('',#4023,#4024,#4025);
#4023=CARTESIAN_POINT('',(-26.4,-16.0287187078898,-36.));
#4024=DIRECTION('',(-1.,-1.23259516440783E-32,1.83697019872103E-16));
#4025=DIRECTION('',(9.18485099360518E-17,-0.866025403784438,0.500000000000002));
#4026=CARTESIAN_POINT('',(-26.4,-6.37128129211021,-34.4));
#4027=CARTESIAN_POINT('',(-26.4,-6.37128129211021,-34.4));
#4028=VECTOR('',#4029,1.);
#4029=DIRECTION('',(0.,-1.,0.));
#4030=CARTESIAN_POINT('',(-26.4,-4.98564064605511,-35.2));
#4031=AXIS2_PLACEMENT_3D('',#4032,#4033,#4034);
#4032=CARTESIAN_POINT('',(-26.4,-6.37128129211021,-36.));
#4033=DIRECTION('',(-1.,-1.23259516440783E-32,1.83697019872103E-16));
#4034=DIRECTION('',(1.83697019872103E-16,2.26424058410483E-48,1.));
#4035=CARTESIAN_POINT('',(-26.4,-3.60000000000001,-36.));
#4036=AXIS2_PLACEMENT_3D('',#4037,#4038,#4039);
#4037=CARTESIAN_POINT('',(-26.4,-3.60000000000001,-34.4));
#4038=DIRECTION('',(1.,0.,-1.83697019872103E-16));
#4039=DIRECTION('',(-9.18485099360514E-17,-0.866025403784439,-0.499999999999999));
#4040=CARTESIAN_POINT('',(-26.4,20.5129122870692,-36.));
#4041=CARTESIAN_POINT('',(-26.4,-3.60000000000002,-36.));
#4042=VECTOR('',#4043,1.);
#4043=DIRECTION('',(0.,1.,0.));
#4044=CARTESIAN_POINT('',(-26.4,29.9870877129309,-36.));
#4045=AXIS2_PLACEMENT_3D('',#4046,#4047,#4048);
#4046=CARTESIAN_POINT('',(-26.4,25.25,-37.6));
#4047=DIRECTION('',(1.,0.,-1.83697019872103E-16));
#4048=DIRECTION('',(5.87830463590728E-17,0.947417542586161,0.319999999999999));
#4049=CARTESIAN_POINT('',(-26.4,38.6,-36.));
#4050=CARTESIAN_POINT('',(-26.4,29.9870877129309,-36.));
#4051=VECTOR('',#4052,1.);
#4052=DIRECTION('',(0.,1.,0.));
#4053=CARTESIAN_POINT('',(-26.4,44.6,-30.));
#4054=AXIS2_PLACEMENT_3D('',#4055,#4056,#4057);
#4055=CARTESIAN_POINT('',(-26.4,38.6,-30.));
#4056=DIRECTION('',(-1.,2.18952885050753E-47,1.83697019872103E-16));
#4057=DIRECTION('',(-2.17540971751502E-31,1.,-1.1842378929335E-15));
#4058=CARTESIAN_POINT('',(-26.4,44.6,30.));
#4059=CARTESIAN_POINT('',(-26.4,44.6,-30.));
#4060=VECTOR('',#4061,1.);
#4061=DIRECTION('',(2.368475785867E-16,2.368475785867E-16,1.));
#4062=CARTESIAN_POINT('',(-26.4,38.6,36.));
#4063=AXIS2_PLACEMENT_3D('',#4064,#4065,#4066);
#4064=CARTESIAN_POINT('',(-26.4,38.6,30.));
#4065=DIRECTION('',(-1.,-2.18952885050753E-47,1.83697019872103E-16));
#4066=DIRECTION('',(1.83697019872103E-16,-1.1842378929335E-15,1.));
#4067=CARTESIAN_POINT('',(-26.4,29.9870877129308,36.));
#4068=CARTESIAN_POINT('',(-26.4,38.6,36.));
#4069=VECTOR('',#4070,1.);
#4070=DIRECTION('',(0.,-1.,0.));
#4071=CARTESIAN_POINT('',(-26.4,20.5129122870692,36.));
#4072=AXIS2_PLACEMENT_3D('',#4073,#4074,#4075);
#4073=CARTESIAN_POINT('',(-26.4,25.25,37.6));
#4074=DIRECTION('',(1.,0.,-1.83697019872103E-16));
#4075=DIRECTION('',(-5.8783046359073E-17,-0.947417542586161,-0.32));
#4076=CARTESIAN_POINT('',(-26.4,-20.5129122870691,36.));
#4077=CARTESIAN_POINT('',(-26.4,20.5129122870692,36.));
#4078=VECTOR('',#4079,1.);
#4079=DIRECTION('',(0.,-1.,0.));
#4080=CARTESIAN_POINT('',(-26.4,-29.9870877129309,36.));
#4081=AXIS2_PLACEMENT_3D('',#4082,#4083,#4084);
#4082=CARTESIAN_POINT('',(-26.4,-25.25,37.6));
#4083=DIRECTION('',(1.,0.,-1.83697019872103E-16));
#4084=DIRECTION('',(-5.87830463590717E-17,-0.947417542586163,-0.319999999999993));
#4085=CARTESIAN_POINT('',(-26.4,-38.6,36.));
#4086=CARTESIAN_POINT('',(-26.4,-29.9870877129309,36.));
#4087=VECTOR('',#4088,1.);
#4088=DIRECTION('',(0.,-1.,0.));
#4089=CARTESIAN_POINT('',(-26.4,-44.5160797830996,31.));
#4090=AXIS2_PLACEMENT_3D('',#4091,#4092,#4093);
#4091=CARTESIAN_POINT('',(-26.4,-38.6,30.));
#4092=DIRECTION('',(-1.,6.16297582203915E-33,1.83697019872103E-16));
#4093=DIRECTION('',(3.06161699786834E-17,-0.98601329718327,0.166666666666664));
#4094=CARTESIAN_POINT('',(-26.4,-41.5580398915498,27.5));
#4095=AXIS2_PLACEMENT_3D('',#4096,#4097,#4098);
#4096=CARTESIAN_POINT('',(-26.4,-41.5580398915498,30.5));
#4097=DIRECTION('',(1.,0.,-1.83697019872103E-16));
#4098=DIRECTION('',(3.06161699786836E-17,-0.98601329718327,0.166666666666665));
#4099=CARTESIAN_POINT('',(-26.4,-39.6,27.5));
#4100=CARTESIAN_POINT('',(-26.4,-39.6,27.5));
#4101=VECTOR('',#4102,1.);
#4102=DIRECTION('',(0.,-1.,1.81442354373511E-15));
#4103=CARTESIAN_POINT('',(-26.4,-38.6,26.5));
#4104=AXIS2_PLACEMENT_3D('',#4105,#4106,#4107);
#4105=CARTESIAN_POINT('',(-26.4,-39.6,26.5));
#4106=DIRECTION('',(-1.,0.,1.83697019872103E-16));
#4107=DIRECTION('',(1.83697019872103E-16,0.,1.));
#4108=CARTESIAN_POINT('',(-26.4,-38.6,13.3));
#4109=CARTESIAN_POINT('',(-26.4,-38.6,13.3));
#4110=VECTOR('',#4111,1.);
#4111=DIRECTION('',(0.,5.38289951333408E-16,1.));
#4112=CARTESIAN_POINT('',(-26.4,-39.6,12.3));
#4113=AXIS2_PLACEMENT_3D('',#4114,#4115,#4116);
#4114=CARTESIAN_POINT('',(-26.4,-39.6,13.3));
#4115=DIRECTION('',(-1.,4.37905770101505E-47,1.83697019872103E-16));
#4116=DIRECTION('',(3.26311457627254E-31,1.,1.77635683940025E-15));
#4117=CARTESIAN_POINT('',(-26.4,-41.6,12.3));
#4118=CARTESIAN_POINT('',(-26.4,-41.6,12.3));
#4119=VECTOR('',#4120,1.);
#4120=DIRECTION('',(0.,1.,0.));
#4121=CARTESIAN_POINT('',(-26.4,-44.6,9.29999999999997));
#4122=AXIS2_PLACEMENT_3D('',#4123,#4124,#4125);
#4123=CARTESIAN_POINT('',(-26.4,-41.6,9.29999999999996));
#4124=DIRECTION('',(1.,0.,-1.83697019872103E-16));
#4125=DIRECTION('',(1.83697019872103E-16,-2.368475785867E-15,1.));
#4126=CARTESIAN_POINT('',(-26.4,-44.6,-12.4062561154657));
#4127=CARTESIAN_POINT('',(-26.4,-44.6,9.29999999999997));
#4128=VECTOR('',#4129,1.);
#4129=DIRECTION('',(-1.63672337592534E-16,0.,-1.));
#4130=CARTESIAN_POINT('',(-26.4,-43.1,-14.0031280577329));
#4131=AXIS2_PLACEMENT_3D('',#4132,#4133,#4134);
#4132=CARTESIAN_POINT('',(-26.4,-43.,-12.4062561154657));
#4133=DIRECTION('',(1.,0.,-1.83697019872103E-16));
#4134=DIRECTION('',(8.15778644068127E-31,-1.,4.44089209850058E-15));
#4135=CARTESIAN_POINT('',(-26.4,-41.6,-15.6));
#4136=AXIS2_PLACEMENT_3D('',#4137,#4138,#4139);
#4137=CARTESIAN_POINT('',(-26.4,-43.2,-15.6));
#4138=DIRECTION('',(-1.,-1.54074395550979E-33,1.83697019872103E-16));
#4139=DIRECTION('',(1.83337885569906E-16,0.062499999999992,0.998044963916957));
#4140=CARTESIAN_POINT('',(-26.4,-41.6,-20.4));
#4141=CARTESIAN_POINT('',(-26.4,-41.6,-20.4));
#4142=VECTOR('',#4143,1.);
#4143=DIRECTION('',(0.,0.,1.));
#4144=AXIS2_PLACEMENT_3D('',#4145,#4146,#4147);
#4145=CARTESIAN_POINT('',(-26.4,-43.2,-20.4));
#4146=DIRECTION('',(-1.,0.,1.83697019872103E-16));
#4147=DIRECTION('',(0.,1.,0.));
#4148=CARTESIAN_POINT('',(-26.4,-19.1,-4.5594010767585));
#4149=AXIS2_PLACEMENT_3D('',#4150,#4151,#4152);
#4150=CARTESIAN_POINT('',(-26.4,-19.1,7.18867671099496E-15));
#4151=DIRECTION('',(1.,0.,-1.83697019872103E-16));
#4152=DIRECTION('',(-1.83697019872103E-16,1.22464679914735E-16,-1.));
#4153=CARTESIAN_POINT('',(-26.4,-11.4,3.6905989232415));
#4154=AXIS2_PLACEMENT_3D('',#4155,#4156,#4157);
#4155=CARTESIAN_POINT('',(-26.4,-11.4,9.5));
#4156=DIRECTION('',(1.,0.,-1.83697019872103E-16));
#4157=DIRECTION('',(-1.83697019872103E-16,1.22464679914735E-16,-1.));
#4158=CARTESIAN_POINT('',(-26.4,35.6,-17.3094010767585));
#4159=AXIS2_PLACEMENT_3D('',#4160,#4161,#4162);
#4160=CARTESIAN_POINT('',(-26.4,35.6,-11.5));
#4161=DIRECTION('',(1.,0.,-1.83697019872103E-16));
#4162=DIRECTION('',(-1.83697019872103E-16,1.22464679914735E-16,-1.));
#4163=CARTESIAN_POINT('',(-10.3,-44.6,-23.5937438845343));
#4164=CARTESIAN_POINT('',(-10.3,-44.6,-24.5000009957255));
#4165=CARTESIAN_POINT('',(-10.3,-44.6,-23.5937438845343));
#4166=VECTOR('',#4167,1.);
#4167=DIRECTION('',(0.,0.,-1.));
#4168=CARTESIAN_POINT('',(-9.30000099572553,-44.6,-25.5));
#4169=AXIS2_PLACEMENT_3D('',#4170,#4171,#4172);
#4170=CARTESIAN_POINT('',(-9.30000099572553,-44.6,-24.5000009957255));
#4171=DIRECTION('',(-4.79550702262013E-32,-1.,-1.8897413185109E-16));
#4172=DIRECTION('',(-1.,4.79550702262013E-32,9.06226776385447E-48));
#4173=CARTESIAN_POINT('',(-4.69999900427447,-44.6,-25.5));
#4174=CARTESIAN_POINT('',(-9.30000099572553,-44.6,-25.5));
#4175=VECTOR('',#4176,1.);
#4176=DIRECTION('',(1.,0.,0.));
#4177=CARTESIAN_POINT('',(-3.69999999999999,-44.6,-24.5000009957255));
#4178=AXIS2_PLACEMENT_3D('',#4179,#4180,#4181);
#4179=CARTESIAN_POINT('',(-4.69999900427446,-44.6,-24.5000009957255));
#4180=DIRECTION('',(-4.79550702262013E-32,-1.,-1.8897413185109E-16));
#4181=DIRECTION('',(9.06226776385447E-48,1.8897413185109E-16,-1.));
#4182=CARTESIAN_POINT('',(-3.7,-44.6,-11.4999990042745));
#4183=CARTESIAN_POINT('',(-3.7,-44.6,-24.5000009957255));
#4184=VECTOR('',#4185,1.);
#4185=DIRECTION('',(0.,-5.46571251471624E-16,1.));
#4186=CARTESIAN_POINT('',(-4.69999900427445,-44.6,-10.5));
#4187=AXIS2_PLACEMENT_3D('',#4188,#4189,#4190);
#4188=CARTESIAN_POINT('',(-4.69999900427447,-44.6,-11.4999990042745));
#4189=DIRECTION('',(-4.79550702262013E-32,-1.,-1.8897413185109E-16));
#4190=DIRECTION('',(1.,-4.79550702262013E-32,-9.06226776385447E-48));
#4191=CARTESIAN_POINT('',(-9.30000099572552,-44.6,-10.5));
#4192=CARTESIAN_POINT('',(-4.69999900427446,-44.6,-10.5));
#4193=VECTOR('',#4194,1.);
#4194=DIRECTION('',(-1.,0.,1.5446574524981E-15));
#4195=CARTESIAN_POINT('',(-10.3,-44.6,-11.4999990042745));
#4196=AXIS2_PLACEMENT_3D('',#4197,#4198,#4199);
#4197=CARTESIAN_POINT('',(-9.30000099572553,-44.6,-11.4999990042745));
#4198=DIRECTION('',(-4.79550702262012E-32,-1.,-1.8897413185109E-16));
#4199=DIRECTION('',(2.13163032979905E-14,-1.8897413185109E-16,1.));
#4200=CARTESIAN_POINT('',(-10.3,-44.6,-12.4062561154657));
#4201=CARTESIAN_POINT('',(-10.3,-44.6,-11.4999990042745));
#4202=VECTOR('',#4203,1.);
#4203=DIRECTION('',(0.,0.,-1.));
#4204=CARTESIAN_POINT('',(-10.3,-44.6,-12.4062561154657));
#4205=VECTOR('',#4206,1.);
#4206=DIRECTION('',(-1.,0.,4.4133089177646E-16));
#4207=CARTESIAN_POINT('',(-7.12808554246423E-15,-44.6,9.29999999999996));
#4208=CARTESIAN_POINT('',(-26.4,-44.6,9.29999999999996));
#4209=VECTOR('',#4210,1.);
#4210=DIRECTION('',(1.,0.,-2.69144975666705E-16));
#4211=CARTESIAN_POINT('',(3.8992930400038E-15,-44.6,13.8999999999999));
#4212=CARTESIAN_POINT('',(8.54191142405274E-16,-44.6,9.29999999999995));
#4213=VECTOR('',#4214,1.);
#4214=DIRECTION('',(4.78013040240454E-16,0.,1.));
#4215=CARTESIAN_POINT('',(1.2,-44.6,13.9));
#4216=CARTESIAN_POINT('',(3.05305112751136E-15,-44.6,13.8999999999999));
#4217=VECTOR('',#4218,1.);
#4218=DIRECTION('',(1.,0.,0.));
#4219=CARTESIAN_POINT('',(1.19999999999999,-44.6,-30.));
#4220=CARTESIAN_POINT('',(1.19999999999999,-44.6,-30.));
#4221=VECTOR('',#4222,1.);
#4222=DIRECTION('',(2.12434473960167E-16,-1.61854837302984E-16,1.));
#4223=CARTESIAN_POINT('',(-26.4,-44.6,-30.));
#4224=VECTOR('',#4225,1.);
#4225=DIRECTION('',(1.,0.,0.));
#4226=CARTESIAN_POINT('',(-26.4,-44.6,-23.5937438845343));
#4227=VECTOR('',#4228,1.);
#4228=DIRECTION('',(1.,0.,-4.41330891776459E-16));
#4229=CARTESIAN_POINT('',(-10.3,-41.6,-20.4));
#4230=CARTESIAN_POINT('',(-10.3,-41.6,-15.6));
#4231=CARTESIAN_POINT('',(-10.3,-41.6,-15.6));
#4232=VECTOR('',#4233,1.);
#4233=DIRECTION('',(0.,0.,-1.));
#4234=CARTESIAN_POINT('',(-26.4,-41.6,-20.4));
#4235=VECTOR('',#4236,1.);
#4236=DIRECTION('',(1.,0.,-2.2066544588823E-16));
#4237=CARTESIAN_POINT('',(-26.4,-41.6,-15.6));
#4238=VECTOR('',#4239,1.);
#4239=DIRECTION('',(1.,0.,-2.2066544588823E-16));
#4240=CARTESIAN_POINT('',(-15.4,-46.2,16.3999999999999));
#4241=CARTESIAN_POINT('',(-12.9,-46.2,13.9));
#4242=CARTESIAN_POINT('',(-12.9,-46.2,13.9));
#4243=VECTOR('',#4244,1.);
#4244=DIRECTION('',(-0.70710678118655,0.,0.707106781186546));
#4245=CARTESIAN_POINT('',(-15.4,-46.2,18.1));
#4246=CARTESIAN_POINT('',(-15.4,-46.2,18.1));
#4247=VECTOR('',#4248,1.);
#4248=DIRECTION('',(0.,0.,-1.));
#4249=CARTESIAN_POINT('',(-15.4,-46.2,21.7));
#4250=AXIS2_PLACEMENT_3D('',#4251,#4252,#4253);
#4251=CARTESIAN_POINT('',(-15.4,-46.2,19.9));
#4252=DIRECTION('',(4.79550702262013E-32,1.,1.8897413185109E-16));
#4253=DIRECTION('',(9.06226776385447E-48,1.8897413185109E-16,-1.));
#4254=CARTESIAN_POINT('',(-15.4,-46.2,23.4));
#4255=CARTESIAN_POINT('',(-15.4,-46.2,23.4));
#4256=VECTOR('',#4257,1.);
#4257=DIRECTION('',(0.,0.,-1.));
#4258=CARTESIAN_POINT('',(-12.9,-46.2,25.9));
#4259=CARTESIAN_POINT('',(-15.4,-46.2,23.4));
#4260=VECTOR('',#4261,1.);
#4261=DIRECTION('',(0.707106781186547,0.,0.707106781186548));
#4262=CARTESIAN_POINT('',(4.15523324674398E-15,-46.2,25.9));
#4263=CARTESIAN_POINT('',(3.5527136788005E-15,-46.2,25.9));
#4264=VECTOR('',#4265,1.);
#4265=DIRECTION('',(-1.,0.,-2.75404161147326E-16));
#4266=CARTESIAN_POINT('',(2.42908914518778E-15,-46.2,30.));
#4267=CARTESIAN_POINT('',(6.30816897688204E-15,-46.2,30.));
#4268=VECTOR('',#4269,1.);
#4269=DIRECTION('',(-5.2510627564343E-16,1.73303106282951E-15,-1.));
#4270=CARTESIAN_POINT('',(-28.,-46.2,30.));
#4271=CARTESIAN_POINT('',(-28.,-46.2,30.));
#4272=VECTOR('',#4273,1.);
#4273=DIRECTION('',(1.,0.,-3.80647894157197E-16));
#4274=CARTESIAN_POINT('',(-28.,-46.2,19.1568542494925));
#4275=CARTESIAN_POINT('',(-28.,-46.2,30.));
#4276=VECTOR('',#4277,1.);
#4277=DIRECTION('',(-3.27646031930745E-16,6.55292063861489E-16,-1.));
#4278=CARTESIAN_POINT('',(-18.,-46.2,19.1568542494925));
#4279=CARTESIAN_POINT('',(-28.,-46.2,19.1568542494925));
#4280=VECTOR('',#4281,1.);
#4281=DIRECTION('',(1.,0.,0.));
#4282=CARTESIAN_POINT('',(-18.,-46.2,3.6073693701198));
#4283=CARTESIAN_POINT('',(-18.,-46.2,19.1568542494925));
#4284=VECTOR('',#4285,1.);
#4285=DIRECTION('',(-4.56955803534481E-16,0.,-1.));
#4286=CARTESIAN_POINT('',(-18.,-46.2,-3.32083386015568));
#4287=CARTESIAN_POINT('',(-18.,-46.2,3.6073693701198));
#4288=CARTESIAN_POINT('',(-18.,-46.2,3.4964202373986));
#4289=CARTESIAN_POINT('',(-18.0064286484485,-46.2,3.30153921564488));
#4290=CARTESIAN_POINT('',(-18.0263759969688,-46.2,3.05167491028577));
#4291=CARTESIAN_POINT('',(-18.0507076822487,-46.2,2.84222592122414));
#4292=CARTESIAN_POINT('',(-18.0787265970317,-46.2,2.64944705144491));
#4293=CARTESIAN_POINT('',(-18.1101393738094,-46.2,2.4657103102053));
#4294=CARTESIAN_POINT('',(-18.1456143861788,-46.2,2.28242469204636));
#4295=CARTESIAN_POINT('',(-18.1840812303735,-46.2,2.10152229045029));
#4296=CARTESIAN_POINT('',(-18.2250964620796,-46.2,1.92146838830349));
#4297=CARTESIAN_POINT('',(-18.267671811892,-46.2,1.74279445537025));
#4298=CARTESIAN_POINT('',(-18.3109320144587,-46.2,1.56504104652582));
#4299=CARTESIAN_POINT('',(-18.3539503909826,-46.2,1.38749534974536));
#4300=CARTESIAN_POINT('',(-18.3957624741909,-46.2,1.20896800514289));
#4301=CARTESIAN_POINT('',(-18.4352827367431,-46.2,1.02784605646719));
#4302=CARTESIAN_POINT('',(-18.4712940863625,-46.2,0.841544878293435));
#4303=CARTESIAN_POINT('',(-18.5024763873174,-46.2,0.6446821417296));
#4304=CARTESIAN_POINT('',(-18.5268532201246,-46.2,0.426460773147989));
#4305=CARTESIAN_POINT('',(-18.5386559463511,-46.2,0.189169218237095));
#4306=CARTESIAN_POINT('',(-18.5329708173182,-46.2,-0.0584422993917317));
#4307=CARTESIAN_POINT('',(-18.5112095482019,-46.2,-0.293383870045579));
#4308=CARTESIAN_POINT('',(-18.47936204063,-46.2,-0.509168689259157));
#4309=CARTESIAN_POINT('',(-18.4426852773404,-46.2,-0.705499712558424));
#4310=CARTESIAN_POINT('',(-18.4021781239833,-46.2,-0.894256553596085));
#4311=CARTESIAN_POINT('',(-18.3590942145135,-46.2,-1.07951650026086));
#4312=CARTESIAN_POINT('',(-18.3146315189814,-46.2,-1.26334938022455));
#4313=CARTESIAN_POINT('',(-18.269864839434,-46.2,-1.44715247385671));
#4314=CARTESIAN_POINT('',(-18.2258006848871,-46.2,-1.63183305336514));
#4315=CARTESIAN_POINT('',(-18.1833597138297,-46.2,-1.81810339844306));
#4316=CARTESIAN_POINT('',(-18.1434273116711,-46.2,-2.00639937541656));
#4317=CARTESIAN_POINT('',(-18.1070957829266,-46.2,-2.19567297862678));
#4318=CARTESIAN_POINT('',(-18.0752748411214,-46.2,-2.38474451123677));
#4319=CARTESIAN_POINT('',(-18.0489007494633,-46.2,-2.57039179623472));
#4320=CARTESIAN_POINT('',(-18.0280215422838,-46.2,-2.7534055749874));
#4321=CARTESIAN_POINT('',(-18.0126509281947,-46.2,-2.93452668286869));
#4322=CARTESIAN_POINT('',(-18.0026309109385,-46.2,-3.12080308219289));
#4323=CARTESIAN_POINT('',(-17.9999999999999,-46.2,-3.25239618799434));
#4324=CARTESIAN_POINT('',(-17.9999999999999,-46.2,-3.32083386015569));
#4325=CARTESIAN_POINT('',(-18.,-46.2,-19.1568542494925));
#4326=CARTESIAN_POINT('',(-18.,-46.2,-3.32083386015568));
#4327=VECTOR('',#4328,1.);
#4328=DIRECTION('',(-4.4868768686263E-16,0.,-1.));
#4329=CARTESIAN_POINT('',(-28.,-46.2,-19.1568542494925));
#4330=CARTESIAN_POINT('',(-18.,-46.2,-19.1568542494925));
#4331=VECTOR('',#4332,1.);
#4332=DIRECTION('',(-1.,0.,1.06581410364015E-15));
#4333=CARTESIAN_POINT('',(-28.,-46.2,-30.));
#4334=CARTESIAN_POINT('',(-28.,-46.2,-19.1568542494925));
#4335=VECTOR('',#4336,1.);
#4336=DIRECTION('',(-3.27646031930744E-16,6.55292063861489E-16,-1.));
#4337=CARTESIAN_POINT('',(-1.66399438603898E-14,-46.2,-30.));
#4338=CARTESIAN_POINT('',(-28.,-46.2,-30.));
#4339=VECTOR('',#4340,1.);
#4340=DIRECTION('',(1.,0.,0.));
#4341=CARTESIAN_POINT('',(3.05305112751136E-15,-46.2,13.9));
#4342=CARTESIAN_POINT('',(3.05305112751136E-15,-46.2,13.9));
#4343=VECTOR('',#4344,1.);
#4344=DIRECTION('',(-2.1323963791329E-16,1.61854837302984E-16,-1.));
#4345=CARTESIAN_POINT('',(-12.9,-46.2,13.9));
#4346=VECTOR('',#4347,1.);
#4347=DIRECTION('',(1.,0.,0.));
#4348=CARTESIAN_POINT('',(-9.30000099572553,-46.2,-25.));
#4349=AXIS2_PLACEMENT_3D('',#4350,#4351,#4352);
#4350=CARTESIAN_POINT('',(-9.30000099572553,-46.2,-24.5000009957255));
#4351=DIRECTION('',(-4.79550702262013E-32,-1.,-1.8897413185109E-16));
#4352=DIRECTION('',(-1.,4.79550702262013E-32,9.06226776385447E-48));
#4353=CARTESIAN_POINT('',(-9.30000099572552,-46.2,-11.));
#4354=AXIS2_PLACEMENT_3D('',#4355,#4356,#4357);
#4355=CARTESIAN_POINT('',(-9.30000099572553,-46.2,-11.4999990042745));
#4356=DIRECTION('',(-4.79550702262019E-32,-1.,-1.8897413185109E-16));
#4357=DIRECTION('',(2.48690452770901E-14,-1.8897413185109E-16,1.));
#4358=CARTESIAN_POINT('',(-4.69999900427446,-46.2,-11.));
#4359=CARTESIAN_POINT('',(-4.69999900427446,-46.2,-11.));
#4360=VECTOR('',#4361,1.);
#4361=DIRECTION('',(-1.,0.,0.));
#4362=CARTESIAN_POINT('',(-4.2,-46.2,-11.4999990042745));
#4363=AXIS2_PLACEMENT_3D('',#4364,#4365,#4366);
#4364=CARTESIAN_POINT('',(-4.69999900427447,-46.2,-11.4999990042745));
#4365=DIRECTION('',(-4.79550702262013E-32,-1.,-1.8897413185109E-16));
#4366=DIRECTION('',(1.,-4.79550702262013E-32,-9.06226776385447E-48));
#4367=CARTESIAN_POINT('',(-4.2,-46.2,-24.5000009957255));
#4368=CARTESIAN_POINT('',(-4.19999999999999,-46.2,-24.5000009957256));
#4369=VECTOR('',#4370,1.);
#4370=DIRECTION('',(-1.36642812867906E-16,-5.46571251471622E-16,1.));
#4371=CARTESIAN_POINT('',(-4.69999900427447,-46.2,-25.));
#4372=AXIS2_PLACEMENT_3D('',#4373,#4374,#4375);
#4373=CARTESIAN_POINT('',(-4.69999900427446,-46.2,-24.5000009957255));
#4374=DIRECTION('',(-4.79550702262013E-32,-1.,-1.8897413185109E-16));
#4375=DIRECTION('',(9.06226776385447E-48,1.8897413185109E-16,-1.));
#4376=CARTESIAN_POINT('',(-9.30000099572552,-46.2,-25.));
#4377=VECTOR('',#4378,1.);
#4378=DIRECTION('',(1.,0.,0.));
#4379=CARTESIAN_POINT('',(-9.30000099572553,-45.1,-25.));
#4380=AXIS2_PLACEMENT_3D('',#4381,#4382,#4383);
#4381=CARTESIAN_POINT('',(-9.30000099572553,-45.1,-24.5000009957255));
#4382=DIRECTION('',(-4.79550702262013E-32,-1.,-1.8897413185109E-16));
#4383=DIRECTION('',(-1.,4.79550702262013E-32,9.06226776385447E-48));
#4384=CARTESIAN_POINT('',(-9.30000099572553,-45.1,-25.));
#4385=VECTOR('',#4386,1.);
#4386=DIRECTION('',(0.,-1.,0.));
#4387=CARTESIAN_POINT('',(-9.30000099572552,-45.1,-11.));
#4388=AXIS2_PLACEMENT_3D('',#4389,#4390,#4391);
#4389=CARTESIAN_POINT('',(-9.30000099572553,-45.1,-11.4999990042745));
#4390=DIRECTION('',(-4.79550702262012E-32,-1.,-1.8897413185109E-16));
#4391=DIRECTION('',(2.48690452770901E-14,-1.8897413185109E-16,1.));
#4392=CARTESIAN_POINT('',(-9.30000099572552,-45.1,-11.));
#4393=VECTOR('',#4394,1.);
#4394=DIRECTION('',(0.,-1.,0.));
#4395=CARTESIAN_POINT('',(1.19999999999999,-38.6,-36.));
#4396=AXIS2_PLACEMENT_3D('',#4397,#4398,#4399);
#4397=CARTESIAN_POINT('',(1.19999999999999,-38.6,-30.));
#4398=DIRECTION('',(-1.,0.,1.83697019872103E-16));
#4399=DIRECTION('',(-1.83697019872103E-16,0.,-1.));
#4400=CARTESIAN_POINT('',(-26.4,-38.6,-36.));
#4401=VECTOR('',#4402,1.);
#4402=DIRECTION('',(1.,0.,0.));
#4403=CARTESIAN_POINT('',(3.12470627973551E-15,-29.9870877129308,-36.));
#4404=CARTESIAN_POINT('',(-26.4,-29.9870877129308,-36.));
#4405=VECTOR('',#4406,1.);
#4406=DIRECTION('',(1.,0.,0.));
#4407=CARTESIAN_POINT('',(1.19999999999999,-28.65,-36.));
#4408=CARTESIAN_POINT('',(1.19999999999999,-28.65,-36.));
#4409=VECTOR('',#4410,1.);
#4410=DIRECTION('',(0.,-1.,0.));
#4411=CARTESIAN_POINT('',(-6.61309271539571E-15,-28.65,-36.));
#4412=CARTESIAN_POINT('',(-6.85926003649836E-15,-28.65,-36.));
#4413=VECTOR('',#4414,1.);
#4414=DIRECTION('',(1.,0.,0.));
#4415=CARTESIAN_POINT('',(-6.85926003649836E-15,-28.65,-36.));
#4416=VECTOR('',#4417,1.);
#4417=DIRECTION('',(0.,-1.,0.));
#4418=CARTESIAN_POINT('',(3.12470627973551E-15,-20.5129122870692,-36.));
#4419=AXIS2_PLACEMENT_3D('',#4420,#4421,#4422);
#4420=CARTESIAN_POINT('',(-6.90700794719107E-15,-25.25,-37.6));
#4421=DIRECTION('',(1.,0.,-1.83697019872103E-16));
#4422=DIRECTION('',(5.87830463590725E-17,0.947417542586162,0.319999999999997));
#4423=CARTESIAN_POINT('',(-26.4,-20.5129122870692,-36.));
#4424=VECTOR('',#4425,1.);
#4425=DIRECTION('',(1.,0.,2.69144975666705E-16));
#4426=CARTESIAN_POINT('',(-2.79648318493199E-15,-3.6,-36.));
#4427=CARTESIAN_POINT('',(-26.4,-3.60000000000001,-36.));
#4428=VECTOR('',#4429,1.);
#4429=DIRECTION('',(1.,3.19609658604212E-16,-2.69144975666705E-16));
#4430=CARTESIAN_POINT('',(-3.98072107786549E-15,-18.8,-36.));
#4431=CARTESIAN_POINT('',(-6.85926003649836E-15,-3.6,-36.));
#4432=VECTOR('',#4433,1.);
#4433=DIRECTION('',(0.,-1.,0.));
#4434=CARTESIAN_POINT('',(-1.77635683940025E-15,-18.8,-36.));
#4435=VECTOR('',#4436,1.);
#4436=DIRECTION('',(-1.,1.34572487833352E-16,2.69144975666705E-16));
#4437=CARTESIAN_POINT('',(-6.61309271539571E-15,-21.85,-36.));
#4438=CARTESIAN_POINT('',(-6.85926003649836E-15,-20.5129122870692,-36.));
#4439=VECTOR('',#4440,1.);
#4440=DIRECTION('',(0.,-1.,0.));
#4441=CARTESIAN_POINT('',(1.19999999999999,-21.85,-36.));
#4442=CARTESIAN_POINT('',(-6.85926003649836E-15,-21.85,-36.));
#4443=VECTOR('',#4444,1.);
#4444=DIRECTION('',(1.,0.,0.));
#4445=CARTESIAN_POINT('',(1.19999999999999,21.85,-36.));
#4446=CARTESIAN_POINT('',(1.19999999999999,21.85,-36.));
#4447=VECTOR('',#4448,1.);
#4448=DIRECTION('',(0.,-1.,-1.62595591707117E-16));
#4449=CARTESIAN_POINT('',(-6.61309271539571E-15,21.85,-36.));
#4450=CARTESIAN_POINT('',(-6.85926003649836E-15,21.85,-36.));
#4451=VECTOR('',#4452,1.);
#4452=DIRECTION('',(1.,0.,0.));
#4453=CARTESIAN_POINT('',(4.30894417266902E-15,20.5129122870692,-36.));
#4454=CARTESIAN_POINT('',(-6.85926003649836E-15,21.85,-36.));
#4455=VECTOR('',#4456,1.);
#4456=DIRECTION('',(0.,-1.,0.));
#4457=CARTESIAN_POINT('',(-26.4,20.5129122870692,-36.));
#4458=VECTOR('',#4459,1.);
#4459=DIRECTION('',(1.,0.,0.));
#4460=CARTESIAN_POINT('',(-7.48444888470009E-15,-17.4143593539449,-35.2));
#4461=CARTESIAN_POINT('',(-26.4,-17.4143593539449,-35.2));
#4462=VECTOR('',#4463,1.);
#4463=DIRECTION('',(1.,0.,0.));
#4464=AXIS2_PLACEMENT_3D('',#4465,#4466,#4467);
#4465=CARTESIAN_POINT('',(-6.31917748360034E-15,-18.8,-34.4));
#4466=DIRECTION('',(-1.,0.,1.83697019872103E-16));
#4467=DIRECTION('',(-9.18485099360503E-17,0.866025403784442,-0.499999999999994));
#4468=CARTESIAN_POINT('',(-8.02758195920095E-15,-16.0287187078898,-34.4));
#4469=CARTESIAN_POINT('',(-26.4,-16.0287187078898,-34.4));
#4470=VECTOR('',#4471,1.);
#4471=DIRECTION('',(1.,0.,-5.38289951333409E-16));
#4472=AXIS2_PLACEMENT_3D('',#4473,#4474,#4475);
#4473=CARTESIAN_POINT('',(-6.61309271539571E-15,-16.0287187078898,-36.));
#4474=DIRECTION('',(1.,0.,-1.83697019872103E-16));
#4475=DIRECTION('',(1.83697019872103E-16,0.,1.));
#4476=CARTESIAN_POINT('',(-9.8039387986012E-15,-6.37128129211021,-34.4));
#4477=CARTESIAN_POINT('',(-26.4,-6.37128129211021,-34.4));
#4478=VECTOR('',#4479,1.);
#4479=DIRECTION('',(1.,1.34572487833352E-16,-2.69144975666705E-16));
#4480=CARTESIAN_POINT('',(-1.02650160994012E-14,-6.37128129211021,-34.4));
#4481=VECTOR('',#4482,1.);
#4482=DIRECTION('',(0.,-1.,0.));
#4483=CARTESIAN_POINT('',(-9.80000000000001,-9.4535750803427,-34.4));
#4484=CARTESIAN_POINT('',(-9.80000000000001,-12.9464249196573,-34.4));
#4485=AXIS2_PLACEMENT_3D('',#4486,#4487,#4488);
#4486=CARTESIAN_POINT('',(-7.00000000000001,-11.2,-34.4));
#4487=DIRECTION('',(-2.59322166335803E-16,0.,-1.));
#4488=DIRECTION('',(-0.848484848484848,0.529219672623424,2.20030929012196E-16));
#4489=CARTESIAN_POINT('',(-9.80000000000001,-9.4535750803427,-34.4));
#4490=VECTOR('',#4491,1.);
#4491=DIRECTION('',(0.,-1.,0.));
#4492=CARTESIAN_POINT('',(-8.07656783116684E-15,-4.98564064605511,-35.2));
#4493=CARTESIAN_POINT('',(-26.4,-4.98564064605511,-35.2));
#4494=VECTOR('',#4495,1.);
#4495=DIRECTION('',(1.,1.00929365875014E-16,0.));
#4496=AXIS2_PLACEMENT_3D('',#4497,#4498,#4499);
#4497=CARTESIAN_POINT('',(-6.61309271539571E-15,-6.37128129211021,-36.));
#4498=DIRECTION('',(1.,0.,-1.83697019872103E-16));
#4499=DIRECTION('',(9.18485099360513E-17,0.866025403784439,0.499999999999999));
#4500=AXIS2_PLACEMENT_3D('',#4501,#4502,#4503);
#4501=CARTESIAN_POINT('',(-6.31917748360034E-15,-3.60000000000001,-34.4));
#4502=DIRECTION('',(-1.,-1.23259516440783E-32,1.83697019872103E-16));
#4503=DIRECTION('',(-1.83697019872103E-16,2.27893625898235E-63,-1.));
#4504=CARTESIAN_POINT('',(4.90106311913577E-15,29.9870877129308,-36.));
#4505=AXIS2_PLACEMENT_3D('',#4506,#4507,#4508);
#4506=CARTESIAN_POINT('',(-6.90700794719107E-15,25.25,-37.6));
#4507=DIRECTION('',(1.,0.,-1.83697019872103E-16));
#4508=DIRECTION('',(5.87830463590733E-17,0.94741754258616,0.320000000000002));
#4509=CARTESIAN_POINT('',(-26.4,29.9870877129308,-36.));
#4510=VECTOR('',#4511,1.);
#4511=DIRECTION('',(1.,0.,0.));
#4512=CARTESIAN_POINT('',(-6.61309271539571E-15,28.65,-36.));
#4513=CARTESIAN_POINT('',(-6.85926003649835E-15,29.9870877129309,-36.));
#4514=VECTOR('',#4515,1.);
#4515=DIRECTION('',(0.,-1.,0.));
#4516=CARTESIAN_POINT('',(1.19999999999999,28.65,-36.));
#4517=CARTESIAN_POINT('',(-6.85926003649836E-15,28.65,-36.));
#4518=VECTOR('',#4519,1.);
#4519=DIRECTION('',(1.,0.,0.));
#4520=CARTESIAN_POINT('',(1.19999999999999,38.6,-36.));
#4521=CARTESIAN_POINT('',(1.19999999999999,38.6,-36.));
#4522=VECTOR('',#4523,1.);
#4523=DIRECTION('',(0.,-1.,7.1411330227146E-16));
#4524=CARTESIAN_POINT('',(-26.4,38.6,-36.));
#4525=VECTOR('',#4526,1.);
#4526=DIRECTION('',(1.,-5.1488604040587E-16,-2.57443020202935E-16));
#4527=CARTESIAN_POINT('',(1.19999999999999,44.6,-30.));
#4528=AXIS2_PLACEMENT_3D('',#4529,#4530,#4531);
#4529=CARTESIAN_POINT('',(1.19999999999999,38.6,-30.));
#4530=DIRECTION('',(-1.,-4.37905770101505E-47,1.83697019872103E-16));
#4531=DIRECTION('',(-3.26311457627253E-31,1.,-1.77635683940025E-15));
#4532=CARTESIAN_POINT('',(-26.4,44.6,-30.));
#4533=VECTOR('',#4534,1.);
#4534=DIRECTION('',(1.,0.,-5.1488604040587E-16));
#4535=CARTESIAN_POINT('',(1.20000000000001,44.6,30.));
#4536=CARTESIAN_POINT('',(1.20000000000001,44.6,30.));
#4537=VECTOR('',#4538,1.);
#4538=DIRECTION('',(-2.1094237467878E-16,0.,-1.));
#4539=CARTESIAN_POINT('',(-26.4,44.6,30.));
#4540=VECTOR('',#4541,1.);
#4541=DIRECTION('',(1.,0.,2.57443020202935E-16));
#4542=CARTESIAN_POINT('',(1.20000000000001,38.6,36.));
#4543=AXIS2_PLACEMENT_3D('',#4544,#4545,#4546);
#4544=CARTESIAN_POINT('',(1.20000000000001,38.6,30.));
#4545=DIRECTION('',(-1.,0.,1.83697019872103E-16));
#4546=DIRECTION('',(1.83697019872103E-16,0.,1.));
#4547=CARTESIAN_POINT('',(-26.4,38.6,36.));
#4548=VECTOR('',#4549,1.);
#4549=DIRECTION('',(1.,2.57443020202935E-16,0.));
#4550=CARTESIAN_POINT('',(8.71767264959949E-15,29.9870877129308,36.));
#4551=CARTESIAN_POINT('',(-26.4,29.9870877129308,36.));
#4552=VECTOR('',#4553,1.);
#4553=DIRECTION('',(1.,-1.34572487833352E-16,-2.69144975666705E-16));
#4554=CARTESIAN_POINT('',(1.20000000000001,28.65,36.));
#4555=CARTESIAN_POINT('',(1.20000000000001,28.65,36.));
#4556=VECTOR('',#4557,1.);
#4557=DIRECTION('',(0.,1.,-7.14113302271457E-16));
#4558=CARTESIAN_POINT('',(6.61309271539571E-15,28.65,36.));
#4559=CARTESIAN_POINT('',(6.85926003649836E-15,28.65,36.));
#4560=VECTOR('',#4561,1.);
#4561=DIRECTION('',(1.,0.,0.));
#4562=CARTESIAN_POINT('',(6.85926003649836E-15,28.65,36.));
#4563=VECTOR('',#4564,1.);
#4564=DIRECTION('',(0.,1.,0.));
#4565=CARTESIAN_POINT('',(8.71767264959949E-15,20.5129122870692,36.));
#4566=AXIS2_PLACEMENT_3D('',#4567,#4568,#4569);
#4567=CARTESIAN_POINT('',(6.90700794719107E-15,25.25,37.6));
#4568=DIRECTION('',(1.,0.,-1.83697019872103E-16));
#4569=DIRECTION('',(-5.87830463590733E-17,-0.94741754258616,-0.320000000000002));
#4570=CARTESIAN_POINT('',(-26.4,20.5129122870692,36.));
#4571=VECTOR('',#4572,1.);
#4572=DIRECTION('',(1.,0.,-5.38289951333409E-16));
#4573=CARTESIAN_POINT('',(6.61309271539571E-15,21.85,36.));
#4574=CARTESIAN_POINT('',(6.85926003649836E-15,20.5129122870692,36.));
#4575=VECTOR('',#4576,1.);
#4576=DIRECTION('',(0.,1.,0.));
#4577=CARTESIAN_POINT('',(1.20000000000001,21.85,36.));
#4578=CARTESIAN_POINT('',(6.85926003649836E-15,21.85,36.));
#4579=VECTOR('',#4580,1.);
#4580=DIRECTION('',(1.,0.,0.));
#4581=CARTESIAN_POINT('',(1.20000000000001,-21.85,36.));
#4582=CARTESIAN_POINT('',(1.20000000000001,-21.85,36.));
#4583=VECTOR('',#4584,1.);
#4584=DIRECTION('',(0.,1.,1.62595591707117E-16));
#4585=CARTESIAN_POINT('',(6.61309271539571E-15,-21.85,36.));
#4586=CARTESIAN_POINT('',(6.85926003649835E-15,-21.85,36.));
#4587=VECTOR('',#4588,1.);
#4588=DIRECTION('',(1.,0.,0.));
#4589=CARTESIAN_POINT('',(7.53343475666598E-15,-20.5129122870692,36.));
#4590=CARTESIAN_POINT('',(6.85926003649835E-15,-21.85,36.));
#4591=VECTOR('',#4592,1.);
#4592=DIRECTION('',(5.89984409842403E-31,1.,0.));
#4593=CARTESIAN_POINT('',(-26.4,-20.5129122870692,36.));
#4594=VECTOR('',#4595,1.);
#4595=DIRECTION('',(1.,0.,-2.69144975666705E-16));
#4596=CARTESIAN_POINT('',(8.12555370313273E-15,-29.9870877129308,36.));
#4597=AXIS2_PLACEMENT_3D('',#4598,#4599,#4600);
#4598=CARTESIAN_POINT('',(6.90700794719107E-15,-25.25,37.6));
#4599=DIRECTION('',(1.,0.,-1.83697019872103E-16));
#4600=DIRECTION('',(-5.8783046359073E-17,-0.947417542586161,-0.32));
#4601=CARTESIAN_POINT('',(-26.4,-29.9870877129308,36.));
#4602=VECTOR('',#4603,1.);
#4603=DIRECTION('',(1.,0.,0.));
#4604=CARTESIAN_POINT('',(6.61309271539571E-15,-28.65,36.));
#4605=CARTESIAN_POINT('',(6.85926003649835E-15,-29.9870877129309,36.));
#4606=VECTOR('',#4607,1.);
#4607=DIRECTION('',(0.,1.,5.31410713664093E-15));
#4608=CARTESIAN_POINT('',(1.20000000000001,-28.65,36.));
#4609=CARTESIAN_POINT('',(6.85926003649835E-15,-28.65,36.));
#4610=VECTOR('',#4611,1.);
#4611=DIRECTION('',(1.,0.,0.));
#4612=CARTESIAN_POINT('',(1.20000000000001,-38.6,36.));
#4613=CARTESIAN_POINT('',(1.20000000000001,-38.6,36.));
#4614=VECTOR('',#4615,1.);
#4615=DIRECTION('',(0.,1.,-7.14113302271458E-16));
#4616=CARTESIAN_POINT('',(-26.4,-38.6,36.));
#4617=VECTOR('',#4618,1.);
#4618=DIRECTION('',(1.,0.,-2.57443020202935E-16));
#4619=CARTESIAN_POINT('',(5.4509162174789E-15,-44.5160797830996,31.));
#4620=CARTESIAN_POINT('',(1.4210854715202E-14,-44.5160797830996,31.));
#4621=VECTOR('',#4622,1.);
#4622=DIRECTION('',(-1.,2.69144975666705E-16,2.69144975666705E-16));
#4623=CARTESIAN_POINT('',(1.20000000000001,-44.6,30.));
#4624=AXIS2_PLACEMENT_3D('',#4625,#4626,#4627);
#4625=CARTESIAN_POINT('',(1.20000000000001,-38.6,30.));
#4626=DIRECTION('',(-1.,-1.09476442525376E-47,1.83697019872103E-16));
#4627=DIRECTION('',(1.08770485875751E-31,-1.,5.92118946466751E-16));
#4628=CARTESIAN_POINT('',(5.51091059616309E-15,-44.6,30.));
#4629=CARTESIAN_POINT('',(2.75545529808154E-15,-44.6,30.));
#4630=VECTOR('',#4631,1.);
#4631=DIRECTION('',(1.,0.,0.));
#4632=AXIS2_PLACEMENT_3D('',#4633,#4634,#4635);
#4633=CARTESIAN_POINT('',(5.51091059616309E-15,-38.6,30.));
#4634=DIRECTION('',(-1.,2.73691106313441E-48,1.83697019872103E-16));
#4635=DIRECTION('',(-2.73691106313441E-48,-1.,5.0276240595278E-64));
#4636=CARTESIAN_POINT('',(9.38143565289536E-15,-41.5580398915498,27.5));
#4637=AXIS2_PLACEMENT_3D('',#4638,#4639,#4640);
#4638=CARTESIAN_POINT('',(5.60275910609914E-15,-41.5580398915498,30.5));
#4639=DIRECTION('',(-1.,0.,1.83697019872103E-16));
#4640=DIRECTION('',(-1.83697019872103E-16,0.,-1.));
#4641=CARTESIAN_POINT('',(4.44089209850063E-15,-41.5580398915498,27.5));
#4642=VECTOR('',#4643,1.);
#4643=DIRECTION('',(-1.,5.38289951333409E-16,1.34572487833352E-16));
#4644=CARTESIAN_POINT('',(2.30001714216306E-14,-39.6,27.5));
#4645=CARTESIAN_POINT('',(-26.4,-39.6,27.5));
#4646=VECTOR('',#4647,1.);
#4647=DIRECTION('',(1.,0.,-1.34572487833352E-16));
#4648=CARTESIAN_POINT('',(1.85130455778437E-14,-39.6,27.5));
#4649=VECTOR('',#4650,1.);
#4650=DIRECTION('',(0.,-1.,0.));
#4651=CARTESIAN_POINT('',(2.29389390816732E-14,-38.6,26.5));
#4652=CARTESIAN_POINT('',(-26.4,-38.6,26.5));
#4653=VECTOR('',#4654,1.);
#4654=DIRECTION('',(1.,0.,-1.34572487833352E-16));
#4655=AXIS2_PLACEMENT_3D('',#4656,#4657,#4658);
#4656=CARTESIAN_POINT('',(4.86797102661073E-15,-39.6,26.5));
#4657=DIRECTION('',(1.,0.,-1.83697019872103E-16));
#4658=DIRECTION('',(0.,1.,0.));
#4659=CARTESIAN_POINT('',(3.31794622450915E-14,-38.6,25.9));
#4660=CARTESIAN_POINT('',(1.8366087961946E-14,-38.6,25.9));
#4661=VECTOR('',#4662,1.);
#4662=DIRECTION('',(9.18485099360538E-17,0.,1.));
#4663=CARTESIAN_POINT('',(-12.9,-38.6,25.9));
#4664=CARTESIAN_POINT('',(-12.9,-38.6,25.9));
#4665=VECTOR('',#4666,1.);
#4666=DIRECTION('',(1.,0.,0.));
#4667=CARTESIAN_POINT('',(-15.4,-38.6,23.4));
#4668=CARTESIAN_POINT('',(-12.9,-38.6,25.9));
#4669=VECTOR('',#4670,1.);
#4670=DIRECTION('',(-0.707106781186546,0.,-0.707106781186549));
#4671=CARTESIAN_POINT('',(-15.4,-38.6,21.7));
#4672=CARTESIAN_POINT('',(-15.4,-38.6,21.7));
#4673=VECTOR('',#4674,1.);
#4674=DIRECTION('',(0.,0.,1.));
#4675=CARTESIAN_POINT('',(-15.4,-38.6,18.1));
#4676=AXIS2_PLACEMENT_3D('',#4677,#4678,#4679);
#4677=CARTESIAN_POINT('',(-15.4,-38.6,19.9));
#4678=DIRECTION('',(-9.56195036631526E-32,1.,-5.92118946466748E-16));
#4679=DIRECTION('',(5.66181197706993E-47,-5.92118946466748E-16,-1.));
#4680=CARTESIAN_POINT('',(-15.4,-38.6,16.3999999999999));
#4681=CARTESIAN_POINT('',(-15.4,-38.6,16.3999999999999));
#4682=VECTOR('',#4683,1.);
#4683=DIRECTION('',(0.,0.,1.));
#4684=CARTESIAN_POINT('',(-12.9,-38.6,13.9));
#4685=CARTESIAN_POINT('',(-15.4,-38.6,16.3999999999999));
#4686=VECTOR('',#4687,1.);
#4687=DIRECTION('',(0.70710678118655,0.,-0.707106781186546));
#4688=CARTESIAN_POINT('',(3.09750980066262E-14,-38.6,13.9));
#4689=CARTESIAN_POINT('',(-12.9,-38.6,13.9));
#4690=VECTOR('',#4691,1.);
#4691=DIRECTION('',(1.,0.,0.));
#4692=CARTESIAN_POINT('',(2.2130672194236E-14,-38.6,13.3));
#4693=CARTESIAN_POINT('',(1.72087967367517E-14,-38.6,13.3));
#4694=VECTOR('',#4695,1.);
#4695=DIRECTION('',(9.18485099360538E-17,0.,1.));
#4696=CARTESIAN_POINT('',(-26.4,-38.6,13.3));
#4697=VECTOR('',#4698,1.);
#4698=DIRECTION('',(1.,0.,-2.01858731750028E-16));
#4699=CARTESIAN_POINT('',(2.20694398542786E-14,-39.6,12.3));
#4700=CARTESIAN_POINT('',(-26.4,-39.6,12.3));
#4701=VECTOR('',#4702,1.);
#4702=DIRECTION('',(1.,0.,-2.01858731750028E-16));
#4703=AXIS2_PLACEMENT_3D('',#4704,#4705,#4706);
#4704=CARTESIAN_POINT('',(2.44317036429896E-15,-39.6,13.3));
#4705=DIRECTION('',(1.,0.,-1.83697019872103E-16));
#4706=DIRECTION('',(-1.83697019872103E-16,0.,-1.));
#4707=CARTESIAN_POINT('',(6.08222829967637E-15,-41.6,12.3));
#4708=CARTESIAN_POINT('',(1.71169482268157E-14,-41.6,12.3));
#4709=VECTOR('',#4710,1.);
#4710=DIRECTION('',(0.,1.,0.));
#4711=CARTESIAN_POINT('',(-26.4,-41.6,12.3));
#4712=VECTOR('',#4713,1.);
#4713=DIRECTION('',(1.,0.,-2.69144975666705E-16));
#4714=AXIS2_PLACEMENT_3D('',#4715,#4716,#4717);
#4715=CARTESIAN_POINT('',(1.70838228481055E-15,-41.6,9.29999999999996));
#4716=DIRECTION('',(-1.,0.,1.83697019872103E-16));
#4717=DIRECTION('',(1.08770485875751E-31,-1.,5.9211894646675E-16));
#4718=CARTESIAN_POINT('',(-22.4,-19.1,-2.24999999999999));
#4719=AXIS2_PLACEMENT_3D('',#4720,#4721,#4722);
#4720=CARTESIAN_POINT('',(-22.4,-19.1,6.45388863150655E-15));
#4721=DIRECTION('',(1.,2.73691106313441E-48,-1.83697019872103E-16));
#4722=DIRECTION('',(-1.83697019872103E-16,-5.0276240595278E-64,-1.));
#4723=CARTESIAN_POINT('',(-22.4,-11.4,6.));
#4724=AXIS2_PLACEMENT_3D('',#4725,#4726,#4727);
#4725=CARTESIAN_POINT('',(-22.4,-11.4,9.5));
#4726=DIRECTION('',(1.,0.,-1.83697019872103E-16));
#4727=DIRECTION('',(-1.83697019872103E-16,0.,-1.));
#4728=CARTESIAN_POINT('',(-22.4,35.6,-15.));
#4729=AXIS2_PLACEMENT_3D('',#4730,#4731,#4732);
#4730=CARTESIAN_POINT('',(-22.4,35.6,-11.5));
#4731=DIRECTION('',(1.,0.,-1.83697019872103E-16));
#4732=DIRECTION('',(-1.83697019872103E-16,0.,-1.));
#4733=CARTESIAN_POINT('',(1.69857329478628E-14,-38.6,13.9));
#4734=VECTOR('',#4735,1.);
#4735=DIRECTION('',(-1.89899268047903E-15,-1.,0.));
#4736=CARTESIAN_POINT('',(3.05978662434996E-15,-45.4,13.9));
#4737=CARTESIAN_POINT('',(4.07258272060545E-15,-45.4,13.9));
#4738=VECTOR('',#4739,1.);
#4739=DIRECTION('',(-1.89899268047902E-15,-1.,0.));
#4740=CARTESIAN_POINT('',(1.2,-45.4,13.9));
#4741=CARTESIAN_POINT('',(2.55338857622222E-15,-45.4,13.9));
#4742=VECTOR('',#4743,1.);
#4743=DIRECTION('',(1.,0.,0.));
#4744=CARTESIAN_POINT('',(1.2,-44.6,13.9));
#4745=VECTOR('',#4746,1.);
#4746=DIRECTION('',(0.,-1.,0.));
#4747=CARTESIAN_POINT('',(-12.9,-38.6,13.9));
#4748=VECTOR('',#4749,1.);
#4749=DIRECTION('',(7.0119348923694E-16,-1.,-4.6746232615796E-16));
#4750=CARTESIAN_POINT('',(1.19999999999999,-45.4,-30.));
#4751=CARTESIAN_POINT('',(1.2,-45.4,13.9));
#4752=VECTOR('',#4753,1.);
#4753=DIRECTION('',(-1.82086691965857E-16,0.,-1.));
#4754=CARTESIAN_POINT('',(1.19999999999999,-38.6,-36.8));
#4755=AXIS2_PLACEMENT_3D('',#4756,#4757,#4758);
#4756=CARTESIAN_POINT('',(1.19999999999999,-38.6,-30.));
#4757=DIRECTION('',(1.,0.,-1.83697019872103E-16));
#4758=DIRECTION('',(1.91947916251326E-31,-1.,1.0449157878825E-15));
#4759=CARTESIAN_POINT('',(1.19999999999999,-29.45,-36.8));
#4760=CARTESIAN_POINT('',(1.19999999999999,-38.6,-36.8));
#4761=VECTOR('',#4762,1.);
#4762=DIRECTION('',(0.,1.,0.));
#4763=CARTESIAN_POINT('',(1.19999999999999,-29.45,-37.6));
#4764=CARTESIAN_POINT('',(1.19999999999999,-29.45,-36.8));
#4765=VECTOR('',#4766,1.);
#4766=DIRECTION('',(-2.77555756156293E-16,4.44089209850068E-15,-1.));
#4767=CARTESIAN_POINT('',(1.19999999999999,-21.05,-37.6));
#4768=AXIS2_PLACEMENT_3D('',#4769,#4770,#4771);
#4769=CARTESIAN_POINT('',(1.19999999999999,-25.25,-37.6));
#4770=DIRECTION('',(1.,0.,-1.83697019872103E-16));
#4771=DIRECTION('',(-3.10772816787861E-31,-1.,-1.69176841847643E-15));
#4772=CARTESIAN_POINT('',(1.19999999999999,-21.05,-36.8));
#4773=CARTESIAN_POINT('',(1.19999999999999,-21.05,-37.6));
#4774=VECTOR('',#4775,1.);
#4775=DIRECTION('',(2.7755575615629E-16,4.44089209850064E-15,1.));
#4776=CARTESIAN_POINT('',(1.19999999999999,21.05,-36.8));
#4777=CARTESIAN_POINT('',(1.19999999999999,-21.05,-36.8));
#4778=VECTOR('',#4779,1.);
#4779=DIRECTION('',(0.,1.,3.37549993235202E-16));
#4780=CARTESIAN_POINT('',(1.19999999999999,21.05,-37.6));
#4781=CARTESIAN_POINT('',(1.19999999999999,21.05,-36.8));
#4782=VECTOR('',#4783,1.);
#4783=DIRECTION('',(-2.7755575615629E-16,0.,-1.));
#4784=CARTESIAN_POINT('',(1.19999999999999,29.45,-37.6));
#4785=AXIS2_PLACEMENT_3D('',#4786,#4787,#4788);
#4786=CARTESIAN_POINT('',(1.19999999999999,25.25,-37.6));
#4787=DIRECTION('',(1.,0.,-1.83697019872103E-16));
#4788=DIRECTION('',(0.,-1.,0.));
#4789=CARTESIAN_POINT('',(1.19999999999999,29.45,-36.8));
#4790=CARTESIAN_POINT('',(1.19999999999999,29.45,-37.6));
#4791=VECTOR('',#4792,1.);
#4792=DIRECTION('',(2.7755575615629E-16,0.,1.));
#4793=CARTESIAN_POINT('',(1.19999999999999,38.6,-36.8));
#4794=CARTESIAN_POINT('',(1.19999999999999,29.45,-36.8));
#4795=VECTOR('',#4796,1.);
#4796=DIRECTION('',(0.,1.,0.));
#4797=CARTESIAN_POINT('',(1.19999999999999,45.4,-30.));
#4798=AXIS2_PLACEMENT_3D('',#4799,#4800,#4801);
#4799=CARTESIAN_POINT('',(1.19999999999999,38.6,-30.));
#4800=DIRECTION('',(1.,0.,-1.83697019872103E-16));
#4801=DIRECTION('',(-1.83697019872103E-16,0.,-1.));
#4802=CARTESIAN_POINT('',(1.20000000000001,45.4,30.));
#4803=CARTESIAN_POINT('',(1.19999999999999,45.4,-30.));
#4804=VECTOR('',#4805,1.);
#4805=DIRECTION('',(1.85037170770859E-16,1.1842378929335E-16,1.));
#4806=CARTESIAN_POINT('',(1.20000000000001,38.6,36.8));
#4807=AXIS2_PLACEMENT_3D('',#4808,#4809,#4810);
#4808=CARTESIAN_POINT('',(1.20000000000001,38.6,30.));
#4809=DIRECTION('',(1.,0.,-1.83697019872103E-16));
#4810=DIRECTION('',(1.91947916251326E-31,1.,1.0449157878825E-15));
#4811=CARTESIAN_POINT('',(1.20000000000001,29.45,36.8));
#4812=CARTESIAN_POINT('',(1.20000000000001,38.6,36.8));
#4813=VECTOR('',#4814,1.);
#4814=DIRECTION('',(0.,-1.,0.));
#4815=CARTESIAN_POINT('',(1.20000000000001,29.45,37.6));
#4816=CARTESIAN_POINT('',(1.20000000000001,29.45,36.8));
#4817=VECTOR('',#4818,1.);
#4818=DIRECTION('',(2.77555756156288E-16,0.,1.));
#4819=CARTESIAN_POINT('',(1.20000000000001,21.05,37.6));
#4820=AXIS2_PLACEMENT_3D('',#4821,#4822,#4823);
#4821=CARTESIAN_POINT('',(1.20000000000001,25.25,37.6));
#4822=DIRECTION('',(1.,0.,-1.83697019872103E-16));
#4823=DIRECTION('',(0.,1.,0.));
#4824=CARTESIAN_POINT('',(1.20000000000001,21.05,36.8));
#4825=CARTESIAN_POINT('',(1.20000000000001,21.05,37.6));
#4826=VECTOR('',#4827,1.);
#4827=DIRECTION('',(-2.7755575615629E-16,0.,-1.));
#4828=CARTESIAN_POINT('',(1.20000000000001,-21.05,36.8));
#4829=CARTESIAN_POINT('',(1.20000000000001,21.05,36.8));
#4830=VECTOR('',#4831,1.);
#4831=DIRECTION('',(0.,-1.,-3.37549993235202E-16));
#4832=CARTESIAN_POINT('',(1.20000000000001,-21.05,37.6));
#4833=CARTESIAN_POINT('',(1.20000000000001,-21.05,36.8));
#4834=VECTOR('',#4835,1.);
#4835=DIRECTION('',(2.7755575615629E-16,0.,1.));
#4836=CARTESIAN_POINT('',(1.20000000000001,-29.45,37.6));
#4837=AXIS2_PLACEMENT_3D('',#4838,#4839,#4840);
#4838=CARTESIAN_POINT('',(1.20000000000001,-25.25,37.6));
#4839=DIRECTION('',(1.,0.,-1.83697019872103E-16));
#4840=DIRECTION('',(3.10772816787861E-31,1.,1.69176841847643E-15));
#4841=CARTESIAN_POINT('',(1.20000000000001,-29.45,36.8));
#4842=CARTESIAN_POINT('',(1.20000000000001,-29.45,37.6));
#4843=VECTOR('',#4844,1.);
#4844=DIRECTION('',(-2.77555756156293E-16,0.,-1.));
#4845=CARTESIAN_POINT('',(1.20000000000001,-38.6,36.8));
#4846=CARTESIAN_POINT('',(1.20000000000001,-29.45,36.8));
#4847=VECTOR('',#4848,1.);
#4848=DIRECTION('',(0.,-1.,7.76549437989181E-16));
#4849=CARTESIAN_POINT('',(1.20000000000001,-45.4,30.));
#4850=AXIS2_PLACEMENT_3D('',#4851,#4852,#4853);
#4851=CARTESIAN_POINT('',(1.20000000000001,-38.6,30.));
#4852=DIRECTION('',(1.,0.,-1.83697019872103E-16));
#4853=DIRECTION('',(1.83697019872103E-16,0.,1.));
#4854=CARTESIAN_POINT('',(1.2,-45.4,25.9));
#4855=CARTESIAN_POINT('',(1.20000000000001,-45.4,30.));
#4856=VECTOR('',#4857,1.);
#4857=DIRECTION('',(-2.1662888285369E-16,-1.73303106282952E-15,-1.));
#4858=CARTESIAN_POINT('',(1.2,-44.6,25.9));
#4859=CARTESIAN_POINT('',(1.2,-45.4,25.9));
#4860=VECTOR('',#4861,1.);
#4861=DIRECTION('',(0.,1.,0.));
#4862=CARTESIAN_POINT('',(1.2,-44.6,25.9));
#4863=VECTOR('',#4864,1.);
#4864=DIRECTION('',(2.1662888285369E-16,1.73303106282952E-15,1.));
#4865=CARTESIAN_POINT('',(1.20000000000001,-28.65,37.6));
#4866=CARTESIAN_POINT('',(1.20000000000001,-28.65,36.));
#4867=VECTOR('',#4868,1.);
#4868=DIRECTION('',(1.38777878078145E-16,-2.22044604925032E-15,1.));
#4869=CARTESIAN_POINT('',(1.20000000000001,-21.85,37.6));
#4870=AXIS2_PLACEMENT_3D('',#4871,#4872,#4873);
#4871=CARTESIAN_POINT('',(1.20000000000001,-25.25,37.6));
#4872=DIRECTION('',(-1.,0.,1.83697019872103E-16));
#4873=DIRECTION('',(0.,-1.,0.));
#4874=CARTESIAN_POINT('',(1.20000000000001,-21.85,37.6));
#4875=VECTOR('',#4876,1.);
#4876=DIRECTION('',(-1.38777878078144E-16,2.22044604925031E-15,-1.));
#4877=CARTESIAN_POINT('',(1.20000000000001,21.85,37.6));
#4878=CARTESIAN_POINT('',(1.20000000000001,21.85,36.));
#4879=VECTOR('',#4880,1.);
#4880=DIRECTION('',(1.38777878078145E-16,-2.22044604925032E-15,1.));
#4881=CARTESIAN_POINT('',(1.20000000000001,28.65,37.6));
#4882=AXIS2_PLACEMENT_3D('',#4883,#4884,#4885);
#4883=CARTESIAN_POINT('',(1.20000000000001,25.25,37.6));
#4884=DIRECTION('',(-1.,0.,1.83697019872103E-16));
#4885=DIRECTION('',(-3.83895832502651E-31,-1.,-2.089831575765E-15));
#4886=CARTESIAN_POINT('',(1.20000000000001,28.65,37.6));
#4887=VECTOR('',#4888,1.);
#4888=DIRECTION('',(-1.38777878078144E-16,0.,-1.));
#4889=CARTESIAN_POINT('',(1.19999999999999,28.65,-37.6));
#4890=CARTESIAN_POINT('',(1.19999999999999,28.65,-36.));
#4891=VECTOR('',#4892,1.);
#4892=DIRECTION('',(-1.38777878078145E-16,0.,-1.));
#4893=CARTESIAN_POINT('',(1.19999999999999,21.85,-37.6));
#4894=AXIS2_PLACEMENT_3D('',#4895,#4896,#4897);
#4895=CARTESIAN_POINT('',(1.19999999999999,25.25,-37.6));
#4896=DIRECTION('',(-1.,0.,1.83697019872103E-16));
#4897=DIRECTION('',(0.,1.,0.));
#4898=CARTESIAN_POINT('',(1.19999999999999,21.85,-37.6));
#4899=VECTOR('',#4900,1.);
#4900=DIRECTION('',(1.38777878078145E-16,-2.22044604925032E-15,1.));
#4901=CARTESIAN_POINT('',(1.19999999999999,-21.85,-37.6));
#4902=CARTESIAN_POINT('',(1.19999999999999,-21.85,-36.));
#4903=VECTOR('',#4904,1.);
#4904=DIRECTION('',(-1.38777878078146E-16,-6.66133814775099E-15,-1.));
#4905=CARTESIAN_POINT('',(1.19999999999999,-28.65,-37.6));
#4906=AXIS2_PLACEMENT_3D('',#4907,#4908,#4909);
#4907=CARTESIAN_POINT('',(1.19999999999999,-25.25,-37.6));
#4908=DIRECTION('',(-1.,0.,1.83697019872103E-16));
#4909=DIRECTION('',(-3.83895832502651E-31,1.,-2.089831575765E-15));
#4910=CARTESIAN_POINT('',(1.19999999999999,-28.65,-37.6));
#4911=VECTOR('',#4912,1.);
#4912=DIRECTION('',(1.38777878078146E-16,-4.44089209850068E-15,1.));
#4913=CARTESIAN_POINT('',(-4.69999900427447,-45.1,-25.));
#4914=CARTESIAN_POINT('',(-9.30000099572553,-45.1,-25.));
#4915=VECTOR('',#4916,1.);
#4916=DIRECTION('',(1.,1.5446574524981E-15,0.));
#4917=CARTESIAN_POINT('',(-4.69999900427447,-45.1,-25.));
#4918=VECTOR('',#4919,1.);
#4919=DIRECTION('',(0.,-1.,0.));
#4920=CARTESIAN_POINT('',(-4.19999999999999,-45.1,-24.5000009957255));
#4921=AXIS2_PLACEMENT_3D('',#4922,#4923,#4924);
#4922=CARTESIAN_POINT('',(-4.69999900427446,-45.1,-24.5000009957255));
#4923=DIRECTION('',(-4.79550702262013E-32,-1.,-1.8897413185109E-16));
#4924=DIRECTION('',(9.06226776385447E-48,1.8897413185109E-16,-1.));
#4925=CARTESIAN_POINT('',(-4.2,-45.1,-24.5000009957255));
#4926=VECTOR('',#4927,1.);
#4927=DIRECTION('',(0.,-1.,-3.22973970800047E-15));
#4928=CARTESIAN_POINT('',(-4.19999999999999,-45.1,-11.4999990042745));
#4929=CARTESIAN_POINT('',(-4.2,-45.1,-24.5000009957255));
#4930=VECTOR('',#4931,1.);
#4931=DIRECTION('',(0.,-1.09314250294325E-15,1.));
#4932=CARTESIAN_POINT('',(-4.2,-45.1,-11.4999990042745));
#4933=VECTOR('',#4934,1.);
#4934=DIRECTION('',(0.,-1.,0.));
#4935=CARTESIAN_POINT('',(-4.69999900427446,-45.1,-11.));
#4936=AXIS2_PLACEMENT_3D('',#4937,#4938,#4939);
#4937=CARTESIAN_POINT('',(-4.69999900427447,-45.1,-11.4999990042745));
#4938=DIRECTION('',(-4.79550702262013E-32,-1.,-1.8897413185109E-16));
#4939=DIRECTION('',(1.,-4.79550702262013E-32,-9.06226776385447E-48));
#4940=CARTESIAN_POINT('',(-4.69999900427446,-45.1,-11.));
#4941=VECTOR('',#4942,1.);
#4942=DIRECTION('',(0.,-1.,0.));
#4943=CARTESIAN_POINT('',(-4.69999900427446,-45.1,-11.));
#4944=VECTOR('',#4945,1.);
#4945=DIRECTION('',(-1.,0.,7.72328726249052E-16));
#4946=CARTESIAN_POINT('',(-15.4,-38.6,16.3999999999999));
#4947=VECTOR('',#4948,1.);
#4948=DIRECTION('',(2.3373116307898E-16,-1.,-9.34924652315918E-16));
#4949=CARTESIAN_POINT('',(-15.4,-46.2,18.1));
#4950=VECTOR('',#4951,1.);
#4951=DIRECTION('',(0.,1.,-4.6746232615796E-16));
#4952=CARTESIAN_POINT('',(-15.4,-46.2,21.7));
#4953=VECTOR('',#4954,1.);
#4954=DIRECTION('',(0.,1.,-4.6746232615796E-16));
#4955=CARTESIAN_POINT('',(-15.4,-46.2,23.4));
#4956=VECTOR('',#4957,1.);
#4957=DIRECTION('',(0.,1.,-4.67462326157961E-16));
#4958=CARTESIAN_POINT('',(-12.9,-46.2,25.9));
#4959=VECTOR('',#4960,1.);
#4960=DIRECTION('',(-2.3373116307898E-16,1.,-4.67462326157961E-16));
#4961=CARTESIAN_POINT('',(5.54031099565865E-15,-44.6,25.9));
#4962=CARTESIAN_POINT('',(6.81976850584436E-15,-44.6,25.9));
#4963=VECTOR('',#4964,1.);
#4964=DIRECTION('',(1.92438657601694E-15,1.,0.));
#4965=CARTESIAN_POINT('',(5.04341166644411E-15,-44.6,25.9));
#4966=VECTOR('',#4967,1.);
#4967=DIRECTION('',(1.,0.,0.));
#4968=CARTESIAN_POINT('',(5.24425152242527E-15,-45.4,25.9));
#4969=CARTESIAN_POINT('',(5.04341166644411E-15,-45.4,25.9));
#4970=VECTOR('',#4971,1.);
#4971=DIRECTION('',(1.,0.,0.));
#4972=CARTESIAN_POINT('',(5.04341166644411E-15,-46.2,25.9));
#4973=VECTOR('',#4974,1.);
#4974=DIRECTION('',(1.11022302462516E-15,1.,0.));
#4975=CARTESIAN_POINT('',(-5.51091059616309E-15,-45.4,-30.));
#4976=CARTESIAN_POINT('',(2.55338857622222E-15,-45.4,13.9));
#4977=VECTOR('',#4978,1.);
#4978=DIRECTION('',(-1.83697019872103E-16,0.,-1.));
#4979=CARTESIAN_POINT('',(-1.4144714911732E-14,-38.6,-37.6));
#4980=AXIS2_PLACEMENT_3D('',#4981,#4982,#4983);
#4981=CARTESIAN_POINT('',(-5.51091059616309E-15,-38.6,-30.));
#4982=DIRECTION('',(1.,0.,-1.83697019872103E-16));
#4983=DIRECTION('',(1.71742872435397E-31,-1.,9.34924652315921E-16));
#4984=CARTESIAN_POINT('',(2.43461558933698E-15,-30.25,-37.6));
#4985=CARTESIAN_POINT('',(-7.00621765239604E-15,-38.6,-37.6));
#4986=VECTOR('',#4987,1.);
#4987=DIRECTION('',(0.,1.,0.));
#4988=CARTESIAN_POINT('',(1.84249664287023E-15,-20.25,-37.6));
#4989=AXIS2_PLACEMENT_3D('',#4990,#4991,#4992);
#4990=CARTESIAN_POINT('',(-6.90700794719107E-15,-25.25,-37.6));
#4991=DIRECTION('',(1.,0.,-1.83697019872103E-16));
#4992=DIRECTION('',(-5.22098332203606E-31,-1.,-2.8421709430404E-15));
#4993=CARTESIAN_POINT('',(1.84249664287023E-15,20.25,-37.6));
#4994=CARTESIAN_POINT('',(-7.00621765239604E-15,-20.25,-37.6));
#4995=VECTOR('',#4996,1.);
#4996=DIRECTION('',(1.94780470424941E-32,1.,0.));
#4997=CARTESIAN_POINT('',(2.43461558933698E-15,30.25,-37.6));
#4998=AXIS2_PLACEMENT_3D('',#4999,#5000,#5001);
#4999=CARTESIAN_POINT('',(-6.90700794719107E-15,25.25,-37.6));
#5000=DIRECTION('',(1.,0.,-1.83697019872103E-16));
#5001=DIRECTION('',(0.,-1.,0.));
#5002=CARTESIAN_POINT('',(6.61398034699766E-17,38.6,-37.6));
#5003=CARTESIAN_POINT('',(-7.00621765239604E-15,30.2500000000001,-37.6));
#5004=VECTOR('',#5005,1.);
#5005=DIRECTION('',(0.,1.,0.));
#5006=CARTESIAN_POINT('',(1.71574348007947E-15,46.2,-30.));
#5007=AXIS2_PLACEMENT_3D('',#5008,#5009,#5010);
#5008=CARTESIAN_POINT('',(-5.51091059616309E-15,38.6,-30.));
#5009=DIRECTION('',(1.,0.,-1.83697019872103E-16));
#5010=DIRECTION('',(-1.83697019872103E-16,0.,-1.));
#5011=CARTESIAN_POINT('',(8.94239755632203E-15,46.2,30.));
#5012=CARTESIAN_POINT('',(-6.30816897688204E-15,46.2,-30.));
#5013=VECTOR('',#5014,1.);
#5014=DIRECTION('',(2.10272299229401E-16,0.,1.));
#5015=CARTESIAN_POINT('',(9.99988228646477E-15,38.6,37.6));
#5016=AXIS2_PLACEMENT_3D('',#5017,#5018,#5019);
#5017=CARTESIAN_POINT('',(5.51091059616309E-15,38.6,30.));
#5018=DIRECTION('',(1.,0.,-1.83697019872103E-16));
#5019=DIRECTION('',(1.71742872435397E-31,1.,9.34924652315922E-16));
#5020=CARTESIAN_POINT('',(8.81564439353127E-15,30.25,37.6));
#5021=CARTESIAN_POINT('',(7.00621765239604E-15,38.6,37.6));
#5022=VECTOR('',#5023,1.);
#5023=DIRECTION('',(0.,-1.,0.));
#5024=CARTESIAN_POINT('',(8.81564439353127E-15,20.25,37.6));
#5025=AXIS2_PLACEMENT_3D('',#5026,#5027,#5028);
#5026=CARTESIAN_POINT('',(6.90700794719107E-15,25.25,37.6));
#5027=DIRECTION('',(1.,0.,-1.83697019872103E-16));
#5028=DIRECTION('',(0.,1.,0.));
#5029=CARTESIAN_POINT('',(8.81564439353127E-15,-20.25,37.6));
#5030=CARTESIAN_POINT('',(7.00621765239604E-15,20.25,37.6));
#5031=VECTOR('',#5032,1.);
#5032=DIRECTION('',(-1.94780470424941E-32,-1.,0.));
#5033=CARTESIAN_POINT('',(8.81564439353127E-15,-30.25,37.6));
#5034=AXIS2_PLACEMENT_3D('',#5035,#5036,#5037);
#5035=CARTESIAN_POINT('',(6.90700794719107E-15,-25.25,37.6));
#5036=DIRECTION('',(1.,0.,-1.83697019872103E-16));
#5037=DIRECTION('',(2.61049166101803E-31,1.,1.4210854715202E-15));
#5038=CARTESIAN_POINT('',(3.48657387533052E-15,-38.6,37.6));
#5039=CARTESIAN_POINT('',(7.00621765239604E-15,-30.25,37.6));
#5040=VECTOR('',#5041,1.);
#5041=DIRECTION('',(0.,-1.,0.));
#5042=AXIS2_PLACEMENT_3D('',#5043,#5044,#5045);
#5043=CARTESIAN_POINT('',(5.51091059616309E-15,-38.6,30.));
#5044=DIRECTION('',(1.,0.,-1.83697019872103E-16));
#5045=DIRECTION('',(1.83697019872103E-16,0.,1.));
#5046=CARTESIAN_POINT('',(5.51091059616309E-15,-45.4,30.));
#5047=CARTESIAN_POINT('',(5.51091059616309E-15,-45.4,30.));
#5048=VECTOR('',#5049,1.);
#5049=DIRECTION('',(-1.83697019872103E-16,-1.73303106282951E-15,-1.));
#5050=CARTESIAN_POINT('',(6.76005033129339E-15,-38.6,36.8));
#5051=AXIS2_PLACEMENT_3D('',#5052,#5053,#5054);
#5052=CARTESIAN_POINT('',(5.51091059616309E-15,-38.6,30.));
#5053=DIRECTION('',(1.,0.,-1.83697019872103E-16));
#5054=DIRECTION('',(1.83697019872103E-16,0.,1.));
#5055=CARTESIAN_POINT('',(6.76005033129339E-15,-29.45,36.8));
#5056=CARTESIAN_POINT('',(6.76005033129339E-15,-29.45,36.8));
#5057=VECTOR('',#5058,1.);
#5058=DIRECTION('',(1.72428613163063E-31,-1.,0.));
#5059=CARTESIAN_POINT('',(6.90700794719107E-15,-29.45,37.6));
#5060=CARTESIAN_POINT('',(6.90700794719107E-15,-29.45,37.6));
#5061=VECTOR('',#5062,1.);
#5062=DIRECTION('',(-1.83697019872102E-16,0.,-1.));
#5063=CARTESIAN_POINT('',(6.90700794719107E-15,-21.05,37.6));
#5064=AXIS2_PLACEMENT_3D('',#5065,#5066,#5067);
#5065=CARTESIAN_POINT('',(6.90700794719107E-15,-25.25,37.6));
#5066=DIRECTION('',(1.,-4.37905770101505E-47,-1.83697019872103E-16));
#5067=DIRECTION('',(3.10772816787861E-31,1.,1.69176841847643E-15));
#5068=CARTESIAN_POINT('',(6.76005033129339E-15,-21.05,36.8));
#5069=CARTESIAN_POINT('',(6.76005033129339E-15,-21.05,36.8));
#5070=VECTOR('',#5071,1.);
#5071=DIRECTION('',(1.83697019872103E-16,0.,1.));
#5072=CARTESIAN_POINT('',(6.76005033129339E-15,21.05,36.8));
#5073=CARTESIAN_POINT('',(6.76005033129339E-15,21.05,36.8));
#5074=VECTOR('',#5075,1.);
#5075=DIRECTION('',(-7.49511548903574E-32,-1.,-3.37549993235202E-16));
#5076=CARTESIAN_POINT('',(6.90700794719107E-15,21.05,37.6));
#5077=CARTESIAN_POINT('',(6.90700794719107E-15,21.05,37.6));
#5078=VECTOR('',#5079,1.);
#5079=DIRECTION('',(-1.83697019872103E-16,0.,-1.));
#5080=CARTESIAN_POINT('',(6.90700794719107E-15,29.45,37.6));
#5081=AXIS2_PLACEMENT_3D('',#5082,#5083,#5084);
#5082=CARTESIAN_POINT('',(6.90700794719108E-15,25.25,37.6));
#5083=DIRECTION('',(1.,0.,-1.83697019872103E-16));
#5084=DIRECTION('',(0.,1.,0.));
#5085=CARTESIAN_POINT('',(6.76005033129339E-15,29.45,36.8));
#5086=CARTESIAN_POINT('',(6.76005033129339E-15,29.45,36.8));
#5087=VECTOR('',#5088,1.);
#5088=DIRECTION('',(1.83697019872104E-16,0.,1.));
#5089=CARTESIAN_POINT('',(6.76005033129339E-15,38.6,36.8));
#5090=CARTESIAN_POINT('',(6.76005033129339E-15,38.6,36.8));
#5091=VECTOR('',#5092,1.);
#5092=DIRECTION('',(0.,-1.,0.));
#5093=CARTESIAN_POINT('',(5.51091059616309E-15,45.4,30.));
#5094=AXIS2_PLACEMENT_3D('',#5095,#5096,#5097);
#5095=CARTESIAN_POINT('',(5.51091059616309E-15,38.6,30.));
#5096=DIRECTION('',(1.,-2.18952885050753E-47,-1.83697019872103E-16));
#5097=DIRECTION('',(1.91947916251326E-31,1.,1.0449157878825E-15));
#5098=CARTESIAN_POINT('',(-5.51091059616309E-15,45.4,-30.));
#5099=CARTESIAN_POINT('',(-5.51091059616309E-15,45.4,-30.));
#5100=VECTOR('',#5101,1.);
#5101=DIRECTION('',(1.83697019872103E-16,1.1842378929335E-16,1.));
#5102=CARTESIAN_POINT('',(-6.76005033129339E-15,38.6,-36.8));
#5103=AXIS2_PLACEMENT_3D('',#5104,#5105,#5106);
#5104=CARTESIAN_POINT('',(-5.51091059616309E-15,38.6,-30.));
#5105=DIRECTION('',(1.,0.,-1.83697019872103E-16));
#5106=DIRECTION('',(-1.83697019872103E-16,0.,-1.));
#5107=CARTESIAN_POINT('',(-6.76005033129339E-15,29.45,-36.8));
#5108=CARTESIAN_POINT('',(-6.76005033129339E-15,29.45,-36.8));
#5109=VECTOR('',#5110,1.);
#5110=DIRECTION('',(0.,1.,0.));
#5111=CARTESIAN_POINT('',(-6.90700794719107E-15,29.45,-37.6));
#5112=CARTESIAN_POINT('',(-6.90700794719107E-15,29.45,-37.6));
#5113=VECTOR('',#5114,1.);
#5114=DIRECTION('',(1.83697019872103E-16,0.,1.));
#5115=CARTESIAN_POINT('',(-6.90700794719107E-15,21.05,-37.6));
#5116=AXIS2_PLACEMENT_3D('',#5117,#5118,#5119);
#5117=CARTESIAN_POINT('',(-6.90700794719107E-15,25.25,-37.6));
#5118=DIRECTION('',(1.,0.,-1.83697019872103E-16));
#5119=DIRECTION('',(0.,-1.,0.));
#5120=CARTESIAN_POINT('',(-6.76005033129339E-15,21.05,-36.8));
#5121=CARTESIAN_POINT('',(-6.76005033129339E-15,21.05,-36.8));
#5122=VECTOR('',#5123,1.);
#5123=DIRECTION('',(-1.83697019872103E-16,0.,-1.));
#5124=CARTESIAN_POINT('',(-6.76005033129339E-15,-21.05,-36.8));
#5125=CARTESIAN_POINT('',(-6.76005033129339E-15,-21.05,-36.8));
#5126=VECTOR('',#5127,1.);
#5127=DIRECTION('',(7.49511548903575E-32,1.,1.68774996617601E-16));
#5128=CARTESIAN_POINT('',(-6.90700794719107E-15,-21.05,-37.6));
#5129=CARTESIAN_POINT('',(-6.90700794719107E-15,-21.05,-37.6));
#5130=VECTOR('',#5131,1.);
#5131=DIRECTION('',(1.83697019872103E-16,4.44089209850064E-15,1.));
#5132=CARTESIAN_POINT('',(-6.90700794719107E-15,-29.45,-37.6));
#5133=AXIS2_PLACEMENT_3D('',#5134,#5135,#5136);
#5134=CARTESIAN_POINT('',(-6.90700794719107E-15,-25.25,-37.6));
#5135=DIRECTION('',(1.,-4.37905770101505E-47,-1.83697019872103E-16));
#5136=DIRECTION('',(-3.10772816787861E-31,-1.,-1.69176841847643E-15));
#5137=CARTESIAN_POINT('',(-6.76005033129339E-15,-29.45,-36.8));
#5138=CARTESIAN_POINT('',(-6.76005033129339E-15,-29.45,-36.8));
#5139=VECTOR('',#5140,1.);
#5140=DIRECTION('',(-1.83697019872102E-16,8.88178419700144E-15,-1.));
#5141=CARTESIAN_POINT('',(-6.76005033129339E-15,-38.6,-36.8));
#5142=CARTESIAN_POINT('',(-6.76005033129339E-15,-38.6,-36.8));
#5143=VECTOR('',#5144,1.);
#5144=DIRECTION('',(0.,1.,0.));
#5145=AXIS2_PLACEMENT_3D('',#5146,#5147,#5148);
#5146=CARTESIAN_POINT('',(-5.51091059616309E-15,-38.6,-30.));
#5147=DIRECTION('',(1.,0.,-1.83697019872103E-16));
#5148=DIRECTION('',(1.91947916251326E-31,-1.,1.0449157878825E-15));
#5149=CARTESIAN_POINT('',(-28.,-38.6,37.6));
#5150=CARTESIAN_POINT('',(-28.,-38.6,37.6));
#5151=VECTOR('',#5152,1.);
#5152=DIRECTION('',(1.,0.,-2.53765262771464E-16));
#5153=AXIS2_PLACEMENT_3D('',#5154,#5155,#5156);
#5154=CARTESIAN_POINT('',(-28.,-38.6,30.));
#5155=DIRECTION('',(-1.,0.,1.83697019872103E-16));
#5156=DIRECTION('',(0.,-1.,0.));
#5157=CARTESIAN_POINT('',(-28.,-58.2,-3.84314575050861));
#5158=CARTESIAN_POINT('',(-28.,-57.0284271247461,-6.67157287525493));
#5159=AXIS2_PLACEMENT_3D('',#5160,#5161,#5162);
#5160=CARTESIAN_POINT('',(-28.,-54.2,-3.84314575050861));
#5161=DIRECTION('',(-1.,0.,1.83697019872103E-16));
#5162=DIRECTION('',(-1.2989340843533E-16,-0.707106781186514,-0.707106781186581));
#5163=CARTESIAN_POINT('',(-28.,-58.2,3.84314575050859));
#5164=CARTESIAN_POINT('',(-28.,-58.2,-3.84314575050861));
#5165=VECTOR('',#5166,1.);
#5166=DIRECTION('',(0.,0.,1.));
#5167=CARTESIAN_POINT('',(-28.,-57.0284271247461,6.67157287525491));
#5168=AXIS2_PLACEMENT_3D('',#5169,#5170,#5171);
#5169=CARTESIAN_POINT('',(-28.,-54.2,3.84314575050859));
#5170=DIRECTION('',(-1.,2.46519032881566E-32,1.83697019872103E-16));
#5171=DIRECTION('',(-1.0622976769497E-31,-1.,-4.44089209850063E-16));
#5172=CARTESIAN_POINT('',(-28.,-47.3715728752539,16.3284271247462));
#5173=CARTESIAN_POINT('',(-28.,-57.0284271247461,6.67157287525491));
#5174=VECTOR('',#5175,1.);
#5175=DIRECTION('',(5.20282872453267E-16,0.707106781186579,0.707106781186516));
#5176=AXIS2_PLACEMENT_3D('',#5177,#5178,#5179);
#5177=CARTESIAN_POINT('',(-28.,-50.2,19.1568542494925));
#5178=DIRECTION('',(1.,0.,-1.83697019872103E-16));
#5179=DIRECTION('',(-1.2989340843533E-16,0.707106781186515,-0.70710678118658));
#5180=CARTESIAN_POINT('',(-28.,-30.25,37.6));
#5181=CARTESIAN_POINT('',(-28.,-30.25,37.6));
#5182=VECTOR('',#5183,1.);
#5183=DIRECTION('',(0.,-1.,0.));
#5184=CARTESIAN_POINT('',(-28.,-20.25,37.6));
#5185=AXIS2_PLACEMENT_3D('',#5186,#5187,#5188);
#5186=CARTESIAN_POINT('',(-28.,-25.25,37.6));
#5187=DIRECTION('',(1.,0.,-1.83697019872103E-16));
#5188=DIRECTION('',(5.22098332203606E-31,1.,2.8421709430404E-15));
#5189=CARTESIAN_POINT('',(-28.,20.25,37.6));
#5190=CARTESIAN_POINT('',(-28.,20.25,37.6));
#5191=VECTOR('',#5192,1.);
#5192=DIRECTION('',(0.,-1.,0.));
#5193=CARTESIAN_POINT('',(-28.,30.25,37.6));
#5194=AXIS2_PLACEMENT_3D('',#5195,#5196,#5197);
#5195=CARTESIAN_POINT('',(-28.,25.25,37.6));
#5196=DIRECTION('',(1.,0.,-1.83697019872103E-16));
#5197=DIRECTION('',(0.,1.,0.));
#5198=CARTESIAN_POINT('',(-28.,38.6,37.6));
#5199=CARTESIAN_POINT('',(-28.,38.6,37.6));
#5200=VECTOR('',#5201,1.);
#5201=DIRECTION('',(0.,-1.,0.));
#5202=CARTESIAN_POINT('',(-28.,46.2,30.));
#5203=AXIS2_PLACEMENT_3D('',#5204,#5205,#5206);
#5204=CARTESIAN_POINT('',(-28.,38.6,30.));
#5205=DIRECTION('',(-1.,4.37905770101505E-47,1.83697019872103E-16));
#5206=DIRECTION('',(1.83697019872103E-16,-8.04419849524448E-63,1.));
#5207=CARTESIAN_POINT('',(-28.,46.2,19.1568542494925));
#5208=CARTESIAN_POINT('',(-28.,46.2,19.1568542494925));
#5209=VECTOR('',#5210,1.);
#5210=DIRECTION('',(3.27646031930744E-16,0.,1.));
#5211=CARTESIAN_POINT('',(-28.,47.3715728752539,16.3284271247462));
#5212=AXIS2_PLACEMENT_3D('',#5213,#5214,#5215);
#5213=CARTESIAN_POINT('',(-28.,50.2,19.1568542494925));
#5214=DIRECTION('',(1.,0.,-1.83697019872103E-16));
#5215=DIRECTION('',(-3.26311457627254E-31,-1.,-1.77635683940025E-15));
#5216=CARTESIAN_POINT('',(-28.,57.0284271247461,6.67157287525492));
#5217=CARTESIAN_POINT('',(-28.,57.0284271247461,6.67157287525492));
#5218=VECTOR('',#5219,1.);
#5219=DIRECTION('',(5.20282872453267E-16,-0.707106781186579,0.707106781186516));
#5220=CARTESIAN_POINT('',(-28.,58.2,3.8431457505086));
#5221=AXIS2_PLACEMENT_3D('',#5222,#5223,#5224);
#5222=CARTESIAN_POINT('',(-28.,54.2,3.8431457505086));
#5223=DIRECTION('',(-1.,1.23259516440783E-32,1.83697019872103E-16));
#5224=DIRECTION('',(1.2989340843533E-16,0.707106781186515,0.70710678118658));
#5225=CARTESIAN_POINT('',(-28.,58.2,-3.8431457505086));
#5226=CARTESIAN_POINT('',(-28.,58.2,-3.8431457505086));
#5227=VECTOR('',#5228,1.);
#5228=DIRECTION('',(0.,0.,1.));
#5229=CARTESIAN_POINT('',(-28.,57.0284271247461,-6.67157287525492));
#5230=AXIS2_PLACEMENT_3D('',#5231,#5232,#5233);
#5231=CARTESIAN_POINT('',(-28.,54.2,-3.8431457505086));
#5232=DIRECTION('',(-1.,1.23259516440783E-32,1.83697019872103E-16));
#5233=DIRECTION('',(1.23259516440783E-32,1.,-2.26424058410483E-48));
#5234=CARTESIAN_POINT('',(-28.,47.3715728752539,-16.3284271247462));
#5235=CARTESIAN_POINT('',(-28.,47.3715728752539,-16.3284271247462));
#5236=VECTOR('',#5237,1.);
#5237=DIRECTION('',(5.20282872453267E-16,0.707106781186579,0.707106781186516));
#5238=CARTESIAN_POINT('',(-28.,46.2,-19.1568542494925));
#5239=AXIS2_PLACEMENT_3D('',#5240,#5241,#5242);
#5240=CARTESIAN_POINT('',(-28.,50.2,-19.1568542494925));
#5241=DIRECTION('',(1.,0.,-1.83697019872103E-16));
#5242=DIRECTION('',(1.2989340843533E-16,-0.707106781186516,0.707106781186579));
#5243=CARTESIAN_POINT('',(-28.,46.2,-30.));
#5244=CARTESIAN_POINT('',(-28.,46.2,-30.));
#5245=VECTOR('',#5246,1.);
#5246=DIRECTION('',(3.27646031930745E-16,0.,1.));
#5247=CARTESIAN_POINT('',(-28.,38.6,-37.6));
#5248=AXIS2_PLACEMENT_3D('',#5249,#5250,#5251);
#5249=CARTESIAN_POINT('',(-28.,38.6,-30.));
#5250=DIRECTION('',(-1.,0.,1.83697019872103E-16));
#5251=DIRECTION('',(-3.43485744870793E-31,1.,-1.86984930463184E-15));
#5252=CARTESIAN_POINT('',(-28.,30.25,-37.6));
#5253=CARTESIAN_POINT('',(-28.,30.2500000000001,-37.6));
#5254=VECTOR('',#5255,1.);
#5255=DIRECTION('',(0.,1.,0.));
#5256=CARTESIAN_POINT('',(-28.,20.25,-37.6));
#5257=AXIS2_PLACEMENT_3D('',#5258,#5259,#5260);
#5258=CARTESIAN_POINT('',(-28.,25.25,-37.6));
#5259=DIRECTION('',(1.,0.,-1.83697019872103E-16));
#5260=DIRECTION('',(2.61049166101803E-31,-1.,1.4210854715202E-15));
#5261=CARTESIAN_POINT('',(-28.,-20.25,-37.6));
#5262=CARTESIAN_POINT('',(-28.,-20.25,-37.6));
#5263=VECTOR('',#5264,1.);
#5264=DIRECTION('',(0.,1.,0.));
#5265=CARTESIAN_POINT('',(-28.,-30.25,-37.6));
#5266=AXIS2_PLACEMENT_3D('',#5267,#5268,#5269);
#5267=CARTESIAN_POINT('',(-28.,-25.25,-37.6));
#5268=DIRECTION('',(1.,0.,-1.83697019872103E-16));
#5269=DIRECTION('',(-2.61049166101803E-31,-1.,-1.4210854715202E-15));
#5270=CARTESIAN_POINT('',(-28.,-38.6,-37.6));
#5271=CARTESIAN_POINT('',(-28.,-38.6,-37.6));
#5272=VECTOR('',#5273,1.);
#5273=DIRECTION('',(0.,1.,0.));
#5274=AXIS2_PLACEMENT_3D('',#5275,#5276,#5277);
#5275=CARTESIAN_POINT('',(-28.,-38.6,-30.));
#5276=DIRECTION('',(-1.,5.47382212626882E-48,1.83697019872103E-16));
#5277=DIRECTION('',(-1.83697019872103E-16,1.00552481190556E-63,-1.));
#5278=CARTESIAN_POINT('',(-28.,-47.3715728752539,-16.3284271247462));
#5279=AXIS2_PLACEMENT_3D('',#5280,#5281,#5282);
#5280=CARTESIAN_POINT('',(-28.,-50.2,-19.1568542494926));
#5281=DIRECTION('',(1.,0.,-1.83697019872103E-16));
#5282=DIRECTION('',(2.44733593220442E-30,1.,1.33226762955019E-14));
#5283=CARTESIAN_POINT('',(-28.,-47.3715728752539,-16.3284271247462));
#5284=VECTOR('',#5285,1.);
#5285=DIRECTION('',(5.20282872453267E-16,-0.707106781186579,0.707106781186516));
#5286=CARTESIAN_POINT('',(-28.,-52.2,-2.35673224501794));
#5287=AXIS2_PLACEMENT_3D('',#5288,#5289,#5290);
#5288=CARTESIAN_POINT('',(-28.,-52.2,0.143267754982064));
#5289=DIRECTION('',(1.,0.,-1.83697019872103E-16));
#5290=DIRECTION('',(-1.83697019872103E-16,2.44929359829471E-16,-1.));
#5291=CARTESIAN_POINT('',(-28.,52.2,-2.35673224501793));
#5292=AXIS2_PLACEMENT_3D('',#5293,#5294,#5295);
#5293=CARTESIAN_POINT('',(-28.,52.2,0.14326775498207));
#5294=DIRECTION('',(1.,0.,-1.83697019872103E-16));
#5295=DIRECTION('',(-1.83697019872103E-16,-1.22464679914735E-16,-1.));
#5296=CARTESIAN_POINT('',(-20.8284271247462,-47.3715728752539,16.3284271247462));
#5297=CARTESIAN_POINT('',(-28.,-47.3715728752539,16.3284271247462));
#5298=VECTOR('',#5299,1.);
#5299=DIRECTION('',(1.,0.,0.));
#5300=CARTESIAN_POINT('',(-20.8284271247462,-47.3715728752538,16.3284271247463));
#5301=CARTESIAN_POINT('',(-20.0682559335897,-46.6114016840974,17.0885983159027));
#5302=CARTESIAN_POINT('',(-19.0750444082588,-46.2,18.0818098412337));
#5303=CARTESIAN_POINT('',(-18.,-46.2,19.1568542494925));
#5304=CARTESIAN_POINT('',(-22.,-50.2,13.5000000000004));
#5305=CARTESIAN_POINT('',(-22.,-50.2,13.5000000000004));
#5306=CARTESIAN_POINT('',(-22.,-49.1249555917412,14.575044408259));
#5307=CARTESIAN_POINT('',(-21.5885983159026,-48.1317440664103,15.5682559335899));
#5308=CARTESIAN_POINT('',(-20.8284271247462,-47.3715728752538,16.3284271247463));
#5309=CARTESIAN_POINT('',(-22.,-50.2,3.60736937011981));
#5310=CARTESIAN_POINT('',(-22.,-50.2,13.5000000000004));
#5311=VECTOR('',#5312,1.);
#5312=DIRECTION('',(-7.18254590052028E-16,0.,-1.));
#5313=CARTESIAN_POINT('',(-18.,-46.2,3.6073693701198));
#5314=CARTESIAN_POINT('',(-18.0326975281941,-46.1999999162971,3.60736937052224));
#5315=CARTESIAN_POINT('',(-18.0980446824087,-46.2008013624639,3.60736937139381));
#5316=CARTESIAN_POINT('',(-18.1746360314343,-46.2036185750721,3.6073693719028));
#5317=CARTESIAN_POINT('',(-18.2397456246412,-46.2070885749869,3.60736937135623));
#5318=CARTESIAN_POINT('',(-18.3149026112296,-46.2120147578132,3.60736937115059));
#5319=CARTESIAN_POINT('',(-18.4370877226168,-46.2229746404986,3.60736936963327));
#5320=CARTESIAN_POINT('',(-18.5688638394214,-46.2398657108726,3.60736937020437));
#5321=CARTESIAN_POINT('',(-18.7006299838079,-46.2613002413629,3.6073693700957));
#5322=CARTESIAN_POINT('',(-18.8538330416092,-46.2906569947573,3.60736937014231));
#5323=CARTESIAN_POINT('',(-19.0070952777046,-46.3275189374841,3.60736937013497));
#5324=CARTESIAN_POINT('',(-19.1672956347411,-46.3733828418172,3.60736937011648));
#5325=CARTESIAN_POINT('',(-19.3248509318026,-46.4240071627799,3.60736937013142));
#5326=CARTESIAN_POINT('',(-19.4780083563668,-46.4817546018081,3.60736937014157));
#5327=CARTESIAN_POINT('',(-19.6197116661963,-46.5420390514468,3.6073693701178));
#5328=CARTESIAN_POINT('',(-19.7458167394812,-46.5998719130921,3.60736937013228));
#5329=CARTESIAN_POINT('',(-19.8954939126196,-46.6759640739465,3.60736937011233));
#5330=CARTESIAN_POINT('',(-20.0082534181615,-46.7401069633163,3.60736937013568));
#5331=CARTESIAN_POINT('',(-20.1161150058324,-46.8049931975644,3.60736937011384));
#5332=CARTESIAN_POINT('',(-20.2191549811137,-46.8704821899318,3.60736937015246));
#5333=CARTESIAN_POINT('',(-20.3527747828588,-46.963905890556,3.60736937011706));
#5334=CARTESIAN_POINT('',(-20.4360983194647,-47.0270480702527,3.60736937014291));
#5335=CARTESIAN_POINT('',(-20.5028236217428,-47.0795311747362,3.60736937012279));
#5336=CARTESIAN_POINT('',(-20.5582152251559,-47.1244347756963,3.60736937011085));
#5337=CARTESIAN_POINT('',(-20.6343705665044,-47.1895019352237,3.60736937015633));
#5338=CARTESIAN_POINT('',(-20.7030374931186,-47.2510504034326,3.6073693701243));
#5339=CARTESIAN_POINT('',(-20.7668387792506,-47.3108871067452,3.60736937012861));
#5340=CARTESIAN_POINT('',(-20.8177585768833,-47.3607010258348,3.60736937015658));
#5341=CARTESIAN_POINT('',(-20.860059925291,-47.4034188235437,3.60736937013844));
#5342=CARTESIAN_POINT('',(-20.9046431978253,-47.4495627692622,3.60736937011677));
#5343=CARTESIAN_POINT('',(-20.95852021203,-47.50742228981,3.60736937012088));
#5344=CARTESIAN_POINT('',(-21.0182839483725,-47.5746359859085,3.60736937017565));
#5345=CARTESIAN_POINT('',(-21.0749254240486,-47.6412280994935,3.60736937011654));
#5346=CARTESIAN_POINT('',(-21.129534446761,-47.7083092669903,3.60736937014194));
#5347=CARTESIAN_POINT('',(-21.1689743331958,-47.7589618735506,3.60736937016636));
#5348=CARTESIAN_POINT('',(-21.2041778138689,-47.8054316812539,3.60736937014416));
#5349=CARTESIAN_POINT('',(-21.2391234866387,-47.8526299589401,3.60736937012476));
#5350=CARTESIAN_POINT('',(-21.2865605285874,-47.9194020332309,3.60736937007347));
#5351=CARTESIAN_POINT('',(-21.3362913136571,-47.992786581664,3.60736937038411));
#5352=CARTESIAN_POINT('',(-21.384988557476,-48.0681995437024,3.60736937005994));
#5353=CARTESIAN_POINT('',(-21.4319263838762,-48.1446213703299,3.60736937017376));
#5354=CARTESIAN_POINT('',(-21.4631340478441,-48.1980933647392,3.60736937017924));
#5355=CARTESIAN_POINT('',(-21.491277021691,-48.2476440738523,3.60736937015033));
#5356=CARTESIAN_POINT('',(-21.517453385046,-48.294860780635,3.60736937011702));
#5357=CARTESIAN_POINT('',(-21.562815789949,-48.3805908730858,3.60736937009886));
#5358=CARTESIAN_POINT('',(-21.622353686061,-48.5007858905275,3.60736937058743));
#5359=CARTESIAN_POINT('',(-21.6698130095068,-48.6071910987378,3.60736936965887));
#5360=CARTESIAN_POINT('',(-21.7195231430427,-48.7271990004868,3.60736937072682));
#5361=CARTESIAN_POINT('',(-21.7630686079725,-48.8402984297628,3.60736936994313));
#5362=CARTESIAN_POINT('',(-21.8107168192834,-48.9815250668848,3.60736937018551));
#5363=CARTESIAN_POINT('',(-21.8424109004491,-49.0871978232337,3.60736937012274));
#5364=CARTESIAN_POINT('',(-21.8609178172416,-49.1539963500782,3.60736937010294));
#5365=CARTESIAN_POINT('',(-21.8763763205462,-49.212569047551,3.60736937018192));
#5366=CARTESIAN_POINT('',(-21.892765566281,-49.2787721575903,3.60736937010987));
#5367=CARTESIAN_POINT('',(-21.9124600920741,-49.3660298176153,3.60736937013582));
#5368=CARTESIAN_POINT('',(-21.9312937802491,-49.4594578795423,3.60736937005317));
#5369=CARTESIAN_POINT('',(-21.9480352606599,-49.5550362791988,3.60736937034621));
#5370=CARTESIAN_POINT('',(-21.9580496714258,-49.6213586865824,3.60736936966035));
#5371=CARTESIAN_POINT('',(-21.9660723346464,-49.6793871954423,3.60736937071407));
#5372=CARTESIAN_POINT('',(-21.9730118014119,-49.7340472515925,3.60736935265124));
#5373=CARTESIAN_POINT('',(-21.9812088925801,-49.8101941012052,3.60736943360015));
#5374=CARTESIAN_POINT('',(-21.9879933698516,-49.8870886596013,3.60736913040861));
#5375=CARTESIAN_POINT('',(-21.9933284374656,-49.9647187118292,3.60737027155543));
#5376=CARTESIAN_POINT('',(-21.9959063519215,-50.0171682833187,3.60736738456898));
#5377=CARTESIAN_POINT('',(-21.9979527828449,-50.0694357343793,3.60737132117158));
#5378=CARTESIAN_POINT('',(-21.9994891968127,-50.1218416541667,3.6073694608993));
#5379=CARTESIAN_POINT('',(-22.0000000316557,-50.1737704592027,3.60736752746244));
#5380=CARTESIAN_POINT('',(-22.,-50.1999999975767,3.60736937011981));
#5381=CARTESIAN_POINT('',(-22.,-50.2,-3.32083386015569));
#5382=AXIS2_PLACEMENT_3D('',#5383,#5384,#5385);
#5383=CARTESIAN_POINT('',(-22.,-52.2,0.143267754982062));
#5384=DIRECTION('',(-1.,-3.74939945665464E-32,3.06161699786838E-16));
#5385=DIRECTION('',(2.65143809681227E-16,0.5,0.866025403784439));
#5386=CARTESIAN_POINT('',(-18.,-46.2,-3.32083386015568));
#5387=CARTESIAN_POINT('',(-18.0326975294165,-46.199999885455,-3.32083386237559));
#5388=CARTESIAN_POINT('',(-18.0980446821685,-46.2008013546789,-3.32083386187797));
#5389=CARTESIAN_POINT('',(-18.174636028455,-46.2036186306697,-3.32083385863951));
#5390=CARTESIAN_POINT('',(-18.2397456257934,-46.2070885580422,-3.32083386238519));
#5391=CARTESIAN_POINT('',(-18.3149026106584,-46.2120147698376,-3.32083386045622));
#5392=CARTESIAN_POINT('',(-18.4370877225346,-46.222974634603,-3.32083386002467));
#5393=CARTESIAN_POINT('',(-18.5688638393409,-46.2398657117402,-3.32083386018686));
#5394=CARTESIAN_POINT('',(-18.7006299839885,-46.2613002411481,-3.32083386014652));
#5395=CARTESIAN_POINT('',(-18.8538330414095,-46.2906569948698,-3.32083386016894));
#5396=CARTESIAN_POINT('',(-19.0070952777095,-46.3275189374651,-3.32083386017175));
#5397=CARTESIAN_POINT('',(-19.1672956347517,-46.3733828418261,-3.32083386015209));
#5398=CARTESIAN_POINT('',(-19.324850931792,-46.4240071627735,-3.3208338601673));
#5399=CARTESIAN_POINT('',(-19.4780083563642,-46.4817546018073,-3.32083386017719));
#5400=CARTESIAN_POINT('',(-19.6197116661976,-46.5420390514473,-3.32083386015369));
#5401=CARTESIAN_POINT('',(-19.7458167394846,-46.5998719130938,-3.32083386016803));
#5402=CARTESIAN_POINT('',(-19.8954939126181,-46.6759640739458,-3.32083386014827));
#5403=CARTESIAN_POINT('',(-20.0082534181611,-46.740106963316,-3.32083386017142));
#5404=CARTESIAN_POINT('',(-20.1161150058326,-46.8049931975645,-3.32083386014978));
#5405=CARTESIAN_POINT('',(-20.2191549811146,-46.8704821899324,-3.32083386018806));
#5406=CARTESIAN_POINT('',(-20.3527747828595,-46.9639058905565,-3.32083386015296));
#5407=CARTESIAN_POINT('',(-20.4360983194652,-47.0270480702531,-3.32083386017861));
#5408=CARTESIAN_POINT('',(-20.5028236217432,-47.0795311747365,-3.32083386015866));
#5409=CARTESIAN_POINT('',(-20.5582152251563,-47.1244347756967,-3.32083386014677));
#5410=CARTESIAN_POINT('',(-20.634370566505,-47.1895019352242,-3.32083386019197));
#5411=CARTESIAN_POINT('',(-20.7030374931192,-47.2510504034331,-3.32083386016015));
#5412=CARTESIAN_POINT('',(-20.7668387792511,-47.3108871067457,-3.32083386016443));
#5413=CARTESIAN_POINT('',(-20.8177585768837,-47.3607010258352,-3.32083386019226));
#5414=CARTESIAN_POINT('',(-20.8600599252913,-47.403418823544,-3.32083386017421));
#5415=CARTESIAN_POINT('',(-20.9046431978256,-47.4495627692625,-3.32083386015267));
#5416=CARTESIAN_POINT('',(-20.9585202120305,-47.5074222898106,-3.32083386015674));
#5417=CARTESIAN_POINT('',(-21.018283948373,-47.5746359859092,-3.32083386021128));
#5418=CARTESIAN_POINT('',(-21.0749254240494,-47.6412280994944,-3.32083386015243));
#5419=CARTESIAN_POINT('',(-21.1295344467619,-47.7083092669913,-3.32083386017773));
#5420=CARTESIAN_POINT('',(-21.1689743331964,-47.7589618735515,-3.32083386020206));
#5421=CARTESIAN_POINT('',(-21.2041778138696,-47.8054316812548,-3.32083386017994));
#5422=CARTESIAN_POINT('',(-21.2391234866394,-47.8526299589409,-3.32083386016062));
#5423=CARTESIAN_POINT('',(-21.2865605285879,-47.9194020332327,-3.32083386010949));
#5424=CARTESIAN_POINT('',(-21.3362913136596,-47.9927865816633,-3.32083386041917));
#5425=CARTESIAN_POINT('',(-21.3849885574757,-48.0681995437032,-3.320833860096));
#5426=CARTESIAN_POINT('',(-21.431926383877,-48.1446213703307,-3.32083386020952));
#5427=CARTESIAN_POINT('',(-21.4631340478438,-48.1980933647388,-3.32083386021488));
#5428=CARTESIAN_POINT('',(-21.4912770216889,-48.2476440738485,-3.32083386018623));
#5429=CARTESIAN_POINT('',(-21.5174533850347,-48.2948607806232,-3.3208338601468));
#5430=CARTESIAN_POINT('',(-21.5628157899505,-48.3805908730455,-3.32083386016372));
#5431=CARTESIAN_POINT('',(-21.6223536858718,-48.500785890497,-3.3208338603951));
#5432=CARTESIAN_POINT('',(-21.669813009963,-48.6071910984597,-3.32083386044705));
#5433=CARTESIAN_POINT('',(-21.7195231426857,-48.7271990005207,-3.32083386026959));
#5434=CARTESIAN_POINT('',(-21.7630686080887,-48.8402984296129,-3.3208338602187));
#5435=CARTESIAN_POINT('',(-21.8107168191329,-48.9815250667432,-3.32083386005427));
#5436=CARTESIAN_POINT('',(-21.8424109005515,-49.0871978230361,-3.32083386042568));
#5437=CARTESIAN_POINT('',(-21.8609178173626,-49.1539963498873,-3.32083386044513));
#5438=CARTESIAN_POINT('',(-21.8763763204393,-49.2125690474588,-3.32083386006963));
#5439=CARTESIAN_POINT('',(-21.8927655662071,-49.2787721574174,-3.32083386008265));
#5440=CARTESIAN_POINT('',(-21.9124600922493,-49.3660298173385,-3.32083386061385));
#5441=CARTESIAN_POINT('',(-21.9312937802285,-49.4594578792383,-3.32083386023398));
#5442=CARTESIAN_POINT('',(-21.9480352607148,-49.5550362789176,-3.32083386036033));
#5443=CARTESIAN_POINT('',(-21.9580496716216,-49.6213586862633,-3.32083386067621));
#5444=CARTESIAN_POINT('',(-21.9660723347865,-49.6793871952025,-3.32083386052656));
#5445=CARTESIAN_POINT('',(-21.97301180132,-49.7340472514077,-3.3208338600825));
#5446=CARTESIAN_POINT('',(-21.9812088925878,-49.8101941010858,-3.3208338601656));
#5447=CARTESIAN_POINT('',(-21.9879933698338,-49.8870886594484,-3.32083386019114));
#5448=CARTESIAN_POINT('',(-21.9933284374439,-49.9647187114665,-3.32083386010526));
#5449=CARTESIAN_POINT('',(-21.995906351899,-50.0171682828504,-3.3208338602545));
#5450=CARTESIAN_POINT('',(-21.9979527828144,-50.069435733596,-3.32083386232131));
#5451=CARTESIAN_POINT('',(-21.9994891968016,-50.121841653622,-3.32083386335625));
#5452=CARTESIAN_POINT('',(-22.0000000316564,-50.1737704588028,-3.32083386178332));
#5453=CARTESIAN_POINT('',(-22.,-50.1999999975767,-3.32083386015569));
#5454=CARTESIAN_POINT('',(-20.8284271247462,-47.3715728752539,-16.3284271247463));
#5455=CARTESIAN_POINT('',(-20.8284271247462,-47.3715728752538,-16.3284271247463));
#5456=CARTESIAN_POINT('',(-20.0682559335897,-46.6114016840974,-17.0885983159028));
#5457=CARTESIAN_POINT('',(-19.0750444082588,-46.2,-18.0818098412338));
#5458=CARTESIAN_POINT('',(-18.,-46.2,-19.1568542494925));
#5459=CARTESIAN_POINT('',(-22.,-50.2,-13.5000000000004));
#5460=CARTESIAN_POINT('',(-22.,-50.2,-3.32083386015569));
#5461=VECTOR('',#5462,1.);
#5462=DIRECTION('',(-6.98036289022531E-16,0.,-1.));
#5463=CARTESIAN_POINT('',(-22.,-50.2,-13.5000000000004));
#5464=CARTESIAN_POINT('',(-22.,-49.1249555917412,-14.5750444082591));
#5465=CARTESIAN_POINT('',(-21.5885983159027,-48.1317440664103,-15.5682559335899));
#5466=CARTESIAN_POINT('',(-20.8284271247462,-47.3715728752538,-16.3284271247463));
#5467=CARTESIAN_POINT('',(-20.8284271247462,-47.3715728752539,-16.3284271247462));
#5468=VECTOR('',#5469,1.);
#5469=DIRECTION('',(-1.,0.,9.90776707034373E-16));
#5470=CARTESIAN_POINT('',(-28.,-38.6,-37.6));
#5471=VECTOR('',#5472,1.);
#5472=DIRECTION('',(1.,0.,-5.07530525542929E-16));
#5473=CARTESIAN_POINT('',(-6.90700794719107E-15,-28.65,-37.6));
#5474=CARTESIAN_POINT('',(-6.90700794719107E-15,-28.65,-37.6));
#5475=VECTOR('',#5476,1.);
#5476=DIRECTION('',(1.83697019872103E-16,-4.44089209850068E-15,1.));
#5477=CARTESIAN_POINT('',(-6.90700794719107E-15,-28.65,-37.6));
#5478=VECTOR('',#5479,1.);
#5479=DIRECTION('',(1.,0.,0.));
#5480=CARTESIAN_POINT('',(-6.90700794719107E-15,-21.85,-37.6));
#5481=AXIS2_PLACEMENT_3D('',#5482,#5483,#5484);
#5482=CARTESIAN_POINT('',(-6.90700794719107E-15,-25.25,-37.6));
#5483=DIRECTION('',(-1.,0.,1.83697019872103E-16));
#5484=DIRECTION('',(-3.83895832502651E-31,1.,-2.089831575765E-15));
#5485=CARTESIAN_POINT('',(-6.61309271539571E-15,-21.85,-36.));
#5486=VECTOR('',#5487,1.);
#5487=DIRECTION('',(-1.83697019872103E-16,-6.66133814775096E-15,-1.));
#5488=CARTESIAN_POINT('',(6.35591688757476E-15,-25.25,-34.6));
#5489=AXIS2_PLACEMENT_3D('',#5490,#5491,#5492);
#5490=CARTESIAN_POINT('',(-6.90700794719107E-15,-25.25,-37.6));
#5491=DIRECTION('',(-1.,0.,1.83697019872103E-16));
#5492=DIRECTION('',(1.83697019872103E-16,-1.22464679914735E-16,1.));
#5493=CARTESIAN_POINT('',(-6.90700794719107E-15,-21.85,-37.6));
#5494=VECTOR('',#5495,1.);
#5495=DIRECTION('',(1.,0.,0.));
#5496=CARTESIAN_POINT('',(-6.90700794719107E-15,21.85,-37.6));
#5497=CARTESIAN_POINT('',(-6.90700794719107E-15,21.85,-37.6));
#5498=VECTOR('',#5499,1.);
#5499=DIRECTION('',(1.83697019872103E-16,0.,1.));
#5500=CARTESIAN_POINT('',(-6.90700794719107E-15,21.85,-37.6));
#5501=VECTOR('',#5502,1.);
#5502=DIRECTION('',(1.,0.,0.));
#5503=CARTESIAN_POINT('',(-6.90700794719107E-15,28.65,-37.6));
#5504=AXIS2_PLACEMENT_3D('',#5505,#5506,#5507);
#5505=CARTESIAN_POINT('',(-6.90700794719107E-15,25.25,-37.6));
#5506=DIRECTION('',(-1.,0.,1.83697019872103E-16));
#5507=DIRECTION('',(0.,1.,0.));
#5508=CARTESIAN_POINT('',(-6.61309271539571E-15,28.65,-36.));
#5509=VECTOR('',#5510,1.);
#5510=DIRECTION('',(-1.83697019872103E-16,0.,-1.));
#5511=CARTESIAN_POINT('',(6.35591688757476E-15,25.25,-34.6));
#5512=AXIS2_PLACEMENT_3D('',#5513,#5514,#5515);
#5513=CARTESIAN_POINT('',(-6.90700794719107E-15,25.25,-37.6));
#5514=DIRECTION('',(-1.,0.,1.83697019872103E-16));
#5515=DIRECTION('',(1.83697019872103E-16,-1.22464679914735E-16,1.));
#5516=CARTESIAN_POINT('',(-9.80000000000001,-12.9464249196573,-37.6));
#5517=CARTESIAN_POINT('',(-9.80000000000001,-9.4535750803427,-37.6));
#5518=AXIS2_PLACEMENT_3D('',#5519,#5520,#5521);
#5519=CARTESIAN_POINT('',(-7.00000000000001,-11.2,-37.6));
#5520=DIRECTION('',(-2.53765262771464E-16,1.53797128952403E-16,-1.));
#5521=DIRECTION('',(-0.848484848484848,0.529219672623424,2.96708446767977E-16));
#5522=CARTESIAN_POINT('',(-9.80000000000001,-12.9464249196573,-34.4));
#5523=VECTOR('',#5524,1.);
#5524=DIRECTION('',(0.,1.66533453693773E-15,-1.));
#5525=CARTESIAN_POINT('',(-9.80000000000001,-9.4535750803427,-34.4));
#5526=VECTOR('',#5527,1.);
#5527=DIRECTION('',(-5.55111512312578E-16,5.55111512312578E-16,-1.));
#5528=CARTESIAN_POINT('',(-9.8,-12.9464249196573,-37.6));
#5529=VECTOR('',#5530,1.);
#5530=DIRECTION('',(0.,1.,0.));
#5531=CARTESIAN_POINT('',(-6.90700794719107E-15,28.65,-37.6));
#5532=VECTOR('',#5533,1.);
#5533=DIRECTION('',(1.,0.,0.));
#5534=CARTESIAN_POINT('',(6.90700794719107E-15,28.65,37.6));
#5535=CARTESIAN_POINT('',(6.90700794719107E-15,28.65,37.6));
#5536=VECTOR('',#5537,1.);
#5537=DIRECTION('',(-1.83697019872103E-16,0.,-1.));
#5538=CARTESIAN_POINT('',(6.90700794719107E-15,28.65,37.6));
#5539=VECTOR('',#5540,1.);
#5540=DIRECTION('',(1.,0.,0.));
#5541=CARTESIAN_POINT('',(6.90700794719107E-15,21.85,37.6));
#5542=AXIS2_PLACEMENT_3D('',#5543,#5544,#5545);
#5543=CARTESIAN_POINT('',(6.90700794719108E-15,25.25,37.6));
#5544=DIRECTION('',(-1.,4.37905770101505E-47,1.83697019872103E-16));
#5545=DIRECTION('',(-3.83895832502651E-31,-1.,-2.089831575765E-15));
#5546=CARTESIAN_POINT('',(6.61309271539571E-15,21.85,36.));
#5547=VECTOR('',#5548,1.);
#5548=DIRECTION('',(1.83697019872103E-16,0.,1.));
#5549=CARTESIAN_POINT('',(6.35591688757476E-15,25.25,34.6));
#5550=AXIS2_PLACEMENT_3D('',#5551,#5552,#5553);
#5551=CARTESIAN_POINT('',(6.90700794719108E-15,25.25,37.6));
#5552=DIRECTION('',(1.,0.,-1.83697019872103E-16));
#5553=DIRECTION('',(-1.83697019872103E-16,-1.22464679914735E-16,-1.));
#5554=CARTESIAN_POINT('',(6.90700794719107E-15,21.85,37.6));
#5555=VECTOR('',#5556,1.);
#5556=DIRECTION('',(1.,0.,0.));
#5557=CARTESIAN_POINT('',(6.90700794719107E-15,-21.85,37.6));
#5558=CARTESIAN_POINT('',(6.90700794719107E-15,-21.85,37.6));
#5559=VECTOR('',#5560,1.);
#5560=DIRECTION('',(-1.83697019872103E-16,2.22044604925032E-15,-1.));
#5561=CARTESIAN_POINT('',(6.90700794719107E-15,-21.85,37.6));
#5562=VECTOR('',#5563,1.);
#5563=DIRECTION('',(1.,0.,0.));
#5564=CARTESIAN_POINT('',(6.90700794719107E-15,-28.65,37.6));
#5565=AXIS2_PLACEMENT_3D('',#5566,#5567,#5568);
#5566=CARTESIAN_POINT('',(6.90700794719107E-15,-25.25,37.6));
#5567=DIRECTION('',(-1.,0.,1.83697019872103E-16));
#5568=DIRECTION('',(0.,-1.,0.));
#5569=CARTESIAN_POINT('',(6.61309271539571E-15,-28.65,36.));
#5570=VECTOR('',#5571,1.);
#5571=DIRECTION('',(1.83697019872103E-16,0.,1.));
#5572=CARTESIAN_POINT('',(6.35591688757476E-15,-25.25,34.6));
#5573=AXIS2_PLACEMENT_3D('',#5574,#5575,#5576);
#5574=CARTESIAN_POINT('',(6.90700794719107E-15,-25.25,37.6));
#5575=DIRECTION('',(1.,0.,-1.83697019872103E-16));
#5576=DIRECTION('',(-1.83697019872103E-16,-1.22464679914735E-16,-1.));
#5577=CARTESIAN_POINT('',(6.90700794719107E-15,-28.65,37.6));
#5578=VECTOR('',#5579,1.);
#5579=DIRECTION('',(1.,0.,0.));
#5580=CARTESIAN_POINT('',(4.75775281468747E-15,-44.6,25.9));
#5581=VECTOR('',#5582,1.);
#5582=DIRECTION('',(1.83697019872103E-16,1.73303106282952E-15,1.));
#5583=CARTESIAN_POINT('',(-19.4,-19.1,-2.24999999999999));
#5584=AXIS2_PLACEMENT_3D('',#5585,#5586,#5587);
#5585=CARTESIAN_POINT('',(-19.4,-19.1,5.90279757189024E-15));
#5586=DIRECTION('',(1.,0.,-1.83697019872103E-16));
#5587=DIRECTION('',(-1.83697019872103E-16,-1.22464679914735E-16,-1.));
#5588=CARTESIAN_POINT('',(-19.4,-11.4,6.));
#5589=AXIS2_PLACEMENT_3D('',#5590,#5591,#5592);
#5590=CARTESIAN_POINT('',(-19.4,-11.4,9.5));
#5591=DIRECTION('',(1.,0.,-1.83697019872103E-16));
#5592=DIRECTION('',(-1.83697019872103E-16,-1.22464679914735E-16,-1.));
#5593=CARTESIAN_POINT('',(-19.4,35.6,-15.));
#5594=AXIS2_PLACEMENT_3D('',#5595,#5596,#5597);
#5595=CARTESIAN_POINT('',(-19.4,35.6,-11.5));
#5596=DIRECTION('',(1.,0.,-1.83697019872103E-16));
#5597=DIRECTION('',(-1.83697019872103E-16,-1.22464679914735E-16,-1.));
#5598=CARTESIAN_POINT('',(-5.51091059616309E-15,-45.4,-30.));
#5599=VECTOR('',#5600,1.);
#5600=DIRECTION('',(1.,0.,0.));
#5601=CARTESIAN_POINT('',(-6.76005033129339E-15,-38.6,-36.8));
#5602=VECTOR('',#5603,1.);
#5603=DIRECTION('',(1.,0.,0.));
#5604=CARTESIAN_POINT('',(-6.76005033129339E-15,-29.45,-36.8));
#5605=VECTOR('',#5606,1.);
#5606=DIRECTION('',(1.,0.,0.));
#5607=CARTESIAN_POINT('',(-6.90700794719107E-15,-29.45,-37.6));
#5608=VECTOR('',#5609,1.);
#5609=DIRECTION('',(1.,0.,0.));
#5610=CARTESIAN_POINT('',(-6.90700794719107E-15,-21.05,-37.6));
#5611=VECTOR('',#5612,1.);
#5612=DIRECTION('',(1.,0.,0.));
#5613=CARTESIAN_POINT('',(-6.76005033129339E-15,-21.05,-36.8));
#5614=VECTOR('',#5615,1.);
#5615=DIRECTION('',(1.,0.,0.));
#5616=CARTESIAN_POINT('',(-6.76005033129339E-15,21.05,-36.8));
#5617=VECTOR('',#5618,1.);
#5618=DIRECTION('',(1.,0.,0.));
#5619=CARTESIAN_POINT('',(-6.90700794719107E-15,21.05,-37.6));
#5620=VECTOR('',#5621,1.);
#5621=DIRECTION('',(1.,0.,0.));
#5622=CARTESIAN_POINT('',(-6.90700794719107E-15,29.45,-37.6));
#5623=VECTOR('',#5624,1.);
#5624=DIRECTION('',(1.,0.,0.));
#5625=CARTESIAN_POINT('',(-6.76005033129339E-15,29.45,-36.8));
#5626=VECTOR('',#5627,1.);
#5627=DIRECTION('',(1.,0.,0.));
#5628=CARTESIAN_POINT('',(-6.76005033129339E-15,38.6,-36.8));
#5629=VECTOR('',#5630,1.);
#5630=DIRECTION('',(1.,0.,0.));
#5631=CARTESIAN_POINT('',(-5.51091059616309E-15,45.4,-30.));
#5632=VECTOR('',#5633,1.);
#5633=DIRECTION('',(1.,0.,0.));
#5634=CARTESIAN_POINT('',(5.51091059616309E-15,45.4,30.));
#5635=VECTOR('',#5636,1.);
#5636=DIRECTION('',(1.,0.,0.));
#5637=CARTESIAN_POINT('',(6.76005033129339E-15,38.6,36.8));
#5638=VECTOR('',#5639,1.);
#5639=DIRECTION('',(1.,0.,0.));
#5640=CARTESIAN_POINT('',(6.76005033129339E-15,29.45,36.8));
#5641=VECTOR('',#5642,1.);
#5642=DIRECTION('',(1.,0.,0.));
#5643=CARTESIAN_POINT('',(6.90700794719107E-15,29.45,37.6));
#5644=VECTOR('',#5645,1.);
#5645=DIRECTION('',(1.,0.,0.));
#5646=CARTESIAN_POINT('',(6.90700794719107E-15,21.05,37.6));
#5647=VECTOR('',#5648,1.);
#5648=DIRECTION('',(1.,0.,0.));
#5649=CARTESIAN_POINT('',(6.76005033129339E-15,21.05,36.8));
#5650=VECTOR('',#5651,1.);
#5651=DIRECTION('',(1.,0.,0.));
#5652=CARTESIAN_POINT('',(6.76005033129339E-15,-21.05,36.8));
#5653=VECTOR('',#5654,1.);
#5654=DIRECTION('',(1.,0.,0.));
#5655=CARTESIAN_POINT('',(6.90700794719107E-15,-21.05,37.6));
#5656=VECTOR('',#5657,1.);
#5657=DIRECTION('',(1.,0.,0.));
#5658=CARTESIAN_POINT('',(6.90700794719107E-15,-29.45,37.6));
#5659=VECTOR('',#5660,1.);
#5660=DIRECTION('',(1.,0.,0.));
#5661=CARTESIAN_POINT('',(6.76005033129339E-15,-29.45,36.8));
#5662=VECTOR('',#5663,1.);
#5663=DIRECTION('',(1.,0.,0.));
#5664=CARTESIAN_POINT('',(6.76005033129339E-15,-38.6,36.8));
#5665=VECTOR('',#5666,1.);
#5666=DIRECTION('',(1.,0.,0.));
#5667=CARTESIAN_POINT('',(5.51091059616309E-15,-45.4,30.));
#5668=VECTOR('',#5669,1.);
#5669=DIRECTION('',(1.,0.,0.));
#5670=CARTESIAN_POINT('',(-28.,-30.25,-37.6));
#5671=VECTOR('',#5672,1.);
#5672=DIRECTION('',(1.,0.,0.));
#5673=CARTESIAN_POINT('',(-28.,-20.25,-37.6));
#5674=VECTOR('',#5675,1.);
#5675=DIRECTION('',(1.,0.,0.));
#5676=CARTESIAN_POINT('',(-28.,20.25,-37.6));
#5677=VECTOR('',#5678,1.);
#5678=DIRECTION('',(1.,0.,2.53765262771464E-16));
#5679=CARTESIAN_POINT('',(-28.,30.25,-37.6));
#5680=VECTOR('',#5681,1.);
#5681=DIRECTION('',(1.,0.,0.));
#5682=CARTESIAN_POINT('',(-28.,38.6,-37.6));
#5683=VECTOR('',#5684,1.);
#5684=DIRECTION('',(1.,0.,-2.53765262771464E-16));
#5685=CARTESIAN_POINT('',(-28.,46.2,-30.));
#5686=VECTOR('',#5687,1.);
#5687=DIRECTION('',(1.,0.,-2.53765262771464E-16));
#5688=CARTESIAN_POINT('',(-18.,46.2,-19.1568542494925));
#5689=CARTESIAN_POINT('',(-18.,46.2,-19.1568542494925));
#5690=VECTOR('',#5691,1.);
#5691=DIRECTION('',(-1.,0.,0.));
#5692=CARTESIAN_POINT('',(-18.,46.2,-3.32083386015567));
#5693=CARTESIAN_POINT('',(-18.,46.2,-3.32083386015567));
#5694=VECTOR('',#5695,1.);
#5695=DIRECTION('',(-4.48687686862631E-16,0.,-1.));
#5696=CARTESIAN_POINT('',(-18.,46.2,3.60736937011981));
#5697=CARTESIAN_POINT('',(-18.,46.2,3.60736937011981));
#5698=CARTESIAN_POINT('',(-18.,46.2,3.49642023739772));
#5699=CARTESIAN_POINT('',(-18.0064286484486,46.2,3.30153921564276));
#5700=CARTESIAN_POINT('',(-18.026375996969,46.2,3.05167491028282));
#5701=CARTESIAN_POINT('',(-18.0507076822491,46.2,2.84222592122114));
#5702=CARTESIAN_POINT('',(-18.0787265970321,46.2,2.64944705144245));
#5703=CARTESIAN_POINT('',(-18.1101393738098,46.2,2.46571031020312));
#5704=CARTESIAN_POINT('',(-18.1456143861791,46.2,2.28242469204468));
#5705=CARTESIAN_POINT('',(-18.1840812303739,46.2,2.10152229044852));
#5706=CARTESIAN_POINT('',(-18.2250964620799,46.2,1.92146838830232));
#5707=CARTESIAN_POINT('',(-18.2676718118923,46.2,1.74279445536873));
#5708=CARTESIAN_POINT('',(-18.310932014459,46.2,1.56504104652484));
#5709=CARTESIAN_POINT('',(-18.3539503909829,46.2,1.38749534974408));
#5710=CARTESIAN_POINT('',(-18.3957624741911,46.2,1.20896800514205));
#5711=CARTESIAN_POINT('',(-18.4352827367432,46.2,1.02784605646635));
#5712=CARTESIAN_POINT('',(-18.4712940863625,46.2,0.841544878292747));
#5713=CARTESIAN_POINT('',(-18.5024763873176,46.2,0.644682141727909));
#5714=CARTESIAN_POINT('',(-18.5268532201245,46.2,0.426460773147813));
#5715=CARTESIAN_POINT('',(-18.5386559463508,46.2,0.189169218241809));
#5716=CARTESIAN_POINT('',(-18.5329708173188,46.2,-0.0584422993768889));
#5717=CARTESIAN_POINT('',(-18.5112095482047,46.2,-0.293383870021059));
#5718=CARTESIAN_POINT('',(-18.4793620406353,46.2,-0.50916868922721));
#5719=CARTESIAN_POINT('',(-18.4426852773476,46.2,-0.70549971252246));
#5720=CARTESIAN_POINT('',(-18.4021781239922,46.2,-0.894256553556569));
#5721=CARTESIAN_POINT('',(-18.359094214524,46.2,-1.07951650021644));
#5722=CARTESIAN_POINT('',(-18.3146315189934,46.2,-1.2633493801752));
#5723=CARTESIAN_POINT('',(-18.2698648394475,46.2,-1.44715247380098));
#5724=CARTESIAN_POINT('',(-18.2258006849018,46.2,-1.6318330533025));
#5725=CARTESIAN_POINT('',(-18.1833597138454,46.2,-1.81810339837169));
#5726=CARTESIAN_POINT('',(-18.1434273116875,46.2,-2.00639937533554));
#5727=CARTESIAN_POINT('',(-18.107095782943,46.2,-2.19567297853618));
#5728=CARTESIAN_POINT('',(-18.0752748411371,46.2,-2.38474451113608));
#5729=CARTESIAN_POINT('',(-18.0489007494776,46.2,-2.57039179612353));
#5730=CARTESIAN_POINT('',(-18.0280215422962,46.2,-2.75340557486349));
#5731=CARTESIAN_POINT('',(-18.0126509282029,46.2,-2.93452668274761));
#5732=CARTESIAN_POINT('',(-18.0026309109408,46.2,-3.12080308210851));
#5733=CARTESIAN_POINT('',(-17.9999999999999,46.2,-3.25239618795894));
#5734=CARTESIAN_POINT('',(-17.9999999999999,46.2,-3.32083386015568));
#5735=CARTESIAN_POINT('',(-18.,46.2,19.1568542494925));
#5736=CARTESIAN_POINT('',(-18.,46.2,19.1568542494925));
#5737=VECTOR('',#5738,1.);
#5738=DIRECTION('',(-4.56955803534481E-16,0.,-1.));
#5739=CARTESIAN_POINT('',(-28.,46.2,19.1568542494925));
#5740=VECTOR('',#5741,1.);
#5741=DIRECTION('',(1.,0.,-7.105427357601E-16));
#5742=CARTESIAN_POINT('',(-28.,46.2,30.));
#5743=VECTOR('',#5744,1.);
#5744=DIRECTION('',(1.,0.,0.));
#5745=CARTESIAN_POINT('',(-28.,38.6,37.6));
#5746=VECTOR('',#5747,1.);
#5747=DIRECTION('',(1.,0.,-5.07530525542929E-16));
#5748=CARTESIAN_POINT('',(-28.,30.25,37.6));
#5749=VECTOR('',#5750,1.);
#5750=DIRECTION('',(1.,0.,-2.53765262771464E-16));
#5751=CARTESIAN_POINT('',(-28.,20.25,37.6));
#5752=VECTOR('',#5753,1.);
#5753=DIRECTION('',(1.,0.,0.));
#5754=CARTESIAN_POINT('',(-28.,-20.25,37.6));
#5755=VECTOR('',#5756,1.);
#5756=DIRECTION('',(1.,0.,0.));
#5757=CARTESIAN_POINT('',(-28.,-30.25,37.6));
#5758=VECTOR('',#5759,1.);
#5759=DIRECTION('',(1.,0.,-2.53765262771464E-16));
#5760=CARTESIAN_POINT('',(-22.,-57.0284271247461,-6.67157287525493));
#5761=CARTESIAN_POINT('',(-28.,-57.0284271247461,-6.67157287525493));
#5762=VECTOR('',#5763,1.);
#5763=DIRECTION('',(1.,0.,-2.96059473233375E-16));
#5764=CARTESIAN_POINT('',(-22.,-58.2,-3.84314575050862));
#5765=AXIS2_PLACEMENT_3D('',#5766,#5767,#5768);
#5766=CARTESIAN_POINT('',(-22.,-54.2,-3.84314575050861));
#5767=DIRECTION('',(1.,2.46519032881566E-32,-3.06161699786838E-16));
#5768=DIRECTION('',(-1.11311204056533E-31,-1.,-4.44089209850063E-16));
#5769=CARTESIAN_POINT('',(-28.,-58.2,-3.84314575050861));
#5770=VECTOR('',#5771,1.);
#5771=DIRECTION('',(1.,0.,-2.96059473233375E-16));
#5772=CARTESIAN_POINT('',(-22.,-58.2,3.84314575050859));
#5773=CARTESIAN_POINT('',(-22.,-58.2,-3.84314575050862));
#5774=VECTOR('',#5775,1.);
#5775=DIRECTION('',(0.,0.,1.));
#5776=CARTESIAN_POINT('',(-28.,-58.2,3.84314575050859));
#5777=VECTOR('',#5778,1.);
#5778=DIRECTION('',(1.,0.,-2.96059473233375E-16));
#5779=CARTESIAN_POINT('',(-22.,-57.0284271247461,6.67157287525491));
#5780=AXIS2_PLACEMENT_3D('',#5781,#5782,#5783);
#5781=CARTESIAN_POINT('',(-22.,-54.2,3.84314575050859));
#5782=DIRECTION('',(1.,4.93038065763132E-32,-3.06161699786838E-16));
#5783=DIRECTION('',(2.16489014058883E-16,-0.707106781186515,0.70710678118658));
#5784=CARTESIAN_POINT('',(-28.,-57.0284271247461,6.67157287525491));
#5785=VECTOR('',#5786,1.);
#5786=DIRECTION('',(1.,0.,-2.96059473233375E-16));
#5787=CARTESIAN_POINT('',(-22.,-57.0284271247461,6.67157287525491));
#5788=VECTOR('',#5789,1.);
#5789=DIRECTION('',(3.67895547246918E-16,0.707106781186579,0.707106781186515));
#5790=CARTESIAN_POINT('',(-20.8284271247462,47.3715728752539,16.3284271247462));
#5791=CARTESIAN_POINT('',(-20.8284271247462,47.3715728752538,16.3284271247463));
#5792=CARTESIAN_POINT('',(-20.0682559335897,46.6114016840974,17.0885983159028));
#5793=CARTESIAN_POINT('',(-19.0750444082588,46.2,18.0818098412337));
#5794=CARTESIAN_POINT('',(-18.,46.2,19.1568542494925));
#5795=CARTESIAN_POINT('',(-28.,47.3715728752539,16.3284271247462));
#5796=VECTOR('',#5797,1.);
#5797=DIRECTION('',(1.,-9.90776707034374E-16,0.));
#5798=CARTESIAN_POINT('',(-22.,57.0284271247461,6.67157287525491));
#5799=CARTESIAN_POINT('',(-28.,57.0284271247461,6.67157287525492));
#5800=VECTOR('',#5801,1.);
#5801=DIRECTION('',(1.,0.,-2.96059473233375E-16));
#5802=CARTESIAN_POINT('',(-22.,50.2,13.5000000000004));
#5803=CARTESIAN_POINT('',(-22.,50.2,13.5000000000004));
#5804=CARTESIAN_POINT('',(-22.,49.1249555917412,14.575044408259));
#5805=CARTESIAN_POINT('',(-21.5885983159026,48.1317440664103,15.5682559335899));
#5806=CARTESIAN_POINT('',(-20.8284271247462,47.3715728752538,16.3284271247463));
#5807=CARTESIAN_POINT('',(-22.,57.0284271247461,6.67157287525491));
#5808=VECTOR('',#5809,1.);
#5809=DIRECTION('',(3.67895547246918E-16,-0.707106781186579,0.707106781186516));
#5810=CARTESIAN_POINT('',(-22.,58.2,3.84314575050859));
#5811=CARTESIAN_POINT('',(-28.,58.2,3.8431457505086));
#5812=VECTOR('',#5813,1.);
#5813=DIRECTION('',(1.,0.,-2.96059473233375E-16));
#5814=AXIS2_PLACEMENT_3D('',#5815,#5816,#5817);
#5815=CARTESIAN_POINT('',(-22.,54.2,3.84314575050859));
#5816=DIRECTION('',(1.,0.,-3.06161699786838E-16));
#5817=DIRECTION('',(-6.79815536723447E-32,1.,-2.22044604925032E-16));
#5818=CARTESIAN_POINT('',(-22.,58.2,-3.8431457505086));
#5819=CARTESIAN_POINT('',(-22.,58.2,-3.8431457505086));
#5820=VECTOR('',#5821,1.);
#5821=DIRECTION('',(0.,0.,1.));
#5822=CARTESIAN_POINT('',(-28.,58.2,-3.8431457505086));
#5823=VECTOR('',#5824,1.);
#5824=DIRECTION('',(1.,0.,-2.96059473233375E-16));
#5825=CARTESIAN_POINT('',(-22.,57.0284271247461,-6.67157287525492));
#5826=CARTESIAN_POINT('',(-28.,57.0284271247461,-6.67157287525492));
#5827=VECTOR('',#5828,1.);
#5828=DIRECTION('',(1.,0.,-2.96059473233375E-16));
#5829=AXIS2_PLACEMENT_3D('',#5830,#5831,#5832);
#5830=CARTESIAN_POINT('',(-22.,54.2,-3.8431457505086));
#5831=DIRECTION('',(1.,0.,-3.06161699786838E-16));
#5832=DIRECTION('',(-2.16489014058884E-16,0.707106781186513,-0.707106781186582));
#5833=CARTESIAN_POINT('',(-22.,50.2,-13.5000000000004));
#5834=CARTESIAN_POINT('',(-22.,50.2,-13.5000000000004));
#5835=VECTOR('',#5836,1.);
#5836=DIRECTION('',(3.67895547246918E-16,0.707106781186579,0.707106781186516));
#5837=CARTESIAN_POINT('',(-20.8284271247462,47.3715728752539,-16.3284271247463));
#5838=CARTESIAN_POINT('',(-22.,50.2,-13.5000000000004));
#5839=CARTESIAN_POINT('',(-22.,49.1249555917412,-14.575044408259));
#5840=CARTESIAN_POINT('',(-21.5885983159026,48.1317440664103,-15.5682559335899));
#5841=CARTESIAN_POINT('',(-20.8284271247462,47.3715728752538,-16.3284271247463));
#5842=CARTESIAN_POINT('',(-20.8284271247462,47.3715728752539,-16.3284271247462));
#5843=VECTOR('',#5844,1.);
#5844=DIRECTION('',(-1.,0.,0.));
#5845=CARTESIAN_POINT('',(-20.8284271247462,47.3715728752538,-16.3284271247463));
#5846=CARTESIAN_POINT('',(-20.0682559335897,46.6114016840974,-17.0885983159028));
#5847=CARTESIAN_POINT('',(-19.0750444082588,46.2,-18.0818098412337));
#5848=CARTESIAN_POINT('',(-18.,46.2,-19.1568542494925));
#5849=CARTESIAN_POINT('',(-22.,-50.2,-13.5000000000004));
#5850=VECTOR('',#5851,1.);
#5851=DIRECTION('',(3.67895547246918E-16,-0.70710678118658,0.707106781186515));
#5852=CARTESIAN_POINT('',(-25.5,-52.2,-2.35673224501794));
#5853=AXIS2_PLACEMENT_3D('',#5854,#5855,#5856);
#5854=CARTESIAN_POINT('',(-25.5,-52.2,0.143267754982063));
#5855=DIRECTION('',(1.,3.74939945665464E-32,-3.06161699786838E-16));
#5856=DIRECTION('',(-3.06161699786838E-16,-1.14792251082923E-47,-1.));
#5857=CARTESIAN_POINT('',(-25.5,52.2,-2.35673224501793));
#5858=AXIS2_PLACEMENT_3D('',#5859,#5860,#5861);
#5859=CARTESIAN_POINT('',(-25.5,52.2,0.14326775498207));
#5860=DIRECTION('',(1.,0.,-3.06161699786838E-16));
#5861=DIRECTION('',(-3.06161699786838E-16,0.,-1.));
#5862=CARTESIAN_POINT('',(-22.,-52.2,-3.85673224501794));
#5863=AXIS2_PLACEMENT_3D('',#5864,#5865,#5866);
#5864=CARTESIAN_POINT('',(-22.,-52.2,0.143267754982062));
#5865=DIRECTION('',(-1.,-3.74939945665464E-32,3.06161699786838E-16));
#5866=DIRECTION('',(-2.65143809681226E-16,0.500000000000002,-0.866025403784438));
#5867=AXIS2_PLACEMENT_3D('',#5868,#5869,#5870);
#5868=CARTESIAN_POINT('',(-22.,-52.2,0.143267754982062));
#5869=DIRECTION('',(-1.,-3.74939945665464E-32,3.06161699786838E-16));
#5870=DIRECTION('',(-3.06161699786838E-16,-1.14792251082923E-47,-1.));
#5871=CARTESIAN_POINT('',(-24.,-52.2,-3.85673224501794));
#5872=AXIS2_PLACEMENT_3D('',#5873,#5874,#5875);
#5873=CARTESIAN_POINT('',(-24.,-52.2,0.143267754982063));
#5874=DIRECTION('',(1.,3.74939945665464E-32,-3.06161699786838E-16));
#5875=DIRECTION('',(-3.06161699786838E-16,2.44929359829471E-16,-1.));
#5876=CARTESIAN_POINT('',(-20.,-25.25,-34.6));
#5877=AXIS2_PLACEMENT_3D('',#5878,#5879,#5880);
#5878=CARTESIAN_POINT('',(-20.,-25.25,-37.6));
#5879=DIRECTION('',(-1.,0.,-1.83697019872103E-16));
#5880=DIRECTION('',(-1.83697019872103E-16,-1.22464679914735E-16,1.));
#5881=CARTESIAN_POINT('',(-20.,25.25,-34.6));
#5882=AXIS2_PLACEMENT_3D('',#5883,#5884,#5885);
#5883=CARTESIAN_POINT('',(-20.,25.25,-37.6));
#5884=DIRECTION('',(-1.,0.,-1.83697019872103E-16));
#5885=DIRECTION('',(-1.83697019872103E-16,-1.22464679914735E-16,1.));
#5886=CARTESIAN_POINT('',(-20.,25.25,34.6));
#5887=AXIS2_PLACEMENT_3D('',#5888,#5889,#5890);
#5888=CARTESIAN_POINT('',(-20.,25.25,37.6));
#5889=DIRECTION('',(1.,0.,-1.83697019872103E-16));
#5890=DIRECTION('',(-1.83697019872103E-16,-1.22464679914735E-16,-1.));
#5891=CARTESIAN_POINT('',(-20.,-25.25,34.6));
#5892=AXIS2_PLACEMENT_3D('',#5893,#5894,#5895);
#5893=CARTESIAN_POINT('',(-20.,-25.25,37.6));
#5894=DIRECTION('',(1.,0.,-1.83697019872103E-16));
#5895=DIRECTION('',(-1.83697019872103E-16,-1.22464679914735E-16,-1.));
#5896=CARTESIAN_POINT('',(-19.4,-11.4,8.6));
#5897=AXIS2_PLACEMENT_3D('',#5898,#5899,#5900);
#5898=CARTESIAN_POINT('',(-19.4,-11.4,9.5));
#5899=DIRECTION('',(1.,0.,-1.83697019872103E-16));
#5900=DIRECTION('',(-1.83697019872103E-16,-1.22464679914735E-16,-1.));
#5901=CARTESIAN_POINT('',(-19.4,35.6,-12.4));
#5902=AXIS2_PLACEMENT_3D('',#5903,#5904,#5905);
#5903=CARTESIAN_POINT('',(-19.4,35.6,-11.5));
#5904=DIRECTION('',(1.,0.,-1.83697019872103E-16));
#5905=DIRECTION('',(-1.83697019872103E-16,-1.22464679914735E-16,-1.));
#5906=CARTESIAN_POINT('',(-22.,50.2,-3.32083386015568));
#5907=CARTESIAN_POINT('',(-22.,50.2,-3.32083386015568));
#5908=VECTOR('',#5909,1.);
#5909=DIRECTION('',(-6.98036289022531E-16,0.,-1.));
#5910=CARTESIAN_POINT('',(-18.,46.2,-3.32083386015567));
#5911=CARTESIAN_POINT('',(-18.0335865590008,46.1999999039984,-3.3208338605833));
#5912=CARTESIAN_POINT('',(-18.1007406488318,46.2008458869127,-3.32083386147031));
#5913=CARTESIAN_POINT('',(-18.1773314291349,46.203740650712,-3.32083386190348));
#5914=CARTESIAN_POINT('',(-18.2442991085427,46.2073552361438,-3.32083386135595));
#5915=CARTESIAN_POINT('',(-18.3108208995303,46.2117843715323,-3.32083386112599));
#5916=CARTESIAN_POINT('',(-18.4005976537707,46.2196985793473,-3.32083385991208));
#5917=CARTESIAN_POINT('',(-18.4984058598107,46.2307701411739,-3.32083386022114));
#5918=CARTESIAN_POINT('',(-18.5943996460159,46.2440225265833,-3.32083386014665));
#5919=CARTESIAN_POINT('',(-18.6578142611423,46.2543326774031,-3.32083386015627));
#5920=CARTESIAN_POINT('',(-18.720147429721,46.2652344731022,-3.32083386015517));
#5921=CARTESIAN_POINT('',(-18.7819035778865,46.2767919818691,-3.32083386016255));
#5922=CARTESIAN_POINT('',(-18.872953663476,46.2960523200472,-3.32083386016587));
#5923=CARTESIAN_POINT('',(-18.9621979106636,46.3170989775823,-3.32083386015112));
#5924=CARTESIAN_POINT('',(-19.0489364196834,46.3396434491254,-3.32083386017799));
#5925=CARTESIAN_POINT('',(-19.1107422447386,46.3571787053481,-3.32083386016915));
#5926=CARTESIAN_POINT('',(-19.1662298947257,46.3736944131998,-3.32083386016081));
#5927=CARTESIAN_POINT('',(-19.2204392035288,46.3904685114648,-3.32083386015342));
#5928=CARTESIAN_POINT('',(-19.2955425236724,46.4153101978896,-3.32083386015839));
#5929=CARTESIAN_POINT('',(-19.3731780496329,46.4427935010281,-3.32083386017132));
#5930=CARTESIAN_POINT('',(-19.4490992008941,46.4714252683822,-3.32083386015312));
#5931=CARTESIAN_POINT('',(-19.5233950853416,46.501164369641,-3.32083386016294));
#5932=CARTESIAN_POINT('',(-19.5772033038108,46.5239567748246,-3.32083386016684));
#5933=CARTESIAN_POINT('',(-19.625346325032,46.5450275659621,-3.32083386016163));
#5934=CARTESIAN_POINT('',(-19.6806932354264,46.5699012613235,-3.3208338601526));
#5935=CARTESIAN_POINT('',(-19.7618989525526,46.6084425887144,-3.3208338601637));
#5936=CARTESIAN_POINT('',(-19.854243635064,46.6552359184829,-3.32083386015451));
#5937=CARTESIAN_POINT('',(-19.9378583285268,46.7003616134125,-3.32083386016601));
#5938=CARTESIAN_POINT('',(-19.9978613355899,46.7345244074689,-3.32083386016692));
#5939=CARTESIAN_POINT('',(-20.0427798633006,46.7608750179417,-3.32083386016012));
#5940=CARTESIAN_POINT('',(-20.0877415441535,46.7878453219517,-3.32083386015383));
#5941=CARTESIAN_POINT('',(-20.1475499115099,46.8250734861843,-3.32083386015813));
#5942=CARTESIAN_POINT('',(-20.2144318446914,46.8685690351607,-3.32083386017986));
#5943=CARTESIAN_POINT('',(-20.2809562497319,46.9137537467504,-3.32083386016733));
#5944=CARTESIAN_POINT('',(-20.3543332156924,46.9657890492657,-3.3208338601507));
#5945=CARTESIAN_POINT('',(-20.4051328938719,47.0036508345342,-3.32083386018045));
#5946=CARTESIAN_POINT('',(-20.462939281973,47.0479734938998,-3.32083386017274));
#5947=CARTESIAN_POINT('',(-20.5205524305873,47.0934225030619,-3.32083386014555));
#5948=CARTESIAN_POINT('',(-20.6000529876237,47.1597523631658,-3.32083386017));
#5949=CARTESIAN_POINT('',(-20.6755232169628,47.2260075477397,-3.32083386018997));
#5950=CARTESIAN_POINT('',(-20.747618851513,47.2924207268018,-3.32083386013787));
#5951=CARTESIAN_POINT('',(-20.8060797361405,47.3490789656094,-3.32083386019485));
#5952=CARTESIAN_POINT('',(-20.8735842884011,47.4169020145778,-3.32083386016921));
#5953=CARTESIAN_POINT('',(-20.9485466355306,47.4957736514599,-3.32083386013904));
#5954=CARTESIAN_POINT('',(-21.0332500190579,47.5915014636204,-3.32083386022142));
#5955=CARTESIAN_POINT('',(-21.1039418535481,47.6764038270403,-3.32083386012795));
#5956=CARTESIAN_POINT('',(-21.1432199646105,47.7259164288913,-3.32083386019698));
#5957=CARTESIAN_POINT('',(-21.1854108734248,47.7803632512591,-3.32083386020383));
#5958=CARTESIAN_POINT('',(-21.2329217863982,47.8435411519846,-3.32083386014784));
#5959=CARTESIAN_POINT('',(-21.3030360586763,47.9427631201637,-3.32083386017383));
#5960=CARTESIAN_POINT('',(-21.3678816376233,48.0408688535039,-3.32083386018831));
#5961=CARTESIAN_POINT('',(-21.4167161336357,48.1196085174749,-3.32083386016276));
#5962=CARTESIAN_POINT('',(-21.4524337240312,48.1796931359865,-3.32083386019534));
#5963=CARTESIAN_POINT('',(-21.490481675874,48.2456703160936,-3.32083386015205));
#5964=CARTESIAN_POINT('',(-21.5415243838615,48.339021075445,-3.32083386018341));
#5965=CARTESIAN_POINT('',(-21.6031145576208,48.4609091770418,-3.32083386019828));
#5966=CARTESIAN_POINT('',(-21.6456210214338,48.5531051778154,-3.32083386015472));
#5967=CARTESIAN_POINT('',(-21.6851775966503,48.6438435375105,-3.32083386015627));
#5968=CARTESIAN_POINT('',(-21.7221426301979,48.7330853346909,-3.32083386015729));
#5969=CARTESIAN_POINT('',(-21.7704193852642,48.8618666255695,-3.32083386014963));
#5970=CARTESIAN_POINT('',(-21.8076769840445,48.9730584042422,-3.32083386017294));
#5971=CARTESIAN_POINT('',(-21.8331610343972,49.0562770670096,-3.32083386022659));
#5972=CARTESIAN_POINT('',(-21.8540008251175,49.1281930435162,-3.32083386011218));
#5973=CARTESIAN_POINT('',(-21.8747869090307,49.2055188024331,-3.32083386022705));
#5974=CARTESIAN_POINT('',(-21.8961662195201,49.293238701431,-3.32083386015326));
#5975=CARTESIAN_POINT('',(-21.9138833747933,49.3731527286913,-3.32083386016263));
#5976=CARTESIAN_POINT('',(-21.9294574996078,49.4507574325235,-3.32083386013182));
#5977=CARTESIAN_POINT('',(-21.939809839165,49.5080749766364,-3.32083386021522));
#5978=CARTESIAN_POINT('',(-21.9481615415087,49.5577246818809,-3.32083386013289));
#5979=CARTESIAN_POINT('',(-21.9559518757539,49.6068303010544,-3.32083386015736));
#5980=CARTESIAN_POINT('',(-21.9655289187551,49.6742229146799,-3.32083386020476));
#5981=CARTESIAN_POINT('',(-21.9746701781118,49.7484822345738,-3.32083385996141));
#5982=CARTESIAN_POINT('',(-21.9824428235463,49.82312889216,-3.32083386105514));
#5983=CARTESIAN_POINT('',(-21.9888278648834,49.8980977650083,-3.32083385674444));
#5984=CARTESIAN_POINT('',(-21.9926131064334,49.9552567483064,-3.32083386911626));
#5985=CARTESIAN_POINT('',(-21.9953330943524,50.0055243602911,-3.32083384699387));
#5986=CARTESIAN_POINT('',(-21.9975814078091,50.0558949686319,-3.32083403713093));
#5987=CARTESIAN_POINT('',(-21.9995240793269,50.1244228500004,-3.3208338319829));
#5988=CARTESIAN_POINT('',(-22.0000000328669,50.1748189488152,-3.32083379411958));
#5989=CARTESIAN_POINT('',(-22.,50.2,-3.32083386015568));
#5990=CARTESIAN_POINT('',(-22.,50.2,3.60736937011982));
#5991=AXIS2_PLACEMENT_3D('',#5992,#5993,#5994);
#5992=CARTESIAN_POINT('',(-22.,52.2,0.143267754982069));
#5993=DIRECTION('',(1.,0.,-3.06161699786838E-16));
#5994=DIRECTION('',(2.65143809681227E-16,-0.5,0.866025403784439));
#5995=CARTESIAN_POINT('',(-18.,46.2,3.60736937011981));
#5996=CARTESIAN_POINT('',(-18.0326975338615,46.199999885456,3.60736937235802));
#5997=CARTESIAN_POINT('',(-18.0980446945711,46.2008013548751,3.6073693718564));
#5998=CARTESIAN_POINT('',(-18.1746360415144,46.2036186312581,3.60736936859221));
#5999=CARTESIAN_POINT('',(-18.2397456461183,46.2070885592335,3.60736937236597));
#6000=CARTESIAN_POINT('',(-18.3149026339106,46.2120147715485,3.60736937043504));
#6001=CARTESIAN_POINT('',(-18.4370877523325,46.2229746379413,3.60736936998189));
#6002=CARTESIAN_POINT('',(-18.568863858625,46.2398657147583,3.60736937015219));
#6003=CARTESIAN_POINT('',(-18.7006299917344,46.2613002425062,3.6073693701103));
#6004=CARTESIAN_POINT('',(-18.8538330209645,46.2906569920334,3.60736937013339));
#6005=CARTESIAN_POINT('',(-19.0070952465895,46.3275189235863,3.60736937013606));
#6006=CARTESIAN_POINT('',(-19.1672956413778,46.3733828525645,3.60736937011619));
#6007=CARTESIAN_POINT('',(-19.3347362389693,46.4271833462574,3.60736937013246));
#6008=CARTESIAN_POINT('',(-19.4876867113734,46.4855337501741,3.60736937014249));
#6009=CARTESIAN_POINT('',(-19.6434700702007,46.5525256122824,3.60736937011514));
#6010=CARTESIAN_POINT('',(-19.7737223279842,46.6131844122694,3.60736937013897));
#6011=CARTESIAN_POINT('',(-19.9213069602673,46.6903781204254,3.60736937012863));
#6012=CARTESIAN_POINT('',(-20.0161288226787,46.7449762588309,3.60736937013364));
#6013=CARTESIAN_POINT('',(-20.086525660105,46.7871073977841,3.60736937011997));
#6014=CARTESIAN_POINT('',(-20.1467755364449,46.8243548129255,3.60736937011579));
#6015=CARTESIAN_POINT('',(-20.2313683457293,46.8797481057982,3.60736937014989));
#6016=CARTESIAN_POINT('',(-20.3081577081314,46.9327094360439,3.60736937011043));
#6017=CARTESIAN_POINT('',(-20.379806377419,46.9845773011192,3.60736937013993));
#6018=CARTESIAN_POINT('',(-20.434824339079,47.0262205203397,3.60736937014342));
#6019=CARTESIAN_POINT('',(-20.4763873425526,47.0586659070544,3.60736937013068));
#6020=CARTESIAN_POINT('',(-20.5150865780701,47.0894672684884,3.60736937011959));
#6021=CARTESIAN_POINT('',(-20.5614679334673,47.1274539531234,3.6073693701185));
#6022=CARTESIAN_POINT('',(-20.6139541015797,47.1720087518671,3.60736937013923));
#6023=CARTESIAN_POINT('',(-20.6632017593005,47.2152496988242,3.60736937015215));
#6024=CARTESIAN_POINT('',(-20.710508970789,47.2581527925556,3.6073693701222));
#6025=CARTESIAN_POINT('',(-20.7564879736805,47.301190766062,3.60736937012138));
#6026=CARTESIAN_POINT('',(-20.8017335561513,47.3448982293544,3.60736937015701));
#6027=CARTESIAN_POINT('',(-20.8354312198549,47.3784898819705,3.60736937015136));
#6028=CARTESIAN_POINT('',(-20.8696754962124,47.4133147193879,3.60736937013785));
#6029=CARTESIAN_POINT('',(-20.908406367096,47.4535354196316,3.60736937011724));
#6030=CARTESIAN_POINT('',(-20.9615384319291,47.510830116964,3.60736937011993));
#6031=CARTESIAN_POINT('',(-21.0173645676564,47.5736203760621,3.60736937016196));
#6032=CARTESIAN_POINT('',(-21.0725781890827,47.638415867394,3.60736937012131));
#6033=CARTESIAN_POINT('',(-21.1276466965298,47.7059194313132,3.60736937013532));
#6034=CARTESIAN_POINT('',(-21.168021137776,47.7577093592713,3.60736937015266));
#6035=CARTESIAN_POINT('',(-21.2010317847315,47.8012742177915,3.6073693701347));
#6036=CARTESIAN_POINT('',(-21.2310222424331,47.8416242363653,3.60736937011572));
#6037=CARTESIAN_POINT('',(-21.2791894197878,47.9086936245431,3.60736937012876));
#6038=CARTESIAN_POINT('',(-21.3390878978465,47.996507247653,3.60736937016049));
#6039=CARTESIAN_POINT('',(-21.4051651635919,48.0999720471175,3.60736937013417));
#6040=CARTESIAN_POINT('',(-21.4492980422424,48.1741123929457,3.6073693701436));
#6041=CARTESIAN_POINT('',(-21.4892483876107,48.2438491740881,3.60736937011489));
#6042=CARTESIAN_POINT('',(-21.5257177865788,48.3096857573639,3.60736937004264));
#6043=CARTESIAN_POINT('',(-21.5767987042941,48.4081470034108,3.60736937060158));
#6044=CARTESIAN_POINT('',(-21.6261254084207,48.5101512122856,3.60736936986177));
#6045=CARTESIAN_POINT('',(-21.6625409706948,48.5913065321382,3.60736937051181));
#6046=CARTESIAN_POINT('',(-21.6923003034789,48.6611616892872,3.60736937032287));
#6047=CARTESIAN_POINT('',(-21.7206216597075,48.7303370131783,3.60736936999264));
#6048=CARTESIAN_POINT('',(-21.7596578245753,48.8324071862103,3.60736937039637));
#6049=CARTESIAN_POINT('',(-21.8019120127047,48.9542855057369,3.60736937057053));
#6050=CARTESIAN_POINT('',(-21.8330205168744,49.0551171954237,3.60736937022279));
#6051=CARTESIAN_POINT('',(-21.8569292394324,49.1390994529934,3.60736937060279));
#6052=CARTESIAN_POINT('',(-21.8753363435029,49.2079016686968,3.60736937005263));
#6053=CARTESIAN_POINT('',(-21.895656180102,49.2910063159197,3.60736937004563));
#6054=CARTESIAN_POINT('',(-21.9136537406422,49.3720357746064,3.60736937051234));
#6055=CARTESIAN_POINT('',(-21.9293837625112,49.4503545814139,3.60736937039318));
#6056=CARTESIAN_POINT('',(-21.9430389752333,49.5259429766293,3.60736936991837));
#6057=CARTESIAN_POINT('',(-21.9515569337428,49.5787904967798,3.60736937053758));
#6058=CARTESIAN_POINT('',(-21.9589537653151,49.6279541872247,3.60736937062128));
#6059=CARTESIAN_POINT('',(-21.9659054923429,49.6772817446426,3.60736937053346));
#6060=CARTESIAN_POINT('',(-21.9746705885766,49.7484859039172,3.60736937005014));
#6061=CARTESIAN_POINT('',(-21.9824430772623,49.8231316298949,3.60736937013064));
#6062=CARTESIAN_POINT('',(-21.9888280076687,49.8980997114034,3.60736937015459));
#6063=CARTESIAN_POINT('',(-21.9933112842051,49.9657997627105,3.60736937008339));
#6064=CARTESIAN_POINT('',(-21.9958321213789,50.0160782569878,3.60736937018165));
#6065=CARTESIAN_POINT('',(-21.9978808060131,50.0664561691336,3.60736937223713));
#6066=CARTESIAN_POINT('',(-21.9995240890253,50.1244232581667,3.60736937324176));
#6067=CARTESIAN_POINT('',(-22.0000000298319,50.1748190758515,3.60736937178482));
#6068=CARTESIAN_POINT('',(-22.,50.2,3.60736937011982));
#6069=CARTESIAN_POINT('',(-22.,50.2,13.5000000000004));
#6070=VECTOR('',#6071,1.);
#6071=DIRECTION('',(-7.18254590052028E-16,0.,-1.));
#6072=CARTESIAN_POINT('',(-22.,52.2,-3.85673224501793));
#6073=AXIS2_PLACEMENT_3D('',#6074,#6075,#6076);
#6074=CARTESIAN_POINT('',(-22.,52.2,0.143267754982069));
#6075=DIRECTION('',(1.,0.,-3.06161699786838E-16));
#6076=DIRECTION('',(-3.06161699786838E-16,0.,-1.));
#6077=AXIS2_PLACEMENT_3D('',#6078,#6079,#6080);
#6078=CARTESIAN_POINT('',(-22.,52.2,0.143267754982069));
#6079=DIRECTION('',(1.,0.,-3.06161699786838E-16));
#6080=DIRECTION('',(-2.65143809681226E-16,-0.500000000000002,-0.866025403784438));
#6081=CARTESIAN_POINT('',(-24.,52.2,-3.85673224501793));
#6082=AXIS2_PLACEMENT_3D('',#6083,#6084,#6085);
#6083=CARTESIAN_POINT('',(-24.,52.2,0.143267754982069));
#6084=DIRECTION('',(1.,0.,-3.06161699786838E-16));
#6085=DIRECTION('',(-3.06161699786838E-16,0.,-1.));
#6086=CARTESIAN_POINT('',(-25.4,-11.4,8.6));
#6087=AXIS2_PLACEMENT_3D('',#6088,#6089,#6090);
#6088=CARTESIAN_POINT('',(-25.4,-11.4,9.5));
#6089=DIRECTION('',(1.,0.,-1.83697019872103E-16));
#6090=DIRECTION('',(-1.83697019872103E-16,-1.22464679914735E-16,-1.));
#6091=CARTESIAN_POINT('',(-25.4,35.6,-12.4));
#6092=AXIS2_PLACEMENT_3D('',#6093,#6094,#6095);
#6093=CARTESIAN_POINT('',(-25.4,35.6,-11.5));
#6094=DIRECTION('',(1.,0.,-1.83697019872103E-16));
#6095=DIRECTION('',(-1.83697019872103E-16,-1.22464679914735E-16,-1.));
#6096=CARTESIAN_POINT('',(-10.3,-43.1,-21.9968719422671));
#6097=AXIS2_PLACEMENT_3D('',#6098,#6099,#6100);
#6098=CARTESIAN_POINT('',(-10.3,-43.2,-20.4));
#6099=DIRECTION('',(1.,0.,-2.4168120263949E-16));
#6100=DIRECTION('',(-2.41208707167736E-16,0.062499999999999,-0.998044963916957));
#6101=CARTESIAN_POINT('',(-26.4,-43.1,-21.9968719422671));
#6102=VECTOR('',#6103,1.);
#6103=DIRECTION('',(1.,0.,-2.2066544588823E-16));
#6104=CARTESIAN_POINT('',(-10.3,-43.1,-14.0031280577329));
#6105=AXIS2_PLACEMENT_3D('',#6106,#6107,#6108);
#6106=CARTESIAN_POINT('',(-10.3,-43.2,-15.6));
#6107=DIRECTION('',(1.,0.,-2.4168120263949E-16));
#6108=DIRECTION('',(1.36818063249269E-30,1.,5.6621374255883E-15));
#6109=CARTESIAN_POINT('',(-10.3,-43.1,-14.0031280577329));
#6110=VECTOR('',#6111,1.);
#6111=DIRECTION('',(-1.,0.,2.2066544588823E-16));
#6112=AXIS2_PLACEMENT_3D('',#6113,#6114,#6115);
#6113=CARTESIAN_POINT('',(-10.3,-43.,-12.4062561154657));
#6114=DIRECTION('',(-1.,3.08148791101958E-33,1.98475624513994E-16));
#6115=DIRECTION('',(-1.98087597506465E-16,-0.0625000000000009,-0.998044963916957));
#6116=AXIS2_PLACEMENT_3D('',#6117,#6118,#6119);
#6117=CARTESIAN_POINT('',(-10.3,-43.,-23.5937438845343));
#6118=DIRECTION('',(-1.,0.,1.98475624513994E-16));
#6119=DIRECTION('',(4.3448979545376E-31,-1.,2.17881268582687E-15));
#6120=CARTESIAN_POINT('',(-9.8,-42.1,-15.6));
#6121=VECTOR('',#6122,1.);
#6122=DIRECTION('',(-0.70710678118655,0.707106781186545,2.51214793389403E-15));
#6123=CARTESIAN_POINT('',(-9.8,-43.13125,-14.5021505396914));
#6124=VECTOR('',#6125,1.);
#6125=DIRECTION('',(-0.707106781186549,0.0441941738241593,0.705724361914762));
#6126=CARTESIAN_POINT('',(-9.8,-42.1,-20.4));
#6127=VECTOR('',#6128,1.);
#6128=DIRECTION('',(-0.707106781186553,0.707106781186542,0.));
#6129=CARTESIAN_POINT('',(-9.8,-43.13125,-21.4978494603087));
#6130=VECTOR('',#6131,1.);
#6131=DIRECTION('',(-0.707106781186549,0.044194173824159,-0.705724361914762));
#6132=CARTESIAN_POINT('',(-9.8,-45.1,-23.5937438845343));
#6133=VECTOR('',#6134,1.);
#6134=DIRECTION('',(-0.707106781186547,0.707106781186547,5.02429586778808E-15));
#6135=CARTESIAN_POINT('',(-10.3,-44.6,-24.5000009957255));
#6136=VECTOR('',#6137,1.);
#6137=DIRECTION('',(0.707106781186555,-0.70710678118654,0.));
#6138=CARTESIAN_POINT('',(-9.30000099572553,-44.6,-25.5));
#6139=VECTOR('',#6140,1.);
#6140=DIRECTION('',(-2.51214793389405E-15,-0.70710678118655,0.707106781186545));
#6141=CARTESIAN_POINT('',(-4.69999900427447,-44.6,-25.5));
#6142=VECTOR('',#6143,1.);
#6143=DIRECTION('',(0.,-0.707106781186542,0.707106781186553));
#6144=CARTESIAN_POINT('',(-3.69999999999999,-44.6,-24.5000009957255));
#6145=VECTOR('',#6146,1.);
#6146=DIRECTION('',(-0.707106781186551,-0.707106781186544,1.00485917355763E-14));
#6147=CARTESIAN_POINT('',(-3.7,-44.6,-11.4999990042745));
#6148=VECTOR('',#6149,1.);
#6149=DIRECTION('',(-0.707106781186555,-0.70710678118654,0.));
#6150=CARTESIAN_POINT('',(-4.69999900427445,-44.6,-10.5));
#6151=VECTOR('',#6152,1.);
#6152=DIRECTION('',(-1.00485917355763E-14,-0.707106781186536,-0.707106781186559));
#6153=CARTESIAN_POINT('',(-9.30000099572552,-44.6,-10.5));
#6154=VECTOR('',#6155,1.);
#6155=DIRECTION('',(-5.02429586778817E-15,-0.70710678118654,-0.707106781186555));
#6156=CARTESIAN_POINT('',(-10.3,-44.6,-11.4999990042745));
#6157=VECTOR('',#6158,1.);
#6158=DIRECTION('',(0.707106781186561,-0.707106781186534,5.02429586778827E-15));
#6159=CARTESIAN_POINT('',(-10.3,-44.6,-12.4062561154657));
#6160=VECTOR('',#6161,1.);
#6161=DIRECTION('',(0.707106781186551,-0.707106781186544,0.));
ENDSEC;
END-ISO-10303-21;
