ISO-10303-21;
HEADER;
FILE_DESCRIPTION(('STEP AP203'),
    '1');
FILE_NAME('Корпус блока управления датчика уровня жидкости',
    '2026-07-15T11:36:09',
    ('rizz'),
    (''),
    'C3D Converter',
    'C3D Toolkit',
    '');
/**/
FILE_SCHEMA(('CONFIG_CONTROL_DESIGN'));
ENDSEC;

DATA;
#1=PRODUCT_DEFINITION('','UNSPECIFIED',#28,#31);
#2=SHAPE_DEFINITION_REPRESENTATION(#26,#3);
#3=SHAPE_REPRESENTATION('NONE',(#4),#8);
#4=AXIS2_PLACEMENT_3D('',#5,#6,#7);
#5=CARTESIAN_POINT('',(0.,0.,0.));
#6=DIRECTION('',(0.,0.,1.));
#7=DIRECTION('',(1.,0.,0.));
#8=(GEOMETRIC_REPRESENTATION_CONTEXT(3)GLOBAL_UNCERTAINTY_ASSIGNED_CONTEXT((#10))
GLOBAL_UNIT_ASSIGNED_CONTEXT((#9,#11,#12))REPRESENTATION_CONTEXT('NONE','NONE'));
#9=(LENGTH_UNIT()NAMED_UNIT(*)SI_UNIT(.MILLI.,.METRE.));
#10=UNCERTAINTY_MEASURE_WITH_UNIT(LENGTH_MEASURE(1.E-5),#9,'NONE','NONE');
#11=(NAMED_UNIT(*)PLANE_ANGLE_UNIT()SI_UNIT($,.RADIAN.));
#12=(NAMED_UNIT(*)SI_UNIT($,.STERADIAN.)SOLID_ANGLE_UNIT());
#13=MANIFOLD_SOLID_BREP('',#14);
#14=CLOSED_SHELL('',(#53,#54,#55,#56,#57,#58,#59,#60,#61,#62,#63,#64,#65,#66,#67,
#68,#69,#70,#71,#72,#73,#74,#75,#76,#77,#78,#79,#80,#81,#82,#83,#84,#85,#86,#87,
#88,#89,#90,#91,#92,#93,#94,#95,#96,#97,#98,#99,#100,#101,#102,#103,#104,#105,#106,
#107,#108,#109,#110,#111,#112,#113,#114,#115,#116,#117,#118,#119,#120,#121,#122,
#123,#124,#125,#126,#127,#128,#129,#130,#131,#132,#133,#134,#135,#136,#137,#138,
#139,#140,#141,#142,#143,#144,#145,#146,#147,#148,#149,#150,#151,#152,#153,#154,
#155,#156,#157,#158,#159,#160,#161,#162,#163,#164,#165,#166,#167,#168,#169,#170,
#171,#172,#173,#174,#175,#176,#177,#178,#179,#180,#181,#182,#183,#184,#185,#186,
#187,#188,#189,#190,#191,#192,#193,#194,#195,#196,#197,#198,#199,#200,#201,#202,
#203,#204,#205,#206,#207,#208,#209,#210,#211,#212,#213,#214,#215,#216,#217,#218,
#219,#220,#221,#222,#223,#224,#225,#226,#227,#228,#229,#230,#231,#232,#233,#234,
#235,#236,#237,#238,#239,#240,#241,#242,#243,#244,#245,#246,#247,#248,#249,#250,
#251,#252,#253,#254,#255,#256,#257,#258,#259,#260,#261,#262,#263,#264,#265,#266,
#267,#268,#269,#270,#271,#272,#273,#274,#275,#276,#277,#278,#279,#280,#281,#282,
#283,#284,#285,#286,#287,#288,#289,#290,#291,#292,#293,#294,#295,#296,#297,#298,
#299,#300,#301,#302,#303,#304,#305,#306,#307,#308,#309,#310,#311,#312,#313,#314,
#315,#316,#317,#318));
#15=COLOUR_RGB('',0.6,0.298039215686275,0.);
#16=FILL_AREA_STYLE_COLOUR('',#15);
#17=FILL_AREA_STYLE($,(#16));
#18=SURFACE_STYLE_FILL_AREA(#17);
#19=SURFACE_SIDE_STYLE('',(#18));
#20=SURFACE_STYLE_USAGE(.BOTH.,#19);
#21=PRESENTATION_STYLE_ASSIGNMENT((#20));
#22=MECHANICAL_DESIGN_GEOMETRIC_PRESENTATION_REPRESENTATION('NONE',(#23),#8);
#23=STYLED_ITEM('',(#21),#13);
#24=ADVANCED_BREP_SHAPE_REPRESENTATION('NONE',(#13),#8);
#25=SHAPE_REPRESENTATION_RELATIONSHIP('','',#3,#24);
#26=PRODUCT_DEFINITION_SHAPE('NONE','NONE',#1);
#27=MECHANICAL_CONTEXT('NONE',#32,'mechanical');
#28=PRODUCT_DEFINITION_FORMATION_WITH_SPECIFIED_SOURCE('ANY','UNSPECIFIED',#29,.NOT_KNOWN.);
#29=PRODUCT('','\X2\041A043E0440043F04430441\X0\ \X2\043104300437043E0432043E0439\X0\ \X2\044104420430043D044604380438\X0\',
'NONE',(#27));
#30=PRODUCT_RELATED_PRODUCT_CATEGORY('detail','',(#29));
#31=DESIGN_CONTEXT('detailed design',#32,'design');
#32=APPLICATION_CONTEXT('configuration controlled 3d designs of mechanical parts and assemblies');
#33=APPLICATION_PROTOCOL_DEFINITION('international standard','config_control_design',
1994,#32);
#34=CC_DESIGN_DATE_AND_TIME_ASSIGNMENT(#35,#39,(#1));
#35=DATE_AND_TIME(#36,#37);
#36=CALENDAR_DATE(0,1,1);
#37=LOCAL_TIME(0,0,0.,#38);
#38=COORDINATED_UNIVERSAL_TIME_OFFSET(0,0,.AHEAD.);
#39=DATE_TIME_ROLE('creation_date');
#40=CC_DESIGN_APPROVAL(#41,(#1));
#41=APPROVAL(#42,'UNSPECIFIED');
#42=APPROVAL_STATUS('not_yet_approved');
#43=APPROVAL_DATE_TIME(#44,#41);
#44=DATE_AND_TIME(#45,#46);
#45=CALENDAR_DATE(0,1,1);
#46=LOCAL_TIME(0,0,0.,#47);
#47=COORDINATED_UNIVERSAL_TIME_OFFSET(0,0,.AHEAD.);
#48=PERSON('UNSPECIFIED','rizz','UNSPECIFIED',('UNSPECIFIED'),('UNSPECIFIED'),('UNSPECIFIED'));
#49=ORGANIZATION('UNSPECIFIED','UNSPECIFIED','UNSPECIFIED');
#50=PERSON_AND_ORGANIZATION(#48,#49);
#51=PERSON_AND_ORGANIZATION_ROLE('creator');
#52=CC_DESIGN_PERSON_AND_ORGANIZATION_ASSIGNMENT(#50,#51,(#28,#1));
#53=ADVANCED_FACE('',(#319,#321,#323,#325,#327,#329,#331),#333,.F.);
#54=ADVANCED_FACE('',(#338),#340,.F.);
#55=ADVANCED_FACE('',(#345),#347,.F.);
#56=ADVANCED_FACE('',(#351),#353,.F.);
#57=ADVANCED_FACE('',(#357),#359,.F.);
#58=ADVANCED_FACE('',(#363),#365,.F.);
#59=ADVANCED_FACE('',(#369),#371,.F.);
#60=ADVANCED_FACE('',(#376),#378,.F.);
#61=ADVANCED_FACE('',(#383),#385,.F.);
#62=ADVANCED_FACE('',(#389),#391,.F.);
#63=ADVANCED_FACE('',(#395),#397,.F.);
#64=ADVANCED_FACE('',(#402),#404,.F.);
#65=ADVANCED_FACE('',(#409),#411,.F.);
#66=ADVANCED_FACE('',(#415),#417,.F.);
#67=ADVANCED_FACE('',(#421),#423,.F.);
#68=ADVANCED_FACE('',(#427),#429,.F.);
#69=ADVANCED_FACE('',(#433),#435,.F.);
#70=ADVANCED_FACE('',(#440),#442,.F.);
#71=ADVANCED_FACE('',(#446),#448,.F.);
#72=ADVANCED_FACE('',(#452),#454,.F.);
#73=ADVANCED_FACE('',(#458),#460,.F.);
#74=ADVANCED_FACE('',(#465),#467,.F.);
#75=ADVANCED_FACE('',(#472),#474,.F.);
#76=ADVANCED_FACE('',(#478),#480,.F.);
#77=ADVANCED_FACE('',(#484),#486,.F.);
#78=ADVANCED_FACE('',(#490),#492,.F.);
#79=ADVANCED_FACE('',(#497),#499,.F.);
#80=ADVANCED_FACE('',(#503),#505,.F.);
#81=ADVANCED_FACE('',(#509),#511,.F.);
#82=ADVANCED_FACE('',(#515),#517,.F.);
#83=ADVANCED_FACE('',(#521),#523,.F.);
#84=ADVANCED_FACE('',(#528),#530,.F.);
#85=ADVANCED_FACE('',(#535),#537,.F.);
#86=ADVANCED_FACE('',(#541),#543,.F.);
#87=ADVANCED_FACE('',(#547),#549,.F.);
#88=ADVANCED_FACE('',(#554),#556,.F.);
#89=ADVANCED_FACE('',(#561),#563,.F.);
#90=ADVANCED_FACE('',(#567),#569,.F.);
#91=ADVANCED_FACE('',(#573),#575,.F.);
#92=ADVANCED_FACE('',(#579),#581,.F.);
#93=ADVANCED_FACE('',(#585),#587,.F.);
#94=ADVANCED_FACE('',(#592),#594,.F.);
#95=ADVANCED_FACE('',(#598),#600,.F.);
#96=ADVANCED_FACE('',(#604),#606,.F.);
#97=ADVANCED_FACE('',(#610),#612,.F.);
#98=ADVANCED_FACE('',(#617),#619,.F.);
#99=ADVANCED_FACE('',(#624),#626,.F.);
#100=ADVANCED_FACE('',(#630),#632,.F.);
#101=ADVANCED_FACE('',(#636),#638,.F.);
#102=ADVANCED_FACE('',(#642),#644,.F.);
#103=ADVANCED_FACE('',(#649),#651,.F.);
#104=ADVANCED_FACE('',(#655),#657,.F.);
#105=ADVANCED_FACE('',(#661),#663,.F.);
#106=ADVANCED_FACE('',(#668),#670,.F.);
#107=ADVANCED_FACE('',(#674),#676,.F.);
#108=ADVANCED_FACE('',(#680),#682,.F.);
#109=ADVANCED_FACE('',(#687),#689,.F.);
#110=ADVANCED_FACE('',(#693),#695,.F.);
#111=ADVANCED_FACE('',(#699),#701,.F.);
#112=ADVANCED_FACE('',(#705),#707,.F.);
#113=ADVANCED_FACE('',(#711),#713,.F.);
#114=ADVANCED_FACE('',(#718),#720,.F.);
#115=ADVANCED_FACE('',(#724),#726,.F.);
#116=ADVANCED_FACE('',(#730),#732,.F.);
#117=ADVANCED_FACE('',(#737),#739,.F.);
#118=ADVANCED_FACE('',(#743),#745,.F.);
#119=ADVANCED_FACE('',(#749),#751,.F.);
#120=ADVANCED_FACE('',(#756),#758,.F.);
#121=ADVANCED_FACE('',(#762),#764,.F.);
#122=ADVANCED_FACE('',(#769),#771,.F.);
#123=ADVANCED_FACE('',(#775),#777,.F.);
#124=ADVANCED_FACE('',(#782),#784,.F.);
#125=ADVANCED_FACE('',(#788),#790,.F.);
#126=ADVANCED_FACE('',(#794),#796,.F.);
#127=ADVANCED_FACE('',(#800),#802,.F.);
#128=ADVANCED_FACE('',(#806),#808,.F.);
#129=ADVANCED_FACE('',(#813),#815,.F.);
#130=ADVANCED_FACE('',(#820),#822,.F.);
#131=ADVANCED_FACE('',(#826),#828,.F.);
#132=ADVANCED_FACE('',(#832),#834,.F.);
#133=ADVANCED_FACE('',(#838),#840,.F.);
#134=ADVANCED_FACE('',(#844),#846,.F.);
#135=ADVANCED_FACE('',(#851),#853,.F.);
#136=ADVANCED_FACE('',(#857),#859,.F.);
#137=ADVANCED_FACE('',(#863),#865,.F.);
#138=ADVANCED_FACE('',(#869),#871,.F.);
#139=ADVANCED_FACE('',(#875),#877,.F.);
#140=ADVANCED_FACE('',(#881),#883,.F.);
#141=ADVANCED_FACE('',(#887),#889,.F.);
#142=ADVANCED_FACE('',(#894),#896,.F.);
#143=ADVANCED_FACE('',(#900),#902,.F.);
#144=ADVANCED_FACE('',(#906),#908,.F.);
#145=ADVANCED_FACE('',(#913),#915,.F.);
#146=ADVANCED_FACE('',(#919),#921,.F.);
#147=ADVANCED_FACE('',(#925),#927,.F.);
#148=ADVANCED_FACE('',(#931),#933,.F.);
#149=ADVANCED_FACE('',(#937),#939,.F.);
#150=ADVANCED_FACE('',(#944),#946,.F.);
#151=ADVANCED_FACE('',(#950),#952,.F.);
#152=ADVANCED_FACE('',(#956),#958,.F.);
#153=ADVANCED_FACE('',(#963),#965,.F.);
#154=ADVANCED_FACE('',(#969),#971,.F.);
#155=ADVANCED_FACE('',(#975),#977,.F.);
#156=ADVANCED_FACE('',(#982),#984,.F.);
#157=ADVANCED_FACE('',(#988),#990,.F.);
#158=ADVANCED_FACE('',(#994),#996,.F.);
#159=ADVANCED_FACE('',(#1000),#1002,.F.);
#160=ADVANCED_FACE('',(#1006),#1008,.F.);
#161=ADVANCED_FACE('',(#1013),#1015,.F.);
#162=ADVANCED_FACE('',(#1019),#1021,.F.);
#163=ADVANCED_FACE('',(#1025),#1027,.F.);
#164=ADVANCED_FACE('',(#1031),#1033,.F.);
#165=ADVANCED_FACE('',(#1037),#1039,.F.);
#166=ADVANCED_FACE('',(#1044),#1046,.T.);
#167=ADVANCED_FACE('',(#1051,#1053,#1055),#1057,.T.);
#168=ADVANCED_FACE('',(#1062),#1064,.T.);
#169=ADVANCED_FACE('',(#1069),#1071,.T.);
#170=ADVANCED_FACE('',(#1076),#1078,.T.);
#171=ADVANCED_FACE('',(#1083,#1085),#1087,.T.);
#172=ADVANCED_FACE('',(#1092),#1094,.T.);
#173=ADVANCED_FACE('',(#1099,#1101),#1103,.T.);
#174=ADVANCED_FACE('',(#1108),#1110,.F.);
#175=ADVANCED_FACE('',(#1115),#1117,.F.);
#176=ADVANCED_FACE('',(#1122),#1124,.F.);
#177=ADVANCED_FACE('',(#1129),#1131,.F.);
#178=ADVANCED_FACE('',(#1136),#1138,.F.);
#179=ADVANCED_FACE('',(#1143),#1145,.F.);
#180=ADVANCED_FACE('',(#1150),#1152,.F.);
#181=ADVANCED_FACE('',(#1157),#1159,.F.);
#182=ADVANCED_FACE('',(#1164),#1166,.T.);
#183=ADVANCED_FACE('',(#1171),#1173,.T.);
#184=ADVANCED_FACE('',(#1178),#1180,.T.);
#185=ADVANCED_FACE('',(#1185),#1187,.T.);
#186=ADVANCED_FACE('',(#1192,#1194),#1196,.T.);
#187=ADVANCED_FACE('',(#1201),#1203,.F.);
#188=ADVANCED_FACE('',(#1208),#1210,.F.);
#189=ADVANCED_FACE('',(#1215),#1217,.F.);
#190=ADVANCED_FACE('',(#1222),#1224,.F.);
#191=ADVANCED_FACE('',(#1229),#1231,.F.);
#192=ADVANCED_FACE('',(#1236),#1238,.F.);
#193=ADVANCED_FACE('',(#1243),#1245,.F.);
#194=ADVANCED_FACE('',(#1250),#1252,.F.);
#195=ADVANCED_FACE('',(#1257),#1259,.T.);
#196=ADVANCED_FACE('',(#1264),#1266,.T.);
#197=ADVANCED_FACE('',(#1271),#1273,.T.);
#198=ADVANCED_FACE('',(#1278),#1280,.T.);
#199=ADVANCED_FACE('',(#1285),#1287,.F.);
#200=ADVANCED_FACE('',(#1292),#1294,.F.);
#201=ADVANCED_FACE('',(#1299),#1301,.F.);
#202=ADVANCED_FACE('',(#1306),#1308,.F.);
#203=ADVANCED_FACE('',(#1313),#1315,.F.);
#204=ADVANCED_FACE('',(#1320),#1322,.T.);
#205=ADVANCED_FACE('',(#1327,#1329),#1331,.T.);
#206=ADVANCED_FACE('',(#1336,#1338),#1340,.F.);
#207=ADVANCED_FACE('',(#1345),#1347,.F.);
#208=ADVANCED_FACE('',(#1352,#1354,#1356,#1358),#1360,.F.);
#209=ADVANCED_FACE('',(#1365),#1367,.F.);
#210=ADVANCED_FACE('',(#1372),#1374,.F.);
#211=ADVANCED_FACE('',(#1379),#1381,.F.);
#212=ADVANCED_FACE('',(#1386,#1388),#1390,.F.);
#213=ADVANCED_FACE('',(#1395),#1397,.F.);
#214=ADVANCED_FACE('',(#1402),#1404,.F.);
#215=ADVANCED_FACE('',(#1409),#1411,.T.);
#216=ADVANCED_FACE('',(#1416),#1418,.T.);
#217=ADVANCED_FACE('',(#1423),#1425,.F.);
#218=ADVANCED_FACE('',(#1430),#1432,.F.);
#219=ADVANCED_FACE('',(#1437,#1439),#1441,.T.);
#220=ADVANCED_FACE('',(#1446),#1448,.T.);
#221=ADVANCED_FACE('',(#1453),#1455,.T.);
#222=ADVANCED_FACE('',(#1460),#1462,.T.);
#223=ADVANCED_FACE('',(#1467),#1469,.T.);
#224=ADVANCED_FACE('',(#1474,#1476),#1478,.F.);
#225=ADVANCED_FACE('',(#1483),#1485,.F.);
#226=ADVANCED_FACE('',(#1490),#1492,.T.);
#227=ADVANCED_FACE('',(#1497,#1499),#1501,.F.);
#228=ADVANCED_FACE('',(#1506),#1508,.T.);
#229=ADVANCED_FACE('',(#1513),#1515,.F.);
#230=ADVANCED_FACE('',(#1520),#1522,.T.);
#231=ADVANCED_FACE('',(#1527),#1529,.T.);
#232=ADVANCED_FACE('',(#1534),#1536,.T.);
#233=ADVANCED_FACE('',(#1541),#1543,.F.);
#234=ADVANCED_FACE('',(#1548),#1550,.F.);
#235=ADVANCED_FACE('',(#1555),#1557,.F.);
#236=ADVANCED_FACE('',(#1562),#1564,.T.);
#237=ADVANCED_FACE('',(#1569),#1571,.F.);
#238=ADVANCED_FACE('',(#1576),#1578,.T.);
#239=ADVANCED_FACE('',(#1583),#1585,.F.);
#240=ADVANCED_FACE('',(#1590),#1592,.T.);
#241=ADVANCED_FACE('',(#1597),#1599,.F.);
#242=ADVANCED_FACE('',(#1604),#1606,.T.);
#243=ADVANCED_FACE('',(#1611),#1613,.F.);
#244=ADVANCED_FACE('',(#1618),#1620,.T.);
#245=ADVANCED_FACE('',(#1625),#1627,.F.);
#246=ADVANCED_FACE('',(#1632),#1634,.F.);
#247=ADVANCED_FACE('',(#1639),#1641,.T.);
#248=ADVANCED_FACE('',(#1646),#1648,.F.);
#249=ADVANCED_FACE('',(#1653),#1655,.F.);
#250=ADVANCED_FACE('',(#1660),#1662,.F.);
#251=ADVANCED_FACE('',(#1667),#1669,.F.);
#252=ADVANCED_FACE('',(#1674),#1676,.T.);
#253=ADVANCED_FACE('',(#1681),#1683,.F.);
#254=ADVANCED_FACE('',(#1688),#1690,.T.);
#255=ADVANCED_FACE('',(#1695),#1697,.F.);
#256=ADVANCED_FACE('',(#1702),#1704,.F.);
#257=ADVANCED_FACE('',(#1709),#1711,.T.);
#258=ADVANCED_FACE('',(#1716,#1718,#1720,#1722,#1724,#1726,#1728),#1730,.T.);
#259=ADVANCED_FACE('',(#1735,#1737),#1739,.T.);
#260=ADVANCED_FACE('',(#1744,#1746),#1748,.T.);
#261=ADVANCED_FACE('',(#1753),#1755,.T.);
#262=ADVANCED_FACE('',(#1760),#1762,.T.);
#263=ADVANCED_FACE('',(#1767),#1769,.F.);
#264=ADVANCED_FACE('',(#1774),#1776,.F.);
#265=ADVANCED_FACE('',(#1840),#1842,.F.);
#266=ADVANCED_FACE('',(#1847),#1849,.T.);
#267=ADVANCED_FACE('',(#1940),#1942,.F.);
#268=ADVANCED_FACE('',(#1947),#1949,.F.);
#269=ADVANCED_FACE('',(#1954),#1956,.F.);
#270=ADVANCED_FACE('',(#1961),#1963,.T.);
#271=ADVANCED_FACE('',(#1968),#1970,.F.);
#272=ADVANCED_FACE('',(#1975),#1977,.T.);
#273=ADVANCED_FACE('',(#1982),#1984,.F.);
#274=ADVANCED_FACE('',(#1989),#1991,.T.);
#275=ADVANCED_FACE('',(#1996),#1998,.T.);
#276=ADVANCED_FACE('',(#2003),#2005,.F.);
#277=ADVANCED_FACE('',(#2010),#2012,.F.);
#278=ADVANCED_FACE('',(#2017),#2019,.F.);
#279=ADVANCED_FACE('',(#2024),#2026,.T.);
#280=ADVANCED_FACE('',(#2117),#2119,.F.);
#281=ADVANCED_FACE('',(#2124),#2126,.F.);
#282=ADVANCED_FACE('',(#2131),#2133,.F.);
#283=ADVANCED_FACE('',(#2173),#2175,.F.);
#284=ADVANCED_FACE('',(#2218),#2220,.F.);
#285=ADVANCED_FACE('',(#2225),#2227,.F.);
#286=ADVANCED_FACE('',(#2232),#2234,.F.);
#287=ADVANCED_FACE('',(#2239),#2241,.F.);
#288=ADVANCED_FACE('',(#2246),#2248,.F.);
#289=ADVANCED_FACE('',(#2253),#2255,.F.);
#290=ADVANCED_FACE('',(#2260),#2262,.F.);
#291=ADVANCED_FACE('',(#2267,#2269),#2271,.F.);
#292=ADVANCED_FACE('',(#2276,#2278),#2280,.F.);
#293=ADVANCED_FACE('',(#2285,#2287),#2289,.F.);
#294=ADVANCED_FACE('',(#2294,#2296),#2298,.F.);
#295=ADVANCED_FACE('',(#2303),#2305,.T.);
#296=ADVANCED_FACE('',(#2310),#2312,.T.);
#297=ADVANCED_FACE('',(#2317,#2319),#2321,.T.);
#298=ADVANCED_FACE('',(#2326),#2328,.T.);
#299=ADVANCED_FACE('',(#2333,#2335),#2337,.T.);
#300=ADVANCED_FACE('',(#2342),#2344,.T.);
#301=ADVANCED_FACE('',(#2349),#2351,.T.);
#302=ADVANCED_FACE('',(#2356),#2358,.T.);
#303=ADVANCED_FACE('',(#2363),#2365,.T.);
#304=ADVANCED_FACE('',(#2370,#2372),#2374,.T.);
#305=ADVANCED_FACE('',(#2379,#2381),#2383,.T.);
#306=ADVANCED_FACE('',(#2388,#2390),#2392,.T.);
#307=ADVANCED_FACE('',(#2397,#2399),#2401,.T.);
#308=ADVANCED_FACE('',(#2406,#2408),#2410,.T.);
#309=ADVANCED_FACE('',(#2415,#2417),#2419,.T.);
#310=ADVANCED_FACE('',(#2424),#2426,.T.);
#311=ADVANCED_FACE('',(#2431),#2433,.T.);
#312=ADVANCED_FACE('',(#2438),#2440,.T.);
#313=ADVANCED_FACE('',(#2445),#2447,.T.);
#314=ADVANCED_FACE('',(#2452),#2454,.T.);
#315=ADVANCED_FACE('',(#2459,#2461),#2463,.F.);
#316=ADVANCED_FACE('',(#2468,#2470),#2472,.F.);
#317=ADVANCED_FACE('',(#2477),#2479,.T.);
#318=ADVANCED_FACE('',(#2484),#2486,.T.);
#319=FACE_BOUND('',#320,.T.);
#320=EDGE_LOOP('',(#2491,#2492,#2493,#2494,#2495,#2496,#2497,#2498));
#321=FACE_BOUND('',#322,.T.);
#322=EDGE_LOOP('',(#2499,#2500,#2501,#2502,#2503,#2504,#2505,#2506,#2507,#2508,#2509,
#2510,#2511,#2512,#2513,#2514,#2515,#2516,#2517,#2518,#2519,#2520,#2521,#2522,#2523,
#2524,#2525,#2526,#2527,#2528,#2529,#2530,#2531,#2532,#2533,#2534));
#323=FACE_BOUND('',#324,.T.);
#324=EDGE_LOOP('',(#2535,#2536,#2537,#2538,#2539,#2540,#2541,#2542,#2543,#2544,#2545,
#2546,#2547,#2548,#2549,#2550,#2551,#2552,#2553,#2554,#2555,#2556,#2557,#2558,#2559,
#2560,#2561,#2562));
#325=FACE_BOUND('',#326,.T.);
#326=EDGE_LOOP('',(#2563,#2564,#2565,#2566,#2567,#2568,#2569,#2570,#2571,#2572,#2573,
#2574,#2575,#2576,#2577,#2578,#2579,#2580,#2581,#2582,#2583,#2584,#2585,#2586));
#327=FACE_BOUND('',#328,.T.);
#328=EDGE_LOOP('',(#2587,#2588,#2589,#2590,#2591,#2592,#2593,#2594,#2595,#2596,#2597,
#2598,#2599,#2600,#2601,#2602,#2603,#2604,#2605,#2606,#2607,#2608,#2609,#2610));
#329=FACE_BOUND('',#330,.T.);
#330=EDGE_LOOP('',(#2611,#2612,#2613,#2614));
#331=FACE_BOUND('',#332,.T.);
#332=EDGE_LOOP('',(#2615,#2616,#2617,#2618));
#333=PLANE('',#334);
#334=AXIS2_PLACEMENT_3D('',#335,#336,#337);
#335=CARTESIAN_POINT('',(0.,0.,0.));
#336=DIRECTION('',(0.,1.,6.12323399573677E-17));
#337=DIRECTION('',(6.12323399573677E-17,6.12323399573677E-17,-1.));
#338=FACE_BOUND('',#339,.T.);
#339=EDGE_LOOP('',(#2619,#2620,#2621,#2622));
#340=PLANE('',#341);
#341=AXIS2_PLACEMENT_3D('',#342,#343,#344);
#342=CARTESIAN_POINT('',(-4.31039417968742,0.799999999999999,11.8612708333333));
#343=DIRECTION('',(0.,0.,1.));
#344=DIRECTION('',(-1.,0.,0.));
#345=FACE_BOUND('',#346,.T.);
#346=EDGE_LOOP('',(#2623,#2624,#2625,#2626));
#347=SURFACE_OF_LINEAR_EXTRUSION('',#348,#349);
#348=B_SPLINE_CURVE_WITH_KNOTS('',2,
(#2627,#2628,#2629),
.UNSPECIFIED.,.F.,.F.,
(3,3),
(0.,1.),
.UNSPECIFIED.);
#349=VECTOR('',#350,0.8);
#350=DIRECTION('',(0.,-1.,-6.12323399573677E-17));
#351=FACE_BOUND('',#352,.T.);
#352=EDGE_LOOP('',(#2630,#2631,#2632,#2633));
#353=SURFACE_OF_LINEAR_EXTRUSION('',#354,#355);
#354=B_SPLINE_CURVE_WITH_KNOTS('',2,
(#2634,#2635,#2636),
.UNSPECIFIED.,.F.,.F.,
(3,3),
(0.,1.),
.UNSPECIFIED.);
#355=VECTOR('',#356,0.8);
#356=DIRECTION('',(0.,-1.,-6.12323399573677E-17));
#357=FACE_BOUND('',#358,.T.);
#358=EDGE_LOOP('',(#2637,#2638,#2639,#2640));
#359=SURFACE_OF_LINEAR_EXTRUSION('',#360,#361);
#360=B_SPLINE_CURVE_WITH_KNOTS('',2,
(#2641,#2642,#2643),
.UNSPECIFIED.,.F.,.F.,
(3,3),
(0.,1.),
.UNSPECIFIED.);
#361=VECTOR('',#362,0.8);
#362=DIRECTION('',(0.,-1.,-6.12323399573677E-17));
#363=FACE_BOUND('',#364,.T.);
#364=EDGE_LOOP('',(#2644,#2645,#2646,#2647));
#365=SURFACE_OF_LINEAR_EXTRUSION('',#366,#367);
#366=B_SPLINE_CURVE_WITH_KNOTS('',2,
(#2648,#2649,#2650),
.UNSPECIFIED.,.F.,.F.,
(3,3),
(0.,1.),
.UNSPECIFIED.);
#367=VECTOR('',#368,0.8);
#368=DIRECTION('',(0.,-1.,-6.12323399573677E-17));
#369=FACE_BOUND('',#370,.T.);
#370=EDGE_LOOP('',(#2651,#2652,#2653,#2654));
#371=PLANE('',#372);
#372=AXIS2_PLACEMENT_3D('',#373,#374,#375);
#373=CARTESIAN_POINT('',(-7.20324087388391,0.799999999999999,10.9855));
#374=DIRECTION('',(0.,0.,-1.));
#375=DIRECTION('',(1.,0.,0.));
#376=FACE_BOUND('',#377,.T.);
#377=EDGE_LOOP('',(#2655,#2656,#2657,#2658));
#378=PLANE('',#379);
#379=AXIS2_PLACEMENT_3D('',#380,#381,#382);
#380=CARTESIAN_POINT('',(-5.74691631258078,0.799999999999999,10.1017503652628));
#381=DIRECTION('',(0.518786213973719,0.,0.854904008758185));
#382=DIRECTION('',(-0.854904008758185,0.,0.518786213973719));
#383=FACE_BOUND('',#384,.T.);
#384=EDGE_LOOP('',(#2659,#2660,#2661,#2662));
#385=SURFACE_OF_LINEAR_EXTRUSION('',#386,#387);
#386=B_SPLINE_CURVE_WITH_KNOTS('',2,
(#2663,#2664,#2665),
.UNSPECIFIED.,.F.,.F.,
(3,3),
(0.,1.),
.UNSPECIFIED.);
#387=VECTOR('',#388,0.8);
#388=DIRECTION('',(0.,-1.,-6.12323399573677E-17));
#389=FACE_BOUND('',#390,.T.);
#390=EDGE_LOOP('',(#2666,#2667,#2668,#2669));
#391=SURFACE_OF_LINEAR_EXTRUSION('',#392,#393);
#392=B_SPLINE_CURVE_WITH_KNOTS('',2,
(#2670,#2671,#2672),
.UNSPECIFIED.,.F.,.F.,
(3,3),
(0.,1.),
.UNSPECIFIED.);
#393=VECTOR('',#394,0.8);
#394=DIRECTION('',(0.,-1.,-6.12323399573677E-17));
#395=FACE_BOUND('',#396,.T.);
#396=EDGE_LOOP('',(#2673,#2674,#2675,#2676));
#397=PLANE('',#398);
#398=AXIS2_PLACEMENT_3D('',#399,#400,#401);
#399=CARTESIAN_POINT('',(-7.20324087388391,0.799999999999999,8.493125));
#400=DIRECTION('',(0.518131732373261,0.,-0.855300828894655));
#401=DIRECTION('',(0.855300828894655,0.,0.518131732373261));
#402=FACE_BOUND('',#403,.T.);
#403=EDGE_LOOP('',(#2677,#2678,#2679,#2680));
#404=PLANE('',#405);
#405=AXIS2_PLACEMENT_3D('',#406,#407,#408);
#406=CARTESIAN_POINT('',(-4.31047686324074,0.799999999999999,8.493125));
#407=DIRECTION('',(0.,0.,1.));
#408=DIRECTION('',(-1.,0.,0.));
#409=FACE_BOUND('',#410,.T.);
#410=EDGE_LOOP('',(#2681,#2682,#2683,#2684));
#411=SURFACE_OF_LINEAR_EXTRUSION('',#412,#413);
#412=B_SPLINE_CURVE_WITH_KNOTS('',2,
(#2685,#2686,#2687),
.UNSPECIFIED.,.F.,.F.,
(3,3),
(0.,1.),
.UNSPECIFIED.);
#413=VECTOR('',#414,0.8);
#414=DIRECTION('',(0.,-1.,-6.12323399573677E-17));
#415=FACE_BOUND('',#416,.T.);
#416=EDGE_LOOP('',(#2688,#2689,#2690,#2691));
#417=SURFACE_OF_LINEAR_EXTRUSION('',#418,#419);
#418=B_SPLINE_CURVE_WITH_KNOTS('',2,
(#2692,#2693,#2694),
.UNSPECIFIED.,.F.,.F.,
(3,3),
(0.,1.),
.UNSPECIFIED.);
#419=VECTOR('',#420,0.8);
#420=DIRECTION('',(0.,-1.,-6.12323399573677E-17));
#421=FACE_BOUND('',#422,.T.);
#422=EDGE_LOOP('',(#2695,#2696,#2697,#2698));
#423=SURFACE_OF_LINEAR_EXTRUSION('',#424,#425);
#424=B_SPLINE_CURVE_WITH_KNOTS('',2,
(#2699,#2700,#2701),
.UNSPECIFIED.,.F.,.F.,
(3,3),
(0.,1.),
.UNSPECIFIED.);
#425=VECTOR('',#426,0.8);
#426=DIRECTION('',(0.,-1.,-6.12323399573677E-17));
#427=FACE_BOUND('',#428,.T.);
#428=EDGE_LOOP('',(#2702,#2703,#2704,#2705));
#429=SURFACE_OF_LINEAR_EXTRUSION('',#430,#431);
#430=B_SPLINE_CURVE_WITH_KNOTS('',2,
(#2706,#2707,#2708),
.UNSPECIFIED.,.F.,.F.,
(3,3),
(0.,1.),
.UNSPECIFIED.);
#431=VECTOR('',#432,0.8);
#432=DIRECTION('',(0.,-1.,-6.12323399573677E-17));
#433=FACE_BOUND('',#434,.T.);
#434=EDGE_LOOP('',(#2709,#2710,#2711,#2712));
#435=PLANE('',#436);
#436=AXIS2_PLACEMENT_3D('',#437,#438,#439);
#437=CARTESIAN_POINT('',(-8.35173924943387,0.8,7.61735416666667));
#438=DIRECTION('',(-2.19772972703825E-16,0.,-1.));
#439=DIRECTION('',(1.,0.,-2.19772972703825E-16));
#440=FACE_BOUND('',#441,.T.);
#441=EDGE_LOOP('',(#2713,#2714,#2715,#2716));
#442=SURFACE_OF_LINEAR_EXTRUSION('',#443,#444);
#443=B_SPLINE_CURVE_WITH_KNOTS('',2,
(#2717,#2718,#2719),
.UNSPECIFIED.,.F.,.F.,
(3,3),
(0.,1.),
.UNSPECIFIED.);
#444=VECTOR('',#445,0.8);
#445=DIRECTION('',(0.,-1.,-6.12323399573677E-17));
#446=FACE_BOUND('',#447,.T.);
#447=EDGE_LOOP('',(#2720,#2721,#2722,#2723));
#448=SURFACE_OF_LINEAR_EXTRUSION('',#449,#450);
#449=B_SPLINE_CURVE_WITH_KNOTS('',2,
(#2724,#2725,#2726),
.UNSPECIFIED.,.F.,.F.,
(3,3),
(0.,1.),
.UNSPECIFIED.);
#450=VECTOR('',#451,0.8);
#451=DIRECTION('',(0.,-1.,-6.12323399573677E-17));
#452=FACE_BOUND('',#453,.T.);
#453=EDGE_LOOP('',(#2727,#2728,#2729,#2730));
#454=SURFACE_OF_LINEAR_EXTRUSION('',#455,#456);
#455=B_SPLINE_CURVE_WITH_KNOTS('',2,
(#2731,#2732,#2733),
.UNSPECIFIED.,.F.,.F.,
(3,3),
(0.,1.),
.UNSPECIFIED.);
#456=VECTOR('',#457,0.8);
#457=DIRECTION('',(0.,-1.,-6.12323399573677E-17));
#458=FACE_BOUND('',#459,.T.);
#459=EDGE_LOOP('',(#2734,#2735,#2736,#2737));
#460=PLANE('',#461);
#461=AXIS2_PLACEMENT_3D('',#462,#463,#464);
#462=CARTESIAN_POINT('',(-6.67237919437423,0.799999999999999,9.73852704661631));
#463=DIRECTION('',(-0.574053961622684,0.,0.818817469980521));
#464=DIRECTION('',(-0.818817469980521,0.,-0.574053961622684));
#465=FACE_BOUND('',#466,.T.);
#466=EDGE_LOOP('',(#2738,#2739,#2740,#2741));
#467=PLANE('',#468);
#468=AXIS2_PLACEMENT_3D('',#469,#470,#471);
#469=CARTESIAN_POINT('',(-8.59771906588055,0.799999999999999,11.0606582195265));
#470=DIRECTION('',(-0.566081005132918,3.08148791101958E-33,-0.824349619777741));
#471=DIRECTION('',(0.824349619777741,4.75350841564513E-17,-0.566081005132918));
#472=FACE_BOUND('',#473,.T.);
#473=EDGE_LOOP('',(#2742,#2743,#2744,#2745));
#474=SURFACE_OF_LINEAR_EXTRUSION('',#475,#476);
#475=B_SPLINE_CURVE_WITH_KNOTS('',2,
(#2746,#2747,#2748),
.UNSPECIFIED.,.F.,.F.,
(3,3),
(0.,1.),
.UNSPECIFIED.);
#476=VECTOR('',#477,0.8);
#477=DIRECTION('',(0.,-1.,-6.12323399573677E-17));
#478=FACE_BOUND('',#479,.T.);
#479=EDGE_LOOP('',(#2749,#2750,#2751,#2752));
#480=SURFACE_OF_LINEAR_EXTRUSION('',#481,#482);
#481=B_SPLINE_CURVE_WITH_KNOTS('',2,
(#2753,#2754,#2755),
.UNSPECIFIED.,.F.,.F.,
(3,3),
(0.,1.),
.UNSPECIFIED.);
#482=VECTOR('',#483,0.8);
#483=DIRECTION('',(0.,-1.,-6.12323399573677E-17));
#484=FACE_BOUND('',#485,.T.);
#485=EDGE_LOOP('',(#2756,#2757,#2758,#2759));
#486=SURFACE_OF_LINEAR_EXTRUSION('',#487,#488);
#487=B_SPLINE_CURVE_WITH_KNOTS('',2,
(#2760,#2761,#2762),
.UNSPECIFIED.,.F.,.F.,
(3,3),
(0.,1.),
.UNSPECIFIED.);
#488=VECTOR('',#489,0.8);
#489=DIRECTION('',(0.,-1.,-6.12323399573677E-17));
#490=FACE_BOUND('',#491,.T.);
#491=EDGE_LOOP('',(#2763,#2764,#2765,#2766));
#492=PLANE('',#493);
#493=AXIS2_PLACEMENT_3D('',#494,#495,#496);
#494=CARTESIAN_POINT('',(-4.31039417968742,0.8,6.30502121480306));
#495=DIRECTION('',(2.19772972703825E-16,0.,1.));
#496=DIRECTION('',(-1.,0.,2.19772972703825E-16));
#497=FACE_BOUND('',#498,.T.);
#498=EDGE_LOOP('',(#2767,#2768,#2769,#2770));
#499=SURFACE_OF_LINEAR_EXTRUSION('',#500,#501);
#500=B_SPLINE_CURVE_WITH_KNOTS('',2,
(#2771,#2772,#2773),
.UNSPECIFIED.,.F.,.F.,
(3,3),
(0.,1.),
.UNSPECIFIED.);
#501=VECTOR('',#502,0.8);
#502=DIRECTION('',(0.,-1.,-6.12323399573677E-17));
#503=FACE_BOUND('',#504,.T.);
#504=EDGE_LOOP('',(#2774,#2775,#2776,#2777));
#505=SURFACE_OF_LINEAR_EXTRUSION('',#506,#507);
#506=B_SPLINE_CURVE_WITH_KNOTS('',2,
(#2778,#2779,#2780),
.UNSPECIFIED.,.F.,.F.,
(3,3),
(0.,1.),
.UNSPECIFIED.);
#507=VECTOR('',#508,0.8);
#508=DIRECTION('',(0.,-1.,-6.12323399573677E-17));
#509=FACE_BOUND('',#510,.T.);
#510=EDGE_LOOP('',(#2781,#2782,#2783,#2784));
#511=SURFACE_OF_LINEAR_EXTRUSION('',#512,#513);
#512=B_SPLINE_CURVE_WITH_KNOTS('',2,
(#2785,#2786,#2787),
.UNSPECIFIED.,.F.,.F.,
(3,3),
(0.,1.),
.UNSPECIFIED.);
#513=VECTOR('',#514,0.8);
#514=DIRECTION('',(0.,-1.,-6.12323399573677E-17));
#515=FACE_BOUND('',#516,.T.);
#516=EDGE_LOOP('',(#2788,#2789,#2790,#2791));
#517=SURFACE_OF_LINEAR_EXTRUSION('',#518,#519);
#518=B_SPLINE_CURVE_WITH_KNOTS('',2,
(#2792,#2793,#2794),
.UNSPECIFIED.,.F.,.F.,
(3,3),
(0.,1.),
.UNSPECIFIED.);
#519=VECTOR('',#520,0.8);
#520=DIRECTION('',(0.,-1.,-6.12323399573677E-17));
#521=FACE_BOUND('',#522,.T.);
#522=EDGE_LOOP('',(#2795,#2796,#2797,#2798));
#523=PLANE('',#524);
#524=AXIS2_PLACEMENT_3D('',#525,#526,#527);
#525=CARTESIAN_POINT('',(-7.20324087388391,0.8,5.42925038146973));
#526=DIRECTION('',(0.,0.,-1.));
#527=DIRECTION('',(1.,0.,0.));
#528=FACE_BOUND('',#529,.T.);
#529=EDGE_LOOP('',(#2799,#2800,#2801,#2802));
#530=PLANE('',#531);
#531=AXIS2_PLACEMENT_3D('',#532,#533,#534);
#532=CARTESIAN_POINT('',(-5.74691631258079,0.8,4.54550074673256));
#533=DIRECTION('',(0.518786213973719,0.,0.854904008758185));
#534=DIRECTION('',(-0.854904008758185,0.,0.518786213973719));
#535=FACE_BOUND('',#536,.T.);
#536=EDGE_LOOP('',(#2803,#2804,#2805,#2806));
#537=SURFACE_OF_LINEAR_EXTRUSION('',#538,#539);
#538=B_SPLINE_CURVE_WITH_KNOTS('',2,
(#2807,#2808,#2809),
.UNSPECIFIED.,.F.,.F.,
(3,3),
(0.,1.),
.UNSPECIFIED.);
#539=VECTOR('',#540,0.8);
#540=DIRECTION('',(0.,-1.,-6.12323399573677E-17));
#541=FACE_BOUND('',#542,.T.);
#542=EDGE_LOOP('',(#2810,#2811,#2812,#2813));
#543=SURFACE_OF_LINEAR_EXTRUSION('',#544,#545);
#544=B_SPLINE_CURVE_WITH_KNOTS('',2,
(#2814,#2815,#2816),
.UNSPECIFIED.,.F.,.F.,
(3,3),
(0.,1.),
.UNSPECIFIED.);
#545=VECTOR('',#546,0.8);
#546=DIRECTION('',(0.,-1.,-6.12323399573677E-17));
#547=FACE_BOUND('',#548,.T.);
#548=EDGE_LOOP('',(#2817,#2818,#2819,#2820));
#549=PLANE('',#550);
#550=AXIS2_PLACEMENT_3D('',#551,#552,#553);
#551=CARTESIAN_POINT('',(-7.20324087388391,0.8,2.93687538146973));
#552=DIRECTION('',(0.51813173237326,0.,-0.855300828894655));
#553=DIRECTION('',(0.855300828894655,0.,0.51813173237326));
#554=FACE_BOUND('',#555,.T.);
#555=EDGE_LOOP('',(#2821,#2822,#2823,#2824));
#556=PLANE('',#557);
#557=AXIS2_PLACEMENT_3D('',#558,#559,#560);
#558=CARTESIAN_POINT('',(-4.31047686324074,0.8,2.93687538146973));
#559=DIRECTION('',(0.,0.,1.));
#560=DIRECTION('',(-1.,0.,0.));
#561=FACE_BOUND('',#562,.T.);
#562=EDGE_LOOP('',(#2825,#2826,#2827,#2828));
#563=SURFACE_OF_LINEAR_EXTRUSION('',#564,#565);
#564=B_SPLINE_CURVE_WITH_KNOTS('',2,
(#2829,#2830,#2831),
.UNSPECIFIED.,.F.,.F.,
(3,3),
(0.,1.),
.UNSPECIFIED.);
#565=VECTOR('',#566,0.8);
#566=DIRECTION('',(0.,-1.,-6.12323399573677E-17));
#567=FACE_BOUND('',#568,.T.);
#568=EDGE_LOOP('',(#2832,#2833,#2834,#2835));
#569=SURFACE_OF_LINEAR_EXTRUSION('',#570,#571);
#570=B_SPLINE_CURVE_WITH_KNOTS('',2,
(#2836,#2837,#2838),
.UNSPECIFIED.,.F.,.F.,
(3,3),
(0.,1.),
.UNSPECIFIED.);
#571=VECTOR('',#572,0.8);
#572=DIRECTION('',(0.,-1.,-6.12323399573677E-17));
#573=FACE_BOUND('',#574,.T.);
#574=EDGE_LOOP('',(#2839,#2840,#2841,#2842));
#575=SURFACE_OF_LINEAR_EXTRUSION('',#576,#577);
#576=B_SPLINE_CURVE_WITH_KNOTS('',2,
(#2843,#2844,#2845),
.UNSPECIFIED.,.F.,.F.,
(3,3),
(0.,1.),
.UNSPECIFIED.);
#577=VECTOR('',#578,0.8);
#578=DIRECTION('',(0.,-1.,-6.12323399573677E-17));
#579=FACE_BOUND('',#580,.T.);
#580=EDGE_LOOP('',(#2846,#2847,#2848,#2849));
#581=SURFACE_OF_LINEAR_EXTRUSION('',#582,#583);
#582=B_SPLINE_CURVE_WITH_KNOTS('',2,
(#2850,#2851,#2852),
.UNSPECIFIED.,.F.,.F.,
(3,3),
(0.,1.),
.UNSPECIFIED.);
#583=VECTOR('',#584,0.8);
#584=DIRECTION('',(0.,-1.,-6.12323399573677E-17));
#585=FACE_BOUND('',#586,.T.);
#586=EDGE_LOOP('',(#2853,#2854,#2855,#2856));
#587=PLANE('',#588);
#588=AXIS2_PLACEMENT_3D('',#589,#590,#591);
#589=CARTESIAN_POINT('',(-8.35173924943387,0.8,2.06110454813639));
#590=DIRECTION('',(0.,0.,-1.));
#591=DIRECTION('',(1.,0.,0.));
#592=FACE_BOUND('',#593,.T.);
#593=EDGE_LOOP('',(#2857,#2858,#2859,#2860));
#594=SURFACE_OF_LINEAR_EXTRUSION('',#595,#596);
#595=B_SPLINE_CURVE_WITH_KNOTS('',2,
(#2861,#2862,#2863),
.UNSPECIFIED.,.F.,.F.,
(3,3),
(0.,1.),
.UNSPECIFIED.);
#596=VECTOR('',#597,0.8);
#597=DIRECTION('',(0.,-1.,-6.12323399573677E-17));
#598=FACE_BOUND('',#599,.T.);
#599=EDGE_LOOP('',(#2864,#2865,#2866,#2867));
#600=SURFACE_OF_LINEAR_EXTRUSION('',#601,#602);
#601=B_SPLINE_CURVE_WITH_KNOTS('',2,
(#2868,#2869,#2870),
.UNSPECIFIED.,.F.,.F.,
(3,3),
(0.,1.),
.UNSPECIFIED.);
#602=VECTOR('',#603,0.8);
#603=DIRECTION('',(0.,-1.,-6.12323399573677E-17));
#604=FACE_BOUND('',#605,.T.);
#605=EDGE_LOOP('',(#2871,#2872,#2873,#2874));
#606=SURFACE_OF_LINEAR_EXTRUSION('',#607,#608);
#607=B_SPLINE_CURVE_WITH_KNOTS('',2,
(#2875,#2876,#2877),
.UNSPECIFIED.,.F.,.F.,
(3,3),
(0.,1.),
.UNSPECIFIED.);
#608=VECTOR('',#609,0.8);
#609=DIRECTION('',(0.,-1.,-6.12323399573677E-17));
#610=FACE_BOUND('',#611,.T.);
#611=EDGE_LOOP('',(#2878,#2879,#2880,#2881));
#612=PLANE('',#613);
#613=AXIS2_PLACEMENT_3D('',#614,#615,#616);
#614=CARTESIAN_POINT('',(-6.67237919437423,0.8,4.18227742808604));
#615=DIRECTION('',(-0.574053961622684,0.,0.818817469980521));
#616=DIRECTION('',(-0.818817469980521,0.,-0.574053961622684));
#617=FACE_BOUND('',#618,.T.);
#618=EDGE_LOOP('',(#2882,#2883,#2884,#2885));
#619=PLANE('',#620);
#620=AXIS2_PLACEMENT_3D('',#621,#622,#623);
#621=CARTESIAN_POINT('',(-8.59771906588055,0.8,5.50440860099619));
#622=DIRECTION('',(-0.566081005132918,0.,-0.82434961977774));
#623=DIRECTION('',(0.82434961977774,4.75350841564513E-17,-0.566081005132918));
#624=FACE_BOUND('',#625,.T.);
#625=EDGE_LOOP('',(#2886,#2887,#2888,#2889));
#626=SURFACE_OF_LINEAR_EXTRUSION('',#627,#628);
#627=B_SPLINE_CURVE_WITH_KNOTS('',2,
(#2890,#2891,#2892),
.UNSPECIFIED.,.F.,.F.,
(3,3),
(0.,1.),
.UNSPECIFIED.);
#628=VECTOR('',#629,0.8);
#629=DIRECTION('',(0.,-1.,-6.12323399573677E-17));
#630=FACE_BOUND('',#631,.T.);
#631=EDGE_LOOP('',(#2893,#2894,#2895,#2896));
#632=SURFACE_OF_LINEAR_EXTRUSION('',#633,#634);
#633=B_SPLINE_CURVE_WITH_KNOTS('',2,
(#2897,#2898,#2899),
.UNSPECIFIED.,.F.,.F.,
(3,3),
(0.,1.),
.UNSPECIFIED.);
#634=VECTOR('',#635,0.8);
#635=DIRECTION('',(0.,-1.,-6.12323399573677E-17));
#636=FACE_BOUND('',#637,.T.);
#637=EDGE_LOOP('',(#2900,#2901,#2902,#2903));
#638=SURFACE_OF_LINEAR_EXTRUSION('',#639,#640);
#639=B_SPLINE_CURVE_WITH_KNOTS('',2,
(#2904,#2905,#2906),
.UNSPECIFIED.,.F.,.F.,
(3,3),
(0.,1.),
.UNSPECIFIED.);
#640=VECTOR('',#641,0.8);
#641=DIRECTION('',(0.,-1.,-6.12323399573677E-17));
#642=FACE_BOUND('',#643,.T.);
#643=EDGE_LOOP('',(#2907,#2908,#2909,#2910));
#644=PLANE('',#645);
#645=AXIS2_PLACEMENT_3D('',#646,#647,#648);
#646=CARTESIAN_POINT('',(-8.1143583610409,0.8,-5.22882709018343));
#647=DIRECTION('',(-1.,0.,0.));
#648=DIRECTION('',(0.,0.,-1.));
#649=FACE_BOUND('',#650,.T.);
#650=EDGE_LOOP('',(#2911,#2912,#2913,#2914));
#651=SURFACE_OF_LINEAR_EXTRUSION('',#652,#653);
#652=B_SPLINE_CURVE_WITH_KNOTS('',2,
(#2915,#2916,#2917),
.UNSPECIFIED.,.F.,.F.,
(3,3),
(0.,1.),
.UNSPECIFIED.);
#653=VECTOR('',#654,0.8);
#654=DIRECTION('',(0.,-1.,-6.12323399573677E-17));
#655=FACE_BOUND('',#656,.T.);
#656=EDGE_LOOP('',(#2918,#2919,#2920,#2921));
#657=SURFACE_OF_LINEAR_EXTRUSION('',#658,#659);
#658=B_SPLINE_CURVE_WITH_KNOTS('',2,
(#2922,#2923,#2924),
.UNSPECIFIED.,.F.,.F.,
(3,3),
(0.,1.),
.UNSPECIFIED.);
#659=VECTOR('',#660,0.8);
#660=DIRECTION('',(0.,-1.,-6.12323399573677E-17));
#661=FACE_BOUND('',#662,.T.);
#662=EDGE_LOOP('',(#2925,#2926,#2927,#2928));
#663=PLANE('',#664);
#664=AXIS2_PLACEMENT_3D('',#665,#666,#667);
#665=CARTESIAN_POINT('',(-5.65815689077056,0.8,-3.44487399546305));
#666=DIRECTION('',(0.,0.,1.));
#667=DIRECTION('',(-1.,0.,0.));
#668=FACE_BOUND('',#669,.T.);
#669=EDGE_LOOP('',(#2929,#2930,#2931,#2932));
#670=SURFACE_OF_LINEAR_EXTRUSION('',#671,#672);
#671=B_SPLINE_CURVE_WITH_KNOTS('',2,
(#2933,#2934,#2935),
.UNSPECIFIED.,.F.,.F.,
(3,3),
(0.,1.),
.UNSPECIFIED.);
#672=VECTOR('',#673,0.8);
#673=DIRECTION('',(0.,-1.,-6.12323399573677E-17));
#674=FACE_BOUND('',#675,.T.);
#675=EDGE_LOOP('',(#2936,#2937,#2938,#2939));
#676=SURFACE_OF_LINEAR_EXTRUSION('',#677,#678);
#677=B_SPLINE_CURVE_WITH_KNOTS('',2,
(#2940,#2941,#2942),
.UNSPECIFIED.,.F.,.F.,
(3,3),
(0.,1.),
.UNSPECIFIED.);
#678=VECTOR('',#679,0.8);
#679=DIRECTION('',(0.,-1.,-6.12323399573677E-17));
#680=FACE_BOUND('',#681,.T.);
#681=EDGE_LOOP('',(#2943,#2944,#2945,#2946));
#682=PLANE('',#683);
#683=AXIS2_PLACEMENT_3D('',#684,#685,#686);
#684=CARTESIAN_POINT('',(-3.87308752770756,0.800000000000001,-6.5767551683732));
#685=DIRECTION('',(1.,0.,0.));
#686=DIRECTION('',(0.,-8.2405591928109E-17,1.));
#687=FACE_BOUND('',#688,.T.);
#688=EDGE_LOOP('',(#2947,#2948,#2949,#2950));
#689=SURFACE_OF_LINEAR_EXTRUSION('',#690,#691);
#690=B_SPLINE_CURVE_WITH_KNOTS('',2,
(#2951,#2952,#2953),
.UNSPECIFIED.,.F.,.F.,
(3,3),
(0.,1.),
.UNSPECIFIED.);
#691=VECTOR('',#692,0.8);
#692=DIRECTION('',(0.,-1.,-6.12323399573677E-17));
#693=FACE_BOUND('',#694,.T.);
#694=EDGE_LOOP('',(#2954,#2955,#2956,#2957));
#695=SURFACE_OF_LINEAR_EXTRUSION('',#696,#697);
#696=B_SPLINE_CURVE_WITH_KNOTS('',2,
(#2958,#2959,#2960),
.UNSPECIFIED.,.F.,.F.,
(3,3),
(0.,1.),
.UNSPECIFIED.);
#697=VECTOR('',#698,0.8);
#698=DIRECTION('',(0.,-1.,-6.12323399573677E-17));
#699=FACE_BOUND('',#700,.T.);
#700=EDGE_LOOP('',(#2961,#2962,#2963,#2964));
#701=SURFACE_OF_LINEAR_EXTRUSION('',#702,#703);
#702=B_SPLINE_CURVE_WITH_KNOTS('',2,
(#2965,#2966,#2967),
.UNSPECIFIED.,.F.,.F.,
(3,3),
(0.,1.),
.UNSPECIFIED.);
#703=VECTOR('',#704,0.8);
#704=DIRECTION('',(0.,-1.,-6.12323399573677E-17));
#705=FACE_BOUND('',#706,.T.);
#706=EDGE_LOOP('',(#2968,#2969,#2970,#2971));
#707=SURFACE_OF_LINEAR_EXTRUSION('',#708,#709);
#708=B_SPLINE_CURVE_WITH_KNOTS('',2,
(#2972,#2973,#2974),
.UNSPECIFIED.,.F.,.F.,
(3,3),
(0.,1.),
.UNSPECIFIED.);
#709=VECTOR('',#710,0.8);
#710=DIRECTION('',(0.,-1.,-6.12323399573677E-17));
#711=FACE_BOUND('',#712,.T.);
#712=EDGE_LOOP('',(#2975,#2976,#2977,#2978));
#713=PLANE('',#714);
#714=AXIS2_PLACEMENT_3D('',#715,#716,#717);
#715=CARTESIAN_POINT('',(-4.74621252770756,0.8,-5.23015002703651));
#716=DIRECTION('',(-1.,0.,0.));
#717=DIRECTION('',(0.,8.24384777655856E-17,-1.));
#718=FACE_BOUND('',#719,.T.);
#719=EDGE_LOOP('',(#2979,#2980,#2981,#2982));
#720=SURFACE_OF_LINEAR_EXTRUSION('',#721,#722);
#721=B_SPLINE_CURVE_WITH_KNOTS('',2,
(#2983,#2984,#2985),
.UNSPECIFIED.,.F.,.F.,
(3,3),
(0.,1.),
.UNSPECIFIED.);
#722=VECTOR('',#723,0.8);
#723=DIRECTION('',(0.,-1.,-6.12323399573677E-17));
#724=FACE_BOUND('',#725,.T.);
#725=EDGE_LOOP('',(#2986,#2987,#2988,#2989));
#726=SURFACE_OF_LINEAR_EXTRUSION('',#727,#728);
#727=B_SPLINE_CURVE_WITH_KNOTS('',2,
(#2990,#2991,#2992),
.UNSPECIFIED.,.F.,.F.,
(3,3),
(0.,1.),
.UNSPECIFIED.);
#728=VECTOR('',#729,0.8);
#729=DIRECTION('',(0.,-1.,-6.12323399573677E-17));
#730=FACE_BOUND('',#731,.T.);
#731=EDGE_LOOP('',(#2993,#2994,#2995,#2996));
#732=PLANE('',#733);
#733=AXIS2_PLACEMENT_3D('',#734,#735,#736);
#734=CARTESIAN_POINT('',(-6.33172816280077,0.8,-4.32064482879639));
#735=DIRECTION('',(0.,0.,-1.));
#736=DIRECTION('',(1.,0.,0.));
#737=FACE_BOUND('',#738,.T.);
#738=EDGE_LOOP('',(#2997,#2998,#2999,#3000));
#739=SURFACE_OF_LINEAR_EXTRUSION('',#740,#741);
#740=B_SPLINE_CURVE_WITH_KNOTS('',2,
(#3001,#3002,#3003),
.UNSPECIFIED.,.F.,.F.,
(3,3),
(0.,1.),
.UNSPECIFIED.);
#741=VECTOR('',#742,0.8);
#742=DIRECTION('',(0.,-1.,-6.12323399573677E-17));
#743=FACE_BOUND('',#744,.T.);
#744=EDGE_LOOP('',(#3004,#3005,#3006,#3007));
#745=SURFACE_OF_LINEAR_EXTRUSION('',#746,#747);
#746=B_SPLINE_CURVE_WITH_KNOTS('',2,
(#3008,#3009,#3010),
.UNSPECIFIED.,.F.,.F.,
(3,3),
(0.,1.),
.UNSPECIFIED.);
#747=VECTOR('',#748,0.8);
#748=DIRECTION('',(0.,-1.,-6.12323399573677E-17));
#749=FACE_BOUND('',#750,.T.);
#750=EDGE_LOOP('',(#3011,#3012,#3013,#3014));
#751=PLANE('',#752);
#752=AXIS2_PLACEMENT_3D('',#753,#754,#755);
#753=CARTESIAN_POINT('',(-7.2412333610409,0.800000000000001,-6.57687919370318));
#754=DIRECTION('',(1.,0.,0.));
#755=DIRECTION('',(0.,-8.24384777655856E-17,1.));
#756=FACE_BOUND('',#757,.T.);
#757=EDGE_LOOP('',(#3015,#3016,#3017,#3018));
#758=SURFACE_OF_LINEAR_EXTRUSION('',#759,#760);
#759=B_SPLINE_CURVE_WITH_KNOTS('',2,
(#3019,#3020,#3021),
.UNSPECIFIED.,.F.,.F.,
(3,3),
(0.,1.),
.UNSPECIFIED.);
#760=VECTOR('',#761,0.8);
#761=DIRECTION('',(0.,-1.,-6.12323399573677E-17));
#762=FACE_BOUND('',#763,.T.);
#763=EDGE_LOOP('',(#3022,#3023,#3024,#3025));
#764=PLANE('',#765);
#765=AXIS2_PLACEMENT_3D('',#766,#767,#768);
#766=CARTESIAN_POINT('',(-10.3731145743239,0.800000000000001,-7.01410316212972));
#767=DIRECTION('',(0.,0.,-1.));
#768=DIRECTION('',(1.,0.,0.));
#769=FACE_BOUND('',#770,.T.);
#770=EDGE_LOOP('',(#3026,#3027,#3028,#3029));
#771=SURFACE_OF_LINEAR_EXTRUSION('',#772,#773);
#772=B_SPLINE_CURVE_WITH_KNOTS('',2,
(#3030,#3031,#3032),
.UNSPECIFIED.,.F.,.F.,
(3,3),
(0.,1.),
.UNSPECIFIED.);
#773=VECTOR('',#774,0.8);
#774=DIRECTION('',(0.,-1.,-6.12323399573677E-17));
#775=FACE_BOUND('',#776,.T.);
#776=EDGE_LOOP('',(#3033,#3034,#3035,#3036));
#777=PLANE('',#778);
#778=AXIS2_PLACEMENT_3D('',#779,#780,#781);
#779=CARTESIAN_POINT('',(-10.8078166943742,0.8,-3.88222194884674));
#780=DIRECTION('',(-1.,0.,0.));
#781=DIRECTION('',(0.,8.2405591928109E-17,-1.));
#782=FACE_BOUND('',#783,.T.);
#783=EDGE_LOOP('',(#3037,#3038,#3039,#3040));
#784=SURFACE_OF_LINEAR_EXTRUSION('',#785,#786);
#785=B_SPLINE_CURVE_WITH_KNOTS('',2,
(#3041,#3042,#3043),
.UNSPECIFIED.,.F.,.F.,
(3,3),
(0.,1.),
.UNSPECIFIED.);
#786=VECTOR('',#787,0.8);
#787=DIRECTION('',(0.,-1.,-6.12323399573677E-17));
#788=FACE_BOUND('',#789,.T.);
#789=EDGE_LOOP('',(#3044,#3045,#3046,#3047));
#790=SURFACE_OF_LINEAR_EXTRUSION('',#791,#792);
#791=B_SPLINE_CURVE_WITH_KNOTS('',2,
(#3048,#3049,#3050),
.UNSPECIFIED.,.F.,.F.,
(3,3),
(0.,1.),
.UNSPECIFIED.);
#792=VECTOR('',#793,0.8);
#793=DIRECTION('',(0.,-1.,-6.12323399573677E-17));
#794=FACE_BOUND('',#795,.T.);
#795=EDGE_LOOP('',(#3051,#3052,#3053,#3054));
#796=SURFACE_OF_LINEAR_EXTRUSION('',#797,#798);
#797=B_SPLINE_CURVE_WITH_KNOTS('',2,
(#3055,#3056,#3057),
.UNSPECIFIED.,.F.,.F.,
(3,3),
(0.,1.),
.UNSPECIFIED.);
#798=VECTOR('',#799,0.8);
#799=DIRECTION('',(0.,-1.,-6.12323399573677E-17));
#800=FACE_BOUND('',#801,.T.);
#801=EDGE_LOOP('',(#3058,#3059,#3060,#3061));
#802=SURFACE_OF_LINEAR_EXTRUSION('',#803,#804);
#803=B_SPLINE_CURVE_WITH_KNOTS('',2,
(#3062,#3063,#3064),
.UNSPECIFIED.,.F.,.F.,
(3,3),
(0.,1.),
.UNSPECIFIED.);
#804=VECTOR('',#805,0.8);
#805=DIRECTION('',(0.,-1.,-6.12323399573677E-17));
#806=FACE_BOUND('',#807,.T.);
#807=EDGE_LOOP('',(#3065,#3066,#3067,#3068));
#808=PLANE('',#809);
#809=AXIS2_PLACEMENT_3D('',#810,#811,#812);
#810=CARTESIAN_POINT('',(-9.93469169437423,0.8,-6.13833232879639));
#811=DIRECTION('',(1.,0.,0.));
#812=DIRECTION('',(0.,-4.92069007558443E-17,1.));
#813=FACE_BOUND('',#814,.T.);
#814=EDGE_LOOP('',(#3069,#3070,#3071,#3072));
#815=PLANE('',#816);
#816=AXIS2_PLACEMENT_3D('',#817,#818,#819);
#817=CARTESIAN_POINT('',(-8.1143583610409,0.8,-6.13833232879639));
#818=DIRECTION('',(0.,0.,1.));
#819=DIRECTION('',(-1.,0.,0.));
#820=FACE_BOUND('',#821,.T.);
#821=EDGE_LOOP('',(#3073,#3074,#3075,#3076));
#822=SURFACE_OF_LINEAR_EXTRUSION('',#823,#824);
#823=B_SPLINE_CURVE_WITH_KNOTS('',2,
(#3077,#3078,#3079),
.UNSPECIFIED.,.F.,.F.,
(3,3),
(0.,1.),
.UNSPECIFIED.);
#824=VECTOR('',#825,0.8);
#825=DIRECTION('',(0.,-1.,-6.12323399573677E-17));
#826=FACE_BOUND('',#827,.T.);
#827=EDGE_LOOP('',(#3080,#3081,#3082,#3083));
#828=SURFACE_OF_LINEAR_EXTRUSION('',#829,#830);
#829=B_SPLINE_CURVE_WITH_KNOTS('',2,
(#3084,#3085,#3086),
.UNSPECIFIED.,.F.,.F.,
(3,3),
(0.,1.),
.UNSPECIFIED.);
#830=VECTOR('',#831,0.8);
#831=DIRECTION('',(0.,-1.,-6.12323399573677E-17));
#832=FACE_BOUND('',#833,.T.);
#833=EDGE_LOOP('',(#3087,#3088,#3089,#3090));
#834=SURFACE_OF_LINEAR_EXTRUSION('',#835,#836);
#835=B_SPLINE_CURVE_WITH_KNOTS('',2,
(#3091,#3092,#3093),
.UNSPECIFIED.,.F.,.F.,
(3,3),
(0.,1.),
.UNSPECIFIED.);
#836=VECTOR('',#837,0.8);
#837=DIRECTION('',(0.,-1.,-6.12323399573677E-17));
#838=FACE_BOUND('',#839,.T.);
#839=EDGE_LOOP('',(#3094,#3095,#3096,#3097));
#840=SURFACE_OF_LINEAR_EXTRUSION('',#841,#842);
#841=B_SPLINE_CURVE_WITH_KNOTS('',2,
(#3098,#3099,#3100),
.UNSPECIFIED.,.F.,.F.,
(3,3),
(0.,1.),
.UNSPECIFIED.);
#842=VECTOR('',#843,0.8);
#843=DIRECTION('',(0.,-1.,-6.12323399573677E-17));
#844=FACE_BOUND('',#845,.T.);
#845=EDGE_LOOP('',(#3101,#3102,#3103,#3104));
#846=PLANE('',#847);
#847=AXIS2_PLACEMENT_3D('',#848,#849,#850);
#848=CARTESIAN_POINT('',(-10.7998791943742,0.800000000000001,-10.0766548946695));
#849=DIRECTION('',(-1.,0.,0.));
#850=DIRECTION('',(0.,0.,-1.));
#851=FACE_BOUND('',#852,.T.);
#852=EDGE_LOOP('',(#3105,#3106,#3107,#3108));
#853=SURFACE_OF_LINEAR_EXTRUSION('',#854,#855);
#854=B_SPLINE_CURVE_WITH_KNOTS('',2,
(#3109,#3110,#3111),
.UNSPECIFIED.,.F.,.F.,
(3,3),
(0.,1.),
.UNSPECIFIED.);
#855=VECTOR('',#856,0.8);
#856=DIRECTION('',(0.,-1.,-6.12323399573677E-17));
#857=FACE_BOUND('',#858,.T.);
#858=EDGE_LOOP('',(#3112,#3113,#3114,#3115));
#859=SURFACE_OF_LINEAR_EXTRUSION('',#860,#861);
#860=B_SPLINE_CURVE_WITH_KNOTS('',2,
(#3116,#3117,#3118),
.UNSPECIFIED.,.F.,.F.,
(3,3),
(0.,1.),
.UNSPECIFIED.);
#861=VECTOR('',#862,0.8);
#862=DIRECTION('',(0.,-1.,-6.12323399573677E-17));
#863=FACE_BOUND('',#864,.T.);
#864=EDGE_LOOP('',(#3119,#3120,#3121,#3122));
#865=SURFACE_OF_LINEAR_EXTRUSION('',#866,#867);
#866=B_SPLINE_CURVE_WITH_KNOTS('',2,
(#3123,#3124,#3125),
.UNSPECIFIED.,.F.,.F.,
(3,3),
(0.,1.),
.UNSPECIFIED.);
#867=VECTOR('',#868,0.8);
#868=DIRECTION('',(0.,-1.,-6.12323399573677E-17));
#869=FACE_BOUND('',#870,.T.);
#870=EDGE_LOOP('',(#3126,#3127,#3128,#3129));
#871=SURFACE_OF_LINEAR_EXTRUSION('',#872,#873);
#872=B_SPLINE_CURVE_WITH_KNOTS('',2,
(#3130,#3131,#3132),
.UNSPECIFIED.,.F.,.F.,
(3,3),
(0.,1.),
.UNSPECIFIED.);
#873=VECTOR('',#874,0.8);
#874=DIRECTION('',(0.,-1.,-6.12323399573677E-17));
#875=FACE_BOUND('',#876,.T.);
#876=EDGE_LOOP('',(#3133,#3134,#3135,#3136));
#877=SURFACE_OF_LINEAR_EXTRUSION('',#878,#879);
#878=B_SPLINE_CURVE_WITH_KNOTS('',2,
(#3137,#3138,#3139),
.UNSPECIFIED.,.F.,.F.,
(3,3),
(0.,1.),
.UNSPECIFIED.);
#879=VECTOR('',#880,0.8);
#880=DIRECTION('',(0.,-1.,-6.12323399573677E-17));
#881=FACE_BOUND('',#882,.T.);
#882=EDGE_LOOP('',(#3140,#3141,#3142,#3143));
#883=SURFACE_OF_LINEAR_EXTRUSION('',#884,#885);
#884=B_SPLINE_CURVE_WITH_KNOTS('',2,
(#3144,#3145,#3146),
.UNSPECIFIED.,.F.,.F.,
(3,3),
(0.,1.),
.UNSPECIFIED.);
#885=VECTOR('',#886,0.8);
#886=DIRECTION('',(0.,-1.,-6.12323399573677E-17));
#887=FACE_BOUND('',#888,.T.);
#888=EDGE_LOOP('',(#3147,#3148,#3149,#3150));
#889=PLANE('',#890);
#890=AXIS2_PLACEMENT_3D('',#891,#892,#893);
#891=CARTESIAN_POINT('',(-5.65261717344394,0.800000000000001,-8.29204033152262));
#892=DIRECTION('',(0.,0.,1.));
#893=DIRECTION('',(-1.,0.,0.));
#894=FACE_BOUND('',#895,.T.);
#895=EDGE_LOOP('',(#3151,#3152,#3153,#3154));
#896=SURFACE_OF_LINEAR_EXTRUSION('',#897,#898);
#897=B_SPLINE_CURVE_WITH_KNOTS('',2,
(#3155,#3156,#3157),
.UNSPECIFIED.,.F.,.F.,
(3,3),
(0.,1.),
.UNSPECIFIED.);
#898=VECTOR('',#899,0.8);
#899=DIRECTION('',(0.,-1.,-6.12323399573677E-17));
#900=FACE_BOUND('',#901,.T.);
#901=EDGE_LOOP('',(#3158,#3159,#3160,#3161));
#902=SURFACE_OF_LINEAR_EXTRUSION('',#903,#904);
#903=B_SPLINE_CURVE_WITH_KNOTS('',2,
(#3162,#3163,#3164),
.UNSPECIFIED.,.F.,.F.,
(3,3),
(0.,1.),
.UNSPECIFIED.);
#904=VECTOR('',#905,0.8);
#905=DIRECTION('',(0.,-1.,-6.12323399573677E-17));
#906=FACE_BOUND('',#907,.T.);
#907=EDGE_LOOP('',(#3165,#3166,#3167,#3168));
#908=PLANE('',#909);
#909=AXIS2_PLACEMENT_3D('',#910,#911,#912);
#910=CARTESIAN_POINT('',(-3.8677958610409,0.800000000000001,-11.4239215044328));
#911=DIRECTION('',(1.,0.,-3.29622367712436E-16));
#912=DIRECTION('',(3.29622367712436E-16,0.,1.));
#913=FACE_BOUND('',#914,.T.);
#914=EDGE_LOOP('',(#3169,#3170,#3171,#3172));
#915=SURFACE_OF_LINEAR_EXTRUSION('',#916,#917);
#916=B_SPLINE_CURVE_WITH_KNOTS('',2,
(#3173,#3174,#3175),
.UNSPECIFIED.,.F.,.F.,
(3,3),
(0.,1.),
.UNSPECIFIED.);
#917=VECTOR('',#918,0.8);
#918=DIRECTION('',(0.,-1.,-6.12323399573677E-17));
#919=FACE_BOUND('',#920,.T.);
#920=EDGE_LOOP('',(#3176,#3177,#3178,#3179));
#921=SURFACE_OF_LINEAR_EXTRUSION('',#922,#923);
#922=B_SPLINE_CURVE_WITH_KNOTS('',2,
(#3180,#3181,#3182),
.UNSPECIFIED.,.F.,.F.,
(3,3),
(0.,1.),
.UNSPECIFIED.);
#923=VECTOR('',#924,0.8);
#924=DIRECTION('',(0.,-1.,-6.12323399573677E-17));
#925=FACE_BOUND('',#926,.T.);
#926=EDGE_LOOP('',(#3183,#3184,#3185,#3186));
#927=SURFACE_OF_LINEAR_EXTRUSION('',#928,#929);
#928=B_SPLINE_CURVE_WITH_KNOTS('',2,
(#3187,#3188,#3189),
.UNSPECIFIED.,.F.,.F.,
(3,3),
(0.,1.),
.UNSPECIFIED.);
#929=VECTOR('',#930,0.8);
#930=DIRECTION('',(0.,-1.,-6.12323399573677E-17));
#931=FACE_BOUND('',#932,.T.);
#932=EDGE_LOOP('',(#3190,#3191,#3192,#3193));
#933=SURFACE_OF_LINEAR_EXTRUSION('',#934,#935);
#934=B_SPLINE_CURVE_WITH_KNOTS('',2,
(#3194,#3195,#3196),
.UNSPECIFIED.,.F.,.F.,
(3,3),
(0.,1.),
.UNSPECIFIED.);
#935=VECTOR('',#936,0.8);
#936=DIRECTION('',(0.,-1.,-6.12323399573677E-17));
#937=FACE_BOUND('',#938,.T.);
#938=EDGE_LOOP('',(#3197,#3198,#3199,#3200));
#939=PLANE('',#940);
#940=AXIS2_PLACEMENT_3D('',#941,#942,#943);
#941=CARTESIAN_POINT('',(-4.7409208610409,0.800000000000001,-10.0773163630961));
#942=DIRECTION('',(-1.,0.,0.));
#943=DIRECTION('',(0.,0.,-1.));
#944=FACE_BOUND('',#945,.T.);
#945=EDGE_LOOP('',(#3201,#3202,#3203,#3204));
#946=SURFACE_OF_LINEAR_EXTRUSION('',#947,#948);
#947=B_SPLINE_CURVE_WITH_KNOTS('',2,
(#3205,#3206,#3207),
.UNSPECIFIED.,.F.,.F.,
(3,3),
(0.,1.),
.UNSPECIFIED.);
#948=VECTOR('',#949,0.8);
#949=DIRECTION('',(0.,-1.,-6.12323399573677E-17));
#950=FACE_BOUND('',#951,.T.);
#951=EDGE_LOOP('',(#3208,#3209,#3210,#3211));
#952=SURFACE_OF_LINEAR_EXTRUSION('',#953,#954);
#953=B_SPLINE_CURVE_WITH_KNOTS('',2,
(#3212,#3213,#3214),
.UNSPECIFIED.,.F.,.F.,
(3,3),
(0.,1.),
.UNSPECIFIED.);
#954=VECTOR('',#955,0.8);
#955=DIRECTION('',(0.,-1.,-6.12323399573677E-17));
#956=FACE_BOUND('',#957,.T.);
#957=EDGE_LOOP('',(#3215,#3216,#3217,#3218));
#958=PLANE('',#959);
#959=AXIS2_PLACEMENT_3D('',#960,#961,#962);
#960=CARTESIAN_POINT('',(-6.3264364961341,0.800000000000001,-9.16781116485596));
#961=DIRECTION('',(0.,0.,-1.));
#962=DIRECTION('',(1.,0.,0.));
#963=FACE_BOUND('',#964,.T.);
#964=EDGE_LOOP('',(#3219,#3220,#3221,#3222));
#965=SURFACE_OF_LINEAR_EXTRUSION('',#966,#967);
#966=B_SPLINE_CURVE_WITH_KNOTS('',2,
(#3223,#3224,#3225),
.UNSPECIFIED.,.F.,.F.,
(3,3),
(0.,1.),
.UNSPECIFIED.);
#967=VECTOR('',#968,0.8);
#968=DIRECTION('',(0.,-1.,-6.12323399573677E-17));
#969=FACE_BOUND('',#970,.T.);
#970=EDGE_LOOP('',(#3226,#3227,#3228,#3229));
#971=SURFACE_OF_LINEAR_EXTRUSION('',#972,#973);
#972=B_SPLINE_CURVE_WITH_KNOTS('',2,
(#3230,#3231,#3232),
.UNSPECIFIED.,.F.,.F.,
(3,3),
(0.,1.),
.UNSPECIFIED.);
#973=VECTOR('',#974,0.8);
#974=DIRECTION('',(0.,-1.,-6.12323399573677E-17));
#975=FACE_BOUND('',#976,.T.);
#976=EDGE_LOOP('',(#3233,#3234,#3235,#3236));
#977=PLANE('',#978);
#978=AXIS2_PLACEMENT_3D('',#979,#980,#981);
#979=CARTESIAN_POINT('',(-7.23594169437423,0.800000000000001,-10.7503915338064));
#980=DIRECTION('',(1.,0.,0.));
#981=DIRECTION('',(0.,0.,1.));
#982=FACE_BOUND('',#983,.T.);
#983=EDGE_LOOP('',(#3237,#3238,#3239,#3240));
#984=SURFACE_OF_LINEAR_EXTRUSION('',#985,#986);
#985=B_SPLINE_CURVE_WITH_KNOTS('',2,
(#3241,#3242,#3243),
.UNSPECIFIED.,.F.,.F.,
(3,3),
(0.,1.),
.UNSPECIFIED.);
#986=VECTOR('',#987,0.8);
#987=DIRECTION('',(0.,-1.,-6.12323399573677E-17));
#988=FACE_BOUND('',#989,.T.);
#989=EDGE_LOOP('',(#3244,#3245,#3246,#3247));
#990=SURFACE_OF_LINEAR_EXTRUSION('',#991,#992);
#991=B_SPLINE_CURVE_WITH_KNOTS('',2,
(#3248,#3249,#3250),
.UNSPECIFIED.,.F.,.F.,
(3,3),
(0.,1.),
.UNSPECIFIED.);
#992=VECTOR('',#993,0.8);
#993=DIRECTION('',(0.,-1.,-6.12323399573677E-17));
#994=FACE_BOUND('',#995,.T.);
#995=EDGE_LOOP('',(#3251,#3252,#3253,#3254));
#996=SURFACE_OF_LINEAR_EXTRUSION('',#997,#998);
#997=B_SPLINE_CURVE_WITH_KNOTS('',2,
(#3255,#3256,#3257),
.UNSPECIFIED.,.F.,.F.,
(3,3),
(0.,1.),
.UNSPECIFIED.);
#998=VECTOR('',#999,0.8);
#999=DIRECTION('',(0.,-1.,-6.12323399573677E-17));
#1000=FACE_BOUND('',#1001,.T.);
#1001=EDGE_LOOP('',(#3258,#3259,#3260,#3261));
#1002=SURFACE_OF_LINEAR_EXTRUSION('',#1003,#1004);
#1003=B_SPLINE_CURVE_WITH_KNOTS('',2,
(#3262,#3263,#3264),
.UNSPECIFIED.,.F.,.F.,
(3,3),
(0.,1.),
.UNSPECIFIED.);
#1004=VECTOR('',#1005,0.8);
#1005=DIRECTION('',(0.,-1.,-6.12323399573677E-17));
#1006=FACE_BOUND('',#1007,.T.);
#1007=EDGE_LOOP('',(#3265,#3266,#3267,#3268));
#1008=PLANE('',#1009);
#1009=AXIS2_PLACEMENT_3D('',#1010,#1011,#1012);
#1010=CARTESIAN_POINT('',(-8.10906669437423,0.800000000000001,-10.0772750213194));
#1011=DIRECTION('',(-1.,0.,0.));
#1012=DIRECTION('',(0.,0.,-1.));
#1013=FACE_BOUND('',#1014,.T.);
#1014=EDGE_LOOP('',(#3269,#3270,#3271,#3272));
#1015=SURFACE_OF_LINEAR_EXTRUSION('',#1016,#1017);
#1016=B_SPLINE_CURVE_WITH_KNOTS('',2,
(#3273,#3274,#3275),
.UNSPECIFIED.,.F.,.F.,
(3,3),
(0.,1.),
.UNSPECIFIED.);
#1017=VECTOR('',#1018,0.8);
#1018=DIRECTION('',(0.,-1.,-6.12323399573677E-17));
#1019=FACE_BOUND('',#1020,.T.);
#1020=EDGE_LOOP('',(#3276,#3277,#3278,#3279));
#1021=SURFACE_OF_LINEAR_EXTRUSION('',#1022,#1023);
#1022=B_SPLINE_CURVE_WITH_KNOTS('',2,
(#3280,#3281,#3282),
.UNSPECIFIED.,.F.,.F.,
(3,3),
(0.,1.),
.UNSPECIFIED.);
#1023=VECTOR('',#1024,0.8);
#1024=DIRECTION('',(0.,-1.,-6.12323399573677E-17));
#1025=FACE_BOUND('',#1026,.T.);
#1026=EDGE_LOOP('',(#3283,#3284,#3285,#3286));
#1027=SURFACE_OF_LINEAR_EXTRUSION('',#1028,#1029);
#1028=B_SPLINE_CURVE_WITH_KNOTS('',2,
(#3287,#3288,#3289),
.UNSPECIFIED.,.F.,.F.,
(3,3),
(0.,1.),
.UNSPECIFIED.);
#1029=VECTOR('',#1030,0.8);
#1030=DIRECTION('',(0.,-1.,-6.12323399573677E-17));
#1031=FACE_BOUND('',#1032,.T.);
#1032=EDGE_LOOP('',(#3290,#3291,#3292,#3293));
#1033=SURFACE_OF_LINEAR_EXTRUSION('',#1034,#1035);
#1034=B_SPLINE_CURVE_WITH_KNOTS('',2,
(#3294,#3295,#3296),
.UNSPECIFIED.,.F.,.F.,
(3,3),
(0.,1.),
.UNSPECIFIED.);
#1035=VECTOR('',#1036,0.8);
#1036=DIRECTION('',(0.,-1.,-6.12323399573677E-17));
#1037=FACE_BOUND('',#1038,.T.);
#1038=EDGE_LOOP('',(#3297,#3298,#3299,#3300));
#1039=PLANE('',#1040);
#1040=AXIS2_PLACEMENT_3D('',#1041,#1042,#1043);
#1041=CARTESIAN_POINT('',(-9.92675419437423,0.800000000000001,-11.4240868715394));
#1042=DIRECTION('',(1.,0.,0.));
#1043=DIRECTION('',(0.,0.,1.));
#1044=FACE_BOUND('',#1045,.T.);
#1045=EDGE_LOOP('',(#3301,#3302,#3303,#3304));
#1046=CYLINDRICAL_SURFACE('',#1047,10.);
#1047=AXIS2_PLACEMENT_3D('',#1048,#1049,#1050);
#1048=CARTESIAN_POINT('',(33.,-40.,-31.));
#1049=DIRECTION('',(0.,-1.,6.76707367390572E-17));
#1050=DIRECTION('',(0.,-6.76707367390572E-17,-1.));
#1051=FACE_BOUND('',#1052,.T.);
#1052=EDGE_LOOP('',(#3305,#3306,#3307,#3308));
#1053=FACE_BOUND('',#1054,.T.);
#1054=EDGE_LOOP('',(#3309,#3310,#3311,#3312,#3313,#3314,#3315,#3316));
#1055=FACE_BOUND('',#1056,.T.);
#1056=EDGE_LOOP('',(#3317,#3318,#3319,#3320));
#1057=PLANE('',#1058);
#1058=AXIS2_PLACEMENT_3D('',#1059,#1060,#1061);
#1059=CARTESIAN_POINT('',(43.,-2.51052593825207E-15,41.));
#1060=DIRECTION('',(1.,0.,0.));
#1061=DIRECTION('',(0.,6.12323399573677E-17,-1.));
#1062=FACE_BOUND('',#1063,.T.);
#1063=EDGE_LOOP('',(#3321,#3322,#3323,#3324));
#1064=CYLINDRICAL_SURFACE('',#1065,10.);
#1065=AXIS2_PLACEMENT_3D('',#1066,#1067,#1068);
#1066=CARTESIAN_POINT('',(33.,-40.,31.));
#1067=DIRECTION('',(0.,-1.,0.));
#1068=DIRECTION('',(1.,0.,0.));
#1069=FACE_BOUND('',#1070,.T.);
#1070=EDGE_LOOP('',(#3325,#3326,#3327,#3328));
#1071=PLANE('',#1072);
#1072=AXIS2_PLACEMENT_3D('',#1073,#1074,#1075);
#1073=CARTESIAN_POINT('',(-43.,-2.51052593825207E-15,41.));
#1074=DIRECTION('',(0.,0.,1.));
#1075=DIRECTION('',(1.,0.,0.));
#1076=FACE_BOUND('',#1077,.T.);
#1077=EDGE_LOOP('',(#3329,#3330,#3331,#3332));
#1078=CYLINDRICAL_SURFACE('',#1079,10.);
#1079=AXIS2_PLACEMENT_3D('',#1080,#1081,#1082);
#1080=CARTESIAN_POINT('',(-33.,-40.,31.));
#1081=DIRECTION('',(0.,-1.,0.));
#1082=DIRECTION('',(0.,0.,1.));
#1083=FACE_BOUND('',#1084,.T.);
#1084=EDGE_LOOP('',(#3333,#3334,#3335,#3336));
#1085=FACE_BOUND('',#1086,.T.);
#1086=EDGE_LOOP('',(#3337,#3338,#3339,#3340));
#1087=PLANE('',#1088);
#1088=AXIS2_PLACEMENT_3D('',#1089,#1090,#1091);
#1089=CARTESIAN_POINT('',(-43.,2.51052593825207E-15,-41.));
#1090=DIRECTION('',(-1.,0.,-8.66515531414756E-17));
#1091=DIRECTION('',(-8.66515531414756E-17,-6.12323399573677E-17,1.));
#1092=FACE_BOUND('',#1093,.T.);
#1093=EDGE_LOOP('',(#3341,#3342,#3343,#3344));
#1094=CYLINDRICAL_SURFACE('',#1095,10.);
#1095=AXIS2_PLACEMENT_3D('',#1096,#1097,#1098);
#1096=CARTESIAN_POINT('',(-33.,-40.,-31.));
#1097=DIRECTION('',(0.,-1.,0.));
#1098=DIRECTION('',(-1.,0.,-3.5527136788005E-16));
#1099=FACE_BOUND('',#1100,.T.);
#1100=EDGE_LOOP('',(#3345,#3346,#3347,#3348));
#1101=FACE_BOUND('',#1102,.T.);
#1102=EDGE_LOOP('',(#3349,#3350));
#1103=PLANE('',#1104);
#1104=AXIS2_PLACEMENT_3D('',#1105,#1106,#1107);
#1105=CARTESIAN_POINT('',(43.,2.51052593825207E-15,-41.));
#1106=DIRECTION('',(0.,0.,-1.));
#1107=DIRECTION('',(-1.,0.,0.));
#1108=FACE_BOUND('',#1109,.T.);
#1109=EDGE_LOOP('',(#3351,#3352,#3353,#3354));
#1110=PLANE('',#1111);
#1111=AXIS2_PLACEMENT_3D('',#1112,#1113,#1114);
#1112=CARTESIAN_POINT('',(-10.89711431703,-1.23315194001733E-15,-19.75));
#1113=DIRECTION('',(0.,0.,-1.));
#1114=DIRECTION('',(-1.,0.,0.));
#1115=FACE_BOUND('',#1116,.T.);
#1116=EDGE_LOOP('',(#3355,#3356,#3357,#3358));
#1117=CYLINDRICAL_SURFACE('',#1118,2.25);
#1118=AXIS2_PLACEMENT_3D('',#1119,#1120,#1121);
#1119=CARTESIAN_POINT('',(-16.25,-1.37092470492141E-15,-17.5));
#1120=DIRECTION('',(0.,1.,6.12323399573677E-17));
#1121=DIRECTION('',(6.12323399573677E-17,6.12323399573677E-17,-1.));
#1122=FACE_BOUND('',#1123,.T.);
#1123=EDGE_LOOP('',(#3359,#3360,#3361,#3362));
#1124=PLANE('',#1125);
#1125=AXIS2_PLACEMENT_3D('',#1126,#1127,#1128);
#1126=CARTESIAN_POINT('',(-16.25,-1.50869746982549E-15,-15.25));
#1127=DIRECTION('',(-3.31850322350737E-16,0.,1.));
#1128=DIRECTION('',(1.,0.,3.31850322350737E-16));
#1129=FACE_BOUND('',#1130,.T.);
#1130=EDGE_LOOP('',(#3363,#3364,#3365,#3366));
#1131=CYLINDRICAL_SURFACE('',#1132,4.5);
#1132=AXIS2_PLACEMENT_3D('',#1133,#1134,#1135);
#1133=CARTESIAN_POINT('',(-7.,-1.37092470492141E-15,-17.5));
#1134=DIRECTION('',(0.,1.,6.12323399573677E-17));
#1135=DIRECTION('',(-0.866025403784439,-3.06161699786838E-17,0.499999999999999));
#1136=FACE_BOUND('',#1137,.T.);
#1137=EDGE_LOOP('',(#3367,#3368,#3369,#3370));
#1138=CYLINDRICAL_SURFACE('',#1139,4.5);
#1139=AXIS2_PLACEMENT_3D('',#1140,#1141,#1142);
#1140=CARTESIAN_POINT('',(-7.,-1.37092470492141E-15,17.5));
#1141=DIRECTION('',(0.,1.,-6.12323399573677E-17));
#1142=DIRECTION('',(-0.866025403784439,3.06161699786838E-17,0.499999999999999));
#1143=FACE_BOUND('',#1144,.T.);
#1144=EDGE_LOOP('',(#3371,#3372,#3373,#3374));
#1145=PLANE('',#1146);
#1146=AXIS2_PLACEMENT_3D('',#1147,#1148,#1149);
#1147=CARTESIAN_POINT('',(-10.89711431703,-1.50869746982549E-15,15.25));
#1148=DIRECTION('',(-3.31850322350737E-16,0.,-1.));
#1149=DIRECTION('',(-1.,0.,3.31850322350737E-16));
#1150=FACE_BOUND('',#1151,.T.);
#1151=EDGE_LOOP('',(#3375,#3376,#3377,#3378));
#1152=CYLINDRICAL_SURFACE('',#1153,2.25);
#1153=AXIS2_PLACEMENT_3D('',#1154,#1155,#1156);
#1154=CARTESIAN_POINT('',(-16.25,-1.37092470492141E-15,17.5));
#1155=DIRECTION('',(0.,1.,-6.12323399573677E-17));
#1156=DIRECTION('',(-1.64021619720203E-15,-6.12323399573677E-17,-1.));
#1157=FACE_BOUND('',#1158,.T.);
#1158=EDGE_LOOP('',(#3379,#3380,#3381,#3382));
#1159=PLANE('',#1160);
#1160=AXIS2_PLACEMENT_3D('',#1161,#1162,#1163);
#1161=CARTESIAN_POINT('',(-16.25,-1.23315194001733E-15,19.75));
#1162=DIRECTION('',(0.,0.,1.));
#1163=DIRECTION('',(1.,0.,0.));
#1164=FACE_BOUND('',#1165,.T.);
#1165=EDGE_LOOP('',(#3383,#3384,#3385,#3386,#3387,#3388,#3389,#3390,#3391,#3392,
#3393,#3394,#3395,#3396,#3397,#3398,#3399,#3400,#3401,#3402,#3403,#3404,#3405,#3406));
#1166=PLANE('',#1167);
#1167=AXIS2_PLACEMENT_3D('',#1168,#1169,#1170);
#1168=CARTESIAN_POINT('',(0.,0.8,4.89858719658941E-17));
#1169=DIRECTION('',(0.,-1.,-6.12323399573677E-17));
#1170=DIRECTION('',(6.12323399573677E-17,-6.12323399573677E-17,1.));
#1171=FACE_BOUND('',#1172,.T.);
#1172=EDGE_LOOP('',(#3407,#3408,#3409,#3410,#3411,#3412,#3413,#3414,#3415,#3416,
#3417,#3418,#3419,#3420,#3421,#3422,#3423,#3424,#3425,#3426,#3427,#3428,#3429,#3430));
#1173=PLANE('',#1174);
#1174=AXIS2_PLACEMENT_3D('',#1175,#1176,#1177);
#1175=CARTESIAN_POINT('',(0.,0.8,4.89858719658941E-17));
#1176=DIRECTION('',(0.,-1.,-6.12323399573677E-17));
#1177=DIRECTION('',(6.12323399573677E-17,-6.12323399573677E-17,1.));
#1178=FACE_BOUND('',#1179,.T.);
#1179=EDGE_LOOP('',(#3431,#3432,#3433,#3434,#3435,#3436,#3437,#3438,#3439,#3440,
#3441,#3442,#3443,#3444,#3445,#3446,#3447,#3448,#3449,#3450,#3451,#3452,#3453,#3454,
#3455,#3456,#3457,#3458));
#1180=PLANE('',#1181);
#1181=AXIS2_PLACEMENT_3D('',#1182,#1183,#1184);
#1182=CARTESIAN_POINT('',(0.,0.8,4.89858719658941E-17));
#1183=DIRECTION('',(0.,-1.,-6.12323399573677E-17));
#1184=DIRECTION('',(6.12323399573677E-17,-6.12323399573677E-17,1.));
#1185=FACE_BOUND('',#1186,.T.);
#1186=EDGE_LOOP('',(#3459,#3460,#3461,#3462,#3463,#3464,#3465,#3466,#3467,#3468,
#3469,#3470,#3471,#3472,#3473,#3474,#3475,#3476,#3477,#3478,#3479,#3480,#3481,#3482,
#3483,#3484,#3485,#3486,#3487,#3488,#3489,#3490,#3491,#3492,#3493,#3494));
#1187=PLANE('',#1188);
#1188=AXIS2_PLACEMENT_3D('',#1189,#1190,#1191);
#1189=CARTESIAN_POINT('',(0.,0.8,4.89858719658941E-17));
#1190=DIRECTION('',(0.,-1.,-6.12323399573677E-17));
#1191=DIRECTION('',(6.12323399573677E-17,-6.12323399573677E-17,1.));
#1192=FACE_BOUND('',#1193,.T.);
#1193=EDGE_LOOP('',(#3495,#3496,#3497,#3498,#3499,#3500,#3501,#3502));
#1194=FACE_BOUND('',#1195,.T.);
#1195=EDGE_LOOP('',(#3503,#3504,#3505,#3506,#3507,#3508,#3509,#3510));
#1196=PLANE('',#1197);
#1197=AXIS2_PLACEMENT_3D('',#1198,#1199,#1200);
#1198=CARTESIAN_POINT('',(0.,25.,1.53080849893419E-15));
#1199=DIRECTION('',(0.,1.,6.12323399573677E-17));
#1200=DIRECTION('',(6.12323399573677E-17,6.12323399573677E-17,-1.));
#1201=FACE_BOUND('',#1202,.T.);
#1202=EDGE_LOOP('',(#3511,#3512,#3513,#3514));
#1203=CYLINDRICAL_SURFACE('',#1204,0.5);
#1204=AXIS2_PLACEMENT_3D('',#1205,#1206,#1207);
#1205=CARTESIAN_POINT('',(-43.,14.5,-24.9));
#1206=DIRECTION('',(1.,0.,0.));
#1207=DIRECTION('',(0.,-1.,1.22464679914735E-16));
#1208=FACE_BOUND('',#1209,.T.);
#1209=EDGE_LOOP('',(#3515,#3516,#3517,#3518));
#1210=PLANE('',#1211);
#1211=AXIS2_PLACEMENT_3D('',#1212,#1213,#1214);
#1212=CARTESIAN_POINT('',(-43.,14.,-12.5));
#1213=DIRECTION('',(0.,-1.,4.29763751467803E-16));
#1214=DIRECTION('',(0.,-4.29763751467803E-16,-1.));
#1215=FACE_BOUND('',#1216,.T.);
#1216=EDGE_LOOP('',(#3519,#3520,#3521,#3522));
#1217=CYLINDRICAL_SURFACE('',#1218,0.5);
#1218=AXIS2_PLACEMENT_3D('',#1219,#1220,#1221);
#1219=CARTESIAN_POINT('',(-43.,14.5,-12.5));
#1220=DIRECTION('',(1.,0.,0.));
#1221=DIRECTION('',(0.,1.22464679914735E-16,1.));
#1222=FACE_BOUND('',#1223,.T.);
#1223=EDGE_LOOP('',(#3523,#3524,#3525,#3526));
#1224=PLANE('',#1225);
#1225=AXIS2_PLACEMENT_3D('',#1226,#1227,#1228);
#1226=CARTESIAN_POINT('',(-43.,19.,-12.));
#1227=DIRECTION('',(0.,0.,1.));
#1228=DIRECTION('',(0.,-1.,0.));
#1229=FACE_BOUND('',#1230,.T.);
#1230=EDGE_LOOP('',(#3527,#3528,#3529,#3530));
#1231=CYLINDRICAL_SURFACE('',#1232,0.5);
#1232=AXIS2_PLACEMENT_3D('',#1233,#1234,#1235);
#1233=CARTESIAN_POINT('',(-43.,19.,-12.5));
#1234=DIRECTION('',(1.,0.,0.));
#1235=DIRECTION('',(0.,1.,-1.22464679914735E-16));
#1236=FACE_BOUND('',#1237,.T.);
#1237=EDGE_LOOP('',(#3531,#3532,#3533,#3534));
#1238=PLANE('',#1239);
#1239=AXIS2_PLACEMENT_3D('',#1240,#1241,#1242);
#1240=CARTESIAN_POINT('',(-43.,19.5,-24.9));
#1241=DIRECTION('',(0.,1.,-8.59527502935605E-16));
#1242=DIRECTION('',(0.,8.59527502935605E-16,1.));
#1243=FACE_BOUND('',#1244,.T.);
#1244=EDGE_LOOP('',(#3535,#3536,#3537,#3538));
#1245=CYLINDRICAL_SURFACE('',#1246,0.5);
#1246=AXIS2_PLACEMENT_3D('',#1247,#1248,#1249);
#1247=CARTESIAN_POINT('',(-43.,19.,-24.9));
#1248=DIRECTION('',(1.,0.,0.));
#1249=DIRECTION('',(0.,-1.22464679914735E-16,-1.));
#1250=FACE_BOUND('',#1251,.T.);
#1251=EDGE_LOOP('',(#3539,#3540,#3541,#3542));
#1252=PLANE('',#1253);
#1253=AXIS2_PLACEMENT_3D('',#1254,#1255,#1256);
#1254=CARTESIAN_POINT('',(-43.,14.5,-25.4));
#1255=DIRECTION('',(0.,0.,-1.));
#1256=DIRECTION('',(0.,1.,0.));
#1257=FACE_BOUND('',#1258,.T.);
#1258=EDGE_LOOP('',(#3543,#3544,#3545,#3546,#3547,#3548));
#1259=PLANE('',#1260);
#1260=AXIS2_PLACEMENT_3D('',#1261,#1262,#1263);
#1261=CARTESIAN_POINT('',(43.,10.1,21.5));
#1262=DIRECTION('',(-1.22464679914735E-16,0.,-1.));
#1263=DIRECTION('',(-5.47382212626882E-48,-1.,0.));
#1264=FACE_BOUND('',#1265,.T.);
#1265=EDGE_LOOP('',(#3549,#3550,#3551,#3552));
#1266=PLANE('',#1267);
#1267=AXIS2_PLACEMENT_3D('',#1268,#1269,#1270);
#1268=CARTESIAN_POINT('',(43.,10.1,-4.50000000000001));
#1269=DIRECTION('',(8.36696045198086E-33,-1.,6.83214169000096E-17));
#1270=DIRECTION('',(1.22464679914735E-16,6.83214169000096E-17,1.));
#1271=FACE_BOUND('',#1272,.T.);
#1272=EDGE_LOOP('',(#3553,#3554,#3555,#3556,#3557,#3558));
#1273=PLANE('',#1274);
#1274=AXIS2_PLACEMENT_3D('',#1275,#1276,#1277);
#1275=CARTESIAN_POINT('',(43.,6.3,-4.50000000000001));
#1276=DIRECTION('',(1.22464679914735E-16,0.,1.));
#1277=DIRECTION('',(5.47382212626882E-48,1.,0.));
#1278=FACE_BOUND('',#1279,.T.);
#1279=EDGE_LOOP('',(#3559,#3560,#3561,#3562));
#1280=PLANE('',#1281);
#1281=AXIS2_PLACEMENT_3D('',#1282,#1283,#1284);
#1282=CARTESIAN_POINT('',(43.,6.30000000000001,21.5));
#1283=DIRECTION('',(-1.67339209039617E-32,1.,-1.36642833800019E-16));
#1284=DIRECTION('',(-1.22464679914735E-16,-1.36642833800019E-16,-1.));
#1285=FACE_BOUND('',#1286,.T.);
#1286=EDGE_LOOP('',(#3563,#3564,#3565,#3566));
#1287=PLANE('',#1288);
#1288=AXIS2_PLACEMENT_3D('',#1289,#1290,#1291);
#1289=CARTESIAN_POINT('',(-43.,10.1,-4.5));
#1290=DIRECTION('',(0.,1.,-6.83214169000096E-17));
#1291=DIRECTION('',(0.,6.83214169000096E-17,1.));
#1292=FACE_BOUND('',#1293,.T.);
#1293=EDGE_LOOP('',(#3567,#3568,#3569,#3570,#3571,#3572));
#1294=PLANE('',#1295);
#1295=AXIS2_PLACEMENT_3D('',#1296,#1297,#1298);
#1296=CARTESIAN_POINT('',(-43.,10.1,21.5));
#1297=DIRECTION('',(0.,0.,1.));
#1298=DIRECTION('',(0.,-1.,0.));
#1299=FACE_BOUND('',#1300,.T.);
#1300=EDGE_LOOP('',(#3573,#3574,#3575,#3576));
#1301=PLANE('',#1302);
#1302=AXIS2_PLACEMENT_3D('',#1303,#1304,#1305);
#1303=CARTESIAN_POINT('',(-43.,6.3,21.5));
#1304=DIRECTION('',(0.,-1.,1.36642833800019E-16));
#1305=DIRECTION('',(0.,-1.36642833800019E-16,-1.));
#1306=FACE_BOUND('',#1307,.T.);
#1307=EDGE_LOOP('',(#3577,#3578,#3579,#3580,#3581,#3582));
#1308=PLANE('',#1309);
#1309=AXIS2_PLACEMENT_3D('',#1310,#1311,#1312);
#1310=CARTESIAN_POINT('',(-43.,6.3,-4.5));
#1311=DIRECTION('',(0.,0.,-1.));
#1312=DIRECTION('',(0.,1.,0.));
#1313=FACE_BOUND('',#1314,.T.);
#1314=EDGE_LOOP('',(#3583,#3584,#3585,#3586));
#1315=CYLINDRICAL_SURFACE('',#1316,3.3);
#1316=AXIS2_PLACEMENT_3D('',#1317,#1318,#1319);
#1317=CARTESIAN_POINT('',(27.5,12.5,-36.4));
#1318=DIRECTION('',(0.,0.,-1.));
#1319=DIRECTION('',(-1.,0.,0.));
#1320=FACE_BOUND('',#1321,.T.);
#1321=EDGE_LOOP('',(#3587,#3588,#3589,#3590));
#1322=PLANE('',#1323);
#1323=AXIS2_PLACEMENT_3D('',#1324,#1325,#1326);
#1324=CARTESIAN_POINT('',(29.0748015748677,15.4,-36.4));
#1325=DIRECTION('',(0.,-1.,0.));
#1326=DIRECTION('',(-1.,0.,0.));
#1327=FACE_BOUND('',#1328,.T.);
#1328=EDGE_LOOP('',(#3591,#3592,#3593,#3594));
#1329=FACE_BOUND('',#1330,.T.);
#1330=EDGE_LOOP('',(#3595,#3596,#3597,#3598));
#1331=PLANE('',#1332);
#1332=AXIS2_PLACEMENT_3D('',#1333,#1334,#1335);
#1333=CARTESIAN_POINT('',(0.,2.,1.22464679914735E-16));
#1334=DIRECTION('',(0.,1.,6.12323399573677E-17));
#1335=DIRECTION('',(6.12323399573677E-17,6.12323399573677E-17,-1.));
#1336=FACE_BOUND('',#1337,.T.);
#1337=EDGE_LOOP('',(#3599,#3600,#3601,#3602,#3603,#3604,#3605,#3606));
#1338=FACE_BOUND('',#1339,.T.);
#1339=EDGE_LOOP('',(#3607,#3608,#3609,#3610));
#1340=PLANE('',#1341);
#1341=AXIS2_PLACEMENT_3D('',#1342,#1343,#1344);
#1342=CARTESIAN_POINT('',(0.,2.,-1.22464679914735E-16));
#1343=DIRECTION('',(0.,-1.,6.12323399573677E-17));
#1344=DIRECTION('',(6.12323399573677E-17,6.12323399573677E-17,1.));
#1345=FACE_BOUND('',#1346,.T.);
#1346=EDGE_LOOP('',(#3611,#3612,#3613,#3614));
#1347=CYLINDRICAL_SURFACE('',#1348,8.4);
#1348=AXIS2_PLACEMENT_3D('',#1349,#1350,#1351);
#1349=CARTESIAN_POINT('',(33.,-40.,-31.));
#1350=DIRECTION('',(0.,-1.,6.76707367390572E-17));
#1351=DIRECTION('',(0.,-6.76707367390572E-17,-1.));
#1352=FACE_BOUND('',#1353,.T.);
#1353=EDGE_LOOP('',(#3615,#3616,#3617,#3618,#3619,#3620,#3621,#3622,#3623,#3624,
#3625,#3626));
#1354=FACE_BOUND('',#1355,.T.);
#1355=EDGE_LOOP('',(#3627,#3628,#3629,#3630,#3631,#3632,#3633,#3634));
#1356=FACE_BOUND('',#1357,.T.);
#1357=EDGE_LOOP('',(#3635,#3636,#3637,#3638));
#1358=FACE_BOUND('',#1359,.T.);
#1359=EDGE_LOOP('',(#3639,#3640,#3641,#3642));
#1360=PLANE('',#1361);
#1361=AXIS2_PLACEMENT_3D('',#1362,#1363,#1364);
#1362=CARTESIAN_POINT('',(41.4,-2.51052593825207E-15,41.));
#1363=DIRECTION('',(1.,0.,0.));
#1364=DIRECTION('',(0.,6.12323399573677E-17,-1.));
#1365=FACE_BOUND('',#1366,.T.);
#1366=EDGE_LOOP('',(#3643,#3644,#3645,#3646));
#1367=CYLINDRICAL_SURFACE('',#1368,8.4);
#1368=AXIS2_PLACEMENT_3D('',#1369,#1370,#1371);
#1369=CARTESIAN_POINT('',(33.,-40.,31.));
#1370=DIRECTION('',(0.,-1.,0.));
#1371=DIRECTION('',(1.,0.,0.));
#1372=FACE_BOUND('',#1373,.T.);
#1373=EDGE_LOOP('',(#3647,#3648,#3649,#3650));
#1374=PLANE('',#1375);
#1375=AXIS2_PLACEMENT_3D('',#1376,#1377,#1378);
#1376=CARTESIAN_POINT('',(-43.,-2.51052593825207E-15,39.4));
#1377=DIRECTION('',(0.,0.,1.));
#1378=DIRECTION('',(1.,0.,0.));
#1379=FACE_BOUND('',#1380,.T.);
#1380=EDGE_LOOP('',(#3651,#3652,#3653,#3654));
#1381=CYLINDRICAL_SURFACE('',#1382,8.4);
#1382=AXIS2_PLACEMENT_3D('',#1383,#1384,#1385);
#1383=CARTESIAN_POINT('',(-33.,-40.,31.));
#1384=DIRECTION('',(0.,-1.,0.));
#1385=DIRECTION('',(0.,0.,1.));
#1386=FACE_BOUND('',#1387,.T.);
#1387=EDGE_LOOP('',(#3655,#3656,#3657,#3658,#3659,#3660,#3661,#3662,#3663,#3664,
#3665,#3666));
#1388=FACE_BOUND('',#1389,.T.);
#1389=EDGE_LOOP('',(#3667,#3668,#3669,#3670));
#1390=PLANE('',#1391);
#1391=AXIS2_PLACEMENT_3D('',#1392,#1393,#1394);
#1392=CARTESIAN_POINT('',(-41.4,2.51052593825207E-15,-41.));
#1393=DIRECTION('',(-1.,0.,-8.66515531414756E-17));
#1394=DIRECTION('',(-8.66515531414756E-17,-6.12323399573677E-17,1.));
#1395=FACE_BOUND('',#1396,.T.);
#1396=EDGE_LOOP('',(#3671,#3672,#3673,#3674));
#1397=CYLINDRICAL_SURFACE('',#1398,8.4);
#1398=AXIS2_PLACEMENT_3D('',#1399,#1400,#1401);
#1399=CARTESIAN_POINT('',(-33.,-40.,-31.));
#1400=DIRECTION('',(0.,-1.,0.));
#1401=DIRECTION('',(-1.,0.,-3.5527136788005E-16));
#1402=FACE_BOUND('',#1403,.T.);
#1403=EDGE_LOOP('',(#3675,#3676,#3677,#3678));
#1404=PLANE('',#1405);
#1405=AXIS2_PLACEMENT_3D('',#1406,#1407,#1408);
#1406=CARTESIAN_POINT('',(43.,2.51052593825207E-15,-39.4));
#1407=DIRECTION('',(0.,0.,-1.));
#1408=DIRECTION('',(-1.,0.,0.));
#1409=FACE_BOUND('',#1410,.T.);
#1410=EDGE_LOOP('',(#3679,#3680,#3681,#3682));
#1411=PLANE('',#1412);
#1412=AXIS2_PLACEMENT_3D('',#1413,#1414,#1415);
#1413=CARTESIAN_POINT('',(41.4,11.1,29.5));
#1414=DIRECTION('',(-0.707106781186548,-0.707106781186547,2.66034743758838E-16));
#1415=DIRECTION('',(-2.91641521762378E-16,-8.45884209238215E-17,-1.));
#1416=FACE_BOUND('',#1417,.T.);
#1417=EDGE_LOOP('',(#3683,#3684,#3685,#3686));
#1418=PLANE('',#1419);
#1419=AXIS2_PLACEMENT_3D('',#1420,#1421,#1422);
#1420=CARTESIAN_POINT('',(41.4,5.72264973081037,-10.8094010767585));
#1421=DIRECTION('',(-0.500000000000002,0.866025403784437,7.35572530578504E-17));
#1422=DIRECTION('',(3.06453487474213E-16,9.19944037797391E-17,1.));
#1423=FACE_BOUND('',#1424,.T.);
#1424=EDGE_LOOP('',(#3687,#3688,#3689,#3690));
#1425=PLANE('',#1426);
#1426=AXIS2_PLACEMENT_3D('',#1427,#1428,#1429);
#1427=CARTESIAN_POINT('',(-41.4,11.1,29.5));
#1428=DIRECTION('',(-0.707106781186548,0.707106781186547,-1.79439138135289E-16));
#1429=DIRECTION('',(1.69176841847643E-16,-8.45884209238215E-17,-1.));
#1430=FACE_BOUND('',#1431,.T.);
#1431=EDGE_LOOP('',(#3691,#3692,#3693,#3694));
#1432=PLANE('',#1433);
#1433=AXIS2_PLACEMENT_3D('',#1434,#1435,#1436);
#1434=CARTESIAN_POINT('',(-41.4,5.72264973081037,-10.8094010767585));
#1435=DIRECTION('',(-0.500000000000002,-0.866025403784437,-1.23249131004824E-17));
#1436=DIRECTION('',(-1.83988807559478E-16,9.19944037797391E-17,1.));
#1437=FACE_BOUND('',#1438,.T.);
#1438=EDGE_LOOP('',(#3695,#3696,#3697,#3698,#3699,#3700,#3701,#3702));
#1439=FACE_BOUND('',#1440,.T.);
#1440=EDGE_LOOP('',(#3703,#3704));
#1441=PLANE('',#1442);
#1442=AXIS2_PLACEMENT_3D('',#1443,#1444,#1445);
#1443=CARTESIAN_POINT('',(-33.,20.,-37.4));
#1444=DIRECTION('',(0.,0.,1.));
#1445=DIRECTION('',(1.,0.,0.));
#1446=FACE_BOUND('',#1447,.T.);
#1447=EDGE_LOOP('',(#3705,#3706,#3707,#3708));
#1448=PLANE('',#1449);
#1449=AXIS2_PLACEMENT_3D('',#1450,#1451,#1452);
#1450=CARTESIAN_POINT('',(-12.3560713214071,1.6,-22.75));
#1451=DIRECTION('',(0.,0.,-1.));
#1452=DIRECTION('',(-1.,0.,0.));
#1453=FACE_BOUND('',#1454,.T.);
#1454=EDGE_LOOP('',(#3709,#3710,#3711,#3712));
#1455=CYLINDRICAL_SURFACE('',#1456,5.25);
#1456=AXIS2_PLACEMENT_3D('',#1457,#1458,#1459);
#1457=CARTESIAN_POINT('',(-16.25,1.6,-17.5));
#1458=DIRECTION('',(0.,1.,6.12323399573677E-17));
#1459=DIRECTION('',(6.12323399573677E-17,6.12323399573677E-17,-1.));
#1460=FACE_BOUND('',#1461,.T.);
#1461=EDGE_LOOP('',(#3713,#3714,#3715,#3716));
#1462=PLANE('',#1463);
#1463=AXIS2_PLACEMENT_3D('',#1464,#1465,#1466);
#1464=CARTESIAN_POINT('',(-16.25,1.6,-12.25));
#1465=DIRECTION('',(-4.56186280238232E-16,0.,1.));
#1466=DIRECTION('',(1.,0.,4.56186280238232E-16));
#1467=FACE_BOUND('',#1468,.T.);
#1468=EDGE_LOOP('',(#3717,#3718,#3719,#3720));
#1469=CYLINDRICAL_SURFACE('',#1470,7.5);
#1470=AXIS2_PLACEMENT_3D('',#1471,#1472,#1473);
#1471=CARTESIAN_POINT('',(-7.,1.6,-17.5));
#1472=DIRECTION('',(0.,1.,6.12323399573677E-17));
#1473=DIRECTION('',(-0.714142842854286,-4.28626379701573E-17,0.699999999999999));
#1474=FACE_BOUND('',#1475,.T.);
#1475=EDGE_LOOP('',(#3721,#3722,#3723,#3724,#3725,#3726));
#1476=FACE_OUTER_BOUND('',#1477,.T.);
#1477=EDGE_LOOP('',(#3727));
#1478=TOROIDAL_SURFACE('',#1479,5.5,3.);
#1479=AXIS2_PLACEMENT_3D('',#1480,#1481,#1482);
#1480=CARTESIAN_POINT('',(-15.,4.6,26.1));
#1481=DIRECTION('',(0.,1.,6.12323399573677E-17));
#1482=DIRECTION('',(0.,6.12323399573677E-17,-1.));
#1483=FACE_BOUND('',#1484,.T.);
#1484=EDGE_LOOP('',(#3728,#3729,#3730));
#1485=PLANE('',#1486);
#1486=AXIS2_PLACEMENT_3D('',#1487,#1488,#1489);
#1487=CARTESIAN_POINT('',(-12.3560713214071,1.6,22.75));
#1488=DIRECTION('',(0.,0.,-1.));
#1489=DIRECTION('',(-1.,0.,0.));
#1490=FACE_BOUND('',#1491,.T.);
#1491=EDGE_LOOP('',(#3731,#3732,#3733,#3734,#3735));
#1492=CYLINDRICAL_SURFACE('',#1493,7.5);
#1493=AXIS2_PLACEMENT_3D('',#1494,#1495,#1496);
#1494=CARTESIAN_POINT('',(-7.,1.6,17.5));
#1495=DIRECTION('',(0.,-1.,6.12323399573677E-17));
#1496=DIRECTION('',(-0.714142842854286,-4.28626379701573E-17,-0.699999999999999));
#1497=FACE_OUTER_BOUND('',#1498,.T.);
#1498=EDGE_LOOP('',(#3736));
#1499=FACE_BOUND('',#1500,.T.);
#1500=EDGE_LOOP('',(#3737,#3738,#3739,#3740,#3741));
#1501=TOROIDAL_SURFACE('',#1502,5.5,3.);
#1502=AXIS2_PLACEMENT_3D('',#1503,#1504,#1505);
#1503=CARTESIAN_POINT('',(1.76170804530429E-15,4.6,26.1));
#1504=DIRECTION('',(0.,1.,6.12323399573677E-17));
#1505=DIRECTION('',(6.12323399573676E-17,6.12323399573677E-17,-1.));
#1506=FACE_BOUND('',#1507,.T.);
#1507=EDGE_LOOP('',(#3742,#3743,#3744,#3745));
#1508=CYLINDRICAL_SURFACE('',#1509,7.5);
#1509=AXIS2_PLACEMENT_3D('',#1510,#1511,#1512);
#1510=CARTESIAN_POINT('',(-7.,1.6,17.5));
#1511=DIRECTION('',(0.,-1.,6.12323399573677E-17));
#1512=DIRECTION('',(-0.714142842854286,-4.28626379701573E-17,-0.699999999999999));
#1513=FACE_BOUND('',#1514,.T.);
#1514=EDGE_LOOP('',(#3746,#3747,#3748,#3749));
#1515=PLANE('',#1516);
#1516=AXIS2_PLACEMENT_3D('',#1517,#1518,#1519);
#1517=CARTESIAN_POINT('',(-16.25,1.6,12.25));
#1518=DIRECTION('',(4.56186280238232E-16,0.,1.));
#1519=DIRECTION('',(1.,0.,-4.56186280238232E-16));
#1520=FACE_BOUND('',#1521,.T.);
#1521=EDGE_LOOP('',(#3750,#3751,#3752,#3753));
#1522=CYLINDRICAL_SURFACE('',#1523,5.25);
#1523=AXIS2_PLACEMENT_3D('',#1524,#1525,#1526);
#1524=CARTESIAN_POINT('',(-16.25,1.6,17.5));
#1525=DIRECTION('',(0.,-1.,6.12323399573677E-17));
#1526=DIRECTION('',(6.12323399573677E-17,6.12323399573677E-17,1.));
#1527=FACE_BOUND('',#1528,.T.);
#1528=EDGE_LOOP('',(#3754,#3755,#3756,#3757,#3758,#3759,#3760,#3761,#3762,#3763,
#3764,#3765));
#1529=PLANE('',#1530);
#1530=AXIS2_PLACEMENT_3D('',#1531,#1532,#1533);
#1531=CARTESIAN_POINT('',(0.,23.,1.40834381901946E-15));
#1532=DIRECTION('',(0.,1.,6.12323399573677E-17));
#1533=DIRECTION('',(6.12323399573677E-17,6.12323399573677E-17,-1.));
#1534=FACE_BOUND('',#1535,.T.);
#1535=EDGE_LOOP('',(#3766,#3767,#3768,#3769));
#1536=PLANE('',#1537);
#1537=AXIS2_PLACEMENT_3D('',#1538,#1539,#1540);
#1538=CARTESIAN_POINT('',(41.4,15.7109861589809,-43.5780276820382));
#1539=DIRECTION('',(-0.90630778703665,-0.4226182617407,-6.89081979731694E-17));
#1540=DIRECTION('',(0.,-1.63050687136299E-16,1.));
#1541=FACE_BOUND('',#1542,.T.);
#1542=EDGE_LOOP('',(#3770,#3771,#3772,#3773,#3774));
#1543=CYLINDRICAL_SURFACE('',#1544,8.4);
#1544=AXIS2_PLACEMENT_3D('',#1545,#1546,#1547);
#1545=CARTESIAN_POINT('',(33.,-40.,-31.));
#1546=DIRECTION('',(0.,-1.,6.76707367390572E-17));
#1547=DIRECTION('',(0.,-6.76707367390572E-17,-1.));
#1548=FACE_BOUND('',#1549,.T.);
#1549=EDGE_LOOP('',(#3775,#3776,#3777,#3778,#3779,#3780));
#1550=CYLINDRICAL_SURFACE('',#1551,3.);
#1551=AXIS2_PLACEMENT_3D('',#1552,#1553,#1554);
#1552=CARTESIAN_POINT('',(38.4,4.6,43.));
#1553=DIRECTION('',(0.,-7.2293592301173E-17,1.));
#1554=DIRECTION('',(0.,-1.,-7.2293592301173E-17));
#1555=FACE_BOUND('',#1556,.T.);
#1556=EDGE_LOOP('',(#3781,#3782,#3783,#3784));
#1557=CYLINDRICAL_SURFACE('',#1558,8.4);
#1558=AXIS2_PLACEMENT_3D('',#1559,#1560,#1561);
#1559=CARTESIAN_POINT('',(33.,-40.,31.));
#1560=DIRECTION('',(0.,-1.,0.));
#1561=DIRECTION('',(1.,0.,0.));
#1562=FACE_BOUND('',#1563,.T.);
#1563=EDGE_LOOP('',(#3785,#3786,#3787,#3788));
#1564=PLANE('',#1565);
#1565=AXIS2_PLACEMENT_3D('',#1566,#1567,#1568);
#1566=CARTESIAN_POINT('',(41.4,15.7109861589809,-43.5780276820382));
#1567=DIRECTION('',(-0.90630778703665,-0.4226182617407,-6.89081979731694E-17));
#1568=DIRECTION('',(0.,-1.63050687136299E-16,1.));
#1569=FACE_BOUND('',#1570,.T.);
#1570=EDGE_LOOP('',(#3789,#3790,#3791,#3792));
#1571=PLANE('',#1572);
#1572=AXIS2_PLACEMENT_3D('',#1573,#1574,#1575);
#1573=CARTESIAN_POINT('',(39.4,-4.8692089878839E-15,21.5));
#1574=DIRECTION('',(0.,0.,1.));
#1575=DIRECTION('',(1.,0.,0.));
#1576=FACE_BOUND('',#1577,.T.);
#1577=EDGE_LOOP('',(#3793,#3794,#3795,#3796,#3797,#3798,#3799,#3800,#3801,#3802,
#3803,#3804));
#1578=PLANE('',#1579);
#1579=AXIS2_PLACEMENT_3D('',#1580,#1581,#1582);
#1580=CARTESIAN_POINT('',(0.,23.,1.40834381901946E-15));
#1581=DIRECTION('',(0.,1.,6.12323399573677E-17));
#1582=DIRECTION('',(6.12323399573677E-17,6.12323399573677E-17,-1.));
#1583=FACE_BOUND('',#1584,.T.);
#1584=EDGE_LOOP('',(#3805,#3806,#3807,#3808));
#1585=PLANE('',#1586);
#1586=AXIS2_PLACEMENT_3D('',#1587,#1588,#1589);
#1587=CARTESIAN_POINT('',(41.4,25.,-28.4));
#1588=DIRECTION('',(0.,0.,-1.));
#1589=DIRECTION('',(0.,-1.,0.));
#1590=FACE_BOUND('',#1591,.T.);
#1591=EDGE_LOOP('',(#3809,#3810,#3811,#3812));
#1592=PLANE('',#1593);
#1593=AXIS2_PLACEMENT_3D('',#1594,#1595,#1596);
#1594=CARTESIAN_POINT('',(0.,23.,1.40834381901946E-15));
#1595=DIRECTION('',(0.,1.,6.12323399573677E-17));
#1596=DIRECTION('',(6.12323399573677E-17,6.12323399573677E-17,-1.));
#1597=FACE_BOUND('',#1598,.T.);
#1598=EDGE_LOOP('',(#3813,#3814,#3815,#3816));
#1599=PLANE('',#1600);
#1600=AXIS2_PLACEMENT_3D('',#1601,#1602,#1603);
#1601=CARTESIAN_POINT('',(41.4,-3.27716814899235E-15,-4.5));
#1602=DIRECTION('',(3.10862446895044E-15,7.105427357601E-17,-1.));
#1603=DIRECTION('',(-1.,1.97215226305253E-31,-3.10862446895044E-15));
#1604=FACE_BOUND('',#1605,.T.);
#1605=EDGE_LOOP('',(#3817,#3818,#3819,#3820));
#1606=PLANE('',#1607);
#1607=AXIS2_PLACEMENT_3D('',#1608,#1609,#1610);
#1608=CARTESIAN_POINT('',(41.4,15.7109861589809,-43.5780276820382));
#1609=DIRECTION('',(-0.90630778703665,-0.4226182617407,-6.89081979731694E-17));
#1610=DIRECTION('',(0.,-1.63050687136299E-16,1.));
#1611=FACE_BOUND('',#1612,.T.);
#1612=EDGE_LOOP('',(#3821,#3822,#3823,#3824));
#1613=PLANE('',#1614);
#1614=AXIS2_PLACEMENT_3D('',#1615,#1616,#1617);
#1615=CARTESIAN_POINT('',(41.4,4.6,-8.99999999999999));
#1616=DIRECTION('',(0.,8.7076315656875E-17,1.));
#1617=DIRECTION('',(0.,1.,-8.7076315656875E-17));
#1618=FACE_BOUND('',#1619,.T.);
#1619=EDGE_LOOP('',(#3825,#3826,#3827,#3828));
#1620=PLANE('',#1621);
#1621=AXIS2_PLACEMENT_3D('',#1622,#1623,#1624);
#1622=CARTESIAN_POINT('',(-41.4,15.7109861589809,43.5780276820382));
#1623=DIRECTION('',(0.90630778703665,-0.4226182617407,-3.63466900316351E-18));
#1624=DIRECTION('',(8.15253435681496E-17,1.83432023028337E-16,-1.));
#1625=FACE_BOUND('',#1626,.T.);
#1626=EDGE_LOOP('',(#3829,#3830,#3831,#3832));
#1627=PLANE('',#1628);
#1628=AXIS2_PLACEMENT_3D('',#1629,#1630,#1631);
#1629=CARTESIAN_POINT('',(-39.4,-3.27716814899235E-15,-4.5));
#1630=DIRECTION('',(-3.5527136788005E-15,7.105427357601E-17,-1.));
#1631=DIRECTION('',(-1.,-1.97215226305253E-31,3.5527136788005E-15));
#1632=FACE_BOUND('',#1633,.T.);
#1633=EDGE_LOOP('',(#3833,#3834,#3835,#3836));
#1634=PLANE('',#1635);
#1635=AXIS2_PLACEMENT_3D('',#1636,#1637,#1638);
#1636=CARTESIAN_POINT('',(-41.4,-4.8692089878839E-15,21.5));
#1637=DIRECTION('',(0.,0.,1.));
#1638=DIRECTION('',(1.,0.,0.));
#1639=FACE_BOUND('',#1640,.T.);
#1640=EDGE_LOOP('',(#3837,#3838,#3839,#3840));
#1641=PLANE('',#1642);
#1642=AXIS2_PLACEMENT_3D('',#1643,#1644,#1645);
#1643=CARTESIAN_POINT('',(-41.4,15.7109861589809,43.5780276820382));
#1644=DIRECTION('',(0.90630778703665,-0.4226182617407,-3.63466900316351E-18));
#1645=DIRECTION('',(8.15253435681496E-17,1.83432023028337E-16,-1.));
#1646=FACE_BOUND('',#1647,.T.);
#1647=EDGE_LOOP('',(#3841,#3842,#3843,#3844));
#1648=CYLINDRICAL_SURFACE('',#1649,8.4);
#1649=AXIS2_PLACEMENT_3D('',#1650,#1651,#1652);
#1650=CARTESIAN_POINT('',(-33.,-40.,31.));
#1651=DIRECTION('',(0.,-1.,0.));
#1652=DIRECTION('',(0.,0.,1.));
#1653=FACE_BOUND('',#1654,.T.);
#1654=EDGE_LOOP('',(#3845,#3846,#3847,#3848,#3849,#3850));
#1655=CYLINDRICAL_SURFACE('',#1656,3.);
#1656=AXIS2_PLACEMENT_3D('',#1657,#1658,#1659);
#1657=CARTESIAN_POINT('',(-38.4,4.6,-43.));
#1658=DIRECTION('',(8.26212483441977E-17,7.2293592301173E-17,-1.));
#1659=DIRECTION('',(5.97298684320939E-33,-1.,-7.2293592301173E-17));
#1660=FACE_BOUND('',#1661,.T.);
#1661=EDGE_LOOP('',(#3851,#3852,#3853,#3854));
#1662=CYLINDRICAL_SURFACE('',#1663,8.4);
#1663=AXIS2_PLACEMENT_3D('',#1664,#1665,#1666);
#1664=CARTESIAN_POINT('',(-33.,-40.,-31.));
#1665=DIRECTION('',(0.,-1.,0.));
#1666=DIRECTION('',(-1.,0.,-3.5527136788005E-16));
#1667=FACE_BOUND('',#1668,.T.);
#1668=EDGE_LOOP('',(#3855,#3856,#3857,#3858));
#1669=CYLINDRICAL_SURFACE('',#1670,2.);
#1670=AXIS2_PLACEMENT_3D('',#1671,#1672,#1673);
#1671=CARTESIAN_POINT('',(20.,26.4052257728118,-32.2064383320011));
#1672=DIRECTION('',(-3.42720875173264E-16,-0.906307787036651,-0.422618261740698));
#1673=DIRECTION('',(7.10542735760102E-15,0.422618261740698,-0.906307787036651));
#1674=FACE_BOUND('',#1675,.T.);
#1675=EDGE_LOOP('',(#3859,#3860,#3861,#3862));
#1676=PLANE('',#1677);
#1677=AXIS2_PLACEMENT_3D('',#1678,#1679,#1680);
#1678=CARTESIAN_POINT('',(22.,20.,-40.4));
#1679=DIRECTION('',(-1.,0.,0.));
#1680=DIRECTION('',(0.,-1.,0.));
#1681=FACE_BOUND('',#1682,.T.);
#1682=EDGE_LOOP('',(#3863,#3864,#3865,#3866,#3867,#3868,#3869,#3870,#3871,#3872));
#1683=CYLINDRICAL_SURFACE('',#1684,3.);
#1684=AXIS2_PLACEMENT_3D('',#1685,#1686,#1687);
#1685=CARTESIAN_POINT('',(45.,4.6,-36.4));
#1686=DIRECTION('',(1.,0.,0.));
#1687=DIRECTION('',(0.,-1.,2.368475785867E-15));
#1688=FACE_BOUND('',#1689,.T.);
#1689=EDGE_LOOP('',(#3873,#3874,#3875,#3876));
#1690=PLANE('',#1691);
#1691=AXIS2_PLACEMENT_3D('',#1692,#1693,#1694);
#1692=CARTESIAN_POINT('',(33.,1.6,-40.4));
#1693=DIRECTION('',(1.,0.,0.));
#1694=DIRECTION('',(0.,1.,0.));
#1695=FACE_BOUND('',#1696,.T.);
#1696=EDGE_LOOP('',(#3877,#3878,#3879,#3880,#3881));
#1697=CYLINDRICAL_SURFACE('',#1698,6.4);
#1698=AXIS2_PLACEMENT_3D('',#1699,#1700,#1701);
#1699=CARTESIAN_POINT('',(33.,20.,-31.));
#1700=DIRECTION('',(0.,-1.,-6.12323399573676E-17));
#1701=DIRECTION('',(6.12323399573677E-17,6.12323399573676E-17,-1.));
#1702=FACE_BOUND('',#1703,.T.);
#1703=EDGE_LOOP('',(#3882,#3883,#3884,#3885));
#1704=CYLINDRICAL_SURFACE('',#1705,6.40000000000001);
#1705=AXIS2_PLACEMENT_3D('',#1706,#1707,#1708);
#1706=CARTESIAN_POINT('',(-33.,20.,-31.));
#1707=DIRECTION('',(0.,-1.,-6.12323399573676E-17));
#1708=DIRECTION('',(-1.,3.77401762928269E-32,-6.16343852269945E-16));
#1709=FACE_BOUND('',#1710,.T.);
#1710=EDGE_LOOP('',(#3886,#3887,#3888,#3889));
#1711=PLANE('',#1712);
#1712=AXIS2_PLACEMENT_3D('',#1713,#1714,#1715);
#1713=CARTESIAN_POINT('',(-45.5780276820383,15.7109861589809,-39.4));
#1714=DIRECTION('',(-8.09541449097218E-18,-0.422618261740698,0.90630778703665));
#1715=DIRECTION('',(1.,-1.91553825848141E-17,0.));
#1716=FACE_BOUND('',#1717,.T.);
#1717=EDGE_LOOP('',(#3890,#3891,#3892,#3893,#3894,#3895,#3896,#3897,#3898,#3899,
#3900,#3901,#3902,#3903,#3904,#3905));
#1718=FACE_BOUND('',#1719,.T.);
#1719=EDGE_LOOP('',(#3906,#3907,#3908,#3909,#3910,#3911,#3912));
#1720=FACE_BOUND('',#1721,.T.);
#1721=EDGE_LOOP('',(#3913,#3914,#3915,#3916));
#1722=FACE_BOUND('',#1723,.T.);
#1723=EDGE_LOOP('',(#3917));
#1724=FACE_BOUND('',#1725,.T.);
#1725=EDGE_LOOP('',(#3918));
#1726=FACE_BOUND('',#1727,.T.);
#1727=EDGE_LOOP('',(#3919));
#1728=FACE_BOUND('',#1729,.T.);
#1729=EDGE_LOOP('',(#3920));
#1730=PLANE('',#1731);
#1731=AXIS2_PLACEMENT_3D('',#1732,#1733,#1734);
#1732=CARTESIAN_POINT('',(0.,1.6,9.79717439317882E-17));
#1733=DIRECTION('',(0.,1.,6.12323399573677E-17));
#1734=DIRECTION('',(6.12323399573677E-17,6.12323399573677E-17,-1.));
#1735=FACE_OUTER_BOUND('',#1736,.T.);
#1736=EDGE_LOOP('',(#3921));
#1737=FACE_OUTER_BOUND('',#1738,.T.);
#1738=EDGE_LOOP('',(#3922));
#1739=CYLINDRICAL_SURFACE('',#1740,2.5);
#1740=AXIS2_PLACEMENT_3D('',#1741,#1742,#1743);
#1741=CARTESIAN_POINT('',(-15.,1.6,26.1));
#1742=DIRECTION('',(0.,1.,6.12323399573677E-17));
#1743=DIRECTION('',(6.12323399573677E-17,6.12323399573677E-17,-1.));
#1744=FACE_OUTER_BOUND('',#1745,.T.);
#1745=EDGE_LOOP('',(#3923));
#1746=FACE_OUTER_BOUND('',#1747,.T.);
#1747=EDGE_LOOP('',(#3924));
#1748=CYLINDRICAL_SURFACE('',#1749,2.5);
#1749=AXIS2_PLACEMENT_3D('',#1750,#1751,#1752);
#1750=CARTESIAN_POINT('',(1.76170804530429E-15,1.6,26.1));
#1751=DIRECTION('',(0.,1.,6.12323399573677E-17));
#1752=DIRECTION('',(6.12323399573677E-17,6.12323399573677E-17,-1.));
#1753=FACE_BOUND('',#1754,.T.);
#1754=EDGE_LOOP('',(#3925,#3926,#3927,#3928));
#1755=PLANE('',#1756);
#1756=AXIS2_PLACEMENT_3D('',#1757,#1758,#1759);
#1757=CARTESIAN_POINT('',(-39.4,20.,31.));
#1758=DIRECTION('',(1.,0.,0.));
#1759=DIRECTION('',(0.,1.14603667058081E-16,-1.));
#1760=FACE_BOUND('',#1761,.T.);
#1761=EDGE_LOOP('',(#3929,#3930,#3931,#3932));
#1762=PLANE('',#1763);
#1763=AXIS2_PLACEMENT_3D('',#1764,#1765,#1766);
#1764=CARTESIAN_POINT('',(39.4,20.,-31.));
#1765=DIRECTION('',(-1.,0.,0.));
#1766=DIRECTION('',(0.,-1.14603667058081E-16,1.));
#1767=FACE_BOUND('',#1768,.T.);
#1768=EDGE_LOOP('',(#3933,#3934,#3935,#3936));
#1769=CONICAL_SURFACE('',#1770,7.40000000000001,0.436332312998584);
#1770=AXIS2_PLACEMENT_3D('',#1771,#1772,#1773);
#1771=CARTESIAN_POINT('',(33.,17.8554930794905,-31.));
#1772=DIRECTION('',(0.,-1.,-6.12323399573677E-17));
#1773=DIRECTION('',(-0.707106781186547,4.32978028117747E-17,-0.707106781186548));
#1774=FACE_BOUND('',#1775,.T.);
#1775=EDGE_LOOP('',(#3937,#3938,#3939,#3940));
#1776=(BOUNDED_SURFACE()B_SPLINE_SURFACE(3,2,(
(#1777,#1778,#1779),
(#1780,#1781,#1782),
(#1783,#1784,#1785),
(#1786,#1787,#1788),
(#1789,#1790,#1791),
(#1792,#1793,#1794),
(#1795,#1796,#1797),
(#1798,#1799,#1800),
(#1801,#1802,#1803),
(#1804,#1805,#1806),
(#1807,#1808,#1809),
(#1810,#1811,#1812),
(#1813,#1814,#1815),
(#1816,#1817,#1818),
(#1819,#1820,#1821),
(#1822,#1823,#1824),
(#1825,#1826,#1827),
(#1828,#1829,#1830),
(#1831,#1832,#1833),
(#1834,#1835,#1836),
(#1837,#1838,#1839)),
.UNSPECIFIED.,.F.,.F.,.F.)B_SPLINE_SURFACE_WITH_KNOTS((4,1,1,1,1,1,1,1,1,1,1,1,1,
1,1,1,1,1,4),
(3,3),
(0.600606422523324,1.38308768899651,1.61646375151632,1.81120539312352,2.00594703473072,
2.23982462502953,2.56818776005759,2.97301460489805,3.28620382517282,3.56695177980342,
3.81340297609165,4.03479481255557,4.20741419312192,4.39115184012811,4.57828533915609,
4.74393014809891,4.89329026163285,5.04892298305514,5.20909026820154),
(0.,1.),
.UNSPECIFIED.)GEOMETRIC_REPRESENTATION_ITEM()RATIONAL_B_SPLINE_SURFACE((
(1.,0.628522320392835,1.),
(1.,0.626290163852378,1.),
(1.,0.623150161787893,1.),
(1.,0.61891329805003,1.),
(1.,0.616616572668425,1.),
(1.,0.614203885152886,1.),
(1.,0.611109756467208,1.),
(1.,0.60685493582471,1.),
(1.,0.601765301373372,1.),
(1.,0.596371227325406,1.),
(1.,0.591402015192498,1.),
(1.,0.58658844475386,1.),
(1.,0.582140318471995,1.),
(1.,0.577846187509433,1.),
(1.,0.573545085894196,1.),
(1.,0.56900338953781,1.),
(1.,0.564462270026834,1.),
(1.,0.559936963168044,1.),
(1.,0.555186595046454,1.),
(1.,0.55174172428517,1.),
(1.,0.549940511787332,1.)))REPRESENTATION_ITEM('')SURFACE());
#1777=CARTESIAN_POINT('',(33.,10.4750153383956,-39.4000043129051));
#1778=CARTESIAN_POINT('',(33.,11.544825821032,-41.6318319411038));
#1779=CARTESIAN_POINT('',(35.419838771072,11.320251861877,-41.16332805677));
#1780=CARTESIAN_POINT('',(33.,10.9441423168307,-39.1751293419621));
#1781=CARTESIAN_POINT('',(33.,12.0490014124851,-41.4063259982481));
#1782=CARTESIAN_POINT('',(35.4304784701004,11.789378840312,-40.9359183075082));
#1783=CARTESIAN_POINT('',(32.9999999999999,11.5782220633829,-38.8705409646489));
#1784=CARTESIAN_POINT('',(32.9999999999999,12.703316365321,-41.1148564837319));
#1785=CARTESIAN_POINT('',(35.4459359541509,12.4234585868643,-40.627517334988));
#1786=CARTESIAN_POINT('',(33.,12.3427998129205,-38.5018980231285));
#1787=CARTESIAN_POINT('',(33.,13.4803592521336,-40.771213393037));
#1788=CARTESIAN_POINT('',(35.4668252418469,13.1880363364019,-40.2533847076928));
#1789=CARTESIAN_POINT('',(33.,12.769828939017,-38.2956120928668));
#1790=CARTESIAN_POINT('',(33.,13.881675171428,-40.5943357439119));
#1791=CARTESIAN_POINT('',(35.4791344130288,13.6150654624984,-40.0437693245375));
#1792=CARTESIAN_POINT('',(33.,13.1910600706108,-38.0917562697162));
#1793=CARTESIAN_POINT('',(33.,14.2837916353279,-40.4177010060995));
#1794=CARTESIAN_POINT('',(35.4918793174644,14.0362965940922,-39.8363752558657));
#1795=CARTESIAN_POINT('',(33.,13.6843591992858,-37.8525027458234));
#1796=CARTESIAN_POINT('',(33.,14.7728899279708,-40.203726019638));
#1797=CARTESIAN_POINT('',(35.5076458885497,14.5295957227672,-39.5926137963152));
#1798=CARTESIAN_POINT('',(33.,14.2661663626668,-37.5694769692462));
#1799=CARTESIAN_POINT('',(32.9999999999999,15.3989987526531,-39.9314268835877));
#1800=CARTESIAN_POINT('',(35.5275979267512,15.1114028861482,-39.3036631107854));
#1801=CARTESIAN_POINT('',(33.,14.8981877266406,-37.2608017296531));
#1802=CARTESIAN_POINT('',(33.,16.0773221791759,-39.6390732204932));
#1803=CARTESIAN_POINT('',(35.5512130474218,15.743424250122,-38.9876403582565));
#1804=CARTESIAN_POINT('',(33.,15.5026882731891,-36.964189802525));
#1805=CARTESIAN_POINT('',(32.9999999999999,16.7256585643629,-39.3626632682498));
#1806=CARTESIAN_POINT('',(35.5759590485427,16.3479247966705,-38.6829320816043));
#1807=CARTESIAN_POINT('',(33.,16.0441036502117,-36.6972424993876));
#1808=CARTESIAN_POINT('',(33.,17.2729618211426,-39.1318084185412));
#1809=CARTESIAN_POINT('',(35.6001140122899,16.8893401736931,-38.4076926038095));
#1810=CARTESIAN_POINT('',(33.,16.5099024622965,-36.4664828957357));
#1811=CARTESIAN_POINT('',(33.,17.7618600819699,-38.9278780747201));
#1812=CARTESIAN_POINT('',(35.6225630686208,17.3551389857779,-38.1688842034003));
#1813=CARTESIAN_POINT('',(33.,16.9201452394982,-36.2622916817428));
#1814=CARTESIAN_POINT('',(33.,18.1811762503361,-38.7549728995435));
#1815=CARTESIAN_POINT('',(35.6437669695547,17.7653817629796,-37.9567820370939));
#1816=CARTESIAN_POINT('',(33.,17.2871572062755,-36.0787814116137));
#1817=CARTESIAN_POINT('',(33.,18.5607287234506,-38.600199787197));
#1818=CARTESIAN_POINT('',(35.6639746206844,18.1323937297569,-37.7654542139521));
#1819=CARTESIAN_POINT('',(33.,17.632047108225,-35.9055298277994));
#1820=CARTESIAN_POINT('',(33.,18.9191266038844,-38.4557001306966));
#1821=CARTESIAN_POINT('',(35.6841361740589,18.4772836317064,-37.5841282437509));
#1822=CARTESIAN_POINT('',(33.,17.9606946815427,-35.7396222916983));
#1823=CARTESIAN_POINT('',(33.,19.2740252272963,-38.3145133675221));
#1824=CARTESIAN_POINT('',(35.7045216879454,18.8059312050241,-37.409769648738));
#1825=CARTESIAN_POINT('',(33.,18.2736020713833,-35.5808334458895));
#1826=CARTESIAN_POINT('',(33.,19.6072751776276,-38.1838526270014));
#1827=CARTESIAN_POINT('',(35.725103599744,19.1188385948647,-37.24214810669));
#1828=CARTESIAN_POINT('',(33.,18.5702056897707,-35.4295057568075));
#1829=CARTESIAN_POINT('',(33.,19.9210659232482,-38.0626175782266));
#1830=CARTESIAN_POINT('',(35.7457465834882,19.4154422132521,-37.0816583750652));
#1831=CARTESIAN_POINT('',(33.,18.8618019616964,-35.2798910993202));
#1832=CARTESIAN_POINT('',(33.,20.2325749077682,-37.9441734830069));
#1833=CARTESIAN_POINT('',(35.7671964182858,19.7070384851778,-36.9222010682886));
#1834=CARTESIAN_POINT('',(32.9999999999999,19.0560047820534,-35.1796208508944));
#1835=CARTESIAN_POINT('',(33.,20.4447094940959,-37.8650171908269));
#1836=CARTESIAN_POINT('',(35.7823277023852,19.9012413055348,-36.8147405147409));
#1837=CARTESIAN_POINT('',(33.,19.1547722219085,-35.1284450409514));
#1838=CARTESIAN_POINT('',(33.,20.5521596522697,-37.8253524864268));
#1839=CARTESIAN_POINT('',(35.7902617339803,20.0000087453899,-36.7597211093039));
#1840=FACE_BOUND('',#1841,.T.);
#1841=EDGE_LOOP('',(#3941,#3942,#3943,#3944,#3945));
#1842=TOROIDAL_SURFACE('',#1843,5.4,3.);
#1843=AXIS2_PLACEMENT_3D('',#1844,#1845,#1846);
#1844=CARTESIAN_POINT('',(33.,4.6,-31.));
#1845=DIRECTION('',(0.,-1.,-6.12323399573676E-17));
#1846=DIRECTION('',(-1.,2.45586634978022E-32,-4.0107341177719E-16));
#1847=FACE_BOUND('',#1848,.T.);
#1848=EDGE_LOOP('',(#3946,#3947,#3948,#3949));
#1849=(BOUNDED_SURFACE()B_SPLINE_SURFACE(3,2,(
(#1850,#1851,#1852),
(#1853,#1854,#1855),
(#1856,#1857,#1858),
(#1859,#1860,#1861),
(#1862,#1863,#1864),
(#1865,#1866,#1867),
(#1868,#1869,#1870),
(#1871,#1872,#1873),
(#1874,#1875,#1876),
(#1877,#1878,#1879),
(#1880,#1881,#1882),
(#1883,#1884,#1885),
(#1886,#1887,#1888),
(#1889,#1890,#1891),
(#1892,#1893,#1894),
(#1895,#1896,#1897),
(#1898,#1899,#1900),
(#1901,#1902,#1903),
(#1904,#1905,#1906),
(#1907,#1908,#1909),
(#1910,#1911,#1912),
(#1913,#1914,#1915),
(#1916,#1917,#1918),
(#1919,#1920,#1921),
(#1922,#1923,#1924),
(#1925,#1926,#1927),
(#1928,#1929,#1930),
(#1931,#1932,#1933),
(#1934,#1935,#1936),
(#1937,#1938,#1939)),
.UNSPECIFIED.,.F.,.F.,.F.)B_SPLINE_SURFACE_WITH_KNOTS((4,1,1,1,1,1,1,1,1,1,1,1,1,
1,1,1,1,1,1,1,1,1,1,1,1,1,1,4),
(3,3),
(-1.4169047248059E-6,0.102947651865127,0.141974475044555,0.180136231465567,0.217297967046021,
0.253735086136837,0.289401609531483,0.324861714236294,0.360212539758948,0.394358275324425,
0.425587355603786,0.454060986325217,0.480149176040641,0.506237365756065,0.533756929243449,
0.561587315385957,0.590812743249973,0.620028706443342,0.651540121682192,0.685490748652152,
0.720911338661575,0.756554318388167,0.79208163212782,0.8281275384799,0.865335152282297,
0.904806389933552,0.946057346012541,1.00000141690472),
(0.,1.),
.UNSPECIFIED.)GEOMETRIC_REPRESENTATION_ITEM()RATIONAL_B_SPLINE_SURFACE((
(1.,0.707105562620767,1.),
(1.,0.736698679845077,1.),
(1.,0.773823458685372,1.),
(1.,0.813180884882659,1.),
(1.,0.835489246142679,1.),
(1.,0.854748515934398,1.),
(1.,0.871177269145001,1.),
(1.,0.885066587581115,1.),
(1.,0.896616680967608,1.),
(1.,0.905871605545516,1.),
(1.,0.912769500910461,1.),
(1.,0.917472823829065,1.),
(1.,0.920342094733725,1.),
(1.,0.921815253485278,1.),
(1.,0.922116359910308,1.),
(1.,0.921212308554813,1.),
(1.,0.918972534105895,1.),
(1.,0.915315950358157,1.),
(1.,0.9100310663671,1.),
(1.,0.902847700010842,1.),
(1.,0.893315254759401,1.),
(1.,0.881296773940046,1.),
(1.,0.866889714395615,1.),
(1.,0.850142422704695,1.),
(1.,0.830818667953405,1.),
(1.,0.808295684555866,1.),
(1.,0.781987219809685,1.),
(1.,0.748691011107878,1.),
(1.,0.722574274667797,1.),
(1.,0.707105562620769,1.)))REPRESENTATION_ITEM('')SURFACE());
#1850=CARTESIAN_POINT('',(38.4,1.6,5.40279237413676));
#1851=CARTESIAN_POINT('',(36.1874976319595,1.59998966012853,3.37673825079507));
#1852=CARTESIAN_POINT('',(36.1874912373841,4.59999999998163,3.3767452338332));
#1853=CARTESIAN_POINT('',(38.4,1.6,5.04216202894496));
#1854=CARTESIAN_POINT('',(36.2457000807446,1.84264345854959,3.31683954852917));
#1855=CARTESIAN_POINT('',(36.3933594931018,4.59826173323428,3.15135126809111));
#1856=CARTESIAN_POINT('',(38.4,1.6,4.53182458116204));
#1857=CARTESIAN_POINT('',(36.4274571263277,2.09222972605531,3.1288985192224));
#1858=CARTESIAN_POINT('',(36.6339108426154,4.52867304566571,2.83239036322619));
#1859=CARTESIAN_POINT('',(38.4,1.6,3.8841961866934));
#1860=CARTESIAN_POINT('',(36.6793936080382,2.28313952405789,2.77950273391344));
#1861=CARTESIAN_POINT('',(36.8747141401875,4.39513408496191,2.42762261668332));
#1862=CARTESIAN_POINT('',(38.4,1.6,3.46301643380899));
#1863=CARTESIAN_POINT('',(36.8325316916309,2.36719822990997,2.53500214842929));
#1864=CARTESIAN_POINT('',(37.0102047005961,4.29869157168067,2.16438527113056));
#1865=CARTESIAN_POINT('',(38.4,1.6,3.06035789941113));
#1866=CARTESIAN_POINT('',(36.9723418831353,2.42267115566032,2.27629698131733));
#1867=CARTESIAN_POINT('',(37.1222960834881,4.20287067606229,1.91272368713194));
#1868=CARTESIAN_POINT('',(38.4,1.6,2.66584743476458));
#1869=CARTESIAN_POINT('',(37.0962640468851,2.45711955893485,2.008575117642));
#1870=CARTESIAN_POINT('',(37.2165918447029,4.10956519500694,1.66615464672784));
#1871=CARTESIAN_POINT('',(38.4,1.6,2.27768001945221));
#1872=CARTESIAN_POINT('',(37.2038734053493,2.47665272462689,1.73381292880554));
#1873=CARTESIAN_POINT('',(37.2952624938256,4.02181832583634,1.42355001215768));
#1874=CARTESIAN_POINT('',(38.4,1.6,1.89468571788261));
#1875=CARTESIAN_POINT('',(37.2951027606077,2.48590539907764,1.4532346004448));
#1876=CARTESIAN_POINT('',(37.3598053001393,3.94232215974711,1.18417857367643));
#1877=CARTESIAN_POINT('',(38.4,1.6,1.5199013632682));
#1878=CARTESIAN_POINT('',(37.369246322378,2.48848497319194,1.17008847236481));
#1879=CARTESIAN_POINT('',(37.410818564506,3.87417503865653,0.949938352043367));
#1880=CARTESIAN_POINT('',(38.4,1.6,1.16027961080016));
#1881=CARTESIAN_POINT('',(37.4250602855184,2.48747660357626,0.893671589014792));
#1882=CARTESIAN_POINT('',(37.4487823289073,3.82014010949773,0.72517475674762));
#1883=CARTESIAN_POINT('',(38.4,1.6,0.823668604102041));
#1884=CARTESIAN_POINT('',(37.4633538587415,2.48533021562993,0.633207432073772));
#1885=CARTESIAN_POINT('',(37.474812800812,3.78135314592941,0.514792877571361));
#1886=CARTESIAN_POINT('',(38.4,1.6,0.511160744041443));
#1887=CARTESIAN_POINT('',(37.4867991370634,2.48343626415147,0.393473599879516));
#1888=CARTESIAN_POINT('',(37.4909599960873,3.75656120474564,0.319475465003057));
#1889=CARTESIAN_POINT('',(38.4,1.6,0.215644622226039));
#1890=CARTESIAN_POINT('',(37.4988586762709,2.48229302141246,0.167276178722688));
#1891=CARTESIAN_POINT('',(37.4992697881519,3.74357952403792,0.134777888897275));
#1892=CARTESIAN_POINT('',(38.4,1.6,-0.0746454997452266));
#1893=CARTESIAN_POINT('',(37.5013258315509,2.48204401229523,-0.0565891095822094));
#1894=CARTESIAN_POINT('',(37.5008786529123,3.74104786326738,-0.0466534373430874));
#1895=CARTESIAN_POINT('',(38.4,1.6,-0.369648484969851));
#1896=CARTESIAN_POINT('',(37.4939198814162,2.48277770919467,-0.285247850834905));
#1897=CARTESIAN_POINT('',(37.4958269394196,3.74897782969711,-0.231030303103017));
#1898=CARTESIAN_POINT('',(38.4,1.6,-0.67254652944591));
#1899=CARTESIAN_POINT('',(37.4756002675828,2.48439659036474,-0.522041038610648));
#1900=CARTESIAN_POINT('',(37.483545298879,3.7680163758793,-0.420341580904604));
#1901=CARTESIAN_POINT('',(38.4,1.6,-0.985667428879198));
#1902=CARTESIAN_POINT('',(37.4457806624237,2.48644082179578,-0.762270279337546));
#1903=CARTESIAN_POINT('',(37.4632453487902,3.79874295003636,-0.616042143049236));
#1904=CARTESIAN_POINT('',(38.4,1.6,-1.31091771638936));
#1905=CARTESIAN_POINT('',(37.4028893753621,2.48810211013163,-1.01062942027486));
#1906=CARTESIAN_POINT('',(37.4339127275366,3.84158672800652,-0.819323572743427));
#1907=CARTESIAN_POINT('',(38.4,1.6,-1.65371004664928));
#1908=CARTESIAN_POINT('',(37.3449762818844,2.48803450627154,-1.26892641911149));
#1909=CARTESIAN_POINT('',(37.3937302138272,3.89745864850338,-1.03356877915578));
#1910=CARTESIAN_POINT('',(38.4,1.6,-2.01458534016547));
#1911=CARTESIAN_POINT('',(37.2689041034534,2.48388080547269,-1.53933861257633));
#1912=CARTESIAN_POINT('',(37.3408392738105,3.96635775000164,-1.25911583760338));
#1913=CARTESIAN_POINT('',(38.4,1.6,-2.38976343910789));
#1914=CARTESIAN_POINT('',(37.1744358064095,2.4722323285519,-1.81385123969667));
#1915=CARTESIAN_POINT('',(37.2738764004247,4.04657973217831,-1.49360214944259));
#1916=CARTESIAN_POINT('',(38.4,1.6,-2.77254572777502));
#1917=CARTESIAN_POINT('',(37.0635928258942,2.4492399263517,-2.08317266227119));
#1918=CARTESIAN_POINT('',(37.1924600357782,4.13455464708183,-1.73284107985872));
#1919=CARTESIAN_POINT('',(38.4,1.6,-3.15985030555491));
#1920=CARTESIAN_POINT('',(36.9384564059594,2.41072973910896,-2.34224060194249));
#1921=CARTESIAN_POINT('',(37.0959827151384,4.22664142596941,-1.97490644097427));
#1922=CARTESIAN_POINT('',(38.4,1.6,-3.55451931789968));
#1923=CARTESIAN_POINT('',(36.7998051993265,2.3511713839375,-2.58990743358833));
#1924=CARTESIAN_POINT('',(36.9822278345068,4.32009216923335,-2.22157457367755));
#1925=CARTESIAN_POINT('',(38.4,1.6,-3.96205127113967));
#1926=CARTESIAN_POINT('',(36.6474742722531,2.26188722933293,-2.82620946613353));
#1927=CARTESIAN_POINT('',(36.8471479631066,4.41196613975958,-2.4762820445017));
#1928=CARTESIAN_POINT('',(38.4,1.6,-4.38492205032389));
#1929=CARTESIAN_POINT('',(36.4853346050796,2.13089430632854,-3.04487879828671));
#1930=CARTESIAN_POINT('',(36.6861368378328,4.49687115413798,-2.74057628128649));
#1931=CARTESIAN_POINT('',(38.4,1.6,-4.86725217526958));
#1932=CARTESIAN_POINT('',(36.310115089072,1.92533891459021,-3.25065047475331));
#1933=CARTESIAN_POINT('',(36.4748245689044,4.57297910207722,-3.04203261030681));
#1934=CARTESIAN_POINT('',(38.4,1.6,-5.20799375371226));
#1935=CARTESIAN_POINT('',(36.2170469235071,1.72853044499765,-3.34464895148635));
#1936=CARTESIAN_POINT('',(36.298953453836,4.59990170747506,-3.25499609386371));
#1937=CARTESIAN_POINT('',(38.4,1.6,-5.40279237413673));
#1938=CARTESIAN_POINT('',(36.1874976319595,1.59998966012892,-3.37673825079507));
#1939=CARTESIAN_POINT('',(36.1874912373842,4.59999999998182,-3.37674523383315));
#1940=FACE_BOUND('',#1941,.T.);
#1941=EDGE_LOOP('',(#3950,#3951,#3952,#3953));
#1942=TOROIDAL_SURFACE('',#1943,5.4,3.);
#1943=AXIS2_PLACEMENT_3D('',#1944,#1945,#1946);
#1944=CARTESIAN_POINT('',(33.,4.59999999999999,31.));
#1945=DIRECTION('',(0.,-1.,-6.12323399573677E-17));
#1946=DIRECTION('',(0.,6.12323399573677E-17,-1.));
#1947=FACE_BOUND('',#1948,.T.);
#1948=EDGE_LOOP('',(#3954,#3955,#3956,#3957));
#1949=CONICAL_SURFACE('',#1950,7.4,0.436332312998585);
#1950=AXIS2_PLACEMENT_3D('',#1951,#1952,#1953);
#1951=CARTESIAN_POINT('',(33.,17.8554930794904,31.));
#1952=DIRECTION('',(0.,-1.,-6.12323399573677E-17));
#1953=DIRECTION('',(0.707106781186547,4.32978028117747E-17,-0.707106781186548));
#1954=FACE_BOUND('',#1955,.T.);
#1955=EDGE_LOOP('',(#3958,#3959,#3960,#3961));
#1956=PLANE('',#1957);
#1957=AXIS2_PLACEMENT_3D('',#1958,#1959,#1960);
#1958=CARTESIAN_POINT('',(-43.,-2.51052593825207E-15,39.4));
#1959=DIRECTION('',(0.,0.,1.));
#1960=DIRECTION('',(1.,0.,0.));
#1961=FACE_BOUND('',#1962,.T.);
#1962=EDGE_LOOP('',(#3962,#3963,#3964,#3965));
#1963=PLANE('',#1964);
#1964=AXIS2_PLACEMENT_3D('',#1965,#1966,#1967);
#1965=CARTESIAN_POINT('',(39.4,20.,-31.));
#1966=DIRECTION('',(-1.,0.,0.));
#1967=DIRECTION('',(0.,-1.14603667058081E-16,1.));
#1968=FACE_BOUND('',#1969,.T.);
#1969=EDGE_LOOP('',(#3966,#3967,#3968,#3969));
#1970=CYLINDRICAL_SURFACE('',#1971,6.4);
#1971=AXIS2_PLACEMENT_3D('',#1972,#1973,#1974);
#1972=CARTESIAN_POINT('',(33.,20.,31.));
#1973=DIRECTION('',(0.,-1.,-6.12323399573676E-17));
#1974=DIRECTION('',(1.,3.02413773795177E-32,-4.93879172355211E-16));
#1975=FACE_BOUND('',#1976,.T.);
#1976=EDGE_LOOP('',(#3970,#3971,#3972,#3973));
#1977=PLANE('',#1978);
#1978=AXIS2_PLACEMENT_3D('',#1979,#1980,#1981);
#1979=CARTESIAN_POINT('',(33.,20.,37.4));
#1980=DIRECTION('',(0.,0.,-1.));
#1981=DIRECTION('',(-1.,0.,0.));
#1982=FACE_BOUND('',#1983,.T.);
#1983=EDGE_LOOP('',(#3974,#3975,#3976,#3977));
#1984=CYLINDRICAL_SURFACE('',#1985,6.4);
#1985=AXIS2_PLACEMENT_3D('',#1986,#1987,#1988);
#1986=CARTESIAN_POINT('',(-33.,20.,31.));
#1987=DIRECTION('',(0.,-1.,-6.12323399573676E-17));
#1988=DIRECTION('',(-6.12323399573677E-17,-6.12323399573676E-17,1.));
#1989=FACE_BOUND('',#1990,.T.);
#1990=EDGE_LOOP('',(#3978,#3979,#3980,#3981));
#1991=PLANE('',#1992);
#1992=AXIS2_PLACEMENT_3D('',#1993,#1994,#1995);
#1993=CARTESIAN_POINT('',(-39.4,20.,31.));
#1994=DIRECTION('',(1.,0.,0.));
#1995=DIRECTION('',(0.,1.14603667058081E-16,-1.));
#1996=FACE_BOUND('',#1997,.T.);
#1997=EDGE_LOOP('',(#3982,#3983,#3984,#3985));
#1998=PLANE('',#1999);
#1999=AXIS2_PLACEMENT_3D('',#2000,#2001,#2002);
#2000=CARTESIAN_POINT('',(39.4,20.,-31.));
#2001=DIRECTION('',(-1.,0.,0.));
#2002=DIRECTION('',(0.,-1.14603667058081E-16,1.));
#2003=FACE_BOUND('',#2004,.T.);
#2004=EDGE_LOOP('',(#3986,#3987,#3988,#3989));
#2005=CONICAL_SURFACE('',#2006,7.4,0.436332312998583);
#2006=AXIS2_PLACEMENT_3D('',#2007,#2008,#2009);
#2007=CARTESIAN_POINT('',(-33.,17.8554930794905,-31.));
#2008=DIRECTION('',(0.,-1.,-6.12323399573677E-17));
#2009=DIRECTION('',(-0.707106781186548,-4.32978028117746E-17,0.707106781186547));
#2010=FACE_BOUND('',#2011,.T.);
#2011=EDGE_LOOP('',(#3990,#3991,#3992,#3993));
#2012=CONICAL_SURFACE('',#2013,7.39999999999999,0.436332312998584);
#2013=AXIS2_PLACEMENT_3D('',#2014,#2015,#2016);
#2014=CARTESIAN_POINT('',(-33.,17.8554930794904,31.));
#2015=DIRECTION('',(-6.16297582203915E-33,-1.,-6.12323399573676E-17));
#2016=DIRECTION('',(0.707106781186548,-4.32978028117746E-17,0.707106781186547));
#2017=FACE_BOUND('',#2018,.T.);
#2018=EDGE_LOOP('',(#3994,#3995,#3996,#3997));
#2019=TOROIDAL_SURFACE('',#2020,5.4,3.);
#2020=AXIS2_PLACEMENT_3D('',#2021,#2022,#2023);
#2021=CARTESIAN_POINT('',(-33.,4.6,31.));
#2022=DIRECTION('',(0.,-1.,-6.12323399573677E-17));
#2023=DIRECTION('',(1.,5.0456398230124E-32,-8.24015516396298E-16));
#2024=FACE_BOUND('',#2025,.T.);
#2025=EDGE_LOOP('',(#3998,#3999,#4000,#4001));
#2026=(BOUNDED_SURFACE()B_SPLINE_SURFACE(3,2,(
(#2027,#2028,#2029),
(#2030,#2031,#2032),
(#2033,#2034,#2035),
(#2036,#2037,#2038),
(#2039,#2040,#2041),
(#2042,#2043,#2044),
(#2045,#2046,#2047),
(#2048,#2049,#2050),
(#2051,#2052,#2053),
(#2054,#2055,#2056),
(#2057,#2058,#2059),
(#2060,#2061,#2062),
(#2063,#2064,#2065),
(#2066,#2067,#2068),
(#2069,#2070,#2071),
(#2072,#2073,#2074),
(#2075,#2076,#2077),
(#2078,#2079,#2080),
(#2081,#2082,#2083),
(#2084,#2085,#2086),
(#2087,#2088,#2089),
(#2090,#2091,#2092),
(#2093,#2094,#2095),
(#2096,#2097,#2098),
(#2099,#2100,#2101),
(#2102,#2103,#2104),
(#2105,#2106,#2107),
(#2108,#2109,#2110),
(#2111,#2112,#2113),
(#2114,#2115,#2116)),
.UNSPECIFIED.,.F.,.F.,.F.)B_SPLINE_SURFACE_WITH_KNOTS((4,1,1,1,1,1,1,1,1,1,1,1,1,
1,1,1,1,1,1,1,1,1,1,1,1,1,1,4),
(3,3),
(-1.41690472480589E-6,0.102947651866229,0.141974475045736,0.180136231466881,0.217297967047508,
0.253735086138453,0.289401609532841,0.324861714237853,0.360212539760473,0.394358275325896,
0.425587355604589,0.454060986325245,0.480149176039904,0.506237365754563,0.533756929241611,
0.561587315383765,0.590812743247737,0.620028706441004,0.651540121679782,0.685490748649925,
0.720911338658993,0.756554318386072,0.792081632125153,0.82812753847792,0.865335152279843,
0.904806389931436,0.946057346010464,1.00000141690472),
(0.,1.),
.UNSPECIFIED.)GEOMETRIC_REPRESENTATION_ITEM()RATIONAL_B_SPLINE_SURFACE((
(1.,0.707105562620768,1.),
(1.,0.736698679845395,1.),
(1.,0.773823458685956,1.),
(1.,0.813180884883406,1.),
(1.,0.835489246143415,1.),
(1.,0.854748515935115,1.),
(1.,0.871177269145624,1.),
(1.,0.885066587581652,1.),
(1.,0.896616680968048,1.),
(1.,0.905871605545873,1.),
(1.,0.912769500910681,1.),
(1.,0.91747282382915,1.),
(1.,0.920342094733716,1.),
(1.,0.921815253485245,1.),
(1.,0.922116359910315,1.),
(1.,0.921212308554911,1.),
(1.,0.918972534106108,1.),
(1.,0.915315950358497,1.),
(1.,0.910031066367569,1.),
(1.,0.902847700011437,1.),
(1.,0.893315254760152,1.),
(1.,0.881296773940908,1.),
(1.,0.866889714396682,1.),
(1.,0.850142422705821,1.),
(1.,0.830818667954748,1.),
(1.,0.80829568455725,1.),
(1.,0.781987219811252,1.),
(1.,0.748691011109007,1.),
(1.,0.722574274668393,1.),
(1.,0.707105562620767,1.)))REPRESENTATION_ITEM('')SURFACE());
#2027=CARTESIAN_POINT('',(-38.4,1.6,-5.40279237413676));
#2028=CARTESIAN_POINT('',(-36.1874976319595,1.59998966012854,-3.37673825079507));
#2029=CARTESIAN_POINT('',(-36.1874912373842,4.59999999998163,-3.3767452338332));
#2030=CARTESIAN_POINT('',(-38.4,1.6,-5.04216202894127));
#2031=CARTESIAN_POINT('',(-36.2457000807453,1.84264345855214,-3.31683954852856));
#2032=CARTESIAN_POINT('',(-36.393359493104,4.59826173323422,-3.1513512680888));
#2033=CARTESIAN_POINT('',(-38.4,1.6,-4.53182458115403));
#2034=CARTESIAN_POINT('',(-36.4274571263308,2.09222972605891,-3.12889851921919));
#2035=CARTESIAN_POINT('',(-36.6339108426191,4.52867304566446,-2.83239036322118));
#2036=CARTESIAN_POINT('',(-38.4,1.6,-3.88419618668061));
#2037=CARTESIAN_POINT('',(-36.6793936080432,2.28313952406107,-2.77950273390618));
#2038=CARTESIAN_POINT('',(-36.8747141401919,4.3951340849591,-2.42762261667532));
#2039=CARTESIAN_POINT('',(-38.4,1.6,-3.4630164337946));
#2040=CARTESIAN_POINT('',(-36.8325316916361,2.36719822991241,-2.53500214842045));
#2041=CARTESIAN_POINT('',(-37.0102047006005,4.29869157167728,-2.16438527112157));
#2042=CARTESIAN_POINT('',(-38.4,1.6,-3.06035789939568));
#2043=CARTESIAN_POINT('',(-36.9723418831406,2.42267115566211,-2.27629698130681));
#2044=CARTESIAN_POINT('',(-37.1222960834921,4.2028706760586,-1.91272368712228));
#2045=CARTESIAN_POINT('',(-38.4,1.6,-2.66584743474849));
#2046=CARTESIAN_POINT('',(-37.0962640468899,2.45711955893595,-2.00857511763081));
#2047=CARTESIAN_POINT('',(-37.2165918447065,4.1095651950032,-1.66615464671779));
#2048=CARTESIAN_POINT('',(-38.4,1.6,-2.27768001943607));
#2049=CARTESIAN_POINT('',(-37.2038734053536,2.47665272462745,-1.73381292879376));
#2050=CARTESIAN_POINT('',(-37.2952624938286,4.02181832583282,-1.4235500121476));
#2051=CARTESIAN_POINT('',(-38.4,1.6,-1.89468571786635));
#2052=CARTESIAN_POINT('',(-37.2951027606112,2.48590539907788,-1.45323460043295));
#2053=CARTESIAN_POINT('',(-37.3598053001418,3.94232215974392,-1.18417857366626));
#2054=CARTESIAN_POINT('',(-38.4,1.6,-1.51990136325283));
#2055=CARTESIAN_POINT('',(-37.3692463223809,2.48848497319194,-1.1700884723524));
#2056=CARTESIAN_POINT('',(-37.4108185645079,3.87417503865396,-0.949938352033762));
#2057=CARTESIAN_POINT('',(-38.4,1.6,-1.16027961078736));
#2058=CARTESIAN_POINT('',(-37.4250602855202,2.48747660357618,-0.893671589004272));
#2059=CARTESIAN_POINT('',(-37.4487823289085,3.82014010949606,-0.725174756739616));
#2060=CARTESIAN_POINT('',(-38.4,1.6,-0.823668604094594));
#2061=CARTESIAN_POINT('',(-37.4633538587422,2.48533021562987,-0.633207432067323));
#2062=CARTESIAN_POINT('',(-37.4748128008124,3.78135314592876,-0.51479287756671));
#2063=CARTESIAN_POINT('',(-38.4,1.6,-0.511160744041222));
#2064=CARTESIAN_POINT('',(-37.4867991370634,2.48343626415147,-0.393473599879234));
#2065=CARTESIAN_POINT('',(-37.4909599960872,3.75656120474572,-0.319475465002913));
#2066=CARTESIAN_POINT('',(-38.4,1.6,-0.215644622233466));
#2067=CARTESIAN_POINT('',(-37.4988586762707,2.48229302141252,-0.167276178728882));
#2068=CARTESIAN_POINT('',(-37.4992697881518,3.74357952403821,-0.134777888901921));
#2069=CARTESIAN_POINT('',(-38.4,1.6,0.0746454997310352));
#2070=CARTESIAN_POINT('',(-37.5013258315509,2.48204401229523,0.0565891095707526));
#2071=CARTESIAN_POINT('',(-37.5008786529123,3.74104786326733,0.0466534373342175));
#2072=CARTESIAN_POINT('',(-38.4,1.6,0.369648484950807));
#2073=CARTESIAN_POINT('',(-37.4939198814171,2.48277770919459,0.285247850819396));
#2074=CARTESIAN_POINT('',(-37.4958269394202,3.7489778296963,0.231030303091116));
#2075=CARTESIAN_POINT('',(-38.4,1.6,0.672546529423636));
#2076=CARTESIAN_POINT('',(-37.4756002675846,2.48439659036461,0.522041038593151));
#2077=CARTESIAN_POINT('',(-37.4835452988802,3.76801637587753,0.420341580890684));
#2078=CARTESIAN_POINT('',(-38.4,1.6,0.985667428855197));
#2079=CARTESIAN_POINT('',(-37.4457806624265,2.48644082179561,0.762270279318799));
#2080=CARTESIAN_POINT('',(-37.463245348792,3.7987429500336,0.616042143034238));
#2081=CARTESIAN_POINT('',(-38.4,1.6,1.31091771636446));
#2082=CARTESIAN_POINT('',(-37.4028893753659,2.48810211013155,1.01062942025568));
#2083=CARTESIAN_POINT('',(-37.4339127275392,3.84158672800284,0.819323572727867));
#2084=CARTESIAN_POINT('',(-38.4,1.6,1.65371004662389));
#2085=CARTESIAN_POINT('',(-37.3449762818892,2.48803450627167,1.26892641909265));
#2086=CARTESIAN_POINT('',(-37.3937302138306,3.89745864849886,1.03356877913991));
#2087=CARTESIAN_POINT('',(-38.4,1.6,2.01458534014017));
#2088=CARTESIAN_POINT('',(-37.2689041034594,2.48388080547317,1.53933861255722));
#2089=CARTESIAN_POINT('',(-37.3408392738146,3.96635774999647,1.25911583758757));
#2090=CARTESIAN_POINT('',(-38.4,1.6,2.38976343908213));
#2091=CARTESIAN_POINT('',(-37.1744358064163,2.47223232855302,1.81385123967892));
#2092=CARTESIAN_POINT('',(-37.2738764004298,4.04657973217258,1.4936021494265));
#2093=CARTESIAN_POINT('',(-38.4,1.6,2.77254572774984));
#2094=CARTESIAN_POINT('',(-37.0635928259023,2.44923992635374,2.08317266225302));
#2095=CARTESIAN_POINT('',(-37.192460035784,4.1345546470759,1.73284107984298));
#2096=CARTESIAN_POINT('',(-38.4,1.6,3.15985030552948));
#2097=CARTESIAN_POINT('',(-36.9384564059677,2.41072973911197,2.34224060192664));
#2098=CARTESIAN_POINT('',(-37.0959827151452,4.22664142596333,1.97490644095837));
#2099=CARTESIAN_POINT('',(-38.4,1.6,3.55451931787522));
#2100=CARTESIAN_POINT('',(-36.7998051993358,2.35117138394221,2.58990743357282));
#2101=CARTESIAN_POINT('',(-36.9822278345144,4.32009216922765,2.22157457366227));
#2102=CARTESIAN_POINT('',(-38.4,1.6,3.96205127111531));
#2103=CARTESIAN_POINT('',(-36.6474742722621,2.26188722933908,2.82620946612052));
#2104=CARTESIAN_POINT('',(-36.8471479631152,4.41196613975434,2.47628204448647));
#2105=CARTESIAN_POINT('',(-38.4,1.6,4.38492205030133));
#2106=CARTESIAN_POINT('',(-36.4853346050886,2.13089430633725,3.04487879827551));
#2107=CARTESIAN_POINT('',(-36.6861368378421,4.49687115413388,2.74057628127239));
#2108=CARTESIAN_POINT('',(-38.4,1.6,4.86725217525486));
#2109=CARTESIAN_POINT('',(-36.3101150890767,1.92533891459824,3.25065047474863));
#2110=CARTESIAN_POINT('',(-36.4748245689117,4.5729791020757,3.04203261029762));
#2111=CARTESIAN_POINT('',(-38.4,1.6,5.20799375370554));
#2112=CARTESIAN_POINT('',(-36.2170469235082,1.7285304450025,3.34464895148514));
#2113=CARTESIAN_POINT('',(-36.2989534538398,4.59990170747504,3.25499609385951));
#2114=CARTESIAN_POINT('',(-38.4,1.6,5.40279237413675));
#2115=CARTESIAN_POINT('',(-36.1874976319595,1.5999896601289,3.37673825079507));
#2116=CARTESIAN_POINT('',(-36.1874912373842,4.59999999998182,3.37674523383316));
#2117=FACE_BOUND('',#2118,.T.);
#2118=EDGE_LOOP('',(#4002,#4003,#4004,#4005));
#2119=TOROIDAL_SURFACE('',#2120,5.4,3.);
#2120=AXIS2_PLACEMENT_3D('',#2121,#2122,#2123);
#2121=CARTESIAN_POINT('',(-33.,4.6,-31.));
#2122=DIRECTION('',(0.,-1.,-6.12323399573677E-17));
#2123=DIRECTION('',(0.,-6.12323399573677E-17,1.));
#2124=FACE_BOUND('',#2125,.T.);
#2125=EDGE_LOOP('',(#4006,#4007,#4008,#4009,#4010));
#2126=PLANE('',#2127);
#2127=AXIS2_PLACEMENT_3D('',#2128,#2129,#2130);
#2128=CARTESIAN_POINT('',(43.,2.51052593825207E-15,-39.4));
#2129=DIRECTION('',(0.,0.,-1.));
#2130=DIRECTION('',(-1.,0.,0.));
#2131=FACE_BOUND('',#2132,.T.);
#2132=EDGE_LOOP('',(#4011,#4012,#4013,#4014));
#2133=(BOUNDED_SURFACE()B_SPLINE_SURFACE(3,2,(
(#2134,#2135,#2136),
(#2137,#2138,#2139),
(#2140,#2141,#2142),
(#2143,#2144,#2145),
(#2146,#2147,#2148),
(#2149,#2150,#2151),
(#2152,#2153,#2154),
(#2155,#2156,#2157),
(#2158,#2159,#2160),
(#2161,#2162,#2163),
(#2164,#2165,#2166),
(#2167,#2168,#2169),
(#2170,#2171,#2172)),
.UNSPECIFIED.,.F.,.F.,.F.)B_SPLINE_SURFACE_WITH_KNOTS((4,1,1,1,1,1,1,1,1,1,4),
(3,3),
(-4.28488939568333E-6,0.170120113671901,0.24544148797481,0.320762862277719,0.401626252796175,
0.483361085343001,0.569143996772701,0.656694016975185,0.753706425775443,0.845006159885341,
1.00000594473386),
(0.,1.),
.UNSPECIFIED.)GEOMETRIC_REPRESENTATION_ITEM()RATIONAL_B_SPLINE_SURFACE((
(1.,0.866025403781512,1.),
(1.,0.866024933551302,1.),
(1.,0.863807379883236,1.),
(1.,0.856708148724957,1.),
(1.,0.849716134031415,1.),
(1.,0.840530897878311,1.),
(1.,0.828758971239262,1.),
(1.,0.814354958849018,1.),
(1.,0.796557523690952,1.),
(1.,0.775686030649258,1.),
(1.,0.746433932877239,1.),
(1.,0.722660805860323,1.),
(1.,0.707104994670816,1.)))REPRESENTATION_ITEM('')SURFACE());
#2134=CARTESIAN_POINT('',(20.4999846998845,1.6,-36.4));
#2135=CARTESIAN_POINT('',(20.4999908199307,2.46602540378694,-34.8999999999813));
#2136=CARTESIAN_POINT('',(20.4999938799538,4.19807621137265,-34.8999999999907));
#2137=CARTESIAN_POINT('',(20.6998643217847,1.6,-36.4));
#2138=CARTESIAN_POINT('',(20.6214793643356,2.46596315271777,-34.9000604204202));
#2139=CARTESIAN_POINT('',(20.5799457287139,4.19802761420267,-34.8999901442295));
#2140=CARTESIAN_POINT('',(20.9920032251177,1.6,-36.4));
#2141=CARTESIAN_POINT('',(20.7975415481569,2.46074333589022,-34.885582137593));
#2142=CARTESIAN_POINT('',(20.6968012900471,4.20834060286199,-34.8930248853227));
#2143=CARTESIAN_POINT('',(21.3759912686354,1.6,-36.4));
#2144=CARTESIAN_POINT('',(21.0190510164836,2.44166209508621,-34.8409498526223));
#2145=CARTESIAN_POINT('',(20.8503965074542,4.23997496257373,-34.8701311282569));
#2146=CARTESIAN_POINT('',(21.6544933444948,1.6,-36.4));
#2147=CARTESIAN_POINT('',(21.1745637391351,2.42128218984143,-34.7976165026919));
#2148=CARTESIAN_POINT('',(20.9617973377979,4.27042811296441,-34.8470837655603));
#2149=CARTESIAN_POINT('',(21.9392803664211,1.6,-36.4));
#2150=CARTESIAN_POINT('',(21.3274746507254,2.39179768797489,-34.742064563298));
#2151=CARTESIAN_POINT('',(21.0757121465684,4.30831389698588,-34.8166163689753));
#2152=CARTESIAN_POINT('',(22.2334153694023,1.6,-36.4));
#2153=CARTESIAN_POINT('',(21.4771040060864,2.34944039020101,-34.6734746221169));
#2154=CARTESIAN_POINT('',(21.1933661477609,4.35323103644947,-34.777411700002));
#2155=CARTESIAN_POINT('',(22.5404151570132,1.6,-36.4));
#2156=CARTESIAN_POINT('',(21.6171081947264,2.29063497653199,-34.5940172733888));
#2157=CARTESIAN_POINT('',(21.3161660628052,4.40438728004916,-34.7275965176967));
#2158=CARTESIAN_POINT('',(22.8583179334584,1.6,-36.4));
#2159=CARTESIAN_POINT('',(21.7463010016817,2.20731392259861,-34.50380626426));
#2160=CARTESIAN_POINT('',(21.443327173383,4.45928996473496,-34.6656029632388));
#2161=CARTESIAN_POINT('',(23.1857193716065,1.6,-36.4));
#2162=CARTESIAN_POINT('',(21.8513232566474,2.09413149057313,-34.4120173298745));
#2163=CARTESIAN_POINT('',(21.5742877486425,4.51411688614061,-34.5893947037785));
#2164=CARTESIAN_POINT('',(23.5905881333469,1.6,-36.4));
#2165=CARTESIAN_POINT('',(21.9387590788119,1.90847051634701,-34.3130836103831));
#2166=CARTESIAN_POINT('',(21.736235253338,4.57331241878133,-34.4774008517653));
#2167=CARTESIAN_POINT('',(23.8860096787533,1.6,-36.4));
#2168=CARTESIAN_POINT('',(21.9483853323814,1.72938412866578,-34.280389928971));
#2169=CARTESIAN_POINT('',(21.854403871504,4.59964260931456,-34.3752563378718));
#2170=CARTESIAN_POINT('',(24.0707354412171,1.6,-36.4));
#2171=CARTESIAN_POINT('',(21.9282833506366,1.59998484093041,-34.3000023823313));
#2172=CARTESIAN_POINT('',(21.9282941764803,4.5999999999601,-34.2999913376277));
#2173=FACE_BOUND('',#2174,.T.);
#2174=EDGE_LOOP('',(#4015,#4016,#4017,#4018));
#2175=(BOUNDED_SURFACE()B_SPLINE_SURFACE(3,2,(
(#2176,#2177,#2178),
(#2179,#2180,#2181),
(#2182,#2183,#2184),
(#2185,#2186,#2187),
(#2188,#2189,#2190),
(#2191,#2192,#2193),
(#2194,#2195,#2196),
(#2197,#2198,#2199),
(#2200,#2201,#2202),
(#2203,#2204,#2205),
(#2206,#2207,#2208),
(#2209,#2210,#2211),
(#2212,#2213,#2214),
(#2215,#2216,#2217)),
.UNSPECIFIED.,.F.,.F.,.F.)B_SPLINE_SURFACE_WITH_KNOTS((4,1,1,1,1,1,1,1,1,1,1,4),
(3,3),
(-5.94473386293714E-6,0.231329415879741,0.321640178860635,0.411276354995482,0.498013329157355,
0.582199406582285,0.659925638443114,0.733246716643467,0.799763215093001,0.857276591411211,
0.909169900447802,1.0000042848894),
(0.,1.),
.UNSPECIFIED.)GEOMETRIC_REPRESENTATION_ITEM()RATIONAL_B_SPLINE_SURFACE((
(1.,0.707104994670818,1.),
(1.,0.730411824319476,1.),
(1.,0.760605966253839,1.),
(1.,0.792493258570446,1.),
(1.,0.810642341612317,1.),
(1.,0.82589498194646,1.),
(1.,0.838148357952385,1.),
(1.,0.847680398846375,1.),
(1.,0.854726166543587,1.),
(1.,0.859637119007374,1.),
(1.,0.862848740485006,1.),
(1.,0.865336417669014,1.),
(1.,0.866025401145076,1.),
(1.,0.866025403781511,1.)))REPRESENTATION_ITEM('')SURFACE());
#2176=CARTESIAN_POINT('',(-24.0707354412171,1.6,-36.4));
#2177=CARTESIAN_POINT('',(-21.9282833506367,1.59998484093097,-34.3000023823313));
#2178=CARTESIAN_POINT('',(-21.9282941764803,4.59999999996037,-34.2999913376277));
#2179=CARTESIAN_POINT('',(-23.8022833081956,1.6,-36.4));
#2180=CARTESIAN_POINT('',(-21.9585699024395,1.79251117502071,-34.2734424785993));
#2181=CARTESIAN_POINT('',(-21.8209133232798,4.59842620091737,-34.4089995189923));
#2182=CARTESIAN_POINT('',(-23.4197154860164,1.6,-36.4));
#2183=CARTESIAN_POINT('',(-21.9191113860123,2.00589329523396,-34.3485958925381));
#2184=CARTESIAN_POINT('',(-21.6678861944062,4.55203086600565,-34.5315737855173));
#2185=CARTESIAN_POINT('',(-22.9313418816308,1.6,-36.4));
#2186=CARTESIAN_POINT('',(-21.7697690736219,2.18648380093592,-34.4847742603529));
#2187=CARTESIAN_POINT('',(-21.472536752652,4.47183228548463,-34.6497846514007));
#2188=CARTESIAN_POINT('',(-22.6080445727017,1.6,-36.4));
#2189=CARTESIAN_POINT('',(-21.6476390457905,2.27424766547411,-34.5744114392919));
#2190=CARTESIAN_POINT('',(-21.3432178290805,4.4160125636893,-34.7153095947584));
#2191=CARTESIAN_POINT('',(-22.3002123383997,1.6,-36.4));
#2192=CARTESIAN_POINT('',(-21.5083184801391,2.33838525678172,-34.6572258076568));
#2193=CARTESIAN_POINT('',(-21.2200849353598,4.36406252866584,-34.7673757564599));
#2194=CARTESIAN_POINT('',(-22.0048579751521,1.6,-36.4));
#2195=CARTESIAN_POINT('',(-21.3609697432032,2.38362004605582,-34.727962845777));
#2196=CARTESIAN_POINT('',(-21.1019431900609,4.31789823292479,-34.80853833719));
#2197=CARTESIAN_POINT('',(-21.7265618735185,1.6,-36.4));
#2198=CARTESIAN_POINT('',(-21.2116380946368,2.41498462181059,-34.7851977264321));
#2199=CARTESIAN_POINT('',(-20.9906247494074,4.27950288917515,-34.8399491266541));
#2200=CARTESIAN_POINT('',(-21.4686181805305,1.6,-36.4));
#2201=CARTESIAN_POINT('',(-21.0669555544136,2.43602947324959,-34.8286188896903));
#2202=CARTESIAN_POINT('',(-20.8874472722122,4.24955042758177,-34.8629724515892));
#2203=CARTESIAN_POINT('',(-21.2342055750246,1.6,-36.4));
#2204=CARTESIAN_POINT('',(-20.9315701452742,2.44962439585131,-34.8594001518784));
#2205=CARTESIAN_POINT('',(-20.7936822300099,4.22777352652065,-34.8789998617332));
#2206=CARTESIAN_POINT('',(-21.0245625397098,1.6,-36.4));
#2207=CARTESIAN_POINT('',(-20.8085276015257,2.45805042334094,-34.8797351357761));
#2208=CARTESIAN_POINT('',(-20.7098250158839,4.21310485884639,-34.8894893487247));
#2209=CARTESIAN_POINT('',(-20.7826560420681,1.6,-36.4));
#2210=CARTESIAN_POINT('',(-20.666920910833,2.46434539500728,-34.8955730127702));
#2211=CARTESIAN_POINT('',(-20.6130624168273,4.20138675848138,-34.8977199776323));
#2212=CARTESIAN_POINT('',(-20.6105463680963,1.6,-36.4));
#2213=CARTESIAN_POINT('',(-20.5648593667098,2.46602065505394,-34.9000047165746));
#2214=CARTESIAN_POINT('',(-20.5442185472383,4.19807188729089,-34.8999992953366));
#2215=CARTESIAN_POINT('',(-20.4999846998845,1.6,-36.4));
#2216=CARTESIAN_POINT('',(-20.4999908199307,2.46602540378695,-34.8999999999813));
#2217=CARTESIAN_POINT('',(-20.4999938799538,4.19807621137266,-34.8999999999906));
#2218=FACE_BOUND('',#2219,.T.);
#2219=EDGE_LOOP('',(#4019,#4020,#4021,#4022));
#2220=CYLINDRICAL_SURFACE('',#2221,3.);
#2221=AXIS2_PLACEMENT_3D('',#2222,#2223,#2224);
#2222=CARTESIAN_POINT('',(32.5,4.1980762113534,-37.9));
#2223=DIRECTION('',(1.,-3.41607084500048E-17,0.));
#2224=DIRECTION('',(6.2704328363722E-31,1.83556873404694E-14,1.));
#2225=FACE_BOUND('',#2226,.T.);
#2226=EDGE_LOOP('',(#4023,#4024,#4025,#4026,#4027));
#2227=TOROIDAL_SURFACE('',#2228,8.,3.);
#2228=AXIS2_PLACEMENT_3D('',#2229,#2230,#2231);
#2229=CARTESIAN_POINT('',(32.5,4.6,6.39877952554492E-15));
#2230=DIRECTION('',(0.,1.,6.12323399573677E-17));
#2231=DIRECTION('',(0.,6.12323399573677E-17,-1.));
#2232=FACE_BOUND('',#2233,.T.);
#2233=EDGE_LOOP('',(#4028,#4029,#4030,#4031));
#2234=TOROIDAL_SURFACE('',#2235,5.,3.);
#2235=AXIS2_PLACEMENT_3D('',#2236,#2237,#2238);
#2236=CARTESIAN_POINT('',(20.5,4.6,-32.9));
#2237=DIRECTION('',(0.,-1.,-6.12323399573677E-17));
#2238=DIRECTION('',(-0.996917333733128,4.80423402235519E-18,-0.0784590957278472));
#2239=FACE_BOUND('',#2240,.T.);
#2240=EDGE_LOOP('',(#4032,#4033,#4034,#4035));
#2241=CYLINDRICAL_SURFACE('',#2242,3.);
#2242=AXIS2_PLACEMENT_3D('',#2243,#2244,#2245);
#2243=CARTESIAN_POINT('',(-32.5,4.6,-27.9));
#2244=DIRECTION('',(-1.,0.,1.09314267040015E-16));
#2245=DIRECTION('',(-1.09314267040015E-16,-2.96059473233375E-16,-1.));
#2246=FACE_BOUND('',#2247,.T.);
#2247=EDGE_LOOP('',(#4036,#4037,#4038,#4039));
#2248=TOROIDAL_SURFACE('',#2249,5.,3.);
#2249=AXIS2_PLACEMENT_3D('',#2250,#2251,#2252);
#2250=CARTESIAN_POINT('',(-20.5,4.6,-32.9));
#2251=DIRECTION('',(0.,-1.,-6.12323399573677E-17));
#2252=DIRECTION('',(0.996917333733128,-4.80423402235522E-18,0.0784590957278477));
#2253=FACE_BOUND('',#2254,.T.);
#2254=EDGE_LOOP('',(#4040,#4041,#4042,#4043,#4044));
#2255=TOROIDAL_SURFACE('',#2256,8.,3.);
#2256=AXIS2_PLACEMENT_3D('',#2257,#2258,#2259);
#2257=CARTESIAN_POINT('',(-32.5,4.6,-4.65561733542253E-15));
#2258=DIRECTION('',(0.,1.,6.12323399573677E-17));
#2259=DIRECTION('',(0.,6.12323399573677E-17,-1.));
#2260=FACE_BOUND('',#2261,.T.);
#2261=EDGE_LOOP('',(#4045,#4046,#4047,#4048));
#2262=CYLINDRICAL_SURFACE('',#2263,3.);
#2263=AXIS2_PLACEMENT_3D('',#2264,#2265,#2266);
#2264=CARTESIAN_POINT('',(-45.,4.6,36.4));
#2265=DIRECTION('',(-1.,0.,0.));
#2266=DIRECTION('',(0.,-1.,0.));
#2267=FACE_OUTER_BOUND('',#2268,.T.);
#2268=EDGE_LOOP('',(#4049));
#2269=FACE_OUTER_BOUND('',#2270,.T.);
#2270=EDGE_LOOP('',(#4050));
#2271=TOROIDAL_SURFACE('',#2272,5.5,3.);
#2272=AXIS2_PLACEMENT_3D('',#2273,#2274,#2275);
#2273=CARTESIAN_POINT('',(30.,4.6,26.1));
#2274=DIRECTION('',(0.,1.,6.12323399573677E-17));
#2275=DIRECTION('',(0.,6.12323399573677E-17,-1.));
#2276=FACE_OUTER_BOUND('',#2277,.T.);
#2277=EDGE_LOOP('',(#4051));
#2278=FACE_OUTER_BOUND('',#2279,.T.);
#2279=EDGE_LOOP('',(#4052));
#2280=TOROIDAL_SURFACE('',#2281,5.5,3.);
#2281=AXIS2_PLACEMENT_3D('',#2282,#2283,#2284);
#2282=CARTESIAN_POINT('',(-30.,4.6,26.1));
#2283=DIRECTION('',(0.,1.,6.12323399573677E-17));
#2284=DIRECTION('',(0.,6.12323399573677E-17,-1.));
#2285=FACE_OUTER_BOUND('',#2286,.T.);
#2286=EDGE_LOOP('',(#4053));
#2287=FACE_OUTER_BOUND('',#2288,.T.);
#2288=EDGE_LOOP('',(#4054));
#2289=TOROIDAL_SURFACE('',#2290,5.5,3.);
#2290=AXIS2_PLACEMENT_3D('',#2291,#2292,#2293);
#2291=CARTESIAN_POINT('',(15.,4.6,26.1));
#2292=DIRECTION('',(0.,1.,6.12323399573677E-17));
#2293=DIRECTION('',(0.,6.12323399573677E-17,-1.));
#2294=FACE_OUTER_BOUND('',#2295,.T.);
#2295=EDGE_LOOP('',(#4055));
#2296=FACE_OUTER_BOUND('',#2297,.T.);
#2297=EDGE_LOOP('',(#4056));
#2298=TOROIDAL_SURFACE('',#2299,5.5,3.);
#2299=AXIS2_PLACEMENT_3D('',#2300,#2301,#2302);
#2300=CARTESIAN_POINT('',(-16.,4.6,0.499999999999999));
#2301=DIRECTION('',(0.,1.,6.12323399573677E-17));
#2302=DIRECTION('',(0.,6.12323399573677E-17,-1.));
#2303=FACE_BOUND('',#2304,.T.);
#2304=EDGE_LOOP('',(#4057));
#2305=PLANE('',#2306);
#2306=AXIS2_PLACEMENT_3D('',#2307,#2308,#2309);
#2307=CARTESIAN_POINT('',(0.,6.6,4.04133443718627E-16));
#2308=DIRECTION('',(0.,1.,6.12323399573677E-17));
#2309=DIRECTION('',(6.12323399573677E-17,6.12323399573677E-17,-1.));
#2310=FACE_BOUND('',#2311,.T.);
#2311=EDGE_LOOP('',(#4058));
#2312=PLANE('',#2313);
#2313=AXIS2_PLACEMENT_3D('',#2314,#2315,#2316);
#2314=CARTESIAN_POINT('',(0.,6.6,4.04133443718627E-16));
#2315=DIRECTION('',(0.,1.,6.12323399573677E-17));
#2316=DIRECTION('',(6.12323399573677E-17,6.12323399573677E-17,-1.));
#2317=FACE_BOUND('',#2318,.T.);
#2318=EDGE_LOOP('',(#4059,#4060,#4061));
#2319=FACE_OUTER_BOUND('',#2320,.T.);
#2320=EDGE_LOOP('',(#4062));
#2321=CYLINDRICAL_SURFACE('',#2322,5.);
#2322=AXIS2_PLACEMENT_3D('',#2323,#2324,#2325);
#2323=CARTESIAN_POINT('',(32.5,1.6,6.21508250567282E-15));
#2324=DIRECTION('',(0.,1.,6.12323399573677E-17));
#2325=DIRECTION('',(6.12323399573677E-17,6.12323399573677E-17,-1.));
#2326=FACE_BOUND('',#2327,.T.);
#2327=EDGE_LOOP('',(#4063,#4064,#4065,#4066));
#2328=PLANE('',#2329);
#2329=AXIS2_PLACEMENT_3D('',#2330,#2331,#2332);
#2330=CARTESIAN_POINT('',(45.5780276820382,15.7109861589809,39.4));
#2331=DIRECTION('',(0.,-0.4226182617407,-0.90630778703665));
#2332=DIRECTION('',(-1.,0.,0.));
#2333=FACE_OUTER_BOUND('',#2334,.T.);
#2334=EDGE_LOOP('',(#4067));
#2335=FACE_BOUND('',#2336,.T.);
#2336=EDGE_LOOP('',(#4068,#4069,#4070));
#2337=CYLINDRICAL_SURFACE('',#2338,5.);
#2338=AXIS2_PLACEMENT_3D('',#2339,#2340,#2341);
#2339=CARTESIAN_POINT('',(-32.5,1.6,-4.83931435529463E-15));
#2340=DIRECTION('',(0.,1.,6.12323399573677E-17));
#2341=DIRECTION('',(6.12323399573677E-17,6.12323399573677E-17,-1.));
#2342=FACE_BOUND('',#2343,.T.);
#2343=EDGE_LOOP('',(#4071,#4072,#4073,#4074,#4075));
#2344=CYLINDRICAL_SURFACE('',#2345,2.);
#2345=AXIS2_PLACEMENT_3D('',#2346,#2347,#2348);
#2346=CARTESIAN_POINT('',(20.5,-6.4,-32.9));
#2347=DIRECTION('',(0.,-1.,3.38353683695286E-16));
#2348=DIRECTION('',(1.,0.,-1.50259220042097E-31));
#2349=FACE_BOUND('',#2350,.T.);
#2350=EDGE_LOOP('',(#4076,#4077,#4078,#4079,#4080));
#2351=CYLINDRICAL_SURFACE('',#2352,2.);
#2352=AXIS2_PLACEMENT_3D('',#2353,#2354,#2355);
#2353=CARTESIAN_POINT('',(-20.5,-6.4,-32.9));
#2354=DIRECTION('',(-3.38353683695286E-16,-1.,0.));
#2355=DIRECTION('',(-1.,3.38353683695286E-16,0.));
#2356=FACE_BOUND('',#2357,.T.);
#2357=EDGE_LOOP('',(#4081,#4082,#4083,#4084));
#2358=PLANE('',#2359);
#2359=AXIS2_PLACEMENT_3D('',#2360,#2361,#2362);
#2360=CARTESIAN_POINT('',(22.5,1.6,-34.9));
#2361=DIRECTION('',(0.,0.,-1.));
#2362=DIRECTION('',(-1.,0.,0.));
#2363=FACE_BOUND('',#2364,.T.);
#2364=EDGE_LOOP('',(#4085,#4086,#4087,#4088));
#2365=PLANE('',#2366);
#2366=AXIS2_PLACEMENT_3D('',#2367,#2368,#2369);
#2367=CARTESIAN_POINT('',(-22.5,1.6,-30.9));
#2368=DIRECTION('',(1.57898385724467E-16,0.,1.));
#2369=DIRECTION('',(1.,0.,-1.57898385724467E-16));
#2370=FACE_OUTER_BOUND('',#2371,.T.);
#2371=EDGE_LOOP('',(#4089));
#2372=FACE_OUTER_BOUND('',#2373,.T.);
#2373=EDGE_LOOP('',(#4090));
#2374=CYLINDRICAL_SURFACE('',#2375,2.5);
#2375=AXIS2_PLACEMENT_3D('',#2376,#2377,#2378);
#2376=CARTESIAN_POINT('',(30.,1.6,26.1));
#2377=DIRECTION('',(0.,1.,6.12323399573677E-17));
#2378=DIRECTION('',(6.12323399573677E-17,6.12323399573677E-17,-1.));
#2379=FACE_OUTER_BOUND('',#2380,.T.);
#2380=EDGE_LOOP('',(#4091));
#2381=FACE_OUTER_BOUND('',#2382,.T.);
#2382=EDGE_LOOP('',(#4092));
#2383=CYLINDRICAL_SURFACE('',#2384,2.5);
#2384=AXIS2_PLACEMENT_3D('',#2385,#2386,#2387);
#2385=CARTESIAN_POINT('',(-30.,1.6,26.1));
#2386=DIRECTION('',(0.,1.,6.12323399573677E-17));
#2387=DIRECTION('',(6.12323399573677E-17,6.12323399573677E-17,-1.));
#2388=FACE_OUTER_BOUND('',#2389,.T.);
#2389=EDGE_LOOP('',(#4093));
#2390=FACE_OUTER_BOUND('',#2391,.T.);
#2391=EDGE_LOOP('',(#4094));
#2392=CYLINDRICAL_SURFACE('',#2393,2.5);
#2393=AXIS2_PLACEMENT_3D('',#2394,#2395,#2396);
#2394=CARTESIAN_POINT('',(15.,1.6,26.1));
#2395=DIRECTION('',(0.,1.,6.12323399573677E-17));
#2396=DIRECTION('',(6.12323399573677E-17,6.12323399573677E-17,-1.));
#2397=FACE_OUTER_BOUND('',#2398,.T.);
#2398=EDGE_LOOP('',(#4095));
#2399=FACE_OUTER_BOUND('',#2400,.T.);
#2400=EDGE_LOOP('',(#4096));
#2401=CYLINDRICAL_SURFACE('',#2402,2.5);
#2402=AXIS2_PLACEMENT_3D('',#2403,#2404,#2405);
#2403=CARTESIAN_POINT('',(-16.,1.6,0.499999999999999));
#2404=DIRECTION('',(0.,1.,6.12323399573677E-17));
#2405=DIRECTION('',(6.12323399573677E-17,6.12323399573677E-17,-1.));
#2406=FACE_BOUND('',#2407,.T.);
#2407=EDGE_LOOP('',(#4097));
#2408=FACE_BOUND('',#2409,.T.);
#2409=EDGE_LOOP('',(#4098));
#2410=PLANE('',#2411);
#2411=AXIS2_PLACEMENT_3D('',#2412,#2413,#2414);
#2412=CARTESIAN_POINT('',(0.,6.6,4.04133443718627E-16));
#2413=DIRECTION('',(0.,1.,6.12323399573677E-17));
#2414=DIRECTION('',(6.12323399573677E-17,6.12323399573677E-17,-1.));
#2415=FACE_BOUND('',#2416,.T.);
#2416=EDGE_LOOP('',(#4099));
#2417=FACE_BOUND('',#2418,.T.);
#2418=EDGE_LOOP('',(#4100));
#2419=PLANE('',#2420);
#2420=AXIS2_PLACEMENT_3D('',#2421,#2422,#2423);
#2421=CARTESIAN_POINT('',(0.,6.6,4.04133443718627E-16));
#2422=DIRECTION('',(0.,1.,6.12323399573677E-17));
#2423=DIRECTION('',(6.12323399573677E-17,6.12323399573677E-17,-1.));
#2424=FACE_BOUND('',#2425,.T.);
#2425=EDGE_LOOP('',(#4101,#4102,#4103,#4104));
#2426=PLANE('',#2427);
#2427=AXIS2_PLACEMENT_3D('',#2428,#2429,#2430);
#2428=CARTESIAN_POINT('',(0.,6.6,4.04133443718627E-16));
#2429=DIRECTION('',(0.,1.,6.12323399573677E-17));
#2430=DIRECTION('',(6.12323399573677E-17,6.12323399573677E-17,-1.));
#2431=FACE_BOUND('',#2432,.T.);
#2432=EDGE_LOOP('',(#4105));
#2433=PLANE('',#2434);
#2434=AXIS2_PLACEMENT_3D('',#2435,#2436,#2437);
#2435=CARTESIAN_POINT('',(0.,6.6,4.04133443718627E-16));
#2436=DIRECTION('',(0.,1.,6.12323399573677E-17));
#2437=DIRECTION('',(6.12323399573677E-17,6.12323399573677E-17,-1.));
#2438=FACE_BOUND('',#2439,.T.);
#2439=EDGE_LOOP('',(#4106));
#2440=PLANE('',#2441);
#2441=AXIS2_PLACEMENT_3D('',#2442,#2443,#2444);
#2442=CARTESIAN_POINT('',(0.,6.6,4.04133443718627E-16));
#2443=DIRECTION('',(0.,1.,6.12323399573677E-17));
#2444=DIRECTION('',(6.12323399573677E-17,6.12323399573677E-17,-1.));
#2445=FACE_BOUND('',#2446,.T.);
#2446=EDGE_LOOP('',(#4107));
#2447=PLANE('',#2448);
#2448=AXIS2_PLACEMENT_3D('',#2449,#2450,#2451);
#2449=CARTESIAN_POINT('',(0.,6.6,4.04133443718627E-16));
#2450=DIRECTION('',(0.,1.,6.12323399573677E-17));
#2451=DIRECTION('',(6.12323399573677E-17,6.12323399573677E-17,-1.));
#2452=FACE_BOUND('',#2453,.T.);
#2453=EDGE_LOOP('',(#4108));
#2454=PLANE('',#2455);
#2455=AXIS2_PLACEMENT_3D('',#2456,#2457,#2458);
#2456=CARTESIAN_POINT('',(0.,6.6,4.04133443718627E-16));
#2457=DIRECTION('',(0.,1.,6.12323399573677E-17));
#2458=DIRECTION('',(6.12323399573677E-17,6.12323399573677E-17,-1.));
#2459=FACE_OUTER_BOUND('',#2460,.T.);
#2460=EDGE_LOOP('',(#4109));
#2461=FACE_OUTER_BOUND('',#2462,.T.);
#2462=EDGE_LOOP('',(#4110));
#2463=CYLINDRICAL_SURFACE('',#2464,0.85);
#2464=AXIS2_PLACEMENT_3D('',#2465,#2466,#2467);
#2465=CARTESIAN_POINT('',(32.5,1.6,6.21508250567282E-15));
#2466=DIRECTION('',(0.,1.,6.12323399573677E-17));
#2467=DIRECTION('',(6.12323399573677E-17,6.12323399573677E-17,-1.));
#2468=FACE_OUTER_BOUND('',#2469,.T.);
#2469=EDGE_LOOP('',(#4111));
#2470=FACE_OUTER_BOUND('',#2471,.T.);
#2471=EDGE_LOOP('',(#4112));
#2472=CYLINDRICAL_SURFACE('',#2473,0.85);
#2473=AXIS2_PLACEMENT_3D('',#2474,#2475,#2476);
#2474=CARTESIAN_POINT('',(-32.5,1.6,-4.83931435529463E-15));
#2475=DIRECTION('',(0.,1.,6.12323399573677E-17));
#2476=DIRECTION('',(6.12323399573677E-17,6.12323399573677E-17,-1.));
#2477=FACE_BOUND('',#2478,.T.);
#2478=EDGE_LOOP('',(#4113));
#2479=PLANE('',#2480);
#2480=AXIS2_PLACEMENT_3D('',#2481,#2482,#2483);
#2481=CARTESIAN_POINT('',(0.,1.6,9.79717439317882E-17));
#2482=DIRECTION('',(0.,1.,6.12323399573677E-17));
#2483=DIRECTION('',(6.12323399573677E-17,6.12323399573677E-17,-1.));
#2484=FACE_BOUND('',#2485,.T.);
#2485=EDGE_LOOP('',(#4114));
#2486=PLANE('',#2487);
#2487=AXIS2_PLACEMENT_3D('',#2488,#2489,#2490);
#2488=CARTESIAN_POINT('',(0.,1.6,9.79717439317882E-17));
#2489=DIRECTION('',(0.,1.,6.12323399573677E-17));
#2490=DIRECTION('',(6.12323399573677E-17,6.12323399573677E-17,-1.));
#2491=ORIENTED_EDGE('',*,*,#4115,.F.);
#2492=ORIENTED_EDGE('',*,*,#4116,.F.);
#2493=ORIENTED_EDGE('',*,*,#4117,.F.);
#2494=ORIENTED_EDGE('',*,*,#4118,.F.);
#2495=ORIENTED_EDGE('',*,*,#4119,.F.);
#2496=ORIENTED_EDGE('',*,*,#4120,.F.);
#2497=ORIENTED_EDGE('',*,*,#4121,.F.);
#2498=ORIENTED_EDGE('',*,*,#4122,.F.);
#2499=ORIENTED_EDGE('',*,*,#4123,.T.);
#2500=ORIENTED_EDGE('',*,*,#4124,.T.);
#2501=ORIENTED_EDGE('',*,*,#4125,.T.);
#2502=ORIENTED_EDGE('',*,*,#4126,.T.);
#2503=ORIENTED_EDGE('',*,*,#4127,.T.);
#2504=ORIENTED_EDGE('',*,*,#4128,.T.);
#2505=ORIENTED_EDGE('',*,*,#4129,.T.);
#2506=ORIENTED_EDGE('',*,*,#4130,.T.);
#2507=ORIENTED_EDGE('',*,*,#4131,.T.);
#2508=ORIENTED_EDGE('',*,*,#4132,.T.);
#2509=ORIENTED_EDGE('',*,*,#4133,.T.);
#2510=ORIENTED_EDGE('',*,*,#4134,.T.);
#2511=ORIENTED_EDGE('',*,*,#4135,.T.);
#2512=ORIENTED_EDGE('',*,*,#4136,.T.);
#2513=ORIENTED_EDGE('',*,*,#4137,.T.);
#2514=ORIENTED_EDGE('',*,*,#4138,.T.);
#2515=ORIENTED_EDGE('',*,*,#4139,.T.);
#2516=ORIENTED_EDGE('',*,*,#4140,.T.);
#2517=ORIENTED_EDGE('',*,*,#4141,.T.);
#2518=ORIENTED_EDGE('',*,*,#4142,.T.);
#2519=ORIENTED_EDGE('',*,*,#4143,.T.);
#2520=ORIENTED_EDGE('',*,*,#4144,.T.);
#2521=ORIENTED_EDGE('',*,*,#4145,.T.);
#2522=ORIENTED_EDGE('',*,*,#4146,.T.);
#2523=ORIENTED_EDGE('',*,*,#4147,.T.);
#2524=ORIENTED_EDGE('',*,*,#4148,.T.);
#2525=ORIENTED_EDGE('',*,*,#4149,.T.);
#2526=ORIENTED_EDGE('',*,*,#4150,.T.);
#2527=ORIENTED_EDGE('',*,*,#4151,.T.);
#2528=ORIENTED_EDGE('',*,*,#4152,.T.);
#2529=ORIENTED_EDGE('',*,*,#4153,.T.);
#2530=ORIENTED_EDGE('',*,*,#4154,.T.);
#2531=ORIENTED_EDGE('',*,*,#4155,.T.);
#2532=ORIENTED_EDGE('',*,*,#4156,.T.);
#2533=ORIENTED_EDGE('',*,*,#4157,.T.);
#2534=ORIENTED_EDGE('',*,*,#4158,.T.);
#2535=ORIENTED_EDGE('',*,*,#4159,.T.);
#2536=ORIENTED_EDGE('',*,*,#4160,.T.);
#2537=ORIENTED_EDGE('',*,*,#4161,.T.);
#2538=ORIENTED_EDGE('',*,*,#4162,.T.);
#2539=ORIENTED_EDGE('',*,*,#4163,.T.);
#2540=ORIENTED_EDGE('',*,*,#4164,.T.);
#2541=ORIENTED_EDGE('',*,*,#4165,.T.);
#2542=ORIENTED_EDGE('',*,*,#4166,.T.);
#2543=ORIENTED_EDGE('',*,*,#4167,.T.);
#2544=ORIENTED_EDGE('',*,*,#4168,.T.);
#2545=ORIENTED_EDGE('',*,*,#4169,.T.);
#2546=ORIENTED_EDGE('',*,*,#4170,.T.);
#2547=ORIENTED_EDGE('',*,*,#4171,.T.);
#2548=ORIENTED_EDGE('',*,*,#4172,.T.);
#2549=ORIENTED_EDGE('',*,*,#4173,.T.);
#2550=ORIENTED_EDGE('',*,*,#4174,.T.);
#2551=ORIENTED_EDGE('',*,*,#4175,.T.);
#2552=ORIENTED_EDGE('',*,*,#4176,.T.);
#2553=ORIENTED_EDGE('',*,*,#4177,.T.);
#2554=ORIENTED_EDGE('',*,*,#4178,.T.);
#2555=ORIENTED_EDGE('',*,*,#4179,.T.);
#2556=ORIENTED_EDGE('',*,*,#4180,.T.);
#2557=ORIENTED_EDGE('',*,*,#4181,.T.);
#2558=ORIENTED_EDGE('',*,*,#4182,.T.);
#2559=ORIENTED_EDGE('',*,*,#4183,.T.);
#2560=ORIENTED_EDGE('',*,*,#4184,.T.);
#2561=ORIENTED_EDGE('',*,*,#4185,.T.);
#2562=ORIENTED_EDGE('',*,*,#4186,.T.);
#2563=ORIENTED_EDGE('',*,*,#4187,.T.);
#2564=ORIENTED_EDGE('',*,*,#4188,.T.);
#2565=ORIENTED_EDGE('',*,*,#4189,.T.);
#2566=ORIENTED_EDGE('',*,*,#4190,.T.);
#2567=ORIENTED_EDGE('',*,*,#4191,.T.);
#2568=ORIENTED_EDGE('',*,*,#4192,.T.);
#2569=ORIENTED_EDGE('',*,*,#4193,.T.);
#2570=ORIENTED_EDGE('',*,*,#4194,.T.);
#2571=ORIENTED_EDGE('',*,*,#4195,.T.);
#2572=ORIENTED_EDGE('',*,*,#4196,.T.);
#2573=ORIENTED_EDGE('',*,*,#4197,.T.);
#2574=ORIENTED_EDGE('',*,*,#4198,.T.);
#2575=ORIENTED_EDGE('',*,*,#4199,.T.);
#2576=ORIENTED_EDGE('',*,*,#4200,.T.);
#2577=ORIENTED_EDGE('',*,*,#4201,.T.);
#2578=ORIENTED_EDGE('',*,*,#4202,.T.);
#2579=ORIENTED_EDGE('',*,*,#4203,.T.);
#2580=ORIENTED_EDGE('',*,*,#4204,.T.);
#2581=ORIENTED_EDGE('',*,*,#4205,.T.);
#2582=ORIENTED_EDGE('',*,*,#4206,.T.);
#2583=ORIENTED_EDGE('',*,*,#4207,.T.);
#2584=ORIENTED_EDGE('',*,*,#4208,.T.);
#2585=ORIENTED_EDGE('',*,*,#4209,.T.);
#2586=ORIENTED_EDGE('',*,*,#4210,.T.);
#2587=ORIENTED_EDGE('',*,*,#4211,.T.);
#2588=ORIENTED_EDGE('',*,*,#4212,.T.);
#2589=ORIENTED_EDGE('',*,*,#4213,.T.);
#2590=ORIENTED_EDGE('',*,*,#4214,.T.);
#2591=ORIENTED_EDGE('',*,*,#4215,.T.);
#2592=ORIENTED_EDGE('',*,*,#4216,.T.);
#2593=ORIENTED_EDGE('',*,*,#4217,.T.);
#2594=ORIENTED_EDGE('',*,*,#4218,.T.);
#2595=ORIENTED_EDGE('',*,*,#4219,.T.);
#2596=ORIENTED_EDGE('',*,*,#4220,.T.);
#2597=ORIENTED_EDGE('',*,*,#4221,.T.);
#2598=ORIENTED_EDGE('',*,*,#4222,.T.);
#2599=ORIENTED_EDGE('',*,*,#4223,.T.);
#2600=ORIENTED_EDGE('',*,*,#4224,.T.);
#2601=ORIENTED_EDGE('',*,*,#4225,.T.);
#2602=ORIENTED_EDGE('',*,*,#4226,.T.);
#2603=ORIENTED_EDGE('',*,*,#4227,.T.);
#2604=ORIENTED_EDGE('',*,*,#4228,.T.);
#2605=ORIENTED_EDGE('',*,*,#4229,.T.);
#2606=ORIENTED_EDGE('',*,*,#4230,.T.);
#2607=ORIENTED_EDGE('',*,*,#4231,.T.);
#2608=ORIENTED_EDGE('',*,*,#4232,.T.);
#2609=ORIENTED_EDGE('',*,*,#4233,.T.);
#2610=ORIENTED_EDGE('',*,*,#4234,.T.);
#2611=ORIENTED_EDGE('',*,*,#4235,.T.);
#2612=ORIENTED_EDGE('',*,*,#4236,.T.);
#2613=ORIENTED_EDGE('',*,*,#4237,.T.);
#2614=ORIENTED_EDGE('',*,*,#4238,.T.);
#2615=ORIENTED_EDGE('',*,*,#4239,.T.);
#2616=ORIENTED_EDGE('',*,*,#4240,.T.);
#2617=ORIENTED_EDGE('',*,*,#4241,.T.);
#2618=ORIENTED_EDGE('',*,*,#4242,.T.);
#2619=ORIENTED_EDGE('',*,*,#4212,.F.);
#2620=ORIENTED_EDGE('',*,*,#4243,.F.);
#2621=ORIENTED_EDGE('',*,*,#4244,.F.);
#2622=ORIENTED_EDGE('',*,*,#4245,.T.);
#2623=ORIENTED_EDGE('',*,*,#4213,.F.);
#2624=ORIENTED_EDGE('',*,*,#4245,.F.);
#2625=ORIENTED_EDGE('',*,*,#4246,.F.);
#2626=ORIENTED_EDGE('',*,*,#4247,.T.);
#2627=CARTESIAN_POINT('',(-3.98857404477223,0.799999999999999,11.7205869474962));
#2628=CARTESIAN_POINT('',(-4.10406052146408,0.799999999999999,11.8612708333333));
#2629=CARTESIAN_POINT('',(-4.31039417968742,0.799999999999999,11.8612708333333));
#2630=ORIENTED_EDGE('',*,*,#4214,.F.);
#2631=ORIENTED_EDGE('',*,*,#4247,.F.);
#2632=ORIENTED_EDGE('',*,*,#4248,.F.);
#2633=ORIENTED_EDGE('',*,*,#4249,.T.);
#2634=CARTESIAN_POINT('',(-3.87308752770756,0.799999999999999,11.4233854368531));
#2635=CARTESIAN_POINT('',(-3.87308752770756,0.799999999999999,11.5799030212863));
#2636=CARTESIAN_POINT('',(-3.98857404477223,0.799999999999999,11.7205869474962));
#2637=ORIENTED_EDGE('',*,*,#4215,.F.);
#2638=ORIENTED_EDGE('',*,*,#4249,.F.);
#2639=ORIENTED_EDGE('',*,*,#4250,.F.);
#2640=ORIENTED_EDGE('',*,*,#4251,.T.);
#2641=CARTESIAN_POINT('',(-3.99339028100733,0.799999999999999,11.0999323017599));
#2642=CARTESIAN_POINT('',(-3.87308752770756,0.799999999999999,11.2345390675466));
#2643=CARTESIAN_POINT('',(-3.87308752770756,0.799999999999999,11.4233854368531));
#2644=ORIENTED_EDGE('',*,*,#4216,.F.);
#2645=ORIENTED_EDGE('',*,*,#4251,.F.);
#2646=ORIENTED_EDGE('',*,*,#4252,.F.);
#2647=ORIENTED_EDGE('',*,*,#4253,.T.);
#2648=CARTESIAN_POINT('',(-4.31047686324074,0.799999999999999,10.9855));
#2649=CARTESIAN_POINT('',(-4.10765721566056,0.799999999999999,10.9855));
#2650=CARTESIAN_POINT('',(-3.99339028100733,0.799999999999999,11.0999323017599));
#2651=ORIENTED_EDGE('',*,*,#4217,.F.);
#2652=ORIENTED_EDGE('',*,*,#4253,.F.);
#2653=ORIENTED_EDGE('',*,*,#4254,.F.);
#2654=ORIENTED_EDGE('',*,*,#4255,.T.);
#2655=ORIENTED_EDGE('',*,*,#4218,.F.);
#2656=ORIENTED_EDGE('',*,*,#4255,.F.);
#2657=ORIENTED_EDGE('',*,*,#4256,.F.);
#2658=ORIENTED_EDGE('',*,*,#4257,.T.);
#2659=ORIENTED_EDGE('',*,*,#4219,.F.);
#2660=ORIENTED_EDGE('',*,*,#4257,.F.);
#2661=ORIENTED_EDGE('',*,*,#4258,.F.);
#2662=ORIENTED_EDGE('',*,*,#4259,.T.);
#2663=CARTESIAN_POINT('',(-5.5187958610409,0.799999999999999,9.7393125));
#2664=CARTESIAN_POINT('',(-5.5187958610409,0.799999999999999,9.91687272576995));
#2665=CARTESIAN_POINT('',(-5.74691631258078,0.799999999999999,10.1017503652628));
#2666=ORIENTED_EDGE('',*,*,#4220,.F.);
#2667=ORIENTED_EDGE('',*,*,#4259,.F.);
#2668=ORIENTED_EDGE('',*,*,#4260,.F.);
#2669=ORIENTED_EDGE('',*,*,#4261,.T.);
#2670=CARTESIAN_POINT('',(-5.74637886948422,0.799999999999999,9.37567580395972));
#2671=CARTESIAN_POINT('',(-5.5187958610409,0.799999999999999,9.54786167950968));
#2672=CARTESIAN_POINT('',(-5.5187958610409,0.799999999999999,9.7393125));
#2673=ORIENTED_EDGE('',*,*,#4221,.F.);
#2674=ORIENTED_EDGE('',*,*,#4261,.F.);
#2675=ORIENTED_EDGE('',*,*,#4262,.F.);
#2676=ORIENTED_EDGE('',*,*,#4263,.T.);
#2677=ORIENTED_EDGE('',*,*,#4222,.F.);
#2678=ORIENTED_EDGE('',*,*,#4263,.F.);
#2679=ORIENTED_EDGE('',*,*,#4264,.F.);
#2680=ORIENTED_EDGE('',*,*,#4265,.T.);
#2681=ORIENTED_EDGE('',*,*,#4223,.F.);
#2682=ORIENTED_EDGE('',*,*,#4265,.F.);
#2683=ORIENTED_EDGE('',*,*,#4266,.F.);
#2684=ORIENTED_EDGE('',*,*,#4267,.T.);
#2685=CARTESIAN_POINT('',(-3.98859471566056,0.799999999999999,8.35244111416291));
#2686=CARTESIAN_POINT('',(-4.10410186324074,0.799999999999999,8.493125));
#2687=CARTESIAN_POINT('',(-4.31047686324074,0.799999999999999,8.493125));
#2688=ORIENTED_EDGE('',*,*,#4224,.F.);
#2689=ORIENTED_EDGE('',*,*,#4267,.F.);
#2690=ORIENTED_EDGE('',*,*,#4268,.F.);
#2691=ORIENTED_EDGE('',*,*,#4269,.T.);
#2692=CARTESIAN_POINT('',(-3.87308752770756,0.8,8.05523960351975));
#2693=CARTESIAN_POINT('',(-3.87308752770756,0.799999999999999,8.211757187953));
#2694=CARTESIAN_POINT('',(-3.98859471566056,0.799999999999999,8.35244111416291));
#2695=ORIENTED_EDGE('',*,*,#4225,.F.);
#2696=ORIENTED_EDGE('',*,*,#4269,.F.);
#2697=ORIENTED_EDGE('',*,*,#4270,.F.);
#2698=ORIENTED_EDGE('',*,*,#4271,.T.);
#2699=CARTESIAN_POINT('',(-3.99326625567735,0.8,7.7318278102032));
#2700=CARTESIAN_POINT('',(-3.87308752770756,0.8,7.86643457598993));
#2701=CARTESIAN_POINT('',(-3.87308752770756,0.8,8.05523960351975));
#2702=ORIENTED_EDGE('',*,*,#4226,.F.);
#2703=ORIENTED_EDGE('',*,*,#4271,.F.);
#2704=ORIENTED_EDGE('',*,*,#4272,.F.);
#2705=ORIENTED_EDGE('',*,*,#4273,.T.);
#2706=CARTESIAN_POINT('',(-4.31039417968742,0.8,7.61735416666667));
#2707=CARTESIAN_POINT('',(-4.10761587388391,0.8,7.61735416666667));
#2708=CARTESIAN_POINT('',(-3.99326625567735,0.8,7.7318278102032));
#2709=ORIENTED_EDGE('',*,*,#4227,.F.);
#2710=ORIENTED_EDGE('',*,*,#4273,.F.);
#2711=ORIENTED_EDGE('',*,*,#4274,.F.);
#2712=ORIENTED_EDGE('',*,*,#4275,.T.);
#2713=ORIENTED_EDGE('',*,*,#4228,.F.);
#2714=ORIENTED_EDGE('',*,*,#4275,.F.);
#2715=ORIENTED_EDGE('',*,*,#4276,.F.);
#2716=ORIENTED_EDGE('',*,*,#4277,.T.);
#2717=CARTESIAN_POINT('',(-8.70090656588055,0.8,7.72397299375652));
#2718=CARTESIAN_POINT('',(-8.56295115655729,0.8,7.61735416666667));
#2719=CARTESIAN_POINT('',(-8.35173924943387,0.8,7.61735416666667));
#2720=ORIENTED_EDGE('',*,*,#4229,.F.);
#2721=ORIENTED_EDGE('',*,*,#4277,.F.);
#2722=ORIENTED_EDGE('',*,*,#4278,.F.);
#2723=ORIENTED_EDGE('',*,*,#4279,.T.);
#2724=CARTESIAN_POINT('',(-8.83931669437423,0.8,8.0162962554996));
#2725=CARTESIAN_POINT('',(-8.83931669437423,0.8,7.85618197686987));
#2726=CARTESIAN_POINT('',(-8.70090656588055,0.8,7.72397299375652));
#2727=ORIENTED_EDGE('',*,*,#4230,.F.);
#2728=ORIENTED_EDGE('',*,*,#4279,.F.);
#2729=ORIENTED_EDGE('',*,*,#4280,.F.);
#2730=ORIENTED_EDGE('',*,*,#4281,.T.);
#2731=CARTESIAN_POINT('',(-8.64951950457743,0.799999999999999,8.35239977238626));
#2732=CARTESIAN_POINT('',(-8.83931669437423,0.799999999999999,8.24602899595636));
#2733=CARTESIAN_POINT('',(-8.83931669437423,0.8,8.0162962554996));
#2734=ORIENTED_EDGE('',*,*,#4231,.F.);
#2735=ORIENTED_EDGE('',*,*,#4281,.F.);
#2736=ORIENTED_EDGE('',*,*,#4282,.F.);
#2737=ORIENTED_EDGE('',*,*,#4283,.T.);
#2738=ORIENTED_EDGE('',*,*,#4232,.F.);
#2739=ORIENTED_EDGE('',*,*,#4283,.F.);
#2740=ORIENTED_EDGE('',*,*,#4284,.F.);
#2741=ORIENTED_EDGE('',*,*,#4285,.T.);
#2742=ORIENTED_EDGE('',*,*,#4233,.F.);
#2743=ORIENTED_EDGE('',*,*,#4285,.F.);
#2744=ORIENTED_EDGE('',*,*,#4286,.F.);
#2745=ORIENTED_EDGE('',*,*,#4287,.T.);
#2746=CARTESIAN_POINT('',(-8.83931669437423,0.799999999999999,11.4623287848732));
#2747=CARTESIAN_POINT('',(-8.83931669437423,0.799999999999999,11.2660823586633));
#2748=CARTESIAN_POINT('',(-8.59771906588055,0.799999999999999,11.0606582195265));
#2749=ORIENTED_EDGE('',*,*,#4234,.F.);
#2750=ORIENTED_EDGE('',*,*,#4287,.F.);
#2751=ORIENTED_EDGE('',*,*,#4288,.F.);
#2752=ORIENTED_EDGE('',*,*,#4289,.T.);
#2753=CARTESIAN_POINT('',(-8.70603286544058,0.799999999999999,11.7469832681646));
#2754=CARTESIAN_POINT('',(-8.83931669437423,0.799999999999999,11.632695662623));
#2755=CARTESIAN_POINT('',(-8.83931669437423,0.799999999999999,11.4623287848732));
#2756=ORIENTED_EDGE('',*,*,#4211,.F.);
#2757=ORIENTED_EDGE('',*,*,#4289,.F.);
#2758=ORIENTED_EDGE('',*,*,#4290,.F.);
#2759=ORIENTED_EDGE('',*,*,#4243,.T.);
#2760=CARTESIAN_POINT('',(-8.35173924943387,0.799999999999999,11.8612708333333));
#2761=CARTESIAN_POINT('',(-8.5727489961341,0.799999999999999,11.8612708333333));
#2762=CARTESIAN_POINT('',(-8.70603286544058,0.799999999999999,11.7469832681646));
#2763=ORIENTED_EDGE('',*,*,#4188,.F.);
#2764=ORIENTED_EDGE('',*,*,#4291,.F.);
#2765=ORIENTED_EDGE('',*,*,#4292,.F.);
#2766=ORIENTED_EDGE('',*,*,#4293,.T.);
#2767=ORIENTED_EDGE('',*,*,#4189,.F.);
#2768=ORIENTED_EDGE('',*,*,#4293,.F.);
#2769=ORIENTED_EDGE('',*,*,#4294,.F.);
#2770=ORIENTED_EDGE('',*,*,#4295,.T.);
#2771=CARTESIAN_POINT('',(-3.98857404477224,0.8,6.16433732896597));
#2772=CARTESIAN_POINT('',(-4.10406052146408,0.8,6.30502121480306));
#2773=CARTESIAN_POINT('',(-4.31039417968742,0.8,6.30502121480306));
#2774=ORIENTED_EDGE('',*,*,#4190,.F.);
#2775=ORIENTED_EDGE('',*,*,#4295,.F.);
#2776=ORIENTED_EDGE('',*,*,#4296,.F.);
#2777=ORIENTED_EDGE('',*,*,#4297,.T.);
#2778=CARTESIAN_POINT('',(-3.87308752770756,0.8,5.86713581832281));
#2779=CARTESIAN_POINT('',(-3.87308752770756,0.8,6.02365340275606));
#2780=CARTESIAN_POINT('',(-3.98857404477224,0.8,6.16433732896597));
#2781=ORIENTED_EDGE('',*,*,#4191,.F.);
#2782=ORIENTED_EDGE('',*,*,#4297,.F.);
#2783=ORIENTED_EDGE('',*,*,#4298,.F.);
#2784=ORIENTED_EDGE('',*,*,#4299,.T.);
#2785=CARTESIAN_POINT('',(-3.99339028100733,0.8,5.5436826832296));
#2786=CARTESIAN_POINT('',(-3.87308752770756,0.8,5.67828944901633));
#2787=CARTESIAN_POINT('',(-3.87308752770756,0.8,5.86713581832281));
#2788=ORIENTED_EDGE('',*,*,#4192,.F.);
#2789=ORIENTED_EDGE('',*,*,#4299,.F.);
#2790=ORIENTED_EDGE('',*,*,#4300,.F.);
#2791=ORIENTED_EDGE('',*,*,#4301,.T.);
#2792=CARTESIAN_POINT('',(-4.31047686324074,0.8,5.42925038146973));
#2793=CARTESIAN_POINT('',(-4.10765721566057,0.8,5.42925038146973));
#2794=CARTESIAN_POINT('',(-3.99339028100733,0.8,5.5436826832296));
#2795=ORIENTED_EDGE('',*,*,#4193,.F.);
#2796=ORIENTED_EDGE('',*,*,#4301,.F.);
#2797=ORIENTED_EDGE('',*,*,#4302,.F.);
#2798=ORIENTED_EDGE('',*,*,#4303,.T.);
#2799=ORIENTED_EDGE('',*,*,#4194,.F.);
#2800=ORIENTED_EDGE('',*,*,#4303,.F.);
#2801=ORIENTED_EDGE('',*,*,#4304,.F.);
#2802=ORIENTED_EDGE('',*,*,#4305,.T.);
#2803=ORIENTED_EDGE('',*,*,#4195,.F.);
#2804=ORIENTED_EDGE('',*,*,#4305,.F.);
#2805=ORIENTED_EDGE('',*,*,#4306,.F.);
#2806=ORIENTED_EDGE('',*,*,#4307,.T.);
#2807=CARTESIAN_POINT('',(-5.5187958610409,0.8,4.18306288146973));
#2808=CARTESIAN_POINT('',(-5.5187958610409,0.8,4.36062310723967));
#2809=CARTESIAN_POINT('',(-5.74691631258079,0.8,4.54550074673256));
#2810=ORIENTED_EDGE('',*,*,#4196,.F.);
#2811=ORIENTED_EDGE('',*,*,#4307,.F.);
#2812=ORIENTED_EDGE('',*,*,#4308,.F.);
#2813=ORIENTED_EDGE('',*,*,#4309,.T.);
#2814=CARTESIAN_POINT('',(-5.74637886948422,0.8,3.81942618542944));
#2815=CARTESIAN_POINT('',(-5.5187958610409,0.8,3.9916120609794));
#2816=CARTESIAN_POINT('',(-5.5187958610409,0.8,4.18306288146973));
#2817=ORIENTED_EDGE('',*,*,#4197,.F.);
#2818=ORIENTED_EDGE('',*,*,#4309,.F.);
#2819=ORIENTED_EDGE('',*,*,#4310,.F.);
#2820=ORIENTED_EDGE('',*,*,#4311,.T.);
#2821=ORIENTED_EDGE('',*,*,#4198,.F.);
#2822=ORIENTED_EDGE('',*,*,#4311,.F.);
#2823=ORIENTED_EDGE('',*,*,#4312,.F.);
#2824=ORIENTED_EDGE('',*,*,#4313,.T.);
#2825=ORIENTED_EDGE('',*,*,#4199,.F.);
#2826=ORIENTED_EDGE('',*,*,#4313,.F.);
#2827=ORIENTED_EDGE('',*,*,#4314,.F.);
#2828=ORIENTED_EDGE('',*,*,#4315,.T.);
#2829=CARTESIAN_POINT('',(-3.98859471566056,0.8,2.79619149563264));
#2830=CARTESIAN_POINT('',(-4.10410186324074,0.8,2.93687538146973));
#2831=CARTESIAN_POINT('',(-4.31047686324074,0.8,2.93687538146973));
#2832=ORIENTED_EDGE('',*,*,#4200,.F.);
#2833=ORIENTED_EDGE('',*,*,#4315,.F.);
#2834=ORIENTED_EDGE('',*,*,#4316,.F.);
#2835=ORIENTED_EDGE('',*,*,#4317,.T.);
#2836=CARTESIAN_POINT('',(-3.87308752770756,0.8,2.49898998498948));
#2837=CARTESIAN_POINT('',(-3.87308752770756,0.8,2.65550756942273));
#2838=CARTESIAN_POINT('',(-3.98859471566056,0.8,2.79619149563264));
#2839=ORIENTED_EDGE('',*,*,#4201,.F.);
#2840=ORIENTED_EDGE('',*,*,#4317,.F.);
#2841=ORIENTED_EDGE('',*,*,#4318,.F.);
#2842=ORIENTED_EDGE('',*,*,#4319,.T.);
#2843=CARTESIAN_POINT('',(-3.99326625567735,0.8,2.17557819167293));
#2844=CARTESIAN_POINT('',(-3.87308752770756,0.8,2.31018495745966));
#2845=CARTESIAN_POINT('',(-3.87308752770756,0.8,2.49898998498948));
#2846=ORIENTED_EDGE('',*,*,#4202,.F.);
#2847=ORIENTED_EDGE('',*,*,#4319,.F.);
#2848=ORIENTED_EDGE('',*,*,#4320,.F.);
#2849=ORIENTED_EDGE('',*,*,#4321,.T.);
#2850=CARTESIAN_POINT('',(-4.31039417968742,0.8,2.06110454813639));
#2851=CARTESIAN_POINT('',(-4.10761587388391,0.8,2.06110454813639));
#2852=CARTESIAN_POINT('',(-3.99326625567735,0.8,2.17557819167293));
#2853=ORIENTED_EDGE('',*,*,#4203,.F.);
#2854=ORIENTED_EDGE('',*,*,#4321,.F.);
#2855=ORIENTED_EDGE('',*,*,#4322,.F.);
#2856=ORIENTED_EDGE('',*,*,#4323,.T.);
#2857=ORIENTED_EDGE('',*,*,#4204,.F.);
#2858=ORIENTED_EDGE('',*,*,#4323,.F.);
#2859=ORIENTED_EDGE('',*,*,#4324,.F.);
#2860=ORIENTED_EDGE('',*,*,#4325,.T.);
#2861=CARTESIAN_POINT('',(-8.70090656588055,0.8,2.16772337522624));
#2862=CARTESIAN_POINT('',(-8.56295115655729,0.8,2.06110454813639));
#2863=CARTESIAN_POINT('',(-8.35173924943387,0.8,2.06110454813639));
#2864=ORIENTED_EDGE('',*,*,#4205,.F.);
#2865=ORIENTED_EDGE('',*,*,#4325,.F.);
#2866=ORIENTED_EDGE('',*,*,#4326,.F.);
#2867=ORIENTED_EDGE('',*,*,#4327,.T.);
#2868=CARTESIAN_POINT('',(-8.83931669437423,0.8,2.46004663696933));
#2869=CARTESIAN_POINT('',(-8.83931669437423,0.8,2.29993235833959));
#2870=CARTESIAN_POINT('',(-8.70090656588055,0.8,2.16772337522624));
#2871=ORIENTED_EDGE('',*,*,#4206,.F.);
#2872=ORIENTED_EDGE('',*,*,#4327,.F.);
#2873=ORIENTED_EDGE('',*,*,#4328,.F.);
#2874=ORIENTED_EDGE('',*,*,#4329,.T.);
#2875=CARTESIAN_POINT('',(-8.64951950457743,0.8,2.79615015385598));
#2876=CARTESIAN_POINT('',(-8.83931669437423,0.8,2.68977937742609));
#2877=CARTESIAN_POINT('',(-8.83931669437423,0.8,2.46004663696933));
#2878=ORIENTED_EDGE('',*,*,#4207,.F.);
#2879=ORIENTED_EDGE('',*,*,#4329,.F.);
#2880=ORIENTED_EDGE('',*,*,#4330,.F.);
#2881=ORIENTED_EDGE('',*,*,#4331,.T.);
#2882=ORIENTED_EDGE('',*,*,#4208,.F.);
#2883=ORIENTED_EDGE('',*,*,#4331,.F.);
#2884=ORIENTED_EDGE('',*,*,#4332,.F.);
#2885=ORIENTED_EDGE('',*,*,#4333,.T.);
#2886=ORIENTED_EDGE('',*,*,#4209,.F.);
#2887=ORIENTED_EDGE('',*,*,#4333,.F.);
#2888=ORIENTED_EDGE('',*,*,#4334,.F.);
#2889=ORIENTED_EDGE('',*,*,#4335,.T.);
#2890=CARTESIAN_POINT('',(-8.83931669437423,0.8,5.90607916634295));
#2891=CARTESIAN_POINT('',(-8.83931669437423,0.8,5.70983274013304));
#2892=CARTESIAN_POINT('',(-8.59771906588055,0.8,5.50440860099619));
#2893=ORIENTED_EDGE('',*,*,#4210,.F.);
#2894=ORIENTED_EDGE('',*,*,#4335,.F.);
#2895=ORIENTED_EDGE('',*,*,#4336,.F.);
#2896=ORIENTED_EDGE('',*,*,#4337,.T.);
#2897=CARTESIAN_POINT('',(-8.70603286544058,0.8,6.19073364963432));
#2898=CARTESIAN_POINT('',(-8.83931669437423,0.8,6.07644604409276));
#2899=CARTESIAN_POINT('',(-8.83931669437423,0.8,5.90607916634295));
#2900=ORIENTED_EDGE('',*,*,#4187,.F.);
#2901=ORIENTED_EDGE('',*,*,#4337,.F.);
#2902=ORIENTED_EDGE('',*,*,#4338,.F.);
#2903=ORIENTED_EDGE('',*,*,#4291,.T.);
#2904=CARTESIAN_POINT('',(-8.35173924943387,0.8,6.30502121480306));
#2905=CARTESIAN_POINT('',(-8.5727489961341,0.8,6.30502121480306));
#2906=CARTESIAN_POINT('',(-8.70603286544058,0.8,6.19073364963432));
#2907=ORIENTED_EDGE('',*,*,#4160,.F.);
#2908=ORIENTED_EDGE('',*,*,#4339,.F.);
#2909=ORIENTED_EDGE('',*,*,#4340,.F.);
#2910=ORIENTED_EDGE('',*,*,#4341,.T.);
#2911=ORIENTED_EDGE('',*,*,#4161,.F.);
#2912=ORIENTED_EDGE('',*,*,#4341,.F.);
#2913=ORIENTED_EDGE('',*,*,#4342,.F.);
#2914=ORIENTED_EDGE('',*,*,#4343,.T.);
#2915=CARTESIAN_POINT('',(-7.59172361434066,0.8,-3.97226296573339));
#2916=CARTESIAN_POINT('',(-8.1143583610409,0.8,-4.49965197637656));
#2917=CARTESIAN_POINT('',(-8.1143583610409,0.8,-5.22882709018343));
#2918=ORIENTED_EDGE('',*,*,#4162,.F.);
#2919=ORIENTED_EDGE('',*,*,#4343,.F.);
#2920=ORIENTED_EDGE('',*,*,#4344,.F.);
#2921=ORIENTED_EDGE('',*,*,#4345,.T.);
#2922=CARTESIAN_POINT('',(-6.33193487168406,0.8,-3.44487399546305));
#2923=CARTESIAN_POINT('',(-7.06908886764042,0.8,-3.44487399546305));
#2924=CARTESIAN_POINT('',(-7.59172361434066,0.8,-3.97226296573339));
#2925=ORIENTED_EDGE('',*,*,#4163,.F.);
#2926=ORIENTED_EDGE('',*,*,#4345,.F.);
#2927=ORIENTED_EDGE('',*,*,#4346,.F.);
#2928=ORIENTED_EDGE('',*,*,#4347,.T.);
#2929=ORIENTED_EDGE('',*,*,#4164,.F.);
#2930=ORIENTED_EDGE('',*,*,#4347,.F.);
#2931=ORIENTED_EDGE('',*,*,#4348,.F.);
#2932=ORIENTED_EDGE('',*,*,#4349,.T.);
#2933=CARTESIAN_POINT('',(-4.40037318390908,0.8,-3.96947243618175));
#2934=CARTESIAN_POINT('',(-4.9276588401106,0.8,-3.44487399546305));
#2935=CARTESIAN_POINT('',(-5.65815689077056,0.8,-3.44487399546305));
#2936=ORIENTED_EDGE('',*,*,#4165,.F.);
#2937=ORIENTED_EDGE('',*,*,#4349,.F.);
#2938=ORIENTED_EDGE('',*,*,#4350,.F.);
#2939=ORIENTED_EDGE('',*,*,#4351,.T.);
#2940=CARTESIAN_POINT('',(-3.87308752770756,0.8,-5.22948855860997));
#2941=CARTESIAN_POINT('',(-3.87308752770756,0.8,-4.49407091727328));
#2942=CARTESIAN_POINT('',(-4.40037318390908,0.8,-3.96947243618175));
#2943=ORIENTED_EDGE('',*,*,#4166,.F.);
#2944=ORIENTED_EDGE('',*,*,#4351,.F.);
#2945=ORIENTED_EDGE('',*,*,#4352,.F.);
#2946=ORIENTED_EDGE('',*,*,#4353,.T.);
#2947=ORIENTED_EDGE('',*,*,#4167,.F.);
#2948=ORIENTED_EDGE('',*,*,#4353,.F.);
#2949=ORIENTED_EDGE('',*,*,#4354,.F.);
#2950=ORIENTED_EDGE('',*,*,#4355,.T.);
#2951=CARTESIAN_POINT('',(-3.9930182050174,0.800000000000001,-6.89454456080981));
#2952=CARTESIAN_POINT('',(-3.87308752770756,0.800000000000001,-6.77473790882996));
#2953=CARTESIAN_POINT('',(-3.87308752770756,0.800000000000001,-6.5767551683732));
#2954=ORIENTED_EDGE('',*,*,#4168,.F.);
#2955=ORIENTED_EDGE('',*,*,#4355,.F.);
#2956=ORIENTED_EDGE('',*,*,#4356,.F.);
#2957=ORIENTED_EDGE('',*,*,#4357,.T.);
#2958=CARTESIAN_POINT('',(-4.31097296456064,0.800000000000001,-7.01410316212972));
#2959=CARTESIAN_POINT('',(-4.13275127036416,0.800000000000001,-7.01410316212972));
#2960=CARTESIAN_POINT('',(-3.9930182050174,0.800000000000001,-6.89454456080981));
#2961=ORIENTED_EDGE('',*,*,#4169,.F.);
#2962=ORIENTED_EDGE('',*,*,#4357,.F.);
#2963=ORIENTED_EDGE('',*,*,#4358,.F.);
#2964=ORIENTED_EDGE('',*,*,#4359,.T.);
#2965=CARTESIAN_POINT('',(-4.60602470281755,0.800000000000001,-6.89905073371996));
#2966=CARTESIAN_POINT('',(-4.46583687792755,0.800000000000001,-7.01410316212972));
#2967=CARTESIAN_POINT('',(-4.31097296456064,0.800000000000001,-7.01410316212972));
#2968=ORIENTED_EDGE('',*,*,#4170,.F.);
#2969=ORIENTED_EDGE('',*,*,#4359,.F.);
#2970=ORIENTED_EDGE('',*,*,#4360,.F.);
#2971=ORIENTED_EDGE('',*,*,#4361,.T.);
#2972=CARTESIAN_POINT('',(-4.74621252770756,0.800000000000001,-6.57687919370318));
#2973=CARTESIAN_POINT('',(-4.74621252770756,0.800000000000001,-6.78399830531021));
#2974=CARTESIAN_POINT('',(-4.60602470281755,0.800000000000001,-6.89905073371996));
#2975=ORIENTED_EDGE('',*,*,#4171,.F.);
#2976=ORIENTED_EDGE('',*,*,#4361,.F.);
#2977=ORIENTED_EDGE('',*,*,#4362,.F.);
#2978=ORIENTED_EDGE('',*,*,#4363,.T.);
#2979=ORIENTED_EDGE('',*,*,#4172,.F.);
#2980=ORIENTED_EDGE('',*,*,#4363,.F.);
#2981=ORIENTED_EDGE('',*,*,#4364,.F.);
#2982=ORIENTED_EDGE('',*,*,#4365,.T.);
#2983=CARTESIAN_POINT('',(-5.00581425769917,0.8,-4.58892817039502));
#2984=CARTESIAN_POINT('',(-4.74621252770756,0.8,-4.85721155236649));
#2985=CARTESIAN_POINT('',(-4.74621252770756,0.8,-5.23015002703651));
#2986=ORIENTED_EDGE('',*,*,#4173,.F.);
#2987=ORIENTED_EDGE('',*,*,#4365,.F.);
#2988=ORIENTED_EDGE('',*,*,#4366,.F.);
#2989=ORIENTED_EDGE('',*,*,#4367,.T.);
#2990=CARTESIAN_POINT('',(-5.65836359965385,0.8,-4.32064482879639));
#2991=CARTESIAN_POINT('',(-5.26541598769078,0.8,-4.32064482879639));
#2992=CARTESIAN_POINT('',(-5.00581425769917,0.8,-4.58892817039502));
#2993=ORIENTED_EDGE('',*,*,#4174,.F.);
#2994=ORIENTED_EDGE('',*,*,#4367,.F.);
#2995=ORIENTED_EDGE('',*,*,#4368,.F.);
#2996=ORIENTED_EDGE('',*,*,#4369,.T.);
#2997=ORIENTED_EDGE('',*,*,#4175,.F.);
#2998=ORIENTED_EDGE('',*,*,#4369,.F.);
#2999=ORIENTED_EDGE('',*,*,#4370,.F.);
#3000=ORIENTED_EDGE('',*,*,#4371,.T.);
#3001=CARTESIAN_POINT('',(-6.97472767546576,0.8,-4.58280966819518));
#3002=CARTESIAN_POINT('',(-6.70822198989062,0.8,-4.32064482879639));
#3003=CARTESIAN_POINT('',(-6.33172816280077,0.8,-4.32064482879639));
#3004=ORIENTED_EDGE('',*,*,#4176,.F.);
#3005=ORIENTED_EDGE('',*,*,#4371,.F.);
#3006=ORIENTED_EDGE('',*,*,#4372,.F.);
#3007=ORIENTED_EDGE('',*,*,#4373,.T.);
#3008=CARTESIAN_POINT('',(-7.2412333610409,0.8,-5.23015002703651));
#3009=CARTESIAN_POINT('',(-7.2412333610409,0.8,-4.8449745479668));
#3010=CARTESIAN_POINT('',(-6.97472767546576,0.8,-4.58280966819518));
#3011=ORIENTED_EDGE('',*,*,#4177,.F.);
#3012=ORIENTED_EDGE('',*,*,#4373,.F.);
#3013=ORIENTED_EDGE('',*,*,#4374,.F.);
#3014=ORIENTED_EDGE('',*,*,#4375,.T.);
#3015=ORIENTED_EDGE('',*,*,#4178,.F.);
#3016=ORIENTED_EDGE('',*,*,#4375,.F.);
#3017=ORIENTED_EDGE('',*,*,#4376,.F.);
#3018=ORIENTED_EDGE('',*,*,#4377,.T.);
#3019=CARTESIAN_POINT('',(-7.67858135479741,0.800000000000001,-7.01410316212972));
#3020=CARTESIAN_POINT('',(-7.2412333610409,0.800000000000001,-7.01410316212972));
#3021=CARTESIAN_POINT('',(-7.2412333610409,0.800000000000001,-6.57687919370318));
#3022=ORIENTED_EDGE('',*,*,#4179,.F.);
#3023=ORIENTED_EDGE('',*,*,#4377,.F.);
#3024=ORIENTED_EDGE('',*,*,#4378,.F.);
#3025=ORIENTED_EDGE('',*,*,#4379,.T.);
#3026=ORIENTED_EDGE('',*,*,#4180,.F.);
#3027=ORIENTED_EDGE('',*,*,#4379,.F.);
#3028=ORIENTED_EDGE('',*,*,#4380,.F.);
#3029=ORIENTED_EDGE('',*,*,#4381,.T.);
#3030=CARTESIAN_POINT('',(-10.8078166943742,0.800000000000001,-6.5767551683732));
#3031=CARTESIAN_POINT('',(-10.8078166943742,0.800000000000001,-7.01410316212972));
#3032=CARTESIAN_POINT('',(-10.3731145743239,0.800000000000001,-7.01410316212972));
#3033=ORIENTED_EDGE('',*,*,#4181,.F.);
#3034=ORIENTED_EDGE('',*,*,#4381,.F.);
#3035=ORIENTED_EDGE('',*,*,#4382,.F.);
#3036=ORIENTED_EDGE('',*,*,#4383,.T.);
#3037=ORIENTED_EDGE('',*,*,#4182,.F.);
#3038=ORIENTED_EDGE('',*,*,#4383,.F.);
#3039=ORIENTED_EDGE('',*,*,#4384,.F.);
#3040=ORIENTED_EDGE('',*,*,#4385,.T.);
#3041=CARTESIAN_POINT('',(-10.674057435009,0.8,-3.57220468930349));
#3042=CARTESIAN_POINT('',(-10.8078166943742,0.8,-3.69953542351677));
#3043=CARTESIAN_POINT('',(-10.8078166943742,0.8,-3.88222194884674));
#3044=ORIENTED_EDGE('',*,*,#4183,.F.);
#3045=ORIENTED_EDGE('',*,*,#4385,.F.);
#3046=ORIENTED_EDGE('',*,*,#4386,.F.);
#3047=ORIENTED_EDGE('',*,*,#4387,.T.);
#3048=CARTESIAN_POINT('',(-10.3725771312273,0.8,-3.44487399546305));
#3049=CARTESIAN_POINT('',(-10.5402981756438,0.8,-3.44487399546305));
#3050=CARTESIAN_POINT('',(-10.674057435009,0.8,-3.57220468930349));
#3051=ORIENTED_EDGE('',*,*,#4184,.F.);
#3052=ORIENTED_EDGE('',*,*,#4387,.F.);
#3053=ORIENTED_EDGE('',*,*,#4388,.F.);
#3054=ORIENTED_EDGE('',*,*,#4389,.T.);
#3055=CARTESIAN_POINT('',(-10.0796544540955,0.8,-3.55494478015825));
#3056=CARTESIAN_POINT('',(-10.2246171734439,0.8,-3.44487399546305));
#3057=CARTESIAN_POINT('',(-10.3725771312273,0.8,-3.44487399546305));
#3058=ORIENTED_EDGE('',*,*,#4185,.F.);
#3059=ORIENTED_EDGE('',*,*,#4389,.F.);
#3060=ORIENTED_EDGE('',*,*,#4390,.F.);
#3061=ORIENTED_EDGE('',*,*,#4391,.T.);
#3062=CARTESIAN_POINT('',(-9.93469169437423,0.8,-3.88209792351676));
#3063=CARTESIAN_POINT('',(-9.93469169437423,0.8,-3.66501556485345));
#3064=CARTESIAN_POINT('',(-10.0796544540955,0.8,-3.55494478015825));
#3065=ORIENTED_EDGE('',*,*,#4186,.F.);
#3066=ORIENTED_EDGE('',*,*,#4391,.F.);
#3067=ORIENTED_EDGE('',*,*,#4392,.F.);
#3068=ORIENTED_EDGE('',*,*,#4393,.T.);
#3069=ORIENTED_EDGE('',*,*,#4159,.F.);
#3070=ORIENTED_EDGE('',*,*,#4393,.F.);
#3071=ORIENTED_EDGE('',*,*,#4394,.F.);
#3072=ORIENTED_EDGE('',*,*,#4339,.T.);
#3073=ORIENTED_EDGE('',*,*,#4124,.F.);
#3074=ORIENTED_EDGE('',*,*,#4395,.F.);
#3075=ORIENTED_EDGE('',*,*,#4396,.F.);
#3076=ORIENTED_EDGE('',*,*,#4397,.T.);
#3077=CARTESIAN_POINT('',(-10.0466848716841,0.800000000000001,-11.741752238646));
#3078=CARTESIAN_POINT('',(-9.92675419437423,0.800000000000001,-11.6219869284428));
#3079=CARTESIAN_POINT('',(-9.92675419437423,0.800000000000001,-11.4240868715394));
#3080=ORIENTED_EDGE('',*,*,#4125,.F.);
#3081=ORIENTED_EDGE('',*,*,#4397,.F.);
#3082=ORIENTED_EDGE('',*,*,#4398,.F.);
#3083=ORIENTED_EDGE('',*,*,#4399,.T.);
#3084=CARTESIAN_POINT('',(-10.3646396312273,0.800000000000001,-11.8612694981893));
#3085=CARTESIAN_POINT('',(-10.1864592788075,0.800000000000001,-11.8612694981893));
#3086=CARTESIAN_POINT('',(-10.0466848716841,0.800000000000001,-11.741752238646));
#3087=ORIENTED_EDGE('',*,*,#4126,.F.);
#3088=ORIENTED_EDGE('',*,*,#4399,.F.);
#3089=ORIENTED_EDGE('',*,*,#4400,.F.);
#3090=ORIENTED_EDGE('',*,*,#4401,.T.);
#3091=CARTESIAN_POINT('',(-10.6596913694842,0.800000000000001,-11.7461963988912));
#3092=CARTESIAN_POINT('',(-10.5195035445942,0.800000000000001,-11.8612694981893));
#3093=CARTESIAN_POINT('',(-10.3646396312273,0.800000000000001,-11.8612694981893));
#3094=ORIENTED_EDGE('',*,*,#4127,.F.);
#3095=ORIENTED_EDGE('',*,*,#4401,.F.);
#3096=ORIENTED_EDGE('',*,*,#4402,.F.);
#3097=ORIENTED_EDGE('',*,*,#4403,.T.);
#3098=CARTESIAN_POINT('',(-10.7998791943742,0.800000000000001,-11.4239215044328));
#3099=CARTESIAN_POINT('',(-10.7998791943742,0.800000000000001,-11.6311232995931));
#3100=CARTESIAN_POINT('',(-10.6596913694842,0.800000000000001,-11.7461963988912));
#3101=ORIENTED_EDGE('',*,*,#4128,.F.);
#3102=ORIENTED_EDGE('',*,*,#4403,.F.);
#3103=ORIENTED_EDGE('',*,*,#4404,.F.);
#3104=ORIENTED_EDGE('',*,*,#4405,.T.);
#3105=ORIENTED_EDGE('',*,*,#4129,.F.);
#3106=ORIENTED_EDGE('',*,*,#4405,.F.);
#3107=ORIENTED_EDGE('',*,*,#4406,.F.);
#3108=ORIENTED_EDGE('',*,*,#4407,.T.);
#3109=CARTESIAN_POINT('',(-10.2465279920905,0.800000000000001,-8.73654033152262));
#3110=CARTESIAN_POINT('',(-10.7998791943742,0.800000000000001,-9.24309336933957));
#3111=CARTESIAN_POINT('',(-10.7998791943742,0.800000000000001,-10.0766548946695));
#3112=ORIENTED_EDGE('',*,*,#4130,.F.);
#3113=ORIENTED_EDGE('',*,*,#4407,.F.);
#3114=ORIENTED_EDGE('',*,*,#4408,.F.);
#3115=ORIENTED_EDGE('',*,*,#4409,.T.);
#3116=CARTESIAN_POINT('',(-9.02663345831716,0.800000000000001,-8.29204033152262));
#3117=CARTESIAN_POINT('',(-9.74109114187048,0.800000000000001,-8.29204033152262));
#3118=CARTESIAN_POINT('',(-10.2465279920905,0.800000000000001,-8.73654033152262));
#3119=ORIENTED_EDGE('',*,*,#4131,.F.);
#3120=ORIENTED_EDGE('',*,*,#4409,.F.);
#3121=ORIENTED_EDGE('',*,*,#4410,.F.);
#3122=ORIENTED_EDGE('',*,*,#4411,.T.);
#3123=CARTESIAN_POINT('',(-8.2330488254238,0.800000000000001,-8.46331668798609));
#3124=CARTESIAN_POINT('',(-8.5967682050174,0.800000000000001,-8.29179228086267));
#3125=CARTESIAN_POINT('',(-9.02663345831716,0.800000000000001,-8.29204033152262));
#3126=ORIENTED_EDGE('',*,*,#4132,.F.);
#3127=ORIENTED_EDGE('',*,*,#4411,.F.);
#3128=ORIENTED_EDGE('',*,*,#4412,.F.);
#3129=ORIENTED_EDGE('',*,*,#4413,.T.);
#3130=CARTESIAN_POINT('',(-7.65927502770756,0.800000000000001,-8.94626393468633));
#3131=CARTESIAN_POINT('',(-7.86932940545737,0.800000000000001,-8.63484109510951));
#3132=CARTESIAN_POINT('',(-8.2330488254238,0.800000000000001,-8.46331668798609));
#3133=ORIENTED_EDGE('',*,*,#4133,.F.);
#3134=ORIENTED_EDGE('',*,*,#4413,.F.);
#3135=ORIENTED_EDGE('',*,*,#4414,.F.);
#3136=ORIENTED_EDGE('',*,*,#4415,.T.);
#3137=CARTESIAN_POINT('',(-7.12624298566896,0.800000000000001,-8.49076718358641));
#3138=CARTESIAN_POINT('',(-7.50126917968742,0.800000000000001,-8.68974212668297));
#3139=CARTESIAN_POINT('',(-7.65927502770756,0.800000000000001,-8.94626393468633));
#3140=ORIENTED_EDGE('',*,*,#4134,.F.);
#3141=ORIENTED_EDGE('',*,*,#4415,.F.);
#3142=ORIENTED_EDGE('',*,*,#4416,.F.);
#3143=ORIENTED_EDGE('',*,*,#4417,.T.);
#3144=CARTESIAN_POINT('',(-6.3255683591971,0.800000000000001,-8.29204033152262));
#3145=CARTESIAN_POINT('',(-6.75121679165049,0.800000000000001,-8.29179228086267));
#3146=CARTESIAN_POINT('',(-7.12624298566896,0.800000000000001,-8.49076718358641));
#3147=ORIENTED_EDGE('',*,*,#4135,.F.);
#3148=ORIENTED_EDGE('',*,*,#4417,.F.);
#3149=ORIENTED_EDGE('',*,*,#4418,.F.);
#3150=ORIENTED_EDGE('',*,*,#4419,.T.);
#3151=ORIENTED_EDGE('',*,*,#4136,.F.);
#3152=ORIENTED_EDGE('',*,*,#4419,.F.);
#3153=ORIENTED_EDGE('',*,*,#4420,.F.);
#3154=ORIENTED_EDGE('',*,*,#4421,.T.);
#3155=CARTESIAN_POINT('',(-4.39501950457743,0.800000000000001,-8.81663877224132));
#3156=CARTESIAN_POINT('',(-4.92224314811396,0.800000000000001,-8.29204033152262));
#3157=CARTESIAN_POINT('',(-5.65261717344394,0.800000000000001,-8.29204033152262));
#3158=ORIENTED_EDGE('',*,*,#4137,.F.);
#3159=ORIENTED_EDGE('',*,*,#4421,.F.);
#3160=ORIENTED_EDGE('',*,*,#4422,.F.);
#3161=ORIENTED_EDGE('',*,*,#4423,.T.);
#3162=CARTESIAN_POINT('',(-3.8677958610409,0.800000000000001,-10.0766548946695));
#3163=CARTESIAN_POINT('',(-3.8677958610409,0.800000000000001,-9.34123725333285));
#3164=CARTESIAN_POINT('',(-4.39501950457743,0.800000000000001,-8.81663877224132));
#3165=ORIENTED_EDGE('',*,*,#4138,.F.);
#3166=ORIENTED_EDGE('',*,*,#4423,.F.);
#3167=ORIENTED_EDGE('',*,*,#4424,.F.);
#3168=ORIENTED_EDGE('',*,*,#4425,.T.);
#3169=ORIENTED_EDGE('',*,*,#4139,.F.);
#3170=ORIENTED_EDGE('',*,*,#4425,.F.);
#3171=ORIENTED_EDGE('',*,*,#4426,.F.);
#3172=ORIENTED_EDGE('',*,*,#4427,.T.);
#3173=CARTESIAN_POINT('',(-3.98917350053379,0.800000000000001,-11.7480774093564));
#3174=CARTESIAN_POINT('',(-3.8677958610409,0.800000000000001,-11.620498664856));
#3175=CARTESIAN_POINT('',(-3.8677958610409,0.800000000000001,-11.4239215044328));
#3176=ORIENTED_EDGE('',*,*,#4140,.F.);
#3177=ORIENTED_EDGE('',*,*,#4427,.F.);
#3178=ORIENTED_EDGE('',*,*,#4428,.F.);
#3179=ORIENTED_EDGE('',*,*,#4429,.T.);
#3180=CARTESIAN_POINT('',(-4.30568129789398,0.800000000000001,-11.8612694981893));
#3181=CARTESIAN_POINT('',(-4.13403286544058,0.800000000000001,-11.8612694981893));
#3182=CARTESIAN_POINT('',(-3.98917350053379,0.800000000000001,-11.7480774093564));
#3183=ORIENTED_EDGE('',*,*,#4141,.F.);
#3184=ORIENTED_EDGE('',*,*,#4429,.F.);
#3185=ORIENTED_EDGE('',*,*,#4430,.F.);
#3186=ORIENTED_EDGE('',*,*,#4431,.T.);
#3187=CARTESIAN_POINT('',(-4.5967643063373,0.800000000000001,-11.7517774579945));
#3188=CARTESIAN_POINT('',(-4.45260771126088,0.800000000000001,-11.8612694981893));
#3189=CARTESIAN_POINT('',(-4.30568129789398,0.800000000000001,-11.8612694981893));
#3190=ORIENTED_EDGE('',*,*,#4142,.F.);
#3191=ORIENTED_EDGE('',*,*,#4431,.F.);
#3192=ORIENTED_EDGE('',*,*,#4432,.F.);
#3193=ORIENTED_EDGE('',*,*,#4433,.T.);
#3194=CARTESIAN_POINT('',(-4.7409208610409,0.800000000000001,-11.4240455297628));
#3195=CARTESIAN_POINT('',(-4.7409208610409,0.800000000000001,-11.6422854177997));
#3196=CARTESIAN_POINT('',(-4.5967643063373,0.800000000000001,-11.7517774579945));
#3197=ORIENTED_EDGE('',*,*,#4143,.F.);
#3198=ORIENTED_EDGE('',*,*,#4433,.F.);
#3199=ORIENTED_EDGE('',*,*,#4434,.F.);
#3200=ORIENTED_EDGE('',*,*,#4435,.T.);
#3201=ORIENTED_EDGE('',*,*,#4144,.F.);
#3202=ORIENTED_EDGE('',*,*,#4435,.F.);
#3203=ORIENTED_EDGE('',*,*,#4436,.F.);
#3204=ORIENTED_EDGE('',*,*,#4437,.T.);
#3205=CARTESIAN_POINT('',(-5.00804671363875,0.800000000000001,-9.43493697708098));
#3206=CARTESIAN_POINT('',(-4.7409208610409,0.800000000000001,-9.702062789306));
#3207=CARTESIAN_POINT('',(-4.7409208610409,0.800000000000001,-10.0773163630961));
#3208=ORIENTED_EDGE('',*,*,#4145,.F.);
#3209=ORIENTED_EDGE('',*,*,#4437,.F.);
#3210=ORIENTED_EDGE('',*,*,#4438,.F.);
#3211=ORIENTED_EDGE('',*,*,#4439,.T.);
#3212=CARTESIAN_POINT('',(-5.65307193298719,0.800000000000001,-9.16781116485596));
#3213=CARTESIAN_POINT('',(-5.27517252586377,0.800000000000001,-9.16781116485596));
#3214=CARTESIAN_POINT('',(-5.00804671363875,0.800000000000001,-9.43493697708098));
#3215=ORIENTED_EDGE('',*,*,#4146,.F.);
#3216=ORIENTED_EDGE('',*,*,#4439,.F.);
#3217=ORIENTED_EDGE('',*,*,#4440,.F.);
#3218=ORIENTED_EDGE('',*,*,#4441,.T.);
#3219=ORIENTED_EDGE('',*,*,#4147,.F.);
#3220=ORIENTED_EDGE('',*,*,#4441,.F.);
#3221=ORIENTED_EDGE('',*,*,#4442,.F.);
#3222=ORIENTED_EDGE('',*,*,#4443,.T.);
#3223=CARTESIAN_POINT('',(-6.96714158056736,0.800000000000001,-9.43005868780807));
#3224=CARTESIAN_POINT('',(-6.69834146676049,0.800000000000001,-9.16781116485596));
#3225=CARTESIAN_POINT('',(-6.3264364961341,0.800000000000001,-9.16781116485596));
#3226=ORIENTED_EDGE('',*,*,#4148,.F.);
#3227=ORIENTED_EDGE('',*,*,#4443,.F.);
#3228=ORIENTED_EDGE('',*,*,#4444,.F.);
#3229=ORIENTED_EDGE('',*,*,#4445,.T.);
#3230=CARTESIAN_POINT('',(-7.23594169437423,0.800000000000001,-10.0771509959894));
#3231=CARTESIAN_POINT('',(-7.23594169437423,0.800000000000001,-9.69230625113301));
#3232=CARTESIAN_POINT('',(-6.96714158056736,0.800000000000001,-9.43005868780807));
#3233=ORIENTED_EDGE('',*,*,#4149,.F.);
#3234=ORIENTED_EDGE('',*,*,#4445,.F.);
#3235=ORIENTED_EDGE('',*,*,#4446,.F.);
#3236=ORIENTED_EDGE('',*,*,#4447,.T.);
#3237=ORIENTED_EDGE('',*,*,#4150,.F.);
#3238=ORIENTED_EDGE('',*,*,#4447,.F.);
#3239=ORIENTED_EDGE('',*,*,#4448,.F.);
#3240=ORIENTED_EDGE('',*,*,#4449,.T.);
#3241=CARTESIAN_POINT('',(-7.35731933386712,0.800000000000001,-11.0743821119962));
#3242=CARTESIAN_POINT('',(-7.23594169437423,0.800000000000001,-10.9469273524529));
#3243=CARTESIAN_POINT('',(-7.23594169437423,0.800000000000001,-10.7503915338064));
#3244=ORIENTED_EDGE('',*,*,#4151,.F.);
#3245=ORIENTED_EDGE('',*,*,#4449,.F.);
#3246=ORIENTED_EDGE('',*,*,#4450,.F.);
#3247=ORIENTED_EDGE('',*,*,#4451,.T.);
#3248=CARTESIAN_POINT('',(-7.67382713122731,0.800000000000001,-11.1875328186796));
#3249=CARTESIAN_POINT('',(-7.50222004055057,0.800000000000001,-11.1875328186796));
#3250=CARTESIAN_POINT('',(-7.35731933386712,0.800000000000001,-11.0743821119962));
#3251=ORIENTED_EDGE('',*,*,#4152,.F.);
#3252=ORIENTED_EDGE('',*,*,#4451,.F.);
#3253=ORIENTED_EDGE('',*,*,#4452,.F.);
#3254=ORIENTED_EDGE('',*,*,#4453,.T.);
#3255=CARTESIAN_POINT('',(-7.96488946878231,0.800000000000001,-11.0780821606343));
#3256=CARTESIAN_POINT('',(-7.82071220281756,0.800000000000001,-11.1875328186796));
#3257=CARTESIAN_POINT('',(-7.67382713122731,0.800000000000001,-11.1875328186796));
#3258=ORIENTED_EDGE('',*,*,#4153,.F.);
#3259=ORIENTED_EDGE('',*,*,#4453,.F.);
#3260=ORIENTED_EDGE('',*,*,#4454,.F.);
#3261=ORIENTED_EDGE('',*,*,#4455,.T.);
#3262=CARTESIAN_POINT('',(-8.10906669437423,0.800000000000001,-10.750432875583));
#3263=CARTESIAN_POINT('',(-8.10906669437423,0.800000000000001,-10.9686314622161));
#3264=CARTESIAN_POINT('',(-7.96488946878231,0.800000000000001,-11.0780821606343));
#3265=ORIENTED_EDGE('',*,*,#4154,.F.);
#3266=ORIENTED_EDGE('',*,*,#4455,.F.);
#3267=ORIENTED_EDGE('',*,*,#4456,.F.);
#3268=ORIENTED_EDGE('',*,*,#4457,.T.);
#3269=ORIENTED_EDGE('',*,*,#4155,.F.);
#3270=ORIENTED_EDGE('',*,*,#4457,.F.);
#3271=ORIENTED_EDGE('',*,*,#4458,.F.);
#3272=ORIENTED_EDGE('',*,*,#4459,.T.);
#3273=CARTESIAN_POINT('',(-8.39171614187048,0.800000000000001,-9.42243125113301));
#3274=CARTESIAN_POINT('',(-8.10906669437423,0.800000000000001,-9.67539774708937));
#3275=CARTESIAN_POINT('',(-8.10906669437423,0.800000000000001,-10.0772750213194));
#3276=ORIENTED_EDGE('',*,*,#4156,.F.);
#3277=ORIENTED_EDGE('',*,*,#4459,.F.);
#3278=ORIENTED_EDGE('',*,*,#4460,.F.);
#3279=ORIENTED_EDGE('',*,*,#4461,.T.);
#3280=CARTESIAN_POINT('',(-9.04089612902747,0.800000000000001,-9.19691533152262));
#3281=CARTESIAN_POINT('',(-8.65720895391748,0.800000000000001,-9.19691533152262));
#3282=CARTESIAN_POINT('',(-8.39171614187048,0.800000000000001,-9.42243125113301));
#3283=ORIENTED_EDGE('',*,*,#4157,.F.);
#3284=ORIENTED_EDGE('',*,*,#4461,.F.);
#3285=ORIENTED_EDGE('',*,*,#4462,.F.);
#3286=ORIENTED_EDGE('',*,*,#4463,.T.);
#3287=CARTESIAN_POINT('',(-9.65179423659086,0.800000000000001,-9.40899537558305));
#3288=CARTESIAN_POINT('',(-9.40928708901068,0.800000000000001,-9.19691533152262));
#3289=CARTESIAN_POINT('',(-9.04089612902747,0.800000000000001,-9.19691533152262));
#3290=ORIENTED_EDGE('',*,*,#4158,.F.);
#3291=ORIENTED_EDGE('',*,*,#4463,.F.);
#3292=ORIENTED_EDGE('',*,*,#4464,.F.);
#3293=ORIENTED_EDGE('',*,*,#4465,.T.);
#3294=CARTESIAN_POINT('',(-9.92675419437423,0.800000000000001,-10.0774817302027));
#3295=CARTESIAN_POINT('',(-9.92675419437423,0.800000000000001,-9.64947681647977));
#3296=CARTESIAN_POINT('',(-9.65179423659086,0.800000000000001,-9.40899537558305));
#3297=ORIENTED_EDGE('',*,*,#4123,.F.);
#3298=ORIENTED_EDGE('',*,*,#4465,.F.);
#3299=ORIENTED_EDGE('',*,*,#4466,.F.);
#3300=ORIENTED_EDGE('',*,*,#4395,.T.);
#3301=ORIENTED_EDGE('',*,*,#4467,.F.);
#3302=ORIENTED_EDGE('',*,*,#4115,.T.);
#3303=ORIENTED_EDGE('',*,*,#4468,.T.);
#3304=ORIENTED_EDGE('',*,*,#4469,.T.);
#3305=ORIENTED_EDGE('',*,*,#4467,.T.);
#3306=ORIENTED_EDGE('',*,*,#4470,.F.);
#3307=ORIENTED_EDGE('',*,*,#4471,.F.);
#3308=ORIENTED_EDGE('',*,*,#4116,.T.);
#3309=ORIENTED_EDGE('',*,*,#4472,.T.);
#3310=ORIENTED_EDGE('',*,*,#4473,.T.);
#3311=ORIENTED_EDGE('',*,*,#4474,.T.);
#3312=ORIENTED_EDGE('',*,*,#4475,.T.);
#3313=ORIENTED_EDGE('',*,*,#4476,.T.);
#3314=ORIENTED_EDGE('',*,*,#4477,.T.);
#3315=ORIENTED_EDGE('',*,*,#4478,.T.);
#3316=ORIENTED_EDGE('',*,*,#4479,.T.);
#3317=ORIENTED_EDGE('',*,*,#4480,.T.);
#3318=ORIENTED_EDGE('',*,*,#4481,.T.);
#3319=ORIENTED_EDGE('',*,*,#4482,.T.);
#3320=ORIENTED_EDGE('',*,*,#4483,.T.);
#3321=ORIENTED_EDGE('',*,*,#4484,.F.);
#3322=ORIENTED_EDGE('',*,*,#4117,.T.);
#3323=ORIENTED_EDGE('',*,*,#4471,.T.);
#3324=ORIENTED_EDGE('',*,*,#4485,.T.);
#3325=ORIENTED_EDGE('',*,*,#4484,.T.);
#3326=ORIENTED_EDGE('',*,*,#4486,.F.);
#3327=ORIENTED_EDGE('',*,*,#4487,.F.);
#3328=ORIENTED_EDGE('',*,*,#4118,.T.);
#3329=ORIENTED_EDGE('',*,*,#4488,.F.);
#3330=ORIENTED_EDGE('',*,*,#4119,.T.);
#3331=ORIENTED_EDGE('',*,*,#4487,.T.);
#3332=ORIENTED_EDGE('',*,*,#4489,.T.);
#3333=ORIENTED_EDGE('',*,*,#4490,.F.);
#3334=ORIENTED_EDGE('',*,*,#4120,.T.);
#3335=ORIENTED_EDGE('',*,*,#4488,.T.);
#3336=ORIENTED_EDGE('',*,*,#4491,.F.);
#3337=ORIENTED_EDGE('',*,*,#4492,.T.);
#3338=ORIENTED_EDGE('',*,*,#4493,.T.);
#3339=ORIENTED_EDGE('',*,*,#4494,.T.);
#3340=ORIENTED_EDGE('',*,*,#4495,.T.);
#3341=ORIENTED_EDGE('',*,*,#4496,.F.);
#3342=ORIENTED_EDGE('',*,*,#4121,.T.);
#3343=ORIENTED_EDGE('',*,*,#4490,.T.);
#3344=ORIENTED_EDGE('',*,*,#4497,.T.);
#3345=ORIENTED_EDGE('',*,*,#4468,.F.);
#3346=ORIENTED_EDGE('',*,*,#4122,.T.);
#3347=ORIENTED_EDGE('',*,*,#4496,.T.);
#3348=ORIENTED_EDGE('',*,*,#4498,.F.);
#3349=ORIENTED_EDGE('',*,*,#4499,.T.);
#3350=ORIENTED_EDGE('',*,*,#4500,.T.);
#3351=ORIENTED_EDGE('',*,*,#4235,.F.);
#3352=ORIENTED_EDGE('',*,*,#4501,.T.);
#3353=ORIENTED_EDGE('',*,*,#4502,.F.);
#3354=ORIENTED_EDGE('',*,*,#4503,.F.);
#3355=ORIENTED_EDGE('',*,*,#4236,.F.);
#3356=ORIENTED_EDGE('',*,*,#4503,.T.);
#3357=ORIENTED_EDGE('',*,*,#4504,.F.);
#3358=ORIENTED_EDGE('',*,*,#4505,.F.);
#3359=ORIENTED_EDGE('',*,*,#4237,.F.);
#3360=ORIENTED_EDGE('',*,*,#4505,.T.);
#3361=ORIENTED_EDGE('',*,*,#4506,.F.);
#3362=ORIENTED_EDGE('',*,*,#4507,.F.);
#3363=ORIENTED_EDGE('',*,*,#4238,.F.);
#3364=ORIENTED_EDGE('',*,*,#4507,.T.);
#3365=ORIENTED_EDGE('',*,*,#4508,.F.);
#3366=ORIENTED_EDGE('',*,*,#4501,.F.);
#3367=ORIENTED_EDGE('',*,*,#4509,.F.);
#3368=ORIENTED_EDGE('',*,*,#4239,.F.);
#3369=ORIENTED_EDGE('',*,*,#4510,.T.);
#3370=ORIENTED_EDGE('',*,*,#4511,.T.);
#3371=ORIENTED_EDGE('',*,*,#4512,.F.);
#3372=ORIENTED_EDGE('',*,*,#4240,.F.);
#3373=ORIENTED_EDGE('',*,*,#4509,.T.);
#3374=ORIENTED_EDGE('',*,*,#4513,.T.);
#3375=ORIENTED_EDGE('',*,*,#4514,.F.);
#3376=ORIENTED_EDGE('',*,*,#4241,.F.);
#3377=ORIENTED_EDGE('',*,*,#4512,.T.);
#3378=ORIENTED_EDGE('',*,*,#4515,.T.);
#3379=ORIENTED_EDGE('',*,*,#4510,.F.);
#3380=ORIENTED_EDGE('',*,*,#4242,.F.);
#3381=ORIENTED_EDGE('',*,*,#4514,.T.);
#3382=ORIENTED_EDGE('',*,*,#4516,.T.);
#3383=ORIENTED_EDGE('',*,*,#4290,.T.);
#3384=ORIENTED_EDGE('',*,*,#4288,.T.);
#3385=ORIENTED_EDGE('',*,*,#4286,.T.);
#3386=ORIENTED_EDGE('',*,*,#4284,.T.);
#3387=ORIENTED_EDGE('',*,*,#4282,.T.);
#3388=ORIENTED_EDGE('',*,*,#4280,.T.);
#3389=ORIENTED_EDGE('',*,*,#4278,.T.);
#3390=ORIENTED_EDGE('',*,*,#4276,.T.);
#3391=ORIENTED_EDGE('',*,*,#4274,.T.);
#3392=ORIENTED_EDGE('',*,*,#4272,.T.);
#3393=ORIENTED_EDGE('',*,*,#4270,.T.);
#3394=ORIENTED_EDGE('',*,*,#4268,.T.);
#3395=ORIENTED_EDGE('',*,*,#4266,.T.);
#3396=ORIENTED_EDGE('',*,*,#4264,.T.);
#3397=ORIENTED_EDGE('',*,*,#4262,.T.);
#3398=ORIENTED_EDGE('',*,*,#4260,.T.);
#3399=ORIENTED_EDGE('',*,*,#4258,.T.);
#3400=ORIENTED_EDGE('',*,*,#4256,.T.);
#3401=ORIENTED_EDGE('',*,*,#4254,.T.);
#3402=ORIENTED_EDGE('',*,*,#4252,.T.);
#3403=ORIENTED_EDGE('',*,*,#4250,.T.);
#3404=ORIENTED_EDGE('',*,*,#4248,.T.);
#3405=ORIENTED_EDGE('',*,*,#4246,.T.);
#3406=ORIENTED_EDGE('',*,*,#4244,.T.);
#3407=ORIENTED_EDGE('',*,*,#4338,.T.);
#3408=ORIENTED_EDGE('',*,*,#4336,.T.);
#3409=ORIENTED_EDGE('',*,*,#4334,.T.);
#3410=ORIENTED_EDGE('',*,*,#4332,.T.);
#3411=ORIENTED_EDGE('',*,*,#4330,.T.);
#3412=ORIENTED_EDGE('',*,*,#4328,.T.);
#3413=ORIENTED_EDGE('',*,*,#4326,.T.);
#3414=ORIENTED_EDGE('',*,*,#4324,.T.);
#3415=ORIENTED_EDGE('',*,*,#4322,.T.);
#3416=ORIENTED_EDGE('',*,*,#4320,.T.);
#3417=ORIENTED_EDGE('',*,*,#4318,.T.);
#3418=ORIENTED_EDGE('',*,*,#4316,.T.);
#3419=ORIENTED_EDGE('',*,*,#4314,.T.);
#3420=ORIENTED_EDGE('',*,*,#4312,.T.);
#3421=ORIENTED_EDGE('',*,*,#4310,.T.);
#3422=ORIENTED_EDGE('',*,*,#4308,.T.);
#3423=ORIENTED_EDGE('',*,*,#4306,.T.);
#3424=ORIENTED_EDGE('',*,*,#4304,.T.);
#3425=ORIENTED_EDGE('',*,*,#4302,.T.);
#3426=ORIENTED_EDGE('',*,*,#4300,.T.);
#3427=ORIENTED_EDGE('',*,*,#4298,.T.);
#3428=ORIENTED_EDGE('',*,*,#4296,.T.);
#3429=ORIENTED_EDGE('',*,*,#4294,.T.);
#3430=ORIENTED_EDGE('',*,*,#4292,.T.);
#3431=ORIENTED_EDGE('',*,*,#4394,.T.);
#3432=ORIENTED_EDGE('',*,*,#4392,.T.);
#3433=ORIENTED_EDGE('',*,*,#4390,.T.);
#3434=ORIENTED_EDGE('',*,*,#4388,.T.);
#3435=ORIENTED_EDGE('',*,*,#4386,.T.);
#3436=ORIENTED_EDGE('',*,*,#4384,.T.);
#3437=ORIENTED_EDGE('',*,*,#4382,.T.);
#3438=ORIENTED_EDGE('',*,*,#4380,.T.);
#3439=ORIENTED_EDGE('',*,*,#4378,.T.);
#3440=ORIENTED_EDGE('',*,*,#4376,.T.);
#3441=ORIENTED_EDGE('',*,*,#4374,.T.);
#3442=ORIENTED_EDGE('',*,*,#4372,.T.);
#3443=ORIENTED_EDGE('',*,*,#4370,.T.);
#3444=ORIENTED_EDGE('',*,*,#4368,.T.);
#3445=ORIENTED_EDGE('',*,*,#4366,.T.);
#3446=ORIENTED_EDGE('',*,*,#4364,.T.);
#3447=ORIENTED_EDGE('',*,*,#4362,.T.);
#3448=ORIENTED_EDGE('',*,*,#4360,.T.);
#3449=ORIENTED_EDGE('',*,*,#4358,.T.);
#3450=ORIENTED_EDGE('',*,*,#4356,.T.);
#3451=ORIENTED_EDGE('',*,*,#4354,.T.);
#3452=ORIENTED_EDGE('',*,*,#4352,.T.);
#3453=ORIENTED_EDGE('',*,*,#4350,.T.);
#3454=ORIENTED_EDGE('',*,*,#4348,.T.);
#3455=ORIENTED_EDGE('',*,*,#4346,.T.);
#3456=ORIENTED_EDGE('',*,*,#4344,.T.);
#3457=ORIENTED_EDGE('',*,*,#4342,.T.);
#3458=ORIENTED_EDGE('',*,*,#4340,.T.);
#3459=ORIENTED_EDGE('',*,*,#4466,.T.);
#3460=ORIENTED_EDGE('',*,*,#4464,.T.);
#3461=ORIENTED_EDGE('',*,*,#4462,.T.);
#3462=ORIENTED_EDGE('',*,*,#4460,.T.);
#3463=ORIENTED_EDGE('',*,*,#4458,.T.);
#3464=ORIENTED_EDGE('',*,*,#4456,.T.);
#3465=ORIENTED_EDGE('',*,*,#4454,.T.);
#3466=ORIENTED_EDGE('',*,*,#4452,.T.);
#3467=ORIENTED_EDGE('',*,*,#4450,.T.);
#3468=ORIENTED_EDGE('',*,*,#4448,.T.);
#3469=ORIENTED_EDGE('',*,*,#4446,.T.);
#3470=ORIENTED_EDGE('',*,*,#4444,.T.);
#3471=ORIENTED_EDGE('',*,*,#4442,.T.);
#3472=ORIENTED_EDGE('',*,*,#4440,.T.);
#3473=ORIENTED_EDGE('',*,*,#4438,.T.);
#3474=ORIENTED_EDGE('',*,*,#4436,.T.);
#3475=ORIENTED_EDGE('',*,*,#4434,.T.);
#3476=ORIENTED_EDGE('',*,*,#4432,.T.);
#3477=ORIENTED_EDGE('',*,*,#4430,.T.);
#3478=ORIENTED_EDGE('',*,*,#4428,.T.);
#3479=ORIENTED_EDGE('',*,*,#4426,.T.);
#3480=ORIENTED_EDGE('',*,*,#4424,.T.);
#3481=ORIENTED_EDGE('',*,*,#4422,.T.);
#3482=ORIENTED_EDGE('',*,*,#4420,.T.);
#3483=ORIENTED_EDGE('',*,*,#4418,.T.);
#3484=ORIENTED_EDGE('',*,*,#4416,.T.);
#3485=ORIENTED_EDGE('',*,*,#4414,.T.);
#3486=ORIENTED_EDGE('',*,*,#4412,.T.);
#3487=ORIENTED_EDGE('',*,*,#4410,.T.);
#3488=ORIENTED_EDGE('',*,*,#4408,.T.);
#3489=ORIENTED_EDGE('',*,*,#4406,.T.);
#3490=ORIENTED_EDGE('',*,*,#4404,.T.);
#3491=ORIENTED_EDGE('',*,*,#4402,.T.);
#3492=ORIENTED_EDGE('',*,*,#4400,.T.);
#3493=ORIENTED_EDGE('',*,*,#4398,.T.);
#3494=ORIENTED_EDGE('',*,*,#4396,.T.);
#3495=ORIENTED_EDGE('',*,*,#4469,.F.);
#3496=ORIENTED_EDGE('',*,*,#4498,.T.);
#3497=ORIENTED_EDGE('',*,*,#4497,.F.);
#3498=ORIENTED_EDGE('',*,*,#4491,.T.);
#3499=ORIENTED_EDGE('',*,*,#4489,.F.);
#3500=ORIENTED_EDGE('',*,*,#4486,.T.);
#3501=ORIENTED_EDGE('',*,*,#4485,.F.);
#3502=ORIENTED_EDGE('',*,*,#4470,.T.);
#3503=ORIENTED_EDGE('',*,*,#4517,.T.);
#3504=ORIENTED_EDGE('',*,*,#4518,.F.);
#3505=ORIENTED_EDGE('',*,*,#4519,.T.);
#3506=ORIENTED_EDGE('',*,*,#4520,.F.);
#3507=ORIENTED_EDGE('',*,*,#4521,.T.);
#3508=ORIENTED_EDGE('',*,*,#4522,.F.);
#3509=ORIENTED_EDGE('',*,*,#4523,.T.);
#3510=ORIENTED_EDGE('',*,*,#4524,.F.);
#3511=ORIENTED_EDGE('',*,*,#4472,.F.);
#3512=ORIENTED_EDGE('',*,*,#4525,.F.);
#3513=ORIENTED_EDGE('',*,*,#4526,.F.);
#3514=ORIENTED_EDGE('',*,*,#4527,.T.);
#3515=ORIENTED_EDGE('',*,*,#4473,.F.);
#3516=ORIENTED_EDGE('',*,*,#4527,.F.);
#3517=ORIENTED_EDGE('',*,*,#4528,.F.);
#3518=ORIENTED_EDGE('',*,*,#4529,.T.);
#3519=ORIENTED_EDGE('',*,*,#4474,.F.);
#3520=ORIENTED_EDGE('',*,*,#4529,.F.);
#3521=ORIENTED_EDGE('',*,*,#4530,.F.);
#3522=ORIENTED_EDGE('',*,*,#4531,.T.);
#3523=ORIENTED_EDGE('',*,*,#4532,.T.);
#3524=ORIENTED_EDGE('',*,*,#4533,.T.);
#3525=ORIENTED_EDGE('',*,*,#4475,.F.);
#3526=ORIENTED_EDGE('',*,*,#4531,.F.);
#3527=ORIENTED_EDGE('',*,*,#4534,.T.);
#3528=ORIENTED_EDGE('',*,*,#4535,.T.);
#3529=ORIENTED_EDGE('',*,*,#4476,.F.);
#3530=ORIENTED_EDGE('',*,*,#4533,.F.);
#3531=ORIENTED_EDGE('',*,*,#4536,.T.);
#3532=ORIENTED_EDGE('',*,*,#4537,.T.);
#3533=ORIENTED_EDGE('',*,*,#4477,.F.);
#3534=ORIENTED_EDGE('',*,*,#4535,.F.);
#3535=ORIENTED_EDGE('',*,*,#4538,.T.);
#3536=ORIENTED_EDGE('',*,*,#4539,.T.);
#3537=ORIENTED_EDGE('',*,*,#4478,.F.);
#3538=ORIENTED_EDGE('',*,*,#4537,.F.);
#3539=ORIENTED_EDGE('',*,*,#4540,.T.);
#3540=ORIENTED_EDGE('',*,*,#4525,.T.);
#3541=ORIENTED_EDGE('',*,*,#4479,.F.);
#3542=ORIENTED_EDGE('',*,*,#4539,.F.);
#3543=ORIENTED_EDGE('',*,*,#4541,.F.);
#3544=ORIENTED_EDGE('',*,*,#4542,.T.);
#3545=ORIENTED_EDGE('',*,*,#4543,.F.);
#3546=ORIENTED_EDGE('',*,*,#4480,.F.);
#3547=ORIENTED_EDGE('',*,*,#4544,.T.);
#3548=ORIENTED_EDGE('',*,*,#4545,.T.);
#3549=ORIENTED_EDGE('',*,*,#4481,.F.);
#3550=ORIENTED_EDGE('',*,*,#4543,.T.);
#3551=ORIENTED_EDGE('',*,*,#4546,.T.);
#3552=ORIENTED_EDGE('',*,*,#4547,.F.);
#3553=ORIENTED_EDGE('',*,*,#4548,.F.);
#3554=ORIENTED_EDGE('',*,*,#4549,.T.);
#3555=ORIENTED_EDGE('',*,*,#4550,.F.);
#3556=ORIENTED_EDGE('',*,*,#4482,.F.);
#3557=ORIENTED_EDGE('',*,*,#4547,.T.);
#3558=ORIENTED_EDGE('',*,*,#4551,.T.);
#3559=ORIENTED_EDGE('',*,*,#4483,.F.);
#3560=ORIENTED_EDGE('',*,*,#4550,.T.);
#3561=ORIENTED_EDGE('',*,*,#4552,.T.);
#3562=ORIENTED_EDGE('',*,*,#4544,.F.);
#3563=ORIENTED_EDGE('',*,*,#4553,.F.);
#3564=ORIENTED_EDGE('',*,*,#4554,.F.);
#3565=ORIENTED_EDGE('',*,*,#4492,.F.);
#3566=ORIENTED_EDGE('',*,*,#4555,.T.);
#3567=ORIENTED_EDGE('',*,*,#4556,.F.);
#3568=ORIENTED_EDGE('',*,*,#4557,.F.);
#3569=ORIENTED_EDGE('',*,*,#4493,.F.);
#3570=ORIENTED_EDGE('',*,*,#4554,.T.);
#3571=ORIENTED_EDGE('',*,*,#4558,.F.);
#3572=ORIENTED_EDGE('',*,*,#4559,.F.);
#3573=ORIENTED_EDGE('',*,*,#4560,.F.);
#3574=ORIENTED_EDGE('',*,*,#4561,.F.);
#3575=ORIENTED_EDGE('',*,*,#4494,.F.);
#3576=ORIENTED_EDGE('',*,*,#4557,.T.);
#3577=ORIENTED_EDGE('',*,*,#4562,.F.);
#3578=ORIENTED_EDGE('',*,*,#4563,.F.);
#3579=ORIENTED_EDGE('',*,*,#4564,.F.);
#3580=ORIENTED_EDGE('',*,*,#4555,.F.);
#3581=ORIENTED_EDGE('',*,*,#4495,.F.);
#3582=ORIENTED_EDGE('',*,*,#4561,.T.);
#3583=ORIENTED_EDGE('',*,*,#4565,.F.);
#3584=ORIENTED_EDGE('',*,*,#4499,.F.);
#3585=ORIENTED_EDGE('',*,*,#4566,.F.);
#3586=ORIENTED_EDGE('',*,*,#4567,.F.);
#3587=ORIENTED_EDGE('',*,*,#4565,.T.);
#3588=ORIENTED_EDGE('',*,*,#4568,.F.);
#3589=ORIENTED_EDGE('',*,*,#4566,.T.);
#3590=ORIENTED_EDGE('',*,*,#4500,.F.);
#3591=ORIENTED_EDGE('',*,*,#4569,.T.);
#3592=ORIENTED_EDGE('',*,*,#4570,.T.);
#3593=ORIENTED_EDGE('',*,*,#4571,.T.);
#3594=ORIENTED_EDGE('',*,*,#4572,.T.);
#3595=ORIENTED_EDGE('',*,*,#4508,.T.);
#3596=ORIENTED_EDGE('',*,*,#4506,.T.);
#3597=ORIENTED_EDGE('',*,*,#4504,.T.);
#3598=ORIENTED_EDGE('',*,*,#4502,.T.);
#3599=ORIENTED_EDGE('',*,*,#4573,.T.);
#3600=ORIENTED_EDGE('',*,*,#4574,.T.);
#3601=ORIENTED_EDGE('',*,*,#4575,.F.);
#3602=ORIENTED_EDGE('',*,*,#4576,.F.);
#3603=ORIENTED_EDGE('',*,*,#4577,.T.);
#3604=ORIENTED_EDGE('',*,*,#4578,.F.);
#3605=ORIENTED_EDGE('',*,*,#4579,.F.);
#3606=ORIENTED_EDGE('',*,*,#4580,.F.);
#3607=ORIENTED_EDGE('',*,*,#4516,.F.);
#3608=ORIENTED_EDGE('',*,*,#4515,.F.);
#3609=ORIENTED_EDGE('',*,*,#4513,.F.);
#3610=ORIENTED_EDGE('',*,*,#4511,.F.);
#3611=ORIENTED_EDGE('',*,*,#4581,.F.);
#3612=ORIENTED_EDGE('',*,*,#4582,.T.);
#3613=ORIENTED_EDGE('',*,*,#4517,.F.);
#3614=ORIENTED_EDGE('',*,*,#4583,.F.);
#3615=ORIENTED_EDGE('',*,*,#4584,.F.);
#3616=ORIENTED_EDGE('',*,*,#4585,.F.);
#3617=ORIENTED_EDGE('',*,*,#4586,.F.);
#3618=ORIENTED_EDGE('',*,*,#4587,.T.);
#3619=ORIENTED_EDGE('',*,*,#4588,.F.);
#3620=ORIENTED_EDGE('',*,*,#4589,.T.);
#3621=ORIENTED_EDGE('',*,*,#4590,.F.);
#3622=ORIENTED_EDGE('',*,*,#4591,.T.);
#3623=ORIENTED_EDGE('',*,*,#4518,.T.);
#3624=ORIENTED_EDGE('',*,*,#4582,.F.);
#3625=ORIENTED_EDGE('',*,*,#4592,.F.);
#3626=ORIENTED_EDGE('',*,*,#4593,.T.);
#3627=ORIENTED_EDGE('',*,*,#4526,.T.);
#3628=ORIENTED_EDGE('',*,*,#4540,.F.);
#3629=ORIENTED_EDGE('',*,*,#4538,.F.);
#3630=ORIENTED_EDGE('',*,*,#4536,.F.);
#3631=ORIENTED_EDGE('',*,*,#4534,.F.);
#3632=ORIENTED_EDGE('',*,*,#4532,.F.);
#3633=ORIENTED_EDGE('',*,*,#4530,.T.);
#3634=ORIENTED_EDGE('',*,*,#4528,.T.);
#3635=ORIENTED_EDGE('',*,*,#4594,.F.);
#3636=ORIENTED_EDGE('',*,*,#4595,.F.);
#3637=ORIENTED_EDGE('',*,*,#4596,.F.);
#3638=ORIENTED_EDGE('',*,*,#4597,.T.);
#3639=ORIENTED_EDGE('',*,*,#4541,.T.);
#3640=ORIENTED_EDGE('',*,*,#4598,.T.);
#3641=ORIENTED_EDGE('',*,*,#4548,.T.);
#3642=ORIENTED_EDGE('',*,*,#4599,.T.);
#3643=ORIENTED_EDGE('',*,*,#4600,.F.);
#3644=ORIENTED_EDGE('',*,*,#4601,.T.);
#3645=ORIENTED_EDGE('',*,*,#4519,.F.);
#3646=ORIENTED_EDGE('',*,*,#4591,.F.);
#3647=ORIENTED_EDGE('',*,*,#4602,.F.);
#3648=ORIENTED_EDGE('',*,*,#4603,.T.);
#3649=ORIENTED_EDGE('',*,*,#4520,.T.);
#3650=ORIENTED_EDGE('',*,*,#4601,.F.);
#3651=ORIENTED_EDGE('',*,*,#4604,.F.);
#3652=ORIENTED_EDGE('',*,*,#4605,.T.);
#3653=ORIENTED_EDGE('',*,*,#4521,.F.);
#3654=ORIENTED_EDGE('',*,*,#4603,.F.);
#3655=ORIENTED_EDGE('',*,*,#4606,.F.);
#3656=ORIENTED_EDGE('',*,*,#4607,.T.);
#3657=ORIENTED_EDGE('',*,*,#4608,.F.);
#3658=ORIENTED_EDGE('',*,*,#4609,.T.);
#3659=ORIENTED_EDGE('',*,*,#4522,.T.);
#3660=ORIENTED_EDGE('',*,*,#4605,.F.);
#3661=ORIENTED_EDGE('',*,*,#4610,.F.);
#3662=ORIENTED_EDGE('',*,*,#4611,.F.);
#3663=ORIENTED_EDGE('',*,*,#4612,.F.);
#3664=ORIENTED_EDGE('',*,*,#4613,.F.);
#3665=ORIENTED_EDGE('',*,*,#4614,.F.);
#3666=ORIENTED_EDGE('',*,*,#4615,.T.);
#3667=ORIENTED_EDGE('',*,*,#4616,.T.);
#3668=ORIENTED_EDGE('',*,*,#4559,.T.);
#3669=ORIENTED_EDGE('',*,*,#4617,.T.);
#3670=ORIENTED_EDGE('',*,*,#4563,.T.);
#3671=ORIENTED_EDGE('',*,*,#4618,.F.);
#3672=ORIENTED_EDGE('',*,*,#4619,.T.);
#3673=ORIENTED_EDGE('',*,*,#4523,.F.);
#3674=ORIENTED_EDGE('',*,*,#4609,.F.);
#3675=ORIENTED_EDGE('',*,*,#4620,.F.);
#3676=ORIENTED_EDGE('',*,*,#4583,.T.);
#3677=ORIENTED_EDGE('',*,*,#4524,.T.);
#3678=ORIENTED_EDGE('',*,*,#4619,.F.);
#3679=ORIENTED_EDGE('',*,*,#4599,.F.);
#3680=ORIENTED_EDGE('',*,*,#4551,.F.);
#3681=ORIENTED_EDGE('',*,*,#4546,.F.);
#3682=ORIENTED_EDGE('',*,*,#4542,.F.);
#3683=ORIENTED_EDGE('',*,*,#4598,.F.);
#3684=ORIENTED_EDGE('',*,*,#4545,.F.);
#3685=ORIENTED_EDGE('',*,*,#4552,.F.);
#3686=ORIENTED_EDGE('',*,*,#4549,.F.);
#3687=ORIENTED_EDGE('',*,*,#4617,.F.);
#3688=ORIENTED_EDGE('',*,*,#4558,.T.);
#3689=ORIENTED_EDGE('',*,*,#4553,.T.);
#3690=ORIENTED_EDGE('',*,*,#4564,.T.);
#3691=ORIENTED_EDGE('',*,*,#4616,.F.);
#3692=ORIENTED_EDGE('',*,*,#4562,.T.);
#3693=ORIENTED_EDGE('',*,*,#4560,.T.);
#3694=ORIENTED_EDGE('',*,*,#4556,.T.);
#3695=ORIENTED_EDGE('',*,*,#4621,.F.);
#3696=ORIENTED_EDGE('',*,*,#4622,.T.);
#3697=ORIENTED_EDGE('',*,*,#4623,.T.);
#3698=ORIENTED_EDGE('',*,*,#4624,.T.);
#3699=ORIENTED_EDGE('',*,*,#4625,.F.);
#3700=ORIENTED_EDGE('',*,*,#4626,.F.);
#3701=ORIENTED_EDGE('',*,*,#4627,.F.);
#3702=ORIENTED_EDGE('',*,*,#4628,.T.);
#3703=ORIENTED_EDGE('',*,*,#4568,.T.);
#3704=ORIENTED_EDGE('',*,*,#4567,.T.);
#3705=ORIENTED_EDGE('',*,*,#4629,.T.);
#3706=ORIENTED_EDGE('',*,*,#4630,.T.);
#3707=ORIENTED_EDGE('',*,*,#4569,.F.);
#3708=ORIENTED_EDGE('',*,*,#4631,.F.);
#3709=ORIENTED_EDGE('',*,*,#4632,.T.);
#3710=ORIENTED_EDGE('',*,*,#4633,.T.);
#3711=ORIENTED_EDGE('',*,*,#4570,.F.);
#3712=ORIENTED_EDGE('',*,*,#4630,.F.);
#3713=ORIENTED_EDGE('',*,*,#4634,.T.);
#3714=ORIENTED_EDGE('',*,*,#4635,.T.);
#3715=ORIENTED_EDGE('',*,*,#4571,.F.);
#3716=ORIENTED_EDGE('',*,*,#4633,.F.);
#3717=ORIENTED_EDGE('',*,*,#4636,.T.);
#3718=ORIENTED_EDGE('',*,*,#4631,.T.);
#3719=ORIENTED_EDGE('',*,*,#4572,.F.);
#3720=ORIENTED_EDGE('',*,*,#4635,.F.);
#3721=ORIENTED_EDGE('',*,*,#4637,.F.);
#3722=ORIENTED_EDGE('',*,*,#4638,.F.);
#3723=ORIENTED_EDGE('',*,*,#4574,.F.);
#3724=ORIENTED_EDGE('',*,*,#4573,.F.);
#3725=ORIENTED_EDGE('',*,*,#4639,.F.);
#3726=ORIENTED_EDGE('',*,*,#4640,.T.);
#3727=ORIENTED_EDGE('',*,*,#4641,.F.);
#3728=ORIENTED_EDGE('',*,*,#4638,.T.);
#3729=ORIENTED_EDGE('',*,*,#4642,.T.);
#3730=ORIENTED_EDGE('',*,*,#4575,.T.);
#3731=ORIENTED_EDGE('',*,*,#4643,.T.);
#3732=ORIENTED_EDGE('',*,*,#4644,.T.);
#3733=ORIENTED_EDGE('',*,*,#4576,.T.);
#3734=ORIENTED_EDGE('',*,*,#4642,.F.);
#3735=ORIENTED_EDGE('',*,*,#4637,.T.);
#3736=ORIENTED_EDGE('',*,*,#4645,.F.);
#3737=ORIENTED_EDGE('',*,*,#4646,.T.);
#3738=ORIENTED_EDGE('',*,*,#4647,.F.);
#3739=ORIENTED_EDGE('',*,*,#4577,.F.);
#3740=ORIENTED_EDGE('',*,*,#4644,.F.);
#3741=ORIENTED_EDGE('',*,*,#4648,.T.);
#3742=ORIENTED_EDGE('',*,*,#4649,.T.);
#3743=ORIENTED_EDGE('',*,*,#4650,.T.);
#3744=ORIENTED_EDGE('',*,*,#4578,.T.);
#3745=ORIENTED_EDGE('',*,*,#4647,.T.);
#3746=ORIENTED_EDGE('',*,*,#4651,.T.);
#3747=ORIENTED_EDGE('',*,*,#4652,.T.);
#3748=ORIENTED_EDGE('',*,*,#4579,.T.);
#3749=ORIENTED_EDGE('',*,*,#4650,.F.);
#3750=ORIENTED_EDGE('',*,*,#4653,.T.);
#3751=ORIENTED_EDGE('',*,*,#4639,.T.);
#3752=ORIENTED_EDGE('',*,*,#4580,.T.);
#3753=ORIENTED_EDGE('',*,*,#4652,.F.);
#3754=ORIENTED_EDGE('',*,*,#4654,.T.);
#3755=ORIENTED_EDGE('',*,*,#4592,.T.);
#3756=ORIENTED_EDGE('',*,*,#4581,.T.);
#3757=ORIENTED_EDGE('',*,*,#4620,.T.);
#3758=ORIENTED_EDGE('',*,*,#4618,.T.);
#3759=ORIENTED_EDGE('',*,*,#4608,.T.);
#3760=ORIENTED_EDGE('',*,*,#4655,.T.);
#3761=ORIENTED_EDGE('',*,*,#4656,.T.);
#3762=ORIENTED_EDGE('',*,*,#4657,.T.);
#3763=ORIENTED_EDGE('',*,*,#4626,.T.);
#3764=ORIENTED_EDGE('',*,*,#4658,.T.);
#3765=ORIENTED_EDGE('',*,*,#4659,.T.);
#3766=ORIENTED_EDGE('',*,*,#4660,.T.);
#3767=ORIENTED_EDGE('',*,*,#4661,.F.);
#3768=ORIENTED_EDGE('',*,*,#4662,.F.);
#3769=ORIENTED_EDGE('',*,*,#4584,.T.);
#3770=ORIENTED_EDGE('',*,*,#4663,.F.);
#3771=ORIENTED_EDGE('',*,*,#4664,.F.);
#3772=ORIENTED_EDGE('',*,*,#4665,.F.);
#3773=ORIENTED_EDGE('',*,*,#4585,.T.);
#3774=ORIENTED_EDGE('',*,*,#4666,.F.);
#3775=ORIENTED_EDGE('',*,*,#4667,.F.);
#3776=ORIENTED_EDGE('',*,*,#4668,.F.);
#3777=ORIENTED_EDGE('',*,*,#4669,.F.);
#3778=ORIENTED_EDGE('',*,*,#4586,.T.);
#3779=ORIENTED_EDGE('',*,*,#4670,.T.);
#3780=ORIENTED_EDGE('',*,*,#4671,.F.);
#3781=ORIENTED_EDGE('',*,*,#4672,.F.);
#3782=ORIENTED_EDGE('',*,*,#4587,.F.);
#3783=ORIENTED_EDGE('',*,*,#4673,.F.);
#3784=ORIENTED_EDGE('',*,*,#4674,.T.);
#3785=ORIENTED_EDGE('',*,*,#4675,.T.);
#3786=ORIENTED_EDGE('',*,*,#4588,.T.);
#3787=ORIENTED_EDGE('',*,*,#4676,.T.);
#3788=ORIENTED_EDGE('',*,*,#4677,.F.);
#3789=ORIENTED_EDGE('',*,*,#4678,.F.);
#3790=ORIENTED_EDGE('',*,*,#4589,.F.);
#3791=ORIENTED_EDGE('',*,*,#4675,.F.);
#3792=ORIENTED_EDGE('',*,*,#4679,.F.);
#3793=ORIENTED_EDGE('',*,*,#4678,.T.);
#3794=ORIENTED_EDGE('',*,*,#4680,.T.);
#3795=ORIENTED_EDGE('',*,*,#4681,.T.);
#3796=ORIENTED_EDGE('',*,*,#4682,.T.);
#3797=ORIENTED_EDGE('',*,*,#4683,.T.);
#3798=ORIENTED_EDGE('',*,*,#4684,.T.);
#3799=ORIENTED_EDGE('',*,*,#4685,.T.);
#3800=ORIENTED_EDGE('',*,*,#4610,.T.);
#3801=ORIENTED_EDGE('',*,*,#4604,.T.);
#3802=ORIENTED_EDGE('',*,*,#4602,.T.);
#3803=ORIENTED_EDGE('',*,*,#4600,.T.);
#3804=ORIENTED_EDGE('',*,*,#4590,.T.);
#3805=ORIENTED_EDGE('',*,*,#4660,.F.);
#3806=ORIENTED_EDGE('',*,*,#4593,.F.);
#3807=ORIENTED_EDGE('',*,*,#4654,.F.);
#3808=ORIENTED_EDGE('',*,*,#4686,.F.);
#3809=ORIENTED_EDGE('',*,*,#4687,.T.);
#3810=ORIENTED_EDGE('',*,*,#4688,.T.);
#3811=ORIENTED_EDGE('',*,*,#4689,.T.);
#3812=ORIENTED_EDGE('',*,*,#4594,.T.);
#3813=ORIENTED_EDGE('',*,*,#4689,.F.);
#3814=ORIENTED_EDGE('',*,*,#4690,.F.);
#3815=ORIENTED_EDGE('',*,*,#4691,.F.);
#3816=ORIENTED_EDGE('',*,*,#4595,.T.);
#3817=ORIENTED_EDGE('',*,*,#4692,.T.);
#3818=ORIENTED_EDGE('',*,*,#4596,.T.);
#3819=ORIENTED_EDGE('',*,*,#4691,.T.);
#3820=ORIENTED_EDGE('',*,*,#4693,.F.);
#3821=ORIENTED_EDGE('',*,*,#4692,.F.);
#3822=ORIENTED_EDGE('',*,*,#4694,.F.);
#3823=ORIENTED_EDGE('',*,*,#4687,.F.);
#3824=ORIENTED_EDGE('',*,*,#4597,.F.);
#3825=ORIENTED_EDGE('',*,*,#4695,.T.);
#3826=ORIENTED_EDGE('',*,*,#4606,.T.);
#3827=ORIENTED_EDGE('',*,*,#4696,.T.);
#3828=ORIENTED_EDGE('',*,*,#4697,.F.);
#3829=ORIENTED_EDGE('',*,*,#4695,.F.);
#3830=ORIENTED_EDGE('',*,*,#4698,.F.);
#3831=ORIENTED_EDGE('',*,*,#4655,.F.);
#3832=ORIENTED_EDGE('',*,*,#4607,.F.);
#3833=ORIENTED_EDGE('',*,*,#4699,.F.);
#3834=ORIENTED_EDGE('',*,*,#4611,.T.);
#3835=ORIENTED_EDGE('',*,*,#4685,.F.);
#3836=ORIENTED_EDGE('',*,*,#4700,.F.);
#3837=ORIENTED_EDGE('',*,*,#4699,.T.);
#3838=ORIENTED_EDGE('',*,*,#4701,.F.);
#3839=ORIENTED_EDGE('',*,*,#4702,.F.);
#3840=ORIENTED_EDGE('',*,*,#4612,.T.);
#3841=ORIENTED_EDGE('',*,*,#4703,.F.);
#3842=ORIENTED_EDGE('',*,*,#4704,.F.);
#3843=ORIENTED_EDGE('',*,*,#4705,.F.);
#3844=ORIENTED_EDGE('',*,*,#4613,.T.);
#3845=ORIENTED_EDGE('',*,*,#4706,.F.);
#3846=ORIENTED_EDGE('',*,*,#4707,.F.);
#3847=ORIENTED_EDGE('',*,*,#4708,.F.);
#3848=ORIENTED_EDGE('',*,*,#4614,.T.);
#3849=ORIENTED_EDGE('',*,*,#4709,.T.);
#3850=ORIENTED_EDGE('',*,*,#4710,.F.);
#3851=ORIENTED_EDGE('',*,*,#4711,.F.);
#3852=ORIENTED_EDGE('',*,*,#4615,.F.);
#3853=ORIENTED_EDGE('',*,*,#4712,.F.);
#3854=ORIENTED_EDGE('',*,*,#4713,.T.);
#3855=ORIENTED_EDGE('',*,*,#4714,.T.);
#3856=ORIENTED_EDGE('',*,*,#4621,.T.);
#3857=ORIENTED_EDGE('',*,*,#4715,.F.);
#3858=ORIENTED_EDGE('',*,*,#4716,.T.);
#3859=ORIENTED_EDGE('',*,*,#4714,.F.);
#3860=ORIENTED_EDGE('',*,*,#4717,.T.);
#3861=ORIENTED_EDGE('',*,*,#4718,.T.);
#3862=ORIENTED_EDGE('',*,*,#4622,.F.);
#3863=ORIENTED_EDGE('',*,*,#4719,.F.);
#3864=ORIENTED_EDGE('',*,*,#4720,.F.);
#3865=ORIENTED_EDGE('',*,*,#4721,.F.);
#3866=ORIENTED_EDGE('',*,*,#4623,.F.);
#3867=ORIENTED_EDGE('',*,*,#4718,.F.);
#3868=ORIENTED_EDGE('',*,*,#4722,.T.);
#3869=ORIENTED_EDGE('',*,*,#4723,.T.);
#3870=ORIENTED_EDGE('',*,*,#4724,.F.);
#3871=ORIENTED_EDGE('',*,*,#4725,.F.);
#3872=ORIENTED_EDGE('',*,*,#4726,.F.);
#3873=ORIENTED_EDGE('',*,*,#4727,.F.);
#3874=ORIENTED_EDGE('',*,*,#4624,.F.);
#3875=ORIENTED_EDGE('',*,*,#4728,.T.);
#3876=ORIENTED_EDGE('',*,*,#4664,.T.);
#3877=ORIENTED_EDGE('',*,*,#4729,.F.);
#3878=ORIENTED_EDGE('',*,*,#4730,.T.);
#3879=ORIENTED_EDGE('',*,*,#4731,.T.);
#3880=ORIENTED_EDGE('',*,*,#4658,.F.);
#3881=ORIENTED_EDGE('',*,*,#4625,.T.);
#3882=ORIENTED_EDGE('',*,*,#4732,.T.);
#3883=ORIENTED_EDGE('',*,*,#4627,.T.);
#3884=ORIENTED_EDGE('',*,*,#4657,.F.);
#3885=ORIENTED_EDGE('',*,*,#4733,.F.);
#3886=ORIENTED_EDGE('',*,*,#4715,.T.);
#3887=ORIENTED_EDGE('',*,*,#4628,.F.);
#3888=ORIENTED_EDGE('',*,*,#4734,.F.);
#3889=ORIENTED_EDGE('',*,*,#4735,.T.);
#3890=ORIENTED_EDGE('',*,*,#4736,.F.);
#3891=ORIENTED_EDGE('',*,*,#4671,.T.);
#3892=ORIENTED_EDGE('',*,*,#4737,.T.);
#3893=ORIENTED_EDGE('',*,*,#4720,.T.);
#3894=ORIENTED_EDGE('',*,*,#4738,.F.);
#3895=ORIENTED_EDGE('',*,*,#4739,.F.);
#3896=ORIENTED_EDGE('',*,*,#4740,.F.);
#3897=ORIENTED_EDGE('',*,*,#4724,.T.);
#3898=ORIENTED_EDGE('',*,*,#4741,.T.);
#3899=ORIENTED_EDGE('',*,*,#4707,.T.);
#3900=ORIENTED_EDGE('',*,*,#4742,.F.);
#3901=ORIENTED_EDGE('',*,*,#4710,.T.);
#3902=ORIENTED_EDGE('',*,*,#4743,.T.);
#3903=ORIENTED_EDGE('',*,*,#4744,.T.);
#3904=ORIENTED_EDGE('',*,*,#4745,.T.);
#3905=ORIENTED_EDGE('',*,*,#4668,.T.);
#3906=ORIENTED_EDGE('',*,*,#4653,.F.);
#3907=ORIENTED_EDGE('',*,*,#4651,.F.);
#3908=ORIENTED_EDGE('',*,*,#4649,.F.);
#3909=ORIENTED_EDGE('',*,*,#4646,.F.);
#3910=ORIENTED_EDGE('',*,*,#4648,.F.);
#3911=ORIENTED_EDGE('',*,*,#4643,.F.);
#3912=ORIENTED_EDGE('',*,*,#4640,.F.);
#3913=ORIENTED_EDGE('',*,*,#4629,.F.);
#3914=ORIENTED_EDGE('',*,*,#4636,.F.);
#3915=ORIENTED_EDGE('',*,*,#4634,.F.);
#3916=ORIENTED_EDGE('',*,*,#4632,.F.);
#3917=ORIENTED_EDGE('',*,*,#4746,.F.);
#3918=ORIENTED_EDGE('',*,*,#4747,.F.);
#3919=ORIENTED_EDGE('',*,*,#4748,.F.);
#3920=ORIENTED_EDGE('',*,*,#4749,.F.);
#3921=ORIENTED_EDGE('',*,*,#4750,.F.);
#3922=ORIENTED_EDGE('',*,*,#4641,.T.);
#3923=ORIENTED_EDGE('',*,*,#4751,.F.);
#3924=ORIENTED_EDGE('',*,*,#4645,.T.);
#3925=ORIENTED_EDGE('',*,*,#4698,.T.);
#3926=ORIENTED_EDGE('',*,*,#4697,.T.);
#3927=ORIENTED_EDGE('',*,*,#4733,.T.);
#3928=ORIENTED_EDGE('',*,*,#4656,.F.);
#3929=ORIENTED_EDGE('',*,*,#4686,.T.);
#3930=ORIENTED_EDGE('',*,*,#4659,.F.);
#3931=ORIENTED_EDGE('',*,*,#4731,.F.);
#3932=ORIENTED_EDGE('',*,*,#4661,.T.);
#3933=ORIENTED_EDGE('',*,*,#4752,.T.);
#3934=ORIENTED_EDGE('',*,*,#4666,.T.);
#3935=ORIENTED_EDGE('',*,*,#4662,.T.);
#3936=ORIENTED_EDGE('',*,*,#4730,.F.);
#3937=ORIENTED_EDGE('',*,*,#4727,.T.);
#3938=ORIENTED_EDGE('',*,*,#4663,.T.);
#3939=ORIENTED_EDGE('',*,*,#4752,.F.);
#3940=ORIENTED_EDGE('',*,*,#4729,.T.);
#3941=ORIENTED_EDGE('',*,*,#4728,.F.);
#3942=ORIENTED_EDGE('',*,*,#4721,.T.);
#3943=ORIENTED_EDGE('',*,*,#4737,.F.);
#3944=ORIENTED_EDGE('',*,*,#4670,.F.);
#3945=ORIENTED_EDGE('',*,*,#4665,.T.);
#3946=ORIENTED_EDGE('',*,*,#4667,.T.);
#3947=ORIENTED_EDGE('',*,*,#4753,.T.);
#3948=ORIENTED_EDGE('',*,*,#4754,.F.);
#3949=ORIENTED_EDGE('',*,*,#4755,.F.);
#3950=ORIENTED_EDGE('',*,*,#4673,.T.);
#3951=ORIENTED_EDGE('',*,*,#4669,.T.);
#3952=ORIENTED_EDGE('',*,*,#4745,.F.);
#3953=ORIENTED_EDGE('',*,*,#4756,.F.);
#3954=ORIENTED_EDGE('',*,*,#4672,.T.);
#3955=ORIENTED_EDGE('',*,*,#4757,.T.);
#3956=ORIENTED_EDGE('',*,*,#4758,.F.);
#3957=ORIENTED_EDGE('',*,*,#4676,.F.);
#3958=ORIENTED_EDGE('',*,*,#4759,.F.);
#3959=ORIENTED_EDGE('',*,*,#4674,.F.);
#3960=ORIENTED_EDGE('',*,*,#4760,.F.);
#3961=ORIENTED_EDGE('',*,*,#4704,.T.);
#3962=ORIENTED_EDGE('',*,*,#4679,.T.);
#3963=ORIENTED_EDGE('',*,*,#4677,.T.);
#3964=ORIENTED_EDGE('',*,*,#4761,.T.);
#3965=ORIENTED_EDGE('',*,*,#4680,.F.);
#3966=ORIENTED_EDGE('',*,*,#4758,.T.);
#3967=ORIENTED_EDGE('',*,*,#4762,.T.);
#3968=ORIENTED_EDGE('',*,*,#4681,.F.);
#3969=ORIENTED_EDGE('',*,*,#4761,.F.);
#3970=ORIENTED_EDGE('',*,*,#4763,.T.);
#3971=ORIENTED_EDGE('',*,*,#4764,.T.);
#3972=ORIENTED_EDGE('',*,*,#4682,.F.);
#3973=ORIENTED_EDGE('',*,*,#4762,.F.);
#3974=ORIENTED_EDGE('',*,*,#4765,.T.);
#3975=ORIENTED_EDGE('',*,*,#4766,.T.);
#3976=ORIENTED_EDGE('',*,*,#4683,.F.);
#3977=ORIENTED_EDGE('',*,*,#4764,.F.);
#3978=ORIENTED_EDGE('',*,*,#4700,.T.);
#3979=ORIENTED_EDGE('',*,*,#4684,.F.);
#3980=ORIENTED_EDGE('',*,*,#4766,.F.);
#3981=ORIENTED_EDGE('',*,*,#4701,.T.);
#3982=ORIENTED_EDGE('',*,*,#4694,.T.);
#3983=ORIENTED_EDGE('',*,*,#4693,.T.);
#3984=ORIENTED_EDGE('',*,*,#4690,.T.);
#3985=ORIENTED_EDGE('',*,*,#4688,.F.);
#3986=ORIENTED_EDGE('',*,*,#4711,.T.);
#3987=ORIENTED_EDGE('',*,*,#4734,.T.);
#3988=ORIENTED_EDGE('',*,*,#4732,.F.);
#3989=ORIENTED_EDGE('',*,*,#4696,.F.);
#3990=ORIENTED_EDGE('',*,*,#4703,.T.);
#3991=ORIENTED_EDGE('',*,*,#4702,.T.);
#3992=ORIENTED_EDGE('',*,*,#4765,.F.);
#3993=ORIENTED_EDGE('',*,*,#4767,.F.);
#3994=ORIENTED_EDGE('',*,*,#4705,.T.);
#3995=ORIENTED_EDGE('',*,*,#4768,.T.);
#3996=ORIENTED_EDGE('',*,*,#4743,.F.);
#3997=ORIENTED_EDGE('',*,*,#4709,.F.);
#3998=ORIENTED_EDGE('',*,*,#4706,.T.);
#3999=ORIENTED_EDGE('',*,*,#4769,.T.);
#4000=ORIENTED_EDGE('',*,*,#4770,.F.);
#4001=ORIENTED_EDGE('',*,*,#4771,.F.);
#4002=ORIENTED_EDGE('',*,*,#4712,.T.);
#4003=ORIENTED_EDGE('',*,*,#4708,.T.);
#4004=ORIENTED_EDGE('',*,*,#4741,.F.);
#4005=ORIENTED_EDGE('',*,*,#4723,.F.);
#4006=ORIENTED_EDGE('',*,*,#4716,.F.);
#4007=ORIENTED_EDGE('',*,*,#4735,.F.);
#4008=ORIENTED_EDGE('',*,*,#4713,.F.);
#4009=ORIENTED_EDGE('',*,*,#4722,.F.);
#4010=ORIENTED_EDGE('',*,*,#4717,.F.);
#4011=ORIENTED_EDGE('',*,*,#4719,.T.);
#4012=ORIENTED_EDGE('',*,*,#4772,.T.);
#4013=ORIENTED_EDGE('',*,*,#4773,.F.);
#4014=ORIENTED_EDGE('',*,*,#4774,.F.);
#4015=ORIENTED_EDGE('',*,*,#4725,.T.);
#4016=ORIENTED_EDGE('',*,*,#4775,.T.);
#4017=ORIENTED_EDGE('',*,*,#4776,.F.);
#4018=ORIENTED_EDGE('',*,*,#4777,.F.);
#4019=ORIENTED_EDGE('',*,*,#4726,.T.);
#4020=ORIENTED_EDGE('',*,*,#4777,.T.);
#4021=ORIENTED_EDGE('',*,*,#4778,.F.);
#4022=ORIENTED_EDGE('',*,*,#4772,.F.);
#4023=ORIENTED_EDGE('',*,*,#4736,.T.);
#4024=ORIENTED_EDGE('',*,*,#4755,.T.);
#4025=ORIENTED_EDGE('',*,*,#4779,.F.);
#4026=ORIENTED_EDGE('',*,*,#4780,.F.);
#4027=ORIENTED_EDGE('',*,*,#4753,.F.);
#4028=ORIENTED_EDGE('',*,*,#4738,.T.);
#4029=ORIENTED_EDGE('',*,*,#4774,.T.);
#4030=ORIENTED_EDGE('',*,*,#4781,.F.);
#4031=ORIENTED_EDGE('',*,*,#4782,.F.);
#4032=ORIENTED_EDGE('',*,*,#4739,.T.);
#4033=ORIENTED_EDGE('',*,*,#4782,.T.);
#4034=ORIENTED_EDGE('',*,*,#4783,.F.);
#4035=ORIENTED_EDGE('',*,*,#4784,.F.);
#4036=ORIENTED_EDGE('',*,*,#4740,.T.);
#4037=ORIENTED_EDGE('',*,*,#4784,.T.);
#4038=ORIENTED_EDGE('',*,*,#4785,.F.);
#4039=ORIENTED_EDGE('',*,*,#4775,.F.);
#4040=ORIENTED_EDGE('',*,*,#4771,.T.);
#4041=ORIENTED_EDGE('',*,*,#4786,.F.);
#4042=ORIENTED_EDGE('',*,*,#4787,.F.);
#4043=ORIENTED_EDGE('',*,*,#4769,.F.);
#4044=ORIENTED_EDGE('',*,*,#4742,.T.);
#4045=ORIENTED_EDGE('',*,*,#4760,.T.);
#4046=ORIENTED_EDGE('',*,*,#4756,.T.);
#4047=ORIENTED_EDGE('',*,*,#4744,.F.);
#4048=ORIENTED_EDGE('',*,*,#4768,.F.);
#4049=ORIENTED_EDGE('',*,*,#4788,.F.);
#4050=ORIENTED_EDGE('',*,*,#4746,.T.);
#4051=ORIENTED_EDGE('',*,*,#4789,.F.);
#4052=ORIENTED_EDGE('',*,*,#4747,.T.);
#4053=ORIENTED_EDGE('',*,*,#4790,.F.);
#4054=ORIENTED_EDGE('',*,*,#4748,.T.);
#4055=ORIENTED_EDGE('',*,*,#4791,.F.);
#4056=ORIENTED_EDGE('',*,*,#4749,.T.);
#4057=ORIENTED_EDGE('',*,*,#4750,.T.);
#4058=ORIENTED_EDGE('',*,*,#4751,.T.);
#4059=ORIENTED_EDGE('',*,*,#4754,.T.);
#4060=ORIENTED_EDGE('',*,*,#4780,.T.);
#4061=ORIENTED_EDGE('',*,*,#4779,.T.);
#4062=ORIENTED_EDGE('',*,*,#4792,.F.);
#4063=ORIENTED_EDGE('',*,*,#4759,.T.);
#4064=ORIENTED_EDGE('',*,*,#4767,.T.);
#4065=ORIENTED_EDGE('',*,*,#4763,.F.);
#4066=ORIENTED_EDGE('',*,*,#4757,.F.);
#4067=ORIENTED_EDGE('',*,*,#4793,.F.);
#4068=ORIENTED_EDGE('',*,*,#4786,.T.);
#4069=ORIENTED_EDGE('',*,*,#4770,.T.);
#4070=ORIENTED_EDGE('',*,*,#4787,.T.);
#4071=ORIENTED_EDGE('',*,*,#4781,.T.);
#4072=ORIENTED_EDGE('',*,*,#4773,.T.);
#4073=ORIENTED_EDGE('',*,*,#4794,.T.);
#4074=ORIENTED_EDGE('',*,*,#4795,.T.);
#4075=ORIENTED_EDGE('',*,*,#4796,.F.);
#4076=ORIENTED_EDGE('',*,*,#4776,.T.);
#4077=ORIENTED_EDGE('',*,*,#4785,.T.);
#4078=ORIENTED_EDGE('',*,*,#4797,.T.);
#4079=ORIENTED_EDGE('',*,*,#4798,.T.);
#4080=ORIENTED_EDGE('',*,*,#4799,.F.);
#4081=ORIENTED_EDGE('',*,*,#4778,.T.);
#4082=ORIENTED_EDGE('',*,*,#4799,.T.);
#4083=ORIENTED_EDGE('',*,*,#4800,.F.);
#4084=ORIENTED_EDGE('',*,*,#4794,.F.);
#4085=ORIENTED_EDGE('',*,*,#4783,.T.);
#4086=ORIENTED_EDGE('',*,*,#4796,.T.);
#4087=ORIENTED_EDGE('',*,*,#4801,.F.);
#4088=ORIENTED_EDGE('',*,*,#4797,.F.);
#4089=ORIENTED_EDGE('',*,*,#4802,.F.);
#4090=ORIENTED_EDGE('',*,*,#4788,.T.);
#4091=ORIENTED_EDGE('',*,*,#4803,.F.);
#4092=ORIENTED_EDGE('',*,*,#4789,.T.);
#4093=ORIENTED_EDGE('',*,*,#4804,.F.);
#4094=ORIENTED_EDGE('',*,*,#4790,.T.);
#4095=ORIENTED_EDGE('',*,*,#4805,.F.);
#4096=ORIENTED_EDGE('',*,*,#4791,.T.);
#4097=ORIENTED_EDGE('',*,*,#4792,.T.);
#4098=ORIENTED_EDGE('',*,*,#4806,.T.);
#4099=ORIENTED_EDGE('',*,*,#4793,.T.);
#4100=ORIENTED_EDGE('',*,*,#4807,.T.);
#4101=ORIENTED_EDGE('',*,*,#4795,.F.);
#4102=ORIENTED_EDGE('',*,*,#4800,.T.);
#4103=ORIENTED_EDGE('',*,*,#4798,.F.);
#4104=ORIENTED_EDGE('',*,*,#4801,.T.);
#4105=ORIENTED_EDGE('',*,*,#4802,.T.);
#4106=ORIENTED_EDGE('',*,*,#4803,.T.);
#4107=ORIENTED_EDGE('',*,*,#4804,.T.);
#4108=ORIENTED_EDGE('',*,*,#4805,.T.);
#4109=ORIENTED_EDGE('',*,*,#4806,.F.);
#4110=ORIENTED_EDGE('',*,*,#4808,.T.);
#4111=ORIENTED_EDGE('',*,*,#4807,.F.);
#4112=ORIENTED_EDGE('',*,*,#4809,.T.);
#4113=ORIENTED_EDGE('',*,*,#4808,.F.);
#4114=ORIENTED_EDGE('',*,*,#4809,.F.);
#4115=EDGE_CURVE('',#4810,#4811,#4812,.F.);
#4116=EDGE_CURVE('',#4813,#4810,#4814,.T.);
#4117=EDGE_CURVE('',#4815,#4813,#4816,.F.);
#4118=EDGE_CURVE('',#4817,#4815,#4818,.T.);
#4119=EDGE_CURVE('',#4819,#4817,#4820,.F.);
#4120=EDGE_CURVE('',#4821,#4819,#4822,.T.);
#4121=EDGE_CURVE('',#4823,#4821,#4824,.F.);
#4122=EDGE_CURVE('',#4811,#4823,#4825,.T.);
#4123=EDGE_CURVE('',#4826,#4827,#4828,.T.);
#4124=EDGE_CURVE('',#4827,#4829,#4830,.F.);
#4125=EDGE_CURVE('',#4829,#4831,#4832,.F.);
#4126=EDGE_CURVE('',#4831,#4833,#4834,.F.);
#4127=EDGE_CURVE('',#4833,#4835,#4836,.F.);
#4128=EDGE_CURVE('',#4835,#4837,#4838,.T.);
#4129=EDGE_CURVE('',#4837,#4839,#4840,.F.);
#4130=EDGE_CURVE('',#4839,#4841,#4842,.F.);
#4131=EDGE_CURVE('',#4841,#4843,#4844,.F.);
#4132=EDGE_CURVE('',#4843,#4845,#4846,.F.);
#4133=EDGE_CURVE('',#4845,#4847,#4848,.F.);
#4134=EDGE_CURVE('',#4847,#4849,#4850,.F.);
#4135=EDGE_CURVE('',#4849,#4851,#4852,.T.);
#4136=EDGE_CURVE('',#4851,#4853,#4854,.F.);
#4137=EDGE_CURVE('',#4853,#4855,#4856,.F.);
#4138=EDGE_CURVE('',#4855,#4857,#4858,.T.);
#4139=EDGE_CURVE('',#4857,#4859,#4860,.F.);
#4140=EDGE_CURVE('',#4859,#4861,#4862,.F.);
#4141=EDGE_CURVE('',#4861,#4863,#4864,.F.);
#4142=EDGE_CURVE('',#4863,#4865,#4866,.F.);
#4143=EDGE_CURVE('',#4865,#4867,#4868,.T.);
#4144=EDGE_CURVE('',#4867,#4869,#4870,.F.);
#4145=EDGE_CURVE('',#4869,#4871,#4872,.F.);
#4146=EDGE_CURVE('',#4871,#4873,#4874,.T.);
#4147=EDGE_CURVE('',#4873,#4875,#4876,.F.);
#4148=EDGE_CURVE('',#4875,#4877,#4878,.F.);
#4149=EDGE_CURVE('',#4877,#4879,#4880,.T.);
#4150=EDGE_CURVE('',#4879,#4881,#4882,.F.);
#4151=EDGE_CURVE('',#4881,#4883,#4884,.F.);
#4152=EDGE_CURVE('',#4883,#4885,#4886,.F.);
#4153=EDGE_CURVE('',#4885,#4887,#4888,.F.);
#4154=EDGE_CURVE('',#4887,#4889,#4890,.T.);
#4155=EDGE_CURVE('',#4889,#4891,#4892,.F.);
#4156=EDGE_CURVE('',#4891,#4893,#4894,.F.);
#4157=EDGE_CURVE('',#4893,#4895,#4896,.F.);
#4158=EDGE_CURVE('',#4895,#4826,#4897,.F.);
#4159=EDGE_CURVE('',#4898,#4899,#4900,.T.);
#4160=EDGE_CURVE('',#4899,#4901,#4902,.T.);
#4161=EDGE_CURVE('',#4901,#4903,#4904,.F.);
#4162=EDGE_CURVE('',#4903,#4905,#4906,.F.);
#4163=EDGE_CURVE('',#4905,#4907,#4908,.T.);
#4164=EDGE_CURVE('',#4907,#4909,#4910,.F.);
#4165=EDGE_CURVE('',#4909,#4911,#4912,.F.);
#4166=EDGE_CURVE('',#4911,#4913,#4914,.T.);
#4167=EDGE_CURVE('',#4913,#4915,#4916,.F.);
#4168=EDGE_CURVE('',#4915,#4917,#4918,.F.);
#4169=EDGE_CURVE('',#4917,#4919,#4920,.F.);
#4170=EDGE_CURVE('',#4919,#4921,#4922,.F.);
#4171=EDGE_CURVE('',#4921,#4923,#4924,.T.);
#4172=EDGE_CURVE('',#4923,#4925,#4926,.F.);
#4173=EDGE_CURVE('',#4925,#4927,#4928,.F.);
#4174=EDGE_CURVE('',#4927,#4929,#4930,.T.);
#4175=EDGE_CURVE('',#4929,#4931,#4932,.F.);
#4176=EDGE_CURVE('',#4931,#4933,#4934,.F.);
#4177=EDGE_CURVE('',#4933,#4935,#4936,.T.);
#4178=EDGE_CURVE('',#4935,#4937,#4938,.F.);
#4179=EDGE_CURVE('',#4937,#4939,#4940,.T.);
#4180=EDGE_CURVE('',#4939,#4941,#4942,.F.);
#4181=EDGE_CURVE('',#4941,#4943,#4944,.T.);
#4182=EDGE_CURVE('',#4943,#4945,#4946,.F.);
#4183=EDGE_CURVE('',#4945,#4947,#4948,.F.);
#4184=EDGE_CURVE('',#4947,#4949,#4950,.F.);
#4185=EDGE_CURVE('',#4949,#4951,#4952,.F.);
#4186=EDGE_CURVE('',#4951,#4898,#4953,.T.);
#4187=EDGE_CURVE('',#4954,#4955,#4956,.F.);
#4188=EDGE_CURVE('',#4955,#4957,#4958,.T.);
#4189=EDGE_CURVE('',#4957,#4959,#4960,.F.);
#4190=EDGE_CURVE('',#4959,#4961,#4962,.F.);
#4191=EDGE_CURVE('',#4961,#4963,#4964,.F.);
#4192=EDGE_CURVE('',#4963,#4965,#4966,.F.);
#4193=EDGE_CURVE('',#4965,#4967,#4968,.T.);
#4194=EDGE_CURVE('',#4967,#4969,#4970,.T.);
#4195=EDGE_CURVE('',#4969,#4971,#4972,.F.);
#4196=EDGE_CURVE('',#4971,#4973,#4974,.F.);
#4197=EDGE_CURVE('',#4973,#4975,#4976,.T.);
#4198=EDGE_CURVE('',#4975,#4977,#4978,.T.);
#4199=EDGE_CURVE('',#4977,#4979,#4980,.F.);
#4200=EDGE_CURVE('',#4979,#4981,#4982,.F.);
#4201=EDGE_CURVE('',#4981,#4983,#4984,.F.);
#4202=EDGE_CURVE('',#4983,#4985,#4986,.F.);
#4203=EDGE_CURVE('',#4985,#4987,#4988,.T.);
#4204=EDGE_CURVE('',#4987,#4989,#4990,.F.);
#4205=EDGE_CURVE('',#4989,#4991,#4992,.F.);
#4206=EDGE_CURVE('',#4991,#4993,#4994,.F.);
#4207=EDGE_CURVE('',#4993,#4995,#4996,.T.);
#4208=EDGE_CURVE('',#4995,#4997,#4998,.T.);
#4209=EDGE_CURVE('',#4997,#4999,#5000,.F.);
#4210=EDGE_CURVE('',#4999,#4954,#5001,.F.);
#4211=EDGE_CURVE('',#5002,#5003,#5004,.F.);
#4212=EDGE_CURVE('',#5003,#5005,#5006,.T.);
#4213=EDGE_CURVE('',#5005,#5007,#5008,.F.);
#4214=EDGE_CURVE('',#5007,#5009,#5010,.F.);
#4215=EDGE_CURVE('',#5009,#5011,#5012,.F.);
#4216=EDGE_CURVE('',#5011,#5013,#5014,.F.);
#4217=EDGE_CURVE('',#5013,#5015,#5016,.T.);
#4218=EDGE_CURVE('',#5015,#5017,#5018,.T.);
#4219=EDGE_CURVE('',#5017,#5019,#5020,.F.);
#4220=EDGE_CURVE('',#5019,#5021,#5022,.F.);
#4221=EDGE_CURVE('',#5021,#5023,#5024,.T.);
#4222=EDGE_CURVE('',#5023,#5025,#5026,.T.);
#4223=EDGE_CURVE('',#5025,#5027,#5028,.F.);
#4224=EDGE_CURVE('',#5027,#5029,#5030,.F.);
#4225=EDGE_CURVE('',#5029,#5031,#5032,.F.);
#4226=EDGE_CURVE('',#5031,#5033,#5034,.F.);
#4227=EDGE_CURVE('',#5033,#5035,#5036,.T.);
#4228=EDGE_CURVE('',#5035,#5037,#5038,.F.);
#4229=EDGE_CURVE('',#5037,#5039,#5040,.F.);
#4230=EDGE_CURVE('',#5039,#5041,#5042,.F.);
#4231=EDGE_CURVE('',#5041,#5043,#5044,.T.);
#4232=EDGE_CURVE('',#5043,#5045,#5046,.T.);
#4233=EDGE_CURVE('',#5045,#5047,#5048,.F.);
#4234=EDGE_CURVE('',#5047,#5002,#5049,.F.);
#4235=EDGE_CURVE('',#5050,#5051,#5052,.T.);
#4236=EDGE_CURVE('',#5051,#5053,#5054,.T.);
#4237=EDGE_CURVE('',#5053,#5055,#5056,.T.);
#4238=EDGE_CURVE('',#5055,#5050,#5057,.T.);
#4239=EDGE_CURVE('',#5058,#5059,#5060,.T.);
#4240=EDGE_CURVE('',#5059,#5061,#5062,.T.);
#4241=EDGE_CURVE('',#5061,#5063,#5064,.T.);
#4242=EDGE_CURVE('',#5063,#5058,#5065,.T.);
#4243=EDGE_CURVE('',#5066,#5003,#5067,.T.);
#4244=EDGE_CURVE('',#5068,#5066,#5069,.T.);
#4245=EDGE_CURVE('',#5068,#5005,#5070,.T.);
#4246=EDGE_CURVE('',#5071,#5068,#5072,.T.);
#4247=EDGE_CURVE('',#5071,#5007,#5073,.T.);
#4248=EDGE_CURVE('',#5074,#5071,#5075,.T.);
#4249=EDGE_CURVE('',#5074,#5009,#5076,.T.);
#4250=EDGE_CURVE('',#5077,#5074,#5078,.T.);
#4251=EDGE_CURVE('',#5077,#5011,#5079,.T.);
#4252=EDGE_CURVE('',#5080,#5077,#5081,.T.);
#4253=EDGE_CURVE('',#5080,#5013,#5082,.T.);
#4254=EDGE_CURVE('',#5083,#5080,#5084,.T.);
#4255=EDGE_CURVE('',#5083,#5015,#5085,.T.);
#4256=EDGE_CURVE('',#5086,#5083,#5087,.T.);
#4257=EDGE_CURVE('',#5086,#5017,#5088,.T.);
#4258=EDGE_CURVE('',#5089,#5086,#5090,.T.);
#4259=EDGE_CURVE('',#5089,#5019,#5091,.T.);
#4260=EDGE_CURVE('',#5092,#5089,#5093,.T.);
#4261=EDGE_CURVE('',#5092,#5021,#5094,.T.);
#4262=EDGE_CURVE('',#5095,#5092,#5096,.T.);
#4263=EDGE_CURVE('',#5095,#5023,#5097,.T.);
#4264=EDGE_CURVE('',#5098,#5095,#5099,.T.);
#4265=EDGE_CURVE('',#5098,#5025,#5100,.T.);
#4266=EDGE_CURVE('',#5101,#5098,#5102,.T.);
#4267=EDGE_CURVE('',#5101,#5027,#5103,.T.);
#4268=EDGE_CURVE('',#5104,#5101,#5105,.T.);
#4269=EDGE_CURVE('',#5104,#5029,#5106,.T.);
#4270=EDGE_CURVE('',#5107,#5104,#5108,.T.);
#4271=EDGE_CURVE('',#5107,#5031,#5109,.T.);
#4272=EDGE_CURVE('',#5110,#5107,#5111,.T.);
#4273=EDGE_CURVE('',#5110,#5033,#5112,.T.);
#4274=EDGE_CURVE('',#5113,#5110,#5114,.T.);
#4275=EDGE_CURVE('',#5113,#5035,#5115,.T.);
#4276=EDGE_CURVE('',#5116,#5113,#5117,.T.);
#4277=EDGE_CURVE('',#5116,#5037,#5118,.T.);
#4278=EDGE_CURVE('',#5119,#5116,#5120,.T.);
#4279=EDGE_CURVE('',#5119,#5039,#5121,.T.);
#4280=EDGE_CURVE('',#5122,#5119,#5123,.T.);
#4281=EDGE_CURVE('',#5122,#5041,#5124,.T.);
#4282=EDGE_CURVE('',#5125,#5122,#5126,.T.);
#4283=EDGE_CURVE('',#5125,#5043,#5127,.T.);
#4284=EDGE_CURVE('',#5128,#5125,#5129,.T.);
#4285=EDGE_CURVE('',#5128,#5045,#5130,.T.);
#4286=EDGE_CURVE('',#5131,#5128,#5132,.T.);
#4287=EDGE_CURVE('',#5131,#5047,#5133,.T.);
#4288=EDGE_CURVE('',#5134,#5131,#5135,.T.);
#4289=EDGE_CURVE('',#5134,#5002,#5136,.T.);
#4290=EDGE_CURVE('',#5066,#5134,#5137,.T.);
#4291=EDGE_CURVE('',#5138,#4955,#5139,.T.);
#4292=EDGE_CURVE('',#5140,#5138,#5141,.T.);
#4293=EDGE_CURVE('',#5140,#4957,#5142,.T.);
#4294=EDGE_CURVE('',#5143,#5140,#5144,.T.);
#4295=EDGE_CURVE('',#5143,#4959,#5145,.T.);
#4296=EDGE_CURVE('',#5146,#5143,#5147,.T.);
#4297=EDGE_CURVE('',#5146,#4961,#5148,.T.);
#4298=EDGE_CURVE('',#5149,#5146,#5150,.T.);
#4299=EDGE_CURVE('',#5149,#4963,#5151,.T.);
#4300=EDGE_CURVE('',#5152,#5149,#5153,.T.);
#4301=EDGE_CURVE('',#5152,#4965,#5154,.T.);
#4302=EDGE_CURVE('',#5155,#5152,#5156,.T.);
#4303=EDGE_CURVE('',#5155,#4967,#5157,.T.);
#4304=EDGE_CURVE('',#5158,#5155,#5159,.T.);
#4305=EDGE_CURVE('',#5158,#4969,#5160,.T.);
#4306=EDGE_CURVE('',#5161,#5158,#5162,.T.);
#4307=EDGE_CURVE('',#5161,#4971,#5163,.T.);
#4308=EDGE_CURVE('',#5164,#5161,#5165,.T.);
#4309=EDGE_CURVE('',#5164,#4973,#5166,.T.);
#4310=EDGE_CURVE('',#5167,#5164,#5168,.T.);
#4311=EDGE_CURVE('',#5167,#4975,#5169,.T.);
#4312=EDGE_CURVE('',#5170,#5167,#5171,.T.);
#4313=EDGE_CURVE('',#5170,#4977,#5172,.T.);
#4314=EDGE_CURVE('',#5173,#5170,#5174,.T.);
#4315=EDGE_CURVE('',#5173,#4979,#5175,.T.);
#4316=EDGE_CURVE('',#5176,#5173,#5177,.T.);
#4317=EDGE_CURVE('',#5176,#4981,#5178,.T.);
#4318=EDGE_CURVE('',#5179,#5176,#5180,.T.);
#4319=EDGE_CURVE('',#5179,#4983,#5181,.T.);
#4320=EDGE_CURVE('',#5182,#5179,#5183,.T.);
#4321=EDGE_CURVE('',#5182,#4985,#5184,.T.);
#4322=EDGE_CURVE('',#5185,#5182,#5186,.T.);
#4323=EDGE_CURVE('',#5185,#4987,#5187,.T.);
#4324=EDGE_CURVE('',#5188,#5185,#5189,.T.);
#4325=EDGE_CURVE('',#5188,#4989,#5190,.T.);
#4326=EDGE_CURVE('',#5191,#5188,#5192,.T.);
#4327=EDGE_CURVE('',#5191,#4991,#5193,.T.);
#4328=EDGE_CURVE('',#5194,#5191,#5195,.T.);
#4329=EDGE_CURVE('',#5194,#4993,#5196,.T.);
#4330=EDGE_CURVE('',#5197,#5194,#5198,.T.);
#4331=EDGE_CURVE('',#5197,#4995,#5199,.T.);
#4332=EDGE_CURVE('',#5200,#5197,#5201,.T.);
#4333=EDGE_CURVE('',#5200,#4997,#5202,.T.);
#4334=EDGE_CURVE('',#5203,#5200,#5204,.T.);
#4335=EDGE_CURVE('',#5203,#4999,#5205,.T.);
#4336=EDGE_CURVE('',#5206,#5203,#5207,.T.);
#4337=EDGE_CURVE('',#5206,#4954,#5208,.T.);
#4338=EDGE_CURVE('',#5138,#5206,#5209,.T.);
#4339=EDGE_CURVE('',#5210,#4899,#5211,.T.);
#4340=EDGE_CURVE('',#5212,#5210,#5213,.T.);
#4341=EDGE_CURVE('',#5212,#4901,#5214,.T.);
#4342=EDGE_CURVE('',#5215,#5212,#5216,.T.);
#4343=EDGE_CURVE('',#5215,#4903,#5217,.T.);
#4344=EDGE_CURVE('',#5218,#5215,#5219,.T.);
#4345=EDGE_CURVE('',#5218,#4905,#5220,.T.);
#4346=EDGE_CURVE('',#5221,#5218,#5222,.T.);
#4347=EDGE_CURVE('',#5221,#4907,#5223,.T.);
#4348=EDGE_CURVE('',#5224,#5221,#5225,.T.);
#4349=EDGE_CURVE('',#5224,#4909,#5226,.T.);
#4350=EDGE_CURVE('',#5227,#5224,#5228,.T.);
#4351=EDGE_CURVE('',#5227,#4911,#5229,.T.);
#4352=EDGE_CURVE('',#5230,#5227,#5231,.T.);
#4353=EDGE_CURVE('',#5230,#4913,#5232,.T.);
#4354=EDGE_CURVE('',#5233,#5230,#5234,.T.);
#4355=EDGE_CURVE('',#5233,#4915,#5235,.T.);
#4356=EDGE_CURVE('',#5236,#5233,#5237,.T.);
#4357=EDGE_CURVE('',#5236,#4917,#5238,.T.);
#4358=EDGE_CURVE('',#5239,#5236,#5240,.T.);
#4359=EDGE_CURVE('',#5239,#4919,#5241,.T.);
#4360=EDGE_CURVE('',#5242,#5239,#5243,.T.);
#4361=EDGE_CURVE('',#5242,#4921,#5244,.T.);
#4362=EDGE_CURVE('',#5245,#5242,#5246,.T.);
#4363=EDGE_CURVE('',#5245,#4923,#5247,.T.);
#4364=EDGE_CURVE('',#5248,#5245,#5249,.T.);
#4365=EDGE_CURVE('',#5248,#4925,#5250,.T.);
#4366=EDGE_CURVE('',#5251,#5248,#5252,.T.);
#4367=EDGE_CURVE('',#5251,#4927,#5253,.T.);
#4368=EDGE_CURVE('',#5254,#5251,#5255,.T.);
#4369=EDGE_CURVE('',#5254,#4929,#5256,.T.);
#4370=EDGE_CURVE('',#5257,#5254,#5258,.T.);
#4371=EDGE_CURVE('',#5257,#4931,#5259,.T.);
#4372=EDGE_CURVE('',#5260,#5257,#5261,.T.);
#4373=EDGE_CURVE('',#5260,#4933,#5262,.T.);
#4374=EDGE_CURVE('',#5263,#5260,#5264,.T.);
#4375=EDGE_CURVE('',#5263,#4935,#5265,.T.);
#4376=EDGE_CURVE('',#5266,#5263,#5267,.T.);
#4377=EDGE_CURVE('',#5266,#4937,#5268,.T.);
#4378=EDGE_CURVE('',#5269,#5266,#5270,.T.);
#4379=EDGE_CURVE('',#5269,#4939,#5271,.T.);
#4380=EDGE_CURVE('',#5272,#5269,#5273,.T.);
#4381=EDGE_CURVE('',#5272,#4941,#5274,.T.);
#4382=EDGE_CURVE('',#5275,#5272,#5276,.T.);
#4383=EDGE_CURVE('',#5275,#4943,#5277,.T.);
#4384=EDGE_CURVE('',#5278,#5275,#5279,.T.);
#4385=EDGE_CURVE('',#5278,#4945,#5280,.T.);
#4386=EDGE_CURVE('',#5281,#5278,#5282,.T.);
#4387=EDGE_CURVE('',#5281,#4947,#5283,.T.);
#4388=EDGE_CURVE('',#5284,#5281,#5285,.T.);
#4389=EDGE_CURVE('',#5284,#4949,#5286,.T.);
#4390=EDGE_CURVE('',#5287,#5284,#5288,.T.);
#4391=EDGE_CURVE('',#5287,#4951,#5289,.T.);
#4392=EDGE_CURVE('',#5290,#5287,#5291,.T.);
#4393=EDGE_CURVE('',#5290,#4898,#5292,.T.);
#4394=EDGE_CURVE('',#5210,#5290,#5293,.T.);
#4395=EDGE_CURVE('',#5294,#4827,#5295,.T.);
#4396=EDGE_CURVE('',#5296,#5294,#5297,.T.);
#4397=EDGE_CURVE('',#5296,#4829,#5298,.T.);
#4398=EDGE_CURVE('',#5299,#5296,#5300,.T.);
#4399=EDGE_CURVE('',#5299,#4831,#5301,.T.);
#4400=EDGE_CURVE('',#5302,#5299,#5303,.T.);
#4401=EDGE_CURVE('',#5302,#4833,#5304,.T.);
#4402=EDGE_CURVE('',#5305,#5302,#5306,.T.);
#4403=EDGE_CURVE('',#5305,#4835,#5307,.T.);
#4404=EDGE_CURVE('',#5308,#5305,#5309,.T.);
#4405=EDGE_CURVE('',#5308,#4837,#5310,.T.);
#4406=EDGE_CURVE('',#5311,#5308,#5312,.T.);
#4407=EDGE_CURVE('',#5311,#4839,#5313,.T.);
#4408=EDGE_CURVE('',#5314,#5311,#5315,.T.);
#4409=EDGE_CURVE('',#5314,#4841,#5316,.T.);
#4410=EDGE_CURVE('',#5317,#5314,#5318,.T.);
#4411=EDGE_CURVE('',#5317,#4843,#5319,.T.);
#4412=EDGE_CURVE('',#5320,#5317,#5321,.T.);
#4413=EDGE_CURVE('',#5320,#4845,#5322,.T.);
#4414=EDGE_CURVE('',#5323,#5320,#5324,.T.);
#4415=EDGE_CURVE('',#5323,#4847,#5325,.T.);
#4416=EDGE_CURVE('',#5326,#5323,#5327,.T.);
#4417=EDGE_CURVE('',#5326,#4849,#5328,.T.);
#4418=EDGE_CURVE('',#5329,#5326,#5330,.T.);
#4419=EDGE_CURVE('',#5329,#4851,#5331,.T.);
#4420=EDGE_CURVE('',#5332,#5329,#5333,.T.);
#4421=EDGE_CURVE('',#5332,#4853,#5334,.T.);
#4422=EDGE_CURVE('',#5335,#5332,#5336,.T.);
#4423=EDGE_CURVE('',#5335,#4855,#5337,.T.);
#4424=EDGE_CURVE('',#5338,#5335,#5339,.T.);
#4425=EDGE_CURVE('',#5338,#4857,#5340,.T.);
#4426=EDGE_CURVE('',#5341,#5338,#5342,.T.);
#4427=EDGE_CURVE('',#5341,#4859,#5343,.T.);
#4428=EDGE_CURVE('',#5344,#5341,#5345,.T.);
#4429=EDGE_CURVE('',#5344,#4861,#5346,.T.);
#4430=EDGE_CURVE('',#5347,#5344,#5348,.T.);
#4431=EDGE_CURVE('',#5347,#4863,#5349,.T.);
#4432=EDGE_CURVE('',#5350,#5347,#5351,.T.);
#4433=EDGE_CURVE('',#5350,#4865,#5352,.T.);
#4434=EDGE_CURVE('',#5353,#5350,#5354,.T.);
#4435=EDGE_CURVE('',#5353,#4867,#5355,.T.);
#4436=EDGE_CURVE('',#5356,#5353,#5357,.T.);
#4437=EDGE_CURVE('',#5356,#4869,#5358,.T.);
#4438=EDGE_CURVE('',#5359,#5356,#5360,.T.);
#4439=EDGE_CURVE('',#5359,#4871,#5361,.T.);
#4440=EDGE_CURVE('',#5362,#5359,#5363,.T.);
#4441=EDGE_CURVE('',#5362,#4873,#5364,.T.);
#4442=EDGE_CURVE('',#5365,#5362,#5366,.T.);
#4443=EDGE_CURVE('',#5365,#4875,#5367,.T.);
#4444=EDGE_CURVE('',#5368,#5365,#5369,.T.);
#4445=EDGE_CURVE('',#5368,#4877,#5370,.T.);
#4446=EDGE_CURVE('',#5371,#5368,#5372,.T.);
#4447=EDGE_CURVE('',#5371,#4879,#5373,.T.);
#4448=EDGE_CURVE('',#5374,#5371,#5375,.T.);
#4449=EDGE_CURVE('',#5374,#4881,#5376,.T.);
#4450=EDGE_CURVE('',#5377,#5374,#5378,.T.);
#4451=EDGE_CURVE('',#5377,#4883,#5379,.T.);
#4452=EDGE_CURVE('',#5380,#5377,#5381,.T.);
#4453=EDGE_CURVE('',#5380,#4885,#5382,.T.);
#4454=EDGE_CURVE('',#5383,#5380,#5384,.T.);
#4455=EDGE_CURVE('',#5383,#4887,#5385,.T.);
#4456=EDGE_CURVE('',#5386,#5383,#5387,.T.);
#4457=EDGE_CURVE('',#5386,#4889,#5388,.T.);
#4458=EDGE_CURVE('',#5389,#5386,#5390,.T.);
#4459=EDGE_CURVE('',#5389,#4891,#5391,.T.);
#4460=EDGE_CURVE('',#5392,#5389,#5393,.T.);
#4461=EDGE_CURVE('',#5392,#4893,#5394,.T.);
#4462=EDGE_CURVE('',#5395,#5392,#5396,.T.);
#4463=EDGE_CURVE('',#5395,#4895,#5397,.T.);
#4464=EDGE_CURVE('',#5398,#5395,#5399,.T.);
#4465=EDGE_CURVE('',#5398,#4826,#5400,.T.);
#4466=EDGE_CURVE('',#5294,#5398,#5401,.T.);
#4467=EDGE_CURVE('',#4810,#5402,#5403,.T.);
#4468=EDGE_CURVE('',#4811,#5404,#5405,.T.);
#4469=EDGE_CURVE('',#5404,#5402,#5406,.F.);
#4470=EDGE_CURVE('',#5407,#5402,#5408,.T.);
#4471=EDGE_CURVE('',#4813,#5407,#5409,.T.);
#4472=EDGE_CURVE('',#5410,#5411,#5412,.F.);
#4473=EDGE_CURVE('',#5411,#5413,#5414,.F.);
#4474=EDGE_CURVE('',#5413,#5415,#5416,.F.);
#4475=EDGE_CURVE('',#5415,#5417,#5418,.F.);
#4476=EDGE_CURVE('',#5417,#5419,#5420,.F.);
#4477=EDGE_CURVE('',#5419,#5421,#5422,.F.);
#4478=EDGE_CURVE('',#5421,#5423,#5424,.F.);
#4479=EDGE_CURVE('',#5423,#5410,#5425,.F.);
#4480=EDGE_CURVE('',#5426,#5427,#5428,.T.);
#4481=EDGE_CURVE('',#5427,#5429,#5430,.T.);
#4482=EDGE_CURVE('',#5429,#5431,#5432,.T.);
#4483=EDGE_CURVE('',#5431,#5426,#5433,.T.);
#4484=EDGE_CURVE('',#4815,#5434,#5435,.T.);
#4485=EDGE_CURVE('',#5407,#5434,#5436,.F.);
#4486=EDGE_CURVE('',#5437,#5434,#5438,.T.);
#4487=EDGE_CURVE('',#4817,#5437,#5439,.T.);
#4488=EDGE_CURVE('',#4819,#5440,#5441,.T.);
#4489=EDGE_CURVE('',#5437,#5440,#5442,.F.);
#4490=EDGE_CURVE('',#4821,#5443,#5444,.T.);
#4491=EDGE_CURVE('',#5443,#5440,#5445,.T.);
#4492=EDGE_CURVE('',#5446,#5447,#5448,.F.);
#4493=EDGE_CURVE('',#5447,#5449,#5450,.F.);
#4494=EDGE_CURVE('',#5449,#5451,#5452,.F.);
#4495=EDGE_CURVE('',#5451,#5446,#5453,.F.);
#4496=EDGE_CURVE('',#4823,#5454,#5455,.T.);
#4497=EDGE_CURVE('',#5443,#5454,#5456,.F.);
#4498=EDGE_CURVE('',#5404,#5454,#5457,.T.);
#4499=EDGE_CURVE('',#5458,#5459,#5460,.F.);
#4500=EDGE_CURVE('',#5459,#5458,#5461,.T.);
#4501=EDGE_CURVE('',#5050,#5462,#5463,.T.);
#4502=EDGE_CURVE('',#5464,#5462,#5465,.T.);
#4503=EDGE_CURVE('',#5051,#5464,#5466,.T.);
#4504=EDGE_CURVE('',#5467,#5464,#5468,.T.);
#4505=EDGE_CURVE('',#5053,#5467,#5469,.T.);
#4506=EDGE_CURVE('',#5470,#5467,#5471,.T.);
#4507=EDGE_CURVE('',#5055,#5470,#5472,.T.);
#4508=EDGE_CURVE('',#5462,#5470,#5473,.T.);
#4509=EDGE_CURVE('',#5059,#5474,#5475,.T.);
#4510=EDGE_CURVE('',#5058,#5476,#5477,.T.);
#4511=EDGE_CURVE('',#5476,#5474,#5478,.T.);
#4512=EDGE_CURVE('',#5061,#5479,#5480,.T.);
#4513=EDGE_CURVE('',#5474,#5479,#5481,.T.);
#4514=EDGE_CURVE('',#5063,#5482,#5483,.T.);
#4515=EDGE_CURVE('',#5479,#5482,#5484,.T.);
#4516=EDGE_CURVE('',#5482,#5476,#5485,.T.);
#4517=EDGE_CURVE('',#5486,#5487,#5488,.F.);
#4518=EDGE_CURVE('',#5489,#5487,#5490,.T.);
#4519=EDGE_CURVE('',#5489,#5491,#5492,.F.);
#4520=EDGE_CURVE('',#5493,#5491,#5494,.T.);
#4521=EDGE_CURVE('',#5493,#5495,#5496,.F.);
#4522=EDGE_CURVE('',#5497,#5495,#5498,.T.);
#4523=EDGE_CURVE('',#5497,#5499,#5500,.F.);
#4524=EDGE_CURVE('',#5486,#5499,#5501,.T.);
#4525=EDGE_CURVE('',#5502,#5410,#5503,.T.);
#4526=EDGE_CURVE('',#5504,#5502,#5505,.T.);
#4527=EDGE_CURVE('',#5504,#5411,#5506,.T.);
#4528=EDGE_CURVE('',#5507,#5504,#5508,.T.);
#4529=EDGE_CURVE('',#5507,#5413,#5509,.T.);
#4530=EDGE_CURVE('',#5510,#5507,#5511,.T.);
#4531=EDGE_CURVE('',#5510,#5415,#5512,.T.);
#4532=EDGE_CURVE('',#5510,#5513,#5514,.F.);
#4533=EDGE_CURVE('',#5513,#5417,#5515,.T.);
#4534=EDGE_CURVE('',#5513,#5516,#5517,.F.);
#4535=EDGE_CURVE('',#5516,#5419,#5518,.T.);
#4536=EDGE_CURVE('',#5516,#5519,#5520,.F.);
#4537=EDGE_CURVE('',#5519,#5421,#5521,.T.);
#4538=EDGE_CURVE('',#5519,#5522,#5523,.F.);
#4539=EDGE_CURVE('',#5522,#5423,#5524,.T.);
#4540=EDGE_CURVE('',#5522,#5502,#5525,.F.);
#4541=EDGE_CURVE('',#5526,#5527,#5528,.F.);
#4542=EDGE_CURVE('',#5526,#5529,#5530,.F.);
#4543=EDGE_CURVE('',#5427,#5529,#5531,.T.);
#4544=EDGE_CURVE('',#5426,#5532,#5533,.T.);
#4545=EDGE_CURVE('',#5532,#5527,#5534,.F.);
#4546=EDGE_CURVE('',#5529,#5535,#5536,.T.);
#4547=EDGE_CURVE('',#5429,#5535,#5537,.T.);
#4548=EDGE_CURVE('',#5538,#5539,#5540,.F.);
#4549=EDGE_CURVE('',#5538,#5541,#5542,.F.);
#4550=EDGE_CURVE('',#5431,#5541,#5543,.T.);
#4551=EDGE_CURVE('',#5535,#5539,#5544,.F.);
#4552=EDGE_CURVE('',#5541,#5532,#5545,.T.);
#4553=EDGE_CURVE('',#5546,#5547,#5548,.T.);
#4554=EDGE_CURVE('',#5447,#5546,#5549,.T.);
#4555=EDGE_CURVE('',#5446,#5547,#5550,.T.);
#4556=EDGE_CURVE('',#5551,#5552,#5553,.F.);
#4557=EDGE_CURVE('',#5449,#5551,#5554,.T.);
#4558=EDGE_CURVE('',#5555,#5546,#5556,.F.);
#4559=EDGE_CURVE('',#5552,#5555,#5557,.T.);
#4560=EDGE_CURVE('',#5558,#5551,#5559,.T.);
#4561=EDGE_CURVE('',#5451,#5558,#5560,.T.);
#4562=EDGE_CURVE('',#5561,#5558,#5562,.F.);
#4563=EDGE_CURVE('',#5563,#5561,#5564,.T.);
#4564=EDGE_CURVE('',#5547,#5563,#5565,.F.);
#4565=EDGE_CURVE('',#5459,#5566,#5567,.F.);
#4566=EDGE_CURVE('',#5568,#5458,#5569,.T.);
#4567=EDGE_CURVE('',#5566,#5568,#5570,.T.);
#4568=EDGE_CURVE('',#5568,#5566,#5571,.T.);
#4569=EDGE_CURVE('',#5572,#5573,#5574,.T.);
#4570=EDGE_CURVE('',#5573,#5575,#5576,.T.);
#4571=EDGE_CURVE('',#5575,#5577,#5578,.T.);
#4572=EDGE_CURVE('',#5577,#5572,#5579,.T.);
#4573=EDGE_CURVE('',#5580,#5581,#5582,.F.);
#4574=EDGE_CURVE('',#5581,#5583,#5584,.F.);
#4575=EDGE_CURVE('',#5585,#5583,#5586,.T.);
#4576=EDGE_CURVE('',#5587,#5585,#5588,.T.);
#4577=EDGE_CURVE('',#5587,#5589,#5590,.F.);
#4578=EDGE_CURVE('',#5591,#5589,#5592,.T.);
#4579=EDGE_CURVE('',#5593,#5591,#5594,.T.);
#4580=EDGE_CURVE('',#5580,#5593,#5595,.T.);
#4581=EDGE_CURVE('',#5596,#5597,#5598,.F.);
#4582=EDGE_CURVE('',#5596,#5487,#5599,.T.);
#4583=EDGE_CURVE('',#5597,#5486,#5600,.T.);
#4584=EDGE_CURVE('',#5601,#5602,#5603,.T.);
#4585=EDGE_CURVE('',#5604,#5601,#5605,.T.);
#4586=EDGE_CURVE('',#5606,#5604,#5607,.T.);
#4587=EDGE_CURVE('',#5606,#5608,#5609,.T.);
#4588=EDGE_CURVE('',#5610,#5608,#5611,.T.);
#4589=EDGE_CURVE('',#5610,#5612,#5613,.T.);
#4590=EDGE_CURVE('',#5614,#5612,#5615,.F.);
#4591=EDGE_CURVE('',#5614,#5489,#5616,.T.);
#4592=EDGE_CURVE('',#5617,#5596,#5618,.F.);
#4593=EDGE_CURVE('',#5617,#5602,#5619,.T.);
#4594=EDGE_CURVE('',#5620,#5621,#5622,.F.);
#4595=EDGE_CURVE('',#5623,#5620,#5624,.T.);
#4596=EDGE_CURVE('',#5625,#5623,#5626,.T.);
#4597=EDGE_CURVE('',#5625,#5621,#5627,.T.);
#4598=EDGE_CURVE('',#5527,#5538,#5628,.F.);
#4599=EDGE_CURVE('',#5539,#5526,#5629,.F.);
#4600=EDGE_CURVE('',#5630,#5614,#5631,.F.);
#4601=EDGE_CURVE('',#5630,#5491,#5632,.T.);
#4602=EDGE_CURVE('',#5633,#5630,#5634,.F.);
#4603=EDGE_CURVE('',#5633,#5493,#5635,.T.);
#4604=EDGE_CURVE('',#5636,#5633,#5637,.F.);
#4605=EDGE_CURVE('',#5636,#5495,#5638,.T.);
#4606=EDGE_CURVE('',#5639,#5640,#5641,.T.);
#4607=EDGE_CURVE('',#5639,#5642,#5643,.T.);
#4608=EDGE_CURVE('',#5644,#5642,#5645,.F.);
#4609=EDGE_CURVE('',#5644,#5497,#5646,.T.);
#4610=EDGE_CURVE('',#5647,#5636,#5648,.F.);
#4611=EDGE_CURVE('',#5649,#5647,#5650,.T.);
#4612=EDGE_CURVE('',#5651,#5649,#5652,.T.);
#4613=EDGE_CURVE('',#5653,#5651,#5654,.T.);
#4614=EDGE_CURVE('',#5655,#5653,#5656,.T.);
#4615=EDGE_CURVE('',#5655,#5640,#5657,.T.);
#4616=EDGE_CURVE('',#5561,#5552,#5658,.T.);
#4617=EDGE_CURVE('',#5555,#5563,#5659,.T.);
#4618=EDGE_CURVE('',#5660,#5644,#5661,.F.);
#4619=EDGE_CURVE('',#5660,#5499,#5662,.T.);
#4620=EDGE_CURVE('',#5597,#5660,#5663,.F.);
#4621=EDGE_CURVE('',#5664,#5665,#5666,.T.);
#4622=EDGE_CURVE('',#5664,#5667,#5668,.T.);
#4623=EDGE_CURVE('',#5667,#5669,#5670,.F.);
#4624=EDGE_CURVE('',#5669,#5671,#5672,.T.);
#4625=EDGE_CURVE('',#5673,#5671,#5674,.F.);
#4626=EDGE_CURVE('',#5675,#5673,#5676,.T.);
#4627=EDGE_CURVE('',#5677,#5675,#5678,.T.);
#4628=EDGE_CURVE('',#5677,#5665,#5679,.T.);
#4629=EDGE_CURVE('',#5680,#5681,#5682,.T.);
#4630=EDGE_CURVE('',#5681,#5573,#5683,.T.);
#4631=EDGE_CURVE('',#5680,#5572,#5684,.T.);
#4632=EDGE_CURVE('',#5681,#5685,#5686,.T.);
#4633=EDGE_CURVE('',#5685,#5575,#5687,.T.);
#4634=EDGE_CURVE('',#5685,#5688,#5689,.T.);
#4635=EDGE_CURVE('',#5688,#5577,#5690,.T.);
#4636=EDGE_CURVE('',#5688,#5680,#5691,.T.);
#4637=EDGE_CURVE('',#5692,#5693,#5694,.F.);
#4638=EDGE_CURVE('',#5583,#5692,#5695,.T.);
#4639=EDGE_CURVE('',#5696,#5580,#5697,.T.);
#4640=EDGE_CURVE('',#5696,#5693,#5698,.T.);
#4641=EDGE_CURVE('',#5699,#5699,#5700,.T.);
#4642=EDGE_CURVE('',#5692,#5585,#5701,.T.);
#4643=EDGE_CURVE('',#5693,#5702,#5703,.F.);
#4644=EDGE_CURVE('',#5702,#5587,#5704,.T.);
#4645=EDGE_CURVE('',#5705,#5705,#5706,.T.);
#4646=EDGE_CURVE('',#5707,#5708,#5709,.T.);
#4647=EDGE_CURVE('',#5589,#5708,#5710,.F.);
#4648=EDGE_CURVE('',#5702,#5707,#5711,.T.);
#4649=EDGE_CURVE('',#5708,#5712,#5713,.F.);
#4650=EDGE_CURVE('',#5712,#5591,#5714,.T.);
#4651=EDGE_CURVE('',#5712,#5715,#5716,.F.);
#4652=EDGE_CURVE('',#5715,#5593,#5717,.T.);
#4653=EDGE_CURVE('',#5715,#5696,#5718,.F.);
#4654=EDGE_CURVE('',#5719,#5617,#5720,.F.);
#4655=EDGE_CURVE('',#5642,#5721,#5722,.F.);
#4656=EDGE_CURVE('',#5721,#5723,#5724,.T.);
#4657=EDGE_CURVE('',#5723,#5675,#5725,.T.);
#4658=EDGE_CURVE('',#5673,#5726,#5727,.T.);
#4659=EDGE_CURVE('',#5726,#5719,#5728,.T.);
#4660=EDGE_CURVE('',#5602,#5729,#5730,.F.);
#4661=EDGE_CURVE('',#5731,#5729,#5732,.T.);
#4662=EDGE_CURVE('',#5601,#5731,#5733,.T.);
#4663=EDGE_CURVE('',#5734,#5735,#5736,.T.);
#4664=EDGE_CURVE('',#5737,#5734,#5738,.T.);
#4665=EDGE_CURVE('',#5604,#5737,#5739,.F.);
#4666=EDGE_CURVE('',#5735,#5601,#5740,.T.);
#4667=EDGE_CURVE('',#5741,#5742,#5743,.T.);
#4668=EDGE_CURVE('',#5744,#5741,#5745,.T.);
#4669=EDGE_CURVE('',#5606,#5744,#5746,.T.);
#4670=EDGE_CURVE('',#5604,#5747,#5748,.T.);
#4671=EDGE_CURVE('',#5742,#5747,#5749,.T.);
#4672=EDGE_CURVE('',#5608,#5750,#5751,.T.);
#4673=EDGE_CURVE('',#5752,#5606,#5753,.F.);
#4674=EDGE_CURVE('',#5752,#5750,#5754,.T.);
#4675=EDGE_CURVE('',#5755,#5610,#5756,.F.);
#4676=EDGE_CURVE('',#5608,#5757,#5758,.T.);
#4677=EDGE_CURVE('',#5755,#5757,#5759,.T.);
#4678=EDGE_CURVE('',#5612,#5760,#5761,.F.);
#4679=EDGE_CURVE('',#5760,#5755,#5762,.F.);
#4680=EDGE_CURVE('',#5760,#5763,#5764,.T.);
#4681=EDGE_CURVE('',#5763,#5765,#5766,.T.);
#4682=EDGE_CURVE('',#5765,#5767,#5768,.T.);
#4683=EDGE_CURVE('',#5767,#5769,#5770,.T.);
#4684=EDGE_CURVE('',#5769,#5771,#5772,.T.);
#4685=EDGE_CURVE('',#5771,#5647,#5773,.F.);
#4686=EDGE_CURVE('',#5729,#5719,#5774,.F.);
#4687=EDGE_CURVE('',#5621,#5775,#5776,.F.);
#4688=EDGE_CURVE('',#5775,#5777,#5778,.T.);
#4689=EDGE_CURVE('',#5777,#5620,#5779,.F.);
#4690=EDGE_CURVE('',#5780,#5777,#5781,.F.);
#4691=EDGE_CURVE('',#5623,#5780,#5782,.F.);
#4692=EDGE_CURVE('',#5783,#5625,#5784,.F.);
#4693=EDGE_CURVE('',#5783,#5780,#5785,.T.);
#4694=EDGE_CURVE('',#5775,#5783,#5786,.F.);
#4695=EDGE_CURVE('',#5787,#5639,#5788,.F.);
#4696=EDGE_CURVE('',#5640,#5789,#5790,.T.);
#4697=EDGE_CURVE('',#5787,#5789,#5791,.T.);
#4698=EDGE_CURVE('',#5721,#5787,#5792,.F.);
#4699=EDGE_CURVE('',#5649,#5793,#5794,.F.);
#4700=EDGE_CURVE('',#5793,#5771,#5795,.F.);
#4701=EDGE_CURVE('',#5796,#5793,#5797,.T.);
#4702=EDGE_CURVE('',#5651,#5796,#5798,.T.);
#4703=EDGE_CURVE('',#5799,#5651,#5800,.T.);
#4704=EDGE_CURVE('',#5801,#5799,#5802,.T.);
#4705=EDGE_CURVE('',#5653,#5801,#5803,.F.);
#4706=EDGE_CURVE('',#5804,#5805,#5806,.T.);
#4707=EDGE_CURVE('',#5807,#5804,#5808,.T.);
#4708=EDGE_CURVE('',#5655,#5807,#5809,.T.);
#4709=EDGE_CURVE('',#5653,#5810,#5811,.T.);
#4710=EDGE_CURVE('',#5805,#5810,#5812,.T.);
#4711=EDGE_CURVE('',#5640,#5813,#5814,.T.);
#4712=EDGE_CURVE('',#5815,#5655,#5816,.F.);
#4713=EDGE_CURVE('',#5815,#5813,#5817,.T.);
#4714=EDGE_CURVE('',#5818,#5664,#5819,.F.);
#4715=EDGE_CURVE('',#5820,#5665,#5821,.F.);
#4716=EDGE_CURVE('',#5820,#5818,#5822,.F.);
#4717=EDGE_CURVE('',#5818,#5823,#5824,.F.);
#4718=EDGE_CURVE('',#5823,#5667,#5825,.F.);
#4719=EDGE_CURVE('',#5826,#5827,#5828,.F.);
#4720=EDGE_CURVE('',#5829,#5826,#5830,.T.);
#4721=EDGE_CURVE('',#5669,#5829,#5831,.T.);
#4722=EDGE_CURVE('',#5823,#5815,#5832,.T.);
#4723=EDGE_CURVE('',#5815,#5833,#5834,.T.);
#4724=EDGE_CURVE('',#5835,#5833,#5836,.T.);
#4725=EDGE_CURVE('',#5837,#5835,#5838,.F.);
#4726=EDGE_CURVE('',#5827,#5837,#5839,.T.);
#4727=EDGE_CURVE('',#5671,#5734,#5840,.F.);
#4728=EDGE_CURVE('',#5669,#5737,#5841,.F.);
#4729=EDGE_CURVE('',#5842,#5671,#5843,.F.);
#4730=EDGE_CURVE('',#5842,#5731,#5844,.T.);
#4731=EDGE_CURVE('',#5731,#5726,#5845,.T.);
#4732=EDGE_CURVE('',#5789,#5677,#5846,.T.);
#4733=EDGE_CURVE('',#5789,#5723,#5847,.T.);
#4734=EDGE_CURVE('',#5813,#5677,#5848,.T.);
#4735=EDGE_CURVE('',#5813,#5820,#5849,.T.);
#4736=EDGE_CURVE('',#5742,#5741,#5850,.T.);
#4737=EDGE_CURVE('',#5747,#5829,#5851,.F.);
#4738=EDGE_CURVE('',#5852,#5826,#5853,.F.);
#4739=EDGE_CURVE('',#5854,#5852,#5855,.T.);
#4740=EDGE_CURVE('',#5835,#5854,#5856,.F.);
#4741=EDGE_CURVE('',#5833,#5807,#5857,.F.);
#4742=EDGE_CURVE('',#5805,#5804,#5858,.T.);
#4743=EDGE_CURVE('',#5810,#5859,#5860,.F.);
#4744=EDGE_CURVE('',#5859,#5861,#5862,.T.);
#4745=EDGE_CURVE('',#5861,#5744,#5863,.F.);
#4746=EDGE_CURVE('',#5864,#5864,#5865,.T.);
#4747=EDGE_CURVE('',#5866,#5866,#5867,.T.);
#4748=EDGE_CURVE('',#5868,#5868,#5869,.T.);
#4749=EDGE_CURVE('',#5870,#5870,#5871,.T.);
#4750=EDGE_CURVE('',#5872,#5872,#5873,.T.);
#4751=EDGE_CURVE('',#5874,#5874,#5875,.T.);
#4752=EDGE_CURVE('',#5842,#5735,#5876,.F.);
#4753=EDGE_CURVE('',#5742,#5877,#5878,.T.);
#4754=EDGE_CURVE('',#5879,#5877,#5880,.T.);
#4755=EDGE_CURVE('',#5741,#5879,#5881,.T.);
#4756=EDGE_CURVE('',#5752,#5861,#5882,.T.);
#4757=EDGE_CURVE('',#5750,#5883,#5884,.T.);
#4758=EDGE_CURVE('',#5757,#5883,#5885,.T.);
#4759=EDGE_CURVE('',#5750,#5799,#5886,.T.);
#4760=EDGE_CURVE('',#5801,#5752,#5887,.T.);
#4761=EDGE_CURVE('',#5757,#5763,#5888,.T.);
#4762=EDGE_CURVE('',#5883,#5765,#5889,.T.);
#4763=EDGE_CURVE('',#5883,#5890,#5891,.T.);
#4764=EDGE_CURVE('',#5890,#5767,#5892,.T.);
#4765=EDGE_CURVE('',#5890,#5796,#5893,.T.);
#4766=EDGE_CURVE('',#5796,#5769,#5894,.T.);
#4767=EDGE_CURVE('',#5799,#5890,#5895,.T.);
#4768=EDGE_CURVE('',#5801,#5859,#5896,.T.);
#4769=EDGE_CURVE('',#5805,#5897,#5898,.T.);
#4770=EDGE_CURVE('',#5899,#5897,#5900,.T.);
#4771=EDGE_CURVE('',#5804,#5899,#5901,.T.);
#4772=EDGE_CURVE('',#5827,#5902,#5903,.T.);
#4773=EDGE_CURVE('',#5904,#5902,#5905,.F.);
#4774=EDGE_CURVE('',#5826,#5904,#5906,.T.);
#4775=EDGE_CURVE('',#5835,#5907,#5908,.T.);
#4776=EDGE_CURVE('',#5909,#5907,#5910,.F.);
#4777=EDGE_CURVE('',#5837,#5909,#5911,.T.);
#4778=EDGE_CURVE('',#5902,#5909,#5912,.T.);
#4779=EDGE_CURVE('',#5913,#5879,#5914,.T.);
#4780=EDGE_CURVE('',#5877,#5913,#5915,.T.);
#4781=EDGE_CURVE('',#5916,#5904,#5917,.F.);
#4782=EDGE_CURVE('',#5852,#5916,#5918,.T.);
#4783=EDGE_CURVE('',#5919,#5916,#5920,.T.);
#4784=EDGE_CURVE('',#5854,#5919,#5921,.T.);
#4785=EDGE_CURVE('',#5907,#5919,#5922,.F.);
#4786=EDGE_CURVE('',#5923,#5899,#5924,.T.);
#4787=EDGE_CURVE('',#5897,#5923,#5925,.T.);
#4788=EDGE_CURVE('',#5926,#5926,#5927,.T.);
#4789=EDGE_CURVE('',#5928,#5928,#5929,.T.);
#4790=EDGE_CURVE('',#5930,#5930,#5931,.T.);
#4791=EDGE_CURVE('',#5932,#5932,#5933,.T.);
#4792=EDGE_CURVE('',#5934,#5934,#5935,.T.);
#4793=EDGE_CURVE('',#5936,#5936,#5937,.T.);
#4794=EDGE_CURVE('',#5902,#5938,#5939,.T.);
#4795=EDGE_CURVE('',#5938,#5940,#5941,.F.);
#4796=EDGE_CURVE('',#5916,#5940,#5942,.T.);
#4797=EDGE_CURVE('',#5919,#5943,#5944,.T.);
#4798=EDGE_CURVE('',#5943,#5945,#5946,.F.);
#4799=EDGE_CURVE('',#5909,#5945,#5947,.T.);
#4800=EDGE_CURVE('',#5938,#5945,#5948,.T.);
#4801=EDGE_CURVE('',#5943,#5940,#5949,.T.);
#4802=EDGE_CURVE('',#5950,#5950,#5951,.T.);
#4803=EDGE_CURVE('',#5952,#5952,#5953,.T.);
#4804=EDGE_CURVE('',#5954,#5954,#5955,.T.);
#4805=EDGE_CURVE('',#5956,#5956,#5957,.T.);
#4806=EDGE_CURVE('',#5958,#5958,#5959,.F.);
#4807=EDGE_CURVE('',#5960,#5960,#5961,.F.);
#4808=EDGE_CURVE('',#5962,#5962,#5963,.F.);
#4809=EDGE_CURVE('',#5964,#5964,#5965,.F.);
#4810=VERTEX_POINT('',#5966);
#4811=VERTEX_POINT('',#5967);
#4812=CIRCLE('',#5968,10.);
#4813=VERTEX_POINT('',#5972);
#4814=LINE('',#5973,#5974);
#4815=VERTEX_POINT('',#5976);
#4816=CIRCLE('',#5977,10.);
#4817=VERTEX_POINT('',#5981);
#4818=LINE('',#5982,#5983);
#4819=VERTEX_POINT('',#5985);
#4820=CIRCLE('',#5986,9.99999999999999);
#4821=VERTEX_POINT('',#5990);
#4822=LINE('',#5991,#5992);
#4823=VERTEX_POINT('',#5994);
#4824=CIRCLE('',#5995,9.99999999999999);
#4825=LINE('',#5999,#6000);
#4826=VERTEX_POINT('',#6002);
#4827=VERTEX_POINT('',#6003);
#4828=LINE('',#6004,#6005);
#4829=VERTEX_POINT('',#6007);
#4830=B_SPLINE_CURVE_WITH_KNOTS('',2,
(#6008,#6009,#6010),
.UNSPECIFIED.,.F.,.F.,
(3,3),
(0.,1.),
.UNSPECIFIED.);
#4831=VERTEX_POINT('',#6011);
#4832=B_SPLINE_CURVE_WITH_KNOTS('',2,
(#6012,#6013,#6014),
.UNSPECIFIED.,.F.,.F.,
(3,3),
(0.,1.),
.UNSPECIFIED.);
#4833=VERTEX_POINT('',#6015);
#4834=B_SPLINE_CURVE_WITH_KNOTS('',2,
(#6016,#6017,#6018),
.UNSPECIFIED.,.F.,.F.,
(3,3),
(0.,1.),
.UNSPECIFIED.);
#4835=VERTEX_POINT('',#6019);
#4836=B_SPLINE_CURVE_WITH_KNOTS('',2,
(#6020,#6021,#6022),
.UNSPECIFIED.,.F.,.F.,
(3,3),
(0.,1.),
.UNSPECIFIED.);
#4837=VERTEX_POINT('',#6023);
#4838=LINE('',#6024,#6025);
#4839=VERTEX_POINT('',#6027);
#4840=B_SPLINE_CURVE_WITH_KNOTS('',2,
(#6028,#6029,#6030),
.UNSPECIFIED.,.F.,.F.,
(3,3),
(0.,1.),
.UNSPECIFIED.);
#4841=VERTEX_POINT('',#6031);
#4842=B_SPLINE_CURVE_WITH_KNOTS('',2,
(#6032,#6033,#6034),
.UNSPECIFIED.,.F.,.F.,
(3,3),
(0.,1.),
.UNSPECIFIED.);
#4843=VERTEX_POINT('',#6035);
#4844=B_SPLINE_CURVE_WITH_KNOTS('',2,
(#6036,#6037,#6038),
.UNSPECIFIED.,.F.,.F.,
(3,3),
(0.,1.),
.UNSPECIFIED.);
#4845=VERTEX_POINT('',#6039);
#4846=B_SPLINE_CURVE_WITH_KNOTS('',2,
(#6040,#6041,#6042),
.UNSPECIFIED.,.F.,.F.,
(3,3),
(0.,1.),
.UNSPECIFIED.);
#4847=VERTEX_POINT('',#6043);
#4848=B_SPLINE_CURVE_WITH_KNOTS('',2,
(#6044,#6045,#6046),
.UNSPECIFIED.,.F.,.F.,
(3,3),
(0.,1.),
.UNSPECIFIED.);
#4849=VERTEX_POINT('',#6047);
#4850=B_SPLINE_CURVE_WITH_KNOTS('',2,
(#6048,#6049,#6050),
.UNSPECIFIED.,.F.,.F.,
(3,3),
(0.,1.),
.UNSPECIFIED.);
#4851=VERTEX_POINT('',#6051);
#4852=LINE('',#6052,#6053);
#4853=VERTEX_POINT('',#6055);
#4854=B_SPLINE_CURVE_WITH_KNOTS('',2,
(#6056,#6057,#6058),
.UNSPECIFIED.,.F.,.F.,
(3,3),
(0.,1.),
.UNSPECIFIED.);
#4855=VERTEX_POINT('',#6059);
#4856=B_SPLINE_CURVE_WITH_KNOTS('',2,
(#6060,#6061,#6062),
.UNSPECIFIED.,.F.,.F.,
(3,3),
(0.,1.),
.UNSPECIFIED.);
#4857=VERTEX_POINT('',#6063);
#4858=LINE('',#6064,#6065);
#4859=VERTEX_POINT('',#6067);
#4860=B_SPLINE_CURVE_WITH_KNOTS('',2,
(#6068,#6069,#6070),
.UNSPECIFIED.,.F.,.F.,
(3,3),
(0.,1.),
.UNSPECIFIED.);
#4861=VERTEX_POINT('',#6071);
#4862=B_SPLINE_CURVE_WITH_KNOTS('',2,
(#6072,#6073,#6074),
.UNSPECIFIED.,.F.,.F.,
(3,3),
(0.,1.),
.UNSPECIFIED.);
#4863=VERTEX_POINT('',#6075);
#4864=B_SPLINE_CURVE_WITH_KNOTS('',2,
(#6076,#6077,#6078),
.UNSPECIFIED.,.F.,.F.,
(3,3),
(0.,1.),
.UNSPECIFIED.);
#4865=VERTEX_POINT('',#6079);
#4866=B_SPLINE_CURVE_WITH_KNOTS('',2,
(#6080,#6081,#6082),
.UNSPECIFIED.,.F.,.F.,
(3,3),
(0.,1.),
.UNSPECIFIED.);
#4867=VERTEX_POINT('',#6083);
#4868=LINE('',#6084,#6085);
#4869=VERTEX_POINT('',#6087);
#4870=B_SPLINE_CURVE_WITH_KNOTS('',2,
(#6088,#6089,#6090),
.UNSPECIFIED.,.F.,.F.,
(3,3),
(0.,1.),
.UNSPECIFIED.);
#4871=VERTEX_POINT('',#6091);
#4872=B_SPLINE_CURVE_WITH_KNOTS('',2,
(#6092,#6093,#6094),
.UNSPECIFIED.,.F.,.F.,
(3,3),
(0.,1.),
.UNSPECIFIED.);
#4873=VERTEX_POINT('',#6095);
#4874=LINE('',#6096,#6097);
#4875=VERTEX_POINT('',#6099);
#4876=B_SPLINE_CURVE_WITH_KNOTS('',2,
(#6100,#6101,#6102),
.UNSPECIFIED.,.F.,.F.,
(3,3),
(0.,1.),
.UNSPECIFIED.);
#4877=VERTEX_POINT('',#6103);
#4878=B_SPLINE_CURVE_WITH_KNOTS('',2,
(#6104,#6105,#6106),
.UNSPECIFIED.,.F.,.F.,
(3,3),
(0.,1.),
.UNSPECIFIED.);
#4879=VERTEX_POINT('',#6107);
#4880=LINE('',#6108,#6109);
#4881=VERTEX_POINT('',#6111);
#4882=B_SPLINE_CURVE_WITH_KNOTS('',2,
(#6112,#6113,#6114),
.UNSPECIFIED.,.F.,.F.,
(3,3),
(0.,1.),
.UNSPECIFIED.);
#4883=VERTEX_POINT('',#6115);
#4884=B_SPLINE_CURVE_WITH_KNOTS('',2,
(#6116,#6117,#6118),
.UNSPECIFIED.,.F.,.F.,
(3,3),
(0.,1.),
.UNSPECIFIED.);
#4885=VERTEX_POINT('',#6119);
#4886=B_SPLINE_CURVE_WITH_KNOTS('',2,
(#6120,#6121,#6122),
.UNSPECIFIED.,.F.,.F.,
(3,3),
(0.,1.),
.UNSPECIFIED.);
#4887=VERTEX_POINT('',#6123);
#4888=B_SPLINE_CURVE_WITH_KNOTS('',2,
(#6124,#6125,#6126),
.UNSPECIFIED.,.F.,.F.,
(3,3),
(0.,1.),
.UNSPECIFIED.);
#4889=VERTEX_POINT('',#6127);
#4890=LINE('',#6128,#6129);
#4891=VERTEX_POINT('',#6131);
#4892=B_SPLINE_CURVE_WITH_KNOTS('',2,
(#6132,#6133,#6134),
.UNSPECIFIED.,.F.,.F.,
(3,3),
(0.,1.),
.UNSPECIFIED.);
#4893=VERTEX_POINT('',#6135);
#4894=B_SPLINE_CURVE_WITH_KNOTS('',2,
(#6136,#6137,#6138),
.UNSPECIFIED.,.F.,.F.,
(3,3),
(0.,1.),
.UNSPECIFIED.);
#4895=VERTEX_POINT('',#6139);
#4896=B_SPLINE_CURVE_WITH_KNOTS('',2,
(#6140,#6141,#6142),
.UNSPECIFIED.,.F.,.F.,
(3,3),
(0.,1.),
.UNSPECIFIED.);
#4897=B_SPLINE_CURVE_WITH_KNOTS('',2,
(#6143,#6144,#6145),
.UNSPECIFIED.,.F.,.F.,
(3,3),
(0.,1.),
.UNSPECIFIED.);
#4898=VERTEX_POINT('',#6146);
#4899=VERTEX_POINT('',#6147);
#4900=LINE('',#6148,#6149);
#4901=VERTEX_POINT('',#6151);
#4902=LINE('',#6152,#6153);
#4903=VERTEX_POINT('',#6155);
#4904=B_SPLINE_CURVE_WITH_KNOTS('',2,
(#6156,#6157,#6158),
.UNSPECIFIED.,.F.,.F.,
(3,3),
(0.,1.),
.UNSPECIFIED.);
#4905=VERTEX_POINT('',#6159);
#4906=B_SPLINE_CURVE_WITH_KNOTS('',2,
(#6160,#6161,#6162),
.UNSPECIFIED.,.F.,.F.,
(3,3),
(0.,1.),
.UNSPECIFIED.);
#4907=VERTEX_POINT('',#6163);
#4908=LINE('',#6164,#6165);
#4909=VERTEX_POINT('',#6167);
#4910=B_SPLINE_CURVE_WITH_KNOTS('',2,
(#6168,#6169,#6170),
.UNSPECIFIED.,.F.,.F.,
(3,3),
(0.,1.),
.UNSPECIFIED.);
#4911=VERTEX_POINT('',#6171);
#4912=B_SPLINE_CURVE_WITH_KNOTS('',2,
(#6172,#6173,#6174),
.UNSPECIFIED.,.F.,.F.,
(3,3),
(0.,1.),
.UNSPECIFIED.);
#4913=VERTEX_POINT('',#6175);
#4914=LINE('',#6176,#6177);
#4915=VERTEX_POINT('',#6179);
#4916=B_SPLINE_CURVE_WITH_KNOTS('',2,
(#6180,#6181,#6182),
.UNSPECIFIED.,.F.,.F.,
(3,3),
(0.,1.),
.UNSPECIFIED.);
#4917=VERTEX_POINT('',#6183);
#4918=B_SPLINE_CURVE_WITH_KNOTS('',2,
(#6184,#6185,#6186),
.UNSPECIFIED.,.F.,.F.,
(3,3),
(0.,1.),
.UNSPECIFIED.);
#4919=VERTEX_POINT('',#6187);
#4920=B_SPLINE_CURVE_WITH_KNOTS('',2,
(#6188,#6189,#6190),
.UNSPECIFIED.,.F.,.F.,
(3,3),
(0.,1.),
.UNSPECIFIED.);
#4921=VERTEX_POINT('',#6191);
#4922=B_SPLINE_CURVE_WITH_KNOTS('',2,
(#6192,#6193,#6194),
.UNSPECIFIED.,.F.,.F.,
(3,3),
(0.,1.),
.UNSPECIFIED.);
#4923=VERTEX_POINT('',#6195);
#4924=LINE('',#6196,#6197);
#4925=VERTEX_POINT('',#6199);
#4926=B_SPLINE_CURVE_WITH_KNOTS('',2,
(#6200,#6201,#6202),
.UNSPECIFIED.,.F.,.F.,
(3,3),
(0.,1.),
.UNSPECIFIED.);
#4927=VERTEX_POINT('',#6203);
#4928=B_SPLINE_CURVE_WITH_KNOTS('',2,
(#6204,#6205,#6206),
.UNSPECIFIED.,.F.,.F.,
(3,3),
(0.,1.),
.UNSPECIFIED.);
#4929=VERTEX_POINT('',#6207);
#4930=LINE('',#6208,#6209);
#4931=VERTEX_POINT('',#6211);
#4932=B_SPLINE_CURVE_WITH_KNOTS('',2,
(#6212,#6213,#6214),
.UNSPECIFIED.,.F.,.F.,
(3,3),
(0.,1.),
.UNSPECIFIED.);
#4933=VERTEX_POINT('',#6215);
#4934=B_SPLINE_CURVE_WITH_KNOTS('',2,
(#6216,#6217,#6218),
.UNSPECIFIED.,.F.,.F.,
(3,3),
(0.,1.),
.UNSPECIFIED.);
#4935=VERTEX_POINT('',#6219);
#4936=LINE('',#6220,#6221);
#4937=VERTEX_POINT('',#6223);
#4938=B_SPLINE_CURVE_WITH_KNOTS('',2,
(#6224,#6225,#6226),
.UNSPECIFIED.,.F.,.F.,
(3,3),
(0.,1.),
.UNSPECIFIED.);
#4939=VERTEX_POINT('',#6227);
#4940=LINE('',#6228,#6229);
#4941=VERTEX_POINT('',#6231);
#4942=B_SPLINE_CURVE_WITH_KNOTS('',2,
(#6232,#6233,#6234),
.UNSPECIFIED.,.F.,.F.,
(3,3),
(0.,1.),
.UNSPECIFIED.);
#4943=VERTEX_POINT('',#6235);
#4944=LINE('',#6236,#6237);
#4945=VERTEX_POINT('',#6239);
#4946=B_SPLINE_CURVE_WITH_KNOTS('',2,
(#6240,#6241,#6242),
.UNSPECIFIED.,.F.,.F.,
(3,3),
(0.,1.),
.UNSPECIFIED.);
#4947=VERTEX_POINT('',#6243);
#4948=B_SPLINE_CURVE_WITH_KNOTS('',2,
(#6244,#6245,#6246),
.UNSPECIFIED.,.F.,.F.,
(3,3),
(0.,1.),
.UNSPECIFIED.);
#4949=VERTEX_POINT('',#6247);
#4950=B_SPLINE_CURVE_WITH_KNOTS('',2,
(#6248,#6249,#6250),
.UNSPECIFIED.,.F.,.F.,
(3,3),
(0.,1.),
.UNSPECIFIED.);
#4951=VERTEX_POINT('',#6251);
#4952=B_SPLINE_CURVE_WITH_KNOTS('',2,
(#6252,#6253,#6254),
.UNSPECIFIED.,.F.,.F.,
(3,3),
(0.,1.),
.UNSPECIFIED.);
#4953=LINE('',#6255,#6256);
#4954=VERTEX_POINT('',#6258);
#4955=VERTEX_POINT('',#6259);
#4956=B_SPLINE_CURVE_WITH_KNOTS('',2,
(#6260,#6261,#6262),
.UNSPECIFIED.,.F.,.F.,
(3,3),
(0.,1.),
.UNSPECIFIED.);
#4957=VERTEX_POINT('',#6263);
#4958=LINE('',#6264,#6265);
#4959=VERTEX_POINT('',#6267);
#4960=B_SPLINE_CURVE_WITH_KNOTS('',2,
(#6268,#6269,#6270),
.UNSPECIFIED.,.F.,.F.,
(3,3),
(0.,1.),
.UNSPECIFIED.);
#4961=VERTEX_POINT('',#6271);
#4962=B_SPLINE_CURVE_WITH_KNOTS('',2,
(#6272,#6273,#6274),
.UNSPECIFIED.,.F.,.F.,
(3,3),
(0.,1.),
.UNSPECIFIED.);
#4963=VERTEX_POINT('',#6275);
#4964=B_SPLINE_CURVE_WITH_KNOTS('',2,
(#6276,#6277,#6278),
.UNSPECIFIED.,.F.,.F.,
(3,3),
(0.,1.),
.UNSPECIFIED.);
#4965=VERTEX_POINT('',#6279);
#4966=B_SPLINE_CURVE_WITH_KNOTS('',2,
(#6280,#6281,#6282),
.UNSPECIFIED.,.F.,.F.,
(3,3),
(0.,1.),
.UNSPECIFIED.);
#4967=VERTEX_POINT('',#6283);
#4968=LINE('',#6284,#6285);
#4969=VERTEX_POINT('',#6287);
#4970=LINE('',#6288,#6289);
#4971=VERTEX_POINT('',#6291);
#4972=B_SPLINE_CURVE_WITH_KNOTS('',2,
(#6292,#6293,#6294),
.UNSPECIFIED.,.F.,.F.,
(3,3),
(0.,1.),
.UNSPECIFIED.);
#4973=VERTEX_POINT('',#6295);
#4974=B_SPLINE_CURVE_WITH_KNOTS('',2,
(#6296,#6297,#6298),
.UNSPECIFIED.,.F.,.F.,
(3,3),
(0.,1.),
.UNSPECIFIED.);
#4975=VERTEX_POINT('',#6299);
#4976=LINE('',#6300,#6301);
#4977=VERTEX_POINT('',#6303);
#4978=LINE('',#6304,#6305);
#4979=VERTEX_POINT('',#6307);
#4980=B_SPLINE_CURVE_WITH_KNOTS('',2,
(#6308,#6309,#6310),
.UNSPECIFIED.,.F.,.F.,
(3,3),
(0.,1.),
.UNSPECIFIED.);
#4981=VERTEX_POINT('',#6311);
#4982=B_SPLINE_CURVE_WITH_KNOTS('',2,
(#6312,#6313,#6314),
.UNSPECIFIED.,.F.,.F.,
(3,3),
(0.,1.),
.UNSPECIFIED.);
#4983=VERTEX_POINT('',#6315);
#4984=B_SPLINE_CURVE_WITH_KNOTS('',2,
(#6316,#6317,#6318),
.UNSPECIFIED.,.F.,.F.,
(3,3),
(0.,1.),
.UNSPECIFIED.);
#4985=VERTEX_POINT('',#6319);
#4986=B_SPLINE_CURVE_WITH_KNOTS('',2,
(#6320,#6321,#6322),
.UNSPECIFIED.,.F.,.F.,
(3,3),
(0.,1.),
.UNSPECIFIED.);
#4987=VERTEX_POINT('',#6323);
#4988=LINE('',#6324,#6325);
#4989=VERTEX_POINT('',#6327);
#4990=B_SPLINE_CURVE_WITH_KNOTS('',2,
(#6328,#6329,#6330),
.UNSPECIFIED.,.F.,.F.,
(3,3),
(0.,1.),
.UNSPECIFIED.);
#4991=VERTEX_POINT('',#6331);
#4992=B_SPLINE_CURVE_WITH_KNOTS('',2,
(#6332,#6333,#6334),
.UNSPECIFIED.,.F.,.F.,
(3,3),
(0.,1.),
.UNSPECIFIED.);
#4993=VERTEX_POINT('',#6335);
#4994=B_SPLINE_CURVE_WITH_KNOTS('',2,
(#6336,#6337,#6338),
.UNSPECIFIED.,.F.,.F.,
(3,3),
(0.,1.),
.UNSPECIFIED.);
#4995=VERTEX_POINT('',#6339);
#4996=LINE('',#6340,#6341);
#4997=VERTEX_POINT('',#6343);
#4998=LINE('',#6344,#6345);
#4999=VERTEX_POINT('',#6347);
#5000=B_SPLINE_CURVE_WITH_KNOTS('',2,
(#6348,#6349,#6350),
.UNSPECIFIED.,.F.,.F.,
(3,3),
(0.,1.),
.UNSPECIFIED.);
#5001=B_SPLINE_CURVE_WITH_KNOTS('',2,
(#6351,#6352,#6353),
.UNSPECIFIED.,.F.,.F.,
(3,3),
(0.,1.),
.UNSPECIFIED.);
#5002=VERTEX_POINT('',#6354);
#5003=VERTEX_POINT('',#6355);
#5004=B_SPLINE_CURVE_WITH_KNOTS('',2,
(#6356,#6357,#6358),
.UNSPECIFIED.,.F.,.F.,
(3,3),
(0.,1.),
.UNSPECIFIED.);
#5005=VERTEX_POINT('',#6359);
#5006=LINE('',#6360,#6361);
#5007=VERTEX_POINT('',#6363);
#5008=B_SPLINE_CURVE_WITH_KNOTS('',2,
(#6364,#6365,#6366),
.UNSPECIFIED.,.F.,.F.,
(3,3),
(0.,1.),
.UNSPECIFIED.);
#5009=VERTEX_POINT('',#6367);
#5010=B_SPLINE_CURVE_WITH_KNOTS('',2,
(#6368,#6369,#6370),
.UNSPECIFIED.,.F.,.F.,
(3,3),
(0.,1.),
.UNSPECIFIED.);
#5011=VERTEX_POINT('',#6371);
#5012=B_SPLINE_CURVE_WITH_KNOTS('',2,
(#6372,#6373,#6374),
.UNSPECIFIED.,.F.,.F.,
(3,3),
(0.,1.),
.UNSPECIFIED.);
#5013=VERTEX_POINT('',#6375);
#5014=B_SPLINE_CURVE_WITH_KNOTS('',2,
(#6376,#6377,#6378),
.UNSPECIFIED.,.F.,.F.,
(3,3),
(0.,1.),
.UNSPECIFIED.);
#5015=VERTEX_POINT('',#6379);
#5016=LINE('',#6380,#6381);
#5017=VERTEX_POINT('',#6383);
#5018=LINE('',#6384,#6385);
#5019=VERTEX_POINT('',#6387);
#5020=B_SPLINE_CURVE_WITH_KNOTS('',2,
(#6388,#6389,#6390),
.UNSPECIFIED.,.F.,.F.,
(3,3),
(0.,1.),
.UNSPECIFIED.);
#5021=VERTEX_POINT('',#6391);
#5022=B_SPLINE_CURVE_WITH_KNOTS('',2,
(#6392,#6393,#6394),
.UNSPECIFIED.,.F.,.F.,
(3,3),
(0.,1.),
.UNSPECIFIED.);
#5023=VERTEX_POINT('',#6395);
#5024=LINE('',#6396,#6397);
#5025=VERTEX_POINT('',#6399);
#5026=LINE('',#6400,#6401);
#5027=VERTEX_POINT('',#6403);
#5028=B_SPLINE_CURVE_WITH_KNOTS('',2,
(#6404,#6405,#6406),
.UNSPECIFIED.,.F.,.F.,
(3,3),
(0.,1.),
.UNSPECIFIED.);
#5029=VERTEX_POINT('',#6407);
#5030=B_SPLINE_CURVE_WITH_KNOTS('',2,
(#6408,#6409,#6410),
.UNSPECIFIED.,.F.,.F.,
(3,3),
(0.,1.),
.UNSPECIFIED.);
#5031=VERTEX_POINT('',#6411);
#5032=B_SPLINE_CURVE_WITH_KNOTS('',2,
(#6412,#6413,#6414),
.UNSPECIFIED.,.F.,.F.,
(3,3),
(0.,1.),
.UNSPECIFIED.);
#5033=VERTEX_POINT('',#6415);
#5034=B_SPLINE_CURVE_WITH_KNOTS('',2,
(#6416,#6417,#6418),
.UNSPECIFIED.,.F.,.F.,
(3,3),
(0.,1.),
.UNSPECIFIED.);
#5035=VERTEX_POINT('',#6419);
#5036=LINE('',#6420,#6421);
#5037=VERTEX_POINT('',#6423);
#5038=B_SPLINE_CURVE_WITH_KNOTS('',2,
(#6424,#6425,#6426),
.UNSPECIFIED.,.F.,.F.,
(3,3),
(0.,1.),
.UNSPECIFIED.);
#5039=VERTEX_POINT('',#6427);
#5040=B_SPLINE_CURVE_WITH_KNOTS('',2,
(#6428,#6429,#6430),
.UNSPECIFIED.,.F.,.F.,
(3,3),
(0.,1.),
.UNSPECIFIED.);
#5041=VERTEX_POINT('',#6431);
#5042=B_SPLINE_CURVE_WITH_KNOTS('',2,
(#6432,#6433,#6434),
.UNSPECIFIED.,.F.,.F.,
(3,3),
(0.,1.),
.UNSPECIFIED.);
#5043=VERTEX_POINT('',#6435);
#5044=LINE('',#6436,#6437);
#5045=VERTEX_POINT('',#6439);
#5046=LINE('',#6440,#6441);
#5047=VERTEX_POINT('',#6443);
#5048=B_SPLINE_CURVE_WITH_KNOTS('',2,
(#6444,#6445,#6446),
.UNSPECIFIED.,.F.,.F.,
(3,3),
(0.,1.),
.UNSPECIFIED.);
#5049=B_SPLINE_CURVE_WITH_KNOTS('',2,
(#6447,#6448,#6449),
.UNSPECIFIED.,.F.,.F.,
(3,3),
(0.,1.),
.UNSPECIFIED.);
#5050=VERTEX_POINT('',#6450);
#5051=VERTEX_POINT('',#6451);
#5052=LINE('',#6452,#6453);
#5053=VERTEX_POINT('',#6455);
#5054=CIRCLE('',#6456,2.25);
#5055=VERTEX_POINT('',#6460);
#5056=LINE('',#6461,#6462);
#5057=CIRCLE('',#6464,4.5);
#5058=VERTEX_POINT('',#6468);
#5059=VERTEX_POINT('',#6469);
#5060=CIRCLE('',#6470,4.5);
#5061=VERTEX_POINT('',#6474);
#5062=LINE('',#6475,#6476);
#5063=VERTEX_POINT('',#6478);
#5064=CIRCLE('',#6479,2.25);
#5065=LINE('',#6483,#6484);
#5066=VERTEX_POINT('',#6486);
#5067=LINE('',#6487,#6488);
#5068=VERTEX_POINT('',#6490);
#5069=LINE('',#6491,#6492);
#5070=LINE('',#6494,#6495);
#5071=VERTEX_POINT('',#6497);
#5072=B_SPLINE_CURVE_WITH_KNOTS('',2,
(#6498,#6499,#6500),
.UNSPECIFIED.,.F.,.F.,
(3,3),
(0.,1.),
.UNSPECIFIED.);
#5073=LINE('',#6501,#6502);
#5074=VERTEX_POINT('',#6504);
#5075=B_SPLINE_CURVE_WITH_KNOTS('',2,
(#6505,#6506,#6507),
.UNSPECIFIED.,.F.,.F.,
(3,3),
(0.,1.),
.UNSPECIFIED.);
#5076=LINE('',#6508,#6509);
#5077=VERTEX_POINT('',#6511);
#5078=B_SPLINE_CURVE_WITH_KNOTS('',2,
(#6512,#6513,#6514),
.UNSPECIFIED.,.F.,.F.,
(3,3),
(0.,1.),
.UNSPECIFIED.);
#5079=LINE('',#6515,#6516);
#5080=VERTEX_POINT('',#6518);
#5081=B_SPLINE_CURVE_WITH_KNOTS('',2,
(#6519,#6520,#6521),
.UNSPECIFIED.,.F.,.F.,
(3,3),
(0.,1.),
.UNSPECIFIED.);
#5082=LINE('',#6522,#6523);
#5083=VERTEX_POINT('',#6525);
#5084=LINE('',#6526,#6527);
#5085=LINE('',#6529,#6530);
#5086=VERTEX_POINT('',#6532);
#5087=LINE('',#6533,#6534);
#5088=LINE('',#6536,#6537);
#5089=VERTEX_POINT('',#6539);
#5090=B_SPLINE_CURVE_WITH_KNOTS('',2,
(#6540,#6541,#6542),
.UNSPECIFIED.,.F.,.F.,
(3,3),
(0.,1.),
.UNSPECIFIED.);
#5091=LINE('',#6543,#6544);
#5092=VERTEX_POINT('',#6546);
#5093=B_SPLINE_CURVE_WITH_KNOTS('',2,
(#6547,#6548,#6549),
.UNSPECIFIED.,.F.,.F.,
(3,3),
(0.,1.),
.UNSPECIFIED.);
#5094=LINE('',#6550,#6551);
#5095=VERTEX_POINT('',#6553);
#5096=LINE('',#6554,#6555);
#5097=LINE('',#6557,#6558);
#5098=VERTEX_POINT('',#6560);
#5099=LINE('',#6561,#6562);
#5100=LINE('',#6564,#6565);
#5101=VERTEX_POINT('',#6567);
#5102=B_SPLINE_CURVE_WITH_KNOTS('',2,
(#6568,#6569,#6570),
.UNSPECIFIED.,.F.,.F.,
(3,3),
(0.,1.),
.UNSPECIFIED.);
#5103=LINE('',#6571,#6572);
#5104=VERTEX_POINT('',#6574);
#5105=B_SPLINE_CURVE_WITH_KNOTS('',2,
(#6575,#6576,#6577),
.UNSPECIFIED.,.F.,.F.,
(3,3),
(0.,1.),
.UNSPECIFIED.);
#5106=LINE('',#6578,#6579);
#5107=VERTEX_POINT('',#6581);
#5108=B_SPLINE_CURVE_WITH_KNOTS('',2,
(#6582,#6583,#6584),
.UNSPECIFIED.,.F.,.F.,
(3,3),
(0.,1.),
.UNSPECIFIED.);
#5109=LINE('',#6585,#6586);
#5110=VERTEX_POINT('',#6588);
#5111=B_SPLINE_CURVE_WITH_KNOTS('',2,
(#6589,#6590,#6591),
.UNSPECIFIED.,.F.,.F.,
(3,3),
(0.,1.),
.UNSPECIFIED.);
#5112=LINE('',#6592,#6593);
#5113=VERTEX_POINT('',#6595);
#5114=LINE('',#6596,#6597);
#5115=LINE('',#6599,#6600);
#5116=VERTEX_POINT('',#6602);
#5117=B_SPLINE_CURVE_WITH_KNOTS('',2,
(#6603,#6604,#6605),
.UNSPECIFIED.,.F.,.F.,
(3,3),
(0.,1.),
.UNSPECIFIED.);
#5118=LINE('',#6606,#6607);
#5119=VERTEX_POINT('',#6609);
#5120=B_SPLINE_CURVE_WITH_KNOTS('',2,
(#6610,#6611,#6612),
.UNSPECIFIED.,.F.,.F.,
(3,3),
(0.,1.),
.UNSPECIFIED.);
#5121=LINE('',#6613,#6614);
#5122=VERTEX_POINT('',#6616);
#5123=B_SPLINE_CURVE_WITH_KNOTS('',2,
(#6617,#6618,#6619),
.UNSPECIFIED.,.F.,.F.,
(3,3),
(0.,1.),
.UNSPECIFIED.);
#5124=LINE('',#6620,#6621);
#5125=VERTEX_POINT('',#6623);
#5126=LINE('',#6624,#6625);
#5127=LINE('',#6627,#6628);
#5128=VERTEX_POINT('',#6630);
#5129=LINE('',#6631,#6632);
#5130=LINE('',#6634,#6635);
#5131=VERTEX_POINT('',#6637);
#5132=B_SPLINE_CURVE_WITH_KNOTS('',2,
(#6638,#6639,#6640),
.UNSPECIFIED.,.F.,.F.,
(3,3),
(0.,1.),
.UNSPECIFIED.);
#5133=LINE('',#6641,#6642);
#5134=VERTEX_POINT('',#6644);
#5135=B_SPLINE_CURVE_WITH_KNOTS('',2,
(#6645,#6646,#6647),
.UNSPECIFIED.,.F.,.F.,
(3,3),
(0.,1.),
.UNSPECIFIED.);
#5136=LINE('',#6648,#6649);
#5137=B_SPLINE_CURVE_WITH_KNOTS('',2,
(#6651,#6652,#6653),
.UNSPECIFIED.,.F.,.F.,
(3,3),
(0.,1.),
.UNSPECIFIED.);
#5138=VERTEX_POINT('',#6654);
#5139=LINE('',#6655,#6656);
#5140=VERTEX_POINT('',#6658);
#5141=LINE('',#6659,#6660);
#5142=LINE('',#6662,#6663);
#5143=VERTEX_POINT('',#6665);
#5144=B_SPLINE_CURVE_WITH_KNOTS('',2,
(#6666,#6667,#6668),
.UNSPECIFIED.,.F.,.F.,
(3,3),
(0.,1.),
.UNSPECIFIED.);
#5145=LINE('',#6669,#6670);
#5146=VERTEX_POINT('',#6672);
#5147=B_SPLINE_CURVE_WITH_KNOTS('',2,
(#6673,#6674,#6675),
.UNSPECIFIED.,.F.,.F.,
(3,3),
(0.,1.),
.UNSPECIFIED.);
#5148=LINE('',#6676,#6677);
#5149=VERTEX_POINT('',#6679);
#5150=B_SPLINE_CURVE_WITH_KNOTS('',2,
(#6680,#6681,#6682),
.UNSPECIFIED.,.F.,.F.,
(3,3),
(0.,1.),
.UNSPECIFIED.);
#5151=LINE('',#6683,#6684);
#5152=VERTEX_POINT('',#6686);
#5153=B_SPLINE_CURVE_WITH_KNOTS('',2,
(#6687,#6688,#6689),
.UNSPECIFIED.,.F.,.F.,
(3,3),
(0.,1.),
.UNSPECIFIED.);
#5154=LINE('',#6690,#6691);
#5155=VERTEX_POINT('',#6693);
#5156=LINE('',#6694,#6695);
#5157=LINE('',#6697,#6698);
#5158=VERTEX_POINT('',#6700);
#5159=LINE('',#6701,#6702);
#5160=LINE('',#6704,#6705);
#5161=VERTEX_POINT('',#6707);
#5162=B_SPLINE_CURVE_WITH_KNOTS('',2,
(#6708,#6709,#6710),
.UNSPECIFIED.,.F.,.F.,
(3,3),
(0.,1.),
.UNSPECIFIED.);
#5163=LINE('',#6711,#6712);
#5164=VERTEX_POINT('',#6714);
#5165=B_SPLINE_CURVE_WITH_KNOTS('',2,
(#6715,#6716,#6717),
.UNSPECIFIED.,.F.,.F.,
(3,3),
(0.,1.),
.UNSPECIFIED.);
#5166=LINE('',#6718,#6719);
#5167=VERTEX_POINT('',#6721);
#5168=LINE('',#6722,#6723);
#5169=LINE('',#6725,#6726);
#5170=VERTEX_POINT('',#6728);
#5171=LINE('',#6729,#6730);
#5172=LINE('',#6732,#6733);
#5173=VERTEX_POINT('',#6735);
#5174=B_SPLINE_CURVE_WITH_KNOTS('',2,
(#6736,#6737,#6738),
.UNSPECIFIED.,.F.,.F.,
(3,3),
(0.,1.),
.UNSPECIFIED.);
#5175=LINE('',#6739,#6740);
#5176=VERTEX_POINT('',#6742);
#5177=B_SPLINE_CURVE_WITH_KNOTS('',2,
(#6743,#6744,#6745),
.UNSPECIFIED.,.F.,.F.,
(3,3),
(0.,1.),
.UNSPECIFIED.);
#5178=LINE('',#6746,#6747);
#5179=VERTEX_POINT('',#6749);
#5180=B_SPLINE_CURVE_WITH_KNOTS('',2,
(#6750,#6751,#6752),
.UNSPECIFIED.,.F.,.F.,
(3,3),
(0.,1.),
.UNSPECIFIED.);
#5181=LINE('',#6753,#6754);
#5182=VERTEX_POINT('',#6756);
#5183=B_SPLINE_CURVE_WITH_KNOTS('',2,
(#6757,#6758,#6759),
.UNSPECIFIED.,.F.,.F.,
(3,3),
(0.,1.),
.UNSPECIFIED.);
#5184=LINE('',#6760,#6761);
#5185=VERTEX_POINT('',#6763);
#5186=LINE('',#6764,#6765);
#5187=LINE('',#6767,#6768);
#5188=VERTEX_POINT('',#6770);
#5189=B_SPLINE_CURVE_WITH_KNOTS('',2,
(#6771,#6772,#6773),
.UNSPECIFIED.,.F.,.F.,
(3,3),
(0.,1.),
.UNSPECIFIED.);
#5190=LINE('',#6774,#6775);
#5191=VERTEX_POINT('',#6777);
#5192=B_SPLINE_CURVE_WITH_KNOTS('',2,
(#6778,#6779,#6780),
.UNSPECIFIED.,.F.,.F.,
(3,3),
(0.,1.),
.UNSPECIFIED.);
#5193=LINE('',#6781,#6782);
#5194=VERTEX_POINT('',#6784);
#5195=B_SPLINE_CURVE_WITH_KNOTS('',2,
(#6785,#6786,#6787),
.UNSPECIFIED.,.F.,.F.,
(3,3),
(0.,1.),
.UNSPECIFIED.);
#5196=LINE('',#6788,#6789);
#5197=VERTEX_POINT('',#6791);
#5198=LINE('',#6792,#6793);
#5199=LINE('',#6795,#6796);
#5200=VERTEX_POINT('',#6798);
#5201=LINE('',#6799,#6800);
#5202=LINE('',#6802,#6803);
#5203=VERTEX_POINT('',#6805);
#5204=B_SPLINE_CURVE_WITH_KNOTS('',2,
(#6806,#6807,#6808),
.UNSPECIFIED.,.F.,.F.,
(3,3),
(0.,1.),
.UNSPECIFIED.);
#5205=LINE('',#6809,#6810);
#5206=VERTEX_POINT('',#6812);
#5207=B_SPLINE_CURVE_WITH_KNOTS('',2,
(#6813,#6814,#6815),
.UNSPECIFIED.,.F.,.F.,
(3,3),
(0.,1.),
.UNSPECIFIED.);
#5208=LINE('',#6816,#6817);
#5209=B_SPLINE_CURVE_WITH_KNOTS('',2,
(#6819,#6820,#6821),
.UNSPECIFIED.,.F.,.F.,
(3,3),
(0.,1.),
.UNSPECIFIED.);
#5210=VERTEX_POINT('',#6822);
#5211=LINE('',#6823,#6824);
#5212=VERTEX_POINT('',#6826);
#5213=LINE('',#6827,#6828);
#5214=LINE('',#6830,#6831);
#5215=VERTEX_POINT('',#6833);
#5216=B_SPLINE_CURVE_WITH_KNOTS('',2,
(#6834,#6835,#6836),
.UNSPECIFIED.,.F.,.F.,
(3,3),
(0.,1.),
.UNSPECIFIED.);
#5217=LINE('',#6837,#6838);
#5218=VERTEX_POINT('',#6840);
#5219=B_SPLINE_CURVE_WITH_KNOTS('',2,
(#6841,#6842,#6843),
.UNSPECIFIED.,.F.,.F.,
(3,3),
(0.,1.),
.UNSPECIFIED.);
#5220=LINE('',#6844,#6845);
#5221=VERTEX_POINT('',#6847);
#5222=LINE('',#6848,#6849);
#5223=LINE('',#6851,#6852);
#5224=VERTEX_POINT('',#6854);
#5225=B_SPLINE_CURVE_WITH_KNOTS('',2,
(#6855,#6856,#6857),
.UNSPECIFIED.,.F.,.F.,
(3,3),
(0.,1.),
.UNSPECIFIED.);
#5226=LINE('',#6858,#6859);
#5227=VERTEX_POINT('',#6861);
#5228=B_SPLINE_CURVE_WITH_KNOTS('',2,
(#6862,#6863,#6864),
.UNSPECIFIED.,.F.,.F.,
(3,3),
(0.,1.),
.UNSPECIFIED.);
#5229=LINE('',#6865,#6866);
#5230=VERTEX_POINT('',#6868);
#5231=LINE('',#6869,#6870);
#5232=LINE('',#6872,#6873);
#5233=VERTEX_POINT('',#6875);
#5234=B_SPLINE_CURVE_WITH_KNOTS('',2,
(#6876,#6877,#6878),
.UNSPECIFIED.,.F.,.F.,
(3,3),
(0.,1.),
.UNSPECIFIED.);
#5235=LINE('',#6879,#6880);
#5236=VERTEX_POINT('',#6882);
#5237=B_SPLINE_CURVE_WITH_KNOTS('',2,
(#6883,#6884,#6885),
.UNSPECIFIED.,.F.,.F.,
(3,3),
(0.,1.),
.UNSPECIFIED.);
#5238=LINE('',#6886,#6887);
#5239=VERTEX_POINT('',#6889);
#5240=B_SPLINE_CURVE_WITH_KNOTS('',2,
(#6890,#6891,#6892),
.UNSPECIFIED.,.F.,.F.,
(3,3),
(0.,1.),
.UNSPECIFIED.);
#5241=LINE('',#6893,#6894);
#5242=VERTEX_POINT('',#6896);
#5243=B_SPLINE_CURVE_WITH_KNOTS('',2,
(#6897,#6898,#6899),
.UNSPECIFIED.,.F.,.F.,
(3,3),
(0.,1.),
.UNSPECIFIED.);
#5244=LINE('',#6900,#6901);
#5245=VERTEX_POINT('',#6903);
#5246=LINE('',#6904,#6905);
#5247=LINE('',#6907,#6908);
#5248=VERTEX_POINT('',#6910);
#5249=B_SPLINE_CURVE_WITH_KNOTS('',2,
(#6911,#6912,#6913),
.UNSPECIFIED.,.F.,.F.,
(3,3),
(0.,1.),
.UNSPECIFIED.);
#5250=LINE('',#6914,#6915);
#5251=VERTEX_POINT('',#6917);
#5252=B_SPLINE_CURVE_WITH_KNOTS('',2,
(#6918,#6919,#6920),
.UNSPECIFIED.,.F.,.F.,
(3,3),
(0.,1.),
.UNSPECIFIED.);
#5253=LINE('',#6921,#6922);
#5254=VERTEX_POINT('',#6924);
#5255=LINE('',#6925,#6926);
#5256=LINE('',#6928,#6929);
#5257=VERTEX_POINT('',#6931);
#5258=B_SPLINE_CURVE_WITH_KNOTS('',2,
(#6932,#6933,#6934),
.UNSPECIFIED.,.F.,.F.,
(3,3),
(0.,1.),
.UNSPECIFIED.);
#5259=LINE('',#6935,#6936);
#5260=VERTEX_POINT('',#6938);
#5261=B_SPLINE_CURVE_WITH_KNOTS('',2,
(#6939,#6940,#6941),
.UNSPECIFIED.,.F.,.F.,
(3,3),
(0.,1.),
.UNSPECIFIED.);
#5262=LINE('',#6942,#6943);
#5263=VERTEX_POINT('',#6945);
#5264=LINE('',#6946,#6947);
#5265=LINE('',#6949,#6950);
#5266=VERTEX_POINT('',#6952);
#5267=B_SPLINE_CURVE_WITH_KNOTS('',2,
(#6953,#6954,#6955),
.UNSPECIFIED.,.F.,.F.,
(3,3),
(0.,1.),
.UNSPECIFIED.);
#5268=LINE('',#6956,#6957);
#5269=VERTEX_POINT('',#6959);
#5270=LINE('',#6960,#6961);
#5271=LINE('',#6963,#6964);
#5272=VERTEX_POINT('',#6966);
#5273=B_SPLINE_CURVE_WITH_KNOTS('',2,
(#6967,#6968,#6969),
.UNSPECIFIED.,.F.,.F.,
(3,3),
(0.,1.),
.UNSPECIFIED.);
#5274=LINE('',#6970,#6971);
#5275=VERTEX_POINT('',#6973);
#5276=LINE('',#6974,#6975);
#5277=LINE('',#6977,#6978);
#5278=VERTEX_POINT('',#6980);
#5279=B_SPLINE_CURVE_WITH_KNOTS('',2,
(#6981,#6982,#6983),
.UNSPECIFIED.,.F.,.F.,
(3,3),
(0.,1.),
.UNSPECIFIED.);
#5280=LINE('',#6984,#6985);
#5281=VERTEX_POINT('',#6987);
#5282=B_SPLINE_CURVE_WITH_KNOTS('',2,
(#6988,#6989,#6990),
.UNSPECIFIED.,.F.,.F.,
(3,3),
(0.,1.),
.UNSPECIFIED.);
#5283=LINE('',#6991,#6992);
#5284=VERTEX_POINT('',#6994);
#5285=B_SPLINE_CURVE_WITH_KNOTS('',2,
(#6995,#6996,#6997),
.UNSPECIFIED.,.F.,.F.,
(3,3),
(0.,1.),
.UNSPECIFIED.);
#5286=LINE('',#6998,#6999);
#5287=VERTEX_POINT('',#7001);
#5288=B_SPLINE_CURVE_WITH_KNOTS('',2,
(#7002,#7003,#7004),
.UNSPECIFIED.,.F.,.F.,
(3,3),
(0.,1.),
.UNSPECIFIED.);
#5289=LINE('',#7005,#7006);
#5290=VERTEX_POINT('',#7008);
#5291=LINE('',#7009,#7010);
#5292=LINE('',#7012,#7013);
#5293=LINE('',#7015,#7016);
#5294=VERTEX_POINT('',#7018);
#5295=LINE('',#7019,#7020);
#5296=VERTEX_POINT('',#7022);
#5297=B_SPLINE_CURVE_WITH_KNOTS('',2,
(#7023,#7024,#7025),
.UNSPECIFIED.,.F.,.F.,
(3,3),
(0.,1.),
.UNSPECIFIED.);
#5298=LINE('',#7026,#7027);
#5299=VERTEX_POINT('',#7029);
#5300=B_SPLINE_CURVE_WITH_KNOTS('',2,
(#7030,#7031,#7032),
.UNSPECIFIED.,.F.,.F.,
(3,3),
(0.,1.),
.UNSPECIFIED.);
#5301=LINE('',#7033,#7034);
#5302=VERTEX_POINT('',#7036);
#5303=B_SPLINE_CURVE_WITH_KNOTS('',2,
(#7037,#7038,#7039),
.UNSPECIFIED.,.F.,.F.,
(3,3),
(0.,1.),
.UNSPECIFIED.);
#5304=LINE('',#7040,#7041);
#5305=VERTEX_POINT('',#7043);
#5306=B_SPLINE_CURVE_WITH_KNOTS('',2,
(#7044,#7045,#7046),
.UNSPECIFIED.,.F.,.F.,
(3,3),
(0.,1.),
.UNSPECIFIED.);
#5307=LINE('',#7047,#7048);
#5308=VERTEX_POINT('',#7050);
#5309=LINE('',#7051,#7052);
#5310=LINE('',#7054,#7055);
#5311=VERTEX_POINT('',#7057);
#5312=B_SPLINE_CURVE_WITH_KNOTS('',2,
(#7058,#7059,#7060),
.UNSPECIFIED.,.F.,.F.,
(3,3),
(0.,1.),
.UNSPECIFIED.);
#5313=LINE('',#7061,#7062);
#5314=VERTEX_POINT('',#7064);
#5315=B_SPLINE_CURVE_WITH_KNOTS('',2,
(#7065,#7066,#7067),
.UNSPECIFIED.,.F.,.F.,
(3,3),
(0.,1.),
.UNSPECIFIED.);
#5316=LINE('',#7068,#7069);
#5317=VERTEX_POINT('',#7071);
#5318=B_SPLINE_CURVE_WITH_KNOTS('',2,
(#7072,#7073,#7074),
.UNSPECIFIED.,.F.,.F.,
(3,3),
(0.,1.),
.UNSPECIFIED.);
#5319=LINE('',#7075,#7076);
#5320=VERTEX_POINT('',#7078);
#5321=B_SPLINE_CURVE_WITH_KNOTS('',2,
(#7079,#7080,#7081),
.UNSPECIFIED.,.F.,.F.,
(3,3),
(0.,1.),
.UNSPECIFIED.);
#5322=LINE('',#7082,#7083);
#5323=VERTEX_POINT('',#7085);
#5324=B_SPLINE_CURVE_WITH_KNOTS('',2,
(#7086,#7087,#7088),
.UNSPECIFIED.,.F.,.F.,
(3,3),
(0.,1.),
.UNSPECIFIED.);
#5325=LINE('',#7089,#7090);
#5326=VERTEX_POINT('',#7092);
#5327=B_SPLINE_CURVE_WITH_KNOTS('',2,
(#7093,#7094,#7095),
.UNSPECIFIED.,.F.,.F.,
(3,3),
(0.,1.),
.UNSPECIFIED.);
#5328=LINE('',#7096,#7097);
#5329=VERTEX_POINT('',#7099);
#5330=LINE('',#7100,#7101);
#5331=LINE('',#7103,#7104);
#5332=VERTEX_POINT('',#7106);
#5333=B_SPLINE_CURVE_WITH_KNOTS('',2,
(#7107,#7108,#7109),
.UNSPECIFIED.,.F.,.F.,
(3,3),
(0.,1.),
.UNSPECIFIED.);
#5334=LINE('',#7110,#7111);
#5335=VERTEX_POINT('',#7113);
#5336=B_SPLINE_CURVE_WITH_KNOTS('',2,
(#7114,#7115,#7116),
.UNSPECIFIED.,.F.,.F.,
(3,3),
(0.,1.),
.UNSPECIFIED.);
#5337=LINE('',#7117,#7118);
#5338=VERTEX_POINT('',#7120);
#5339=LINE('',#7121,#7122);
#5340=LINE('',#7124,#7125);
#5341=VERTEX_POINT('',#7127);
#5342=B_SPLINE_CURVE_WITH_KNOTS('',2,
(#7128,#7129,#7130),
.UNSPECIFIED.,.F.,.F.,
(3,3),
(0.,1.),
.UNSPECIFIED.);
#5343=LINE('',#7131,#7132);
#5344=VERTEX_POINT('',#7134);
#5345=B_SPLINE_CURVE_WITH_KNOTS('',2,
(#7135,#7136,#7137),
.UNSPECIFIED.,.F.,.F.,
(3,3),
(0.,1.),
.UNSPECIFIED.);
#5346=LINE('',#7138,#7139);
#5347=VERTEX_POINT('',#7141);
#5348=B_SPLINE_CURVE_WITH_KNOTS('',2,
(#7142,#7143,#7144),
.UNSPECIFIED.,.F.,.F.,
(3,3),
(0.,1.),
.UNSPECIFIED.);
#5349=LINE('',#7145,#7146);
#5350=VERTEX_POINT('',#7148);
#5351=B_SPLINE_CURVE_WITH_KNOTS('',2,
(#7149,#7150,#7151),
.UNSPECIFIED.,.F.,.F.,
(3,3),
(0.,1.),
.UNSPECIFIED.);
#5352=LINE('',#7152,#7153);
#5353=VERTEX_POINT('',#7155);
#5354=LINE('',#7156,#7157);
#5355=LINE('',#7159,#7160);
#5356=VERTEX_POINT('',#7162);
#5357=B_SPLINE_CURVE_WITH_KNOTS('',2,
(#7163,#7164,#7165),
.UNSPECIFIED.,.F.,.F.,
(3,3),
(0.,1.),
.UNSPECIFIED.);
#5358=LINE('',#7166,#7167);
#5359=VERTEX_POINT('',#7169);
#5360=B_SPLINE_CURVE_WITH_KNOTS('',2,
(#7170,#7171,#7172),
.UNSPECIFIED.,.F.,.F.,
(3,3),
(0.,1.),
.UNSPECIFIED.);
#5361=LINE('',#7173,#7174);
#5362=VERTEX_POINT('',#7176);
#5363=LINE('',#7177,#7178);
#5364=LINE('',#7180,#7181);
#5365=VERTEX_POINT('',#7183);
#5366=B_SPLINE_CURVE_WITH_KNOTS('',2,
(#7184,#7185,#7186),
.UNSPECIFIED.,.F.,.F.,
(3,3),
(0.,1.),
.UNSPECIFIED.);
#5367=LINE('',#7187,#7188);
#5368=VERTEX_POINT('',#7190);
#5369=B_SPLINE_CURVE_WITH_KNOTS('',2,
(#7191,#7192,#7193),
.UNSPECIFIED.,.F.,.F.,
(3,3),
(0.,1.),
.UNSPECIFIED.);
#5370=LINE('',#7194,#7195);
#5371=VERTEX_POINT('',#7197);
#5372=LINE('',#7198,#7199);
#5373=LINE('',#7201,#7202);
#5374=VERTEX_POINT('',#7204);
#5375=B_SPLINE_CURVE_WITH_KNOTS('',2,
(#7205,#7206,#7207),
.UNSPECIFIED.,.F.,.F.,
(3,3),
(0.,1.),
.UNSPECIFIED.);
#5376=LINE('',#7208,#7209);
#5377=VERTEX_POINT('',#7211);
#5378=B_SPLINE_CURVE_WITH_KNOTS('',2,
(#7212,#7213,#7214),
.UNSPECIFIED.,.F.,.F.,
(3,3),
(0.,1.),
.UNSPECIFIED.);
#5379=LINE('',#7215,#7216);
#5380=VERTEX_POINT('',#7218);
#5381=B_SPLINE_CURVE_WITH_KNOTS('',2,
(#7219,#7220,#7221),
.UNSPECIFIED.,.F.,.F.,
(3,3),
(0.,1.),
.UNSPECIFIED.);
#5382=LINE('',#7222,#7223);
#5383=VERTEX_POINT('',#7225);
#5384=B_SPLINE_CURVE_WITH_KNOTS('',2,
(#7226,#7227,#7228),
.UNSPECIFIED.,.F.,.F.,
(3,3),
(0.,1.),
.UNSPECIFIED.);
#5385=LINE('',#7229,#7230);
#5386=VERTEX_POINT('',#7232);
#5387=LINE('',#7233,#7234);
#5388=LINE('',#7236,#7237);
#5389=VERTEX_POINT('',#7239);
#5390=B_SPLINE_CURVE_WITH_KNOTS('',2,
(#7240,#7241,#7242),
.UNSPECIFIED.,.F.,.F.,
(3,3),
(0.,1.),
.UNSPECIFIED.);
#5391=LINE('',#7243,#7244);
#5392=VERTEX_POINT('',#7246);
#5393=B_SPLINE_CURVE_WITH_KNOTS('',2,
(#7247,#7248,#7249),
.UNSPECIFIED.,.F.,.F.,
(3,3),
(0.,1.),
.UNSPECIFIED.);
#5394=LINE('',#7250,#7251);
#5395=VERTEX_POINT('',#7253);
#5396=B_SPLINE_CURVE_WITH_KNOTS('',2,
(#7254,#7255,#7256),
.UNSPECIFIED.,.F.,.F.,
(3,3),
(0.,1.),
.UNSPECIFIED.);
#5397=LINE('',#7257,#7258);
#5398=VERTEX_POINT('',#7260);
#5399=B_SPLINE_CURVE_WITH_KNOTS('',2,
(#7261,#7262,#7263),
.UNSPECIFIED.,.F.,.F.,
(3,3),
(0.,1.),
.UNSPECIFIED.);
#5400=LINE('',#7264,#7265);
#5401=LINE('',#7267,#7268);
#5402=VERTEX_POINT('',#7270);
#5403=LINE('',#7271,#7272);
#5404=VERTEX_POINT('',#7274);
#5405=LINE('',#7275,#7276);
#5406=CIRCLE('',#7278,10.);
#5407=VERTEX_POINT('',#7282);
#5408=LINE('',#7283,#7284);
#5409=LINE('',#7286,#7287);
#5410=VERTEX_POINT('',#7289);
#5411=VERTEX_POINT('',#7290);
#5412=CIRCLE('',#7291,0.5);
#5413=VERTEX_POINT('',#7295);
#5414=LINE('',#7296,#7297);
#5415=VERTEX_POINT('',#7299);
#5416=CIRCLE('',#7300,0.5);
#5417=VERTEX_POINT('',#7304);
#5418=LINE('',#7305,#7306);
#5419=VERTEX_POINT('',#7308);
#5420=CIRCLE('',#7309,0.5);
#5421=VERTEX_POINT('',#7313);
#5422=LINE('',#7314,#7315);
#5423=VERTEX_POINT('',#7317);
#5424=CIRCLE('',#7318,0.5);
#5425=LINE('',#7322,#7323);
#5426=VERTEX_POINT('',#7325);
#5427=VERTEX_POINT('',#7326);
#5428=LINE('',#7327,#7328);
#5429=VERTEX_POINT('',#7330);
#5430=LINE('',#7331,#7332);
#5431=VERTEX_POINT('',#7334);
#5432=LINE('',#7335,#7336);
#5433=LINE('',#7338,#7339);
#5434=VERTEX_POINT('',#7341);
#5435=LINE('',#7342,#7343);
#5436=CIRCLE('',#7345,10.);
#5437=VERTEX_POINT('',#7349);
#5438=LINE('',#7350,#7351);
#5439=LINE('',#7353,#7354);
#5440=VERTEX_POINT('',#7356);
#5441=LINE('',#7357,#7358);
#5442=CIRCLE('',#7360,10.);
#5443=VERTEX_POINT('',#7364);
#5444=LINE('',#7365,#7366);
#5445=LINE('',#7368,#7369);
#5446=VERTEX_POINT('',#7371);
#5447=VERTEX_POINT('',#7372);
#5448=LINE('',#7373,#7374);
#5449=VERTEX_POINT('',#7376);
#5450=LINE('',#7377,#7378);
#5451=VERTEX_POINT('',#7380);
#5452=LINE('',#7381,#7382);
#5453=LINE('',#7384,#7385);
#5454=VERTEX_POINT('',#7387);
#5455=LINE('',#7388,#7389);
#5456=CIRCLE('',#7391,10.);
#5457=LINE('',#7395,#7396);
#5458=VERTEX_POINT('',#7398);
#5459=VERTEX_POINT('',#7399);
#5460=CIRCLE('',#7400,3.3);
#5461=LINE('',#7404,#7405);
#5462=VERTEX_POINT('',#7407);
#5463=LINE('',#7408,#7409);
#5464=VERTEX_POINT('',#7411);
#5465=LINE('',#7412,#7413);
#5466=LINE('',#7415,#7416);
#5467=VERTEX_POINT('',#7418);
#5468=CIRCLE('',#7419,2.25);
#5469=LINE('',#7423,#7424);
#5470=VERTEX_POINT('',#7426);
#5471=LINE('',#7427,#7428);
#5472=LINE('',#7430,#7431);
#5473=CIRCLE('',#7433,4.5);
#5474=VERTEX_POINT('',#7437);
#5475=LINE('',#7438,#7439);
#5476=VERTEX_POINT('',#7441);
#5477=LINE('',#7442,#7443);
#5478=CIRCLE('',#7445,4.5);
#5479=VERTEX_POINT('',#7449);
#5480=LINE('',#7450,#7451);
#5481=LINE('',#7453,#7454);
#5482=VERTEX_POINT('',#7456);
#5483=LINE('',#7457,#7458);
#5484=CIRCLE('',#7460,2.25);
#5485=LINE('',#7464,#7465);
#5486=VERTEX_POINT('',#7467);
#5487=VERTEX_POINT('',#7468);
#5488=CIRCLE('',#7469,8.4);
#5489=VERTEX_POINT('',#7473);
#5490=LINE('',#7474,#7475);
#5491=VERTEX_POINT('',#7477);
#5492=CIRCLE('',#7478,8.4);
#5493=VERTEX_POINT('',#7482);
#5494=LINE('',#7483,#7484);
#5495=VERTEX_POINT('',#7486);
#5496=CIRCLE('',#7487,8.4);
#5497=VERTEX_POINT('',#7491);
#5498=LINE('',#7492,#7493);
#5499=VERTEX_POINT('',#7495);
#5500=CIRCLE('',#7496,8.40000000000001);
#5501=LINE('',#7500,#7501);
#5502=VERTEX_POINT('',#7503);
#5503=LINE('',#7504,#7505);
#5504=VERTEX_POINT('',#7507);
#5505=CIRCLE('',#7508,0.5);
#5506=LINE('',#7512,#7513);
#5507=VERTEX_POINT('',#7515);
#5508=LINE('',#7516,#7517);
#5509=LINE('',#7519,#7520);
#5510=VERTEX_POINT('',#7522);
#5511=CIRCLE('',#7523,0.5);
#5512=LINE('',#7527,#7528);
#5513=VERTEX_POINT('',#7530);
#5514=LINE('',#7531,#7532);
#5515=LINE('',#7534,#7535);
#5516=VERTEX_POINT('',#7537);
#5517=CIRCLE('',#7538,0.5);
#5518=LINE('',#7542,#7543);
#5519=VERTEX_POINT('',#7545);
#5520=LINE('',#7546,#7547);
#5521=LINE('',#7549,#7550);
#5522=VERTEX_POINT('',#7552);
#5523=CIRCLE('',#7553,0.5);
#5524=LINE('',#7557,#7558);
#5525=LINE('',#7560,#7561);
#5526=VERTEX_POINT('',#7563);
#5527=VERTEX_POINT('',#7564);
#5528=LINE('',#7565,#7566);
#5529=VERTEX_POINT('',#7568);
#5530=LINE('',#7569,#7570);
#5531=LINE('',#7572,#7573);
#5532=VERTEX_POINT('',#7575);
#5533=LINE('',#7576,#7577);
#5534=LINE('',#7579,#7580);
#5535=VERTEX_POINT('',#7582);
#5536=LINE('',#7583,#7584);
#5537=LINE('',#7586,#7587);
#5538=VERTEX_POINT('',#7589);
#5539=VERTEX_POINT('',#7590);
#5540=LINE('',#7591,#7592);
#5541=VERTEX_POINT('',#7594);
#5542=LINE('',#7595,#7596);
#5543=LINE('',#7598,#7599);
#5544=LINE('',#7601,#7602);
#5545=LINE('',#7604,#7605);
#5546=VERTEX_POINT('',#7607);
#5547=VERTEX_POINT('',#7608);
#5548=LINE('',#7609,#7610);
#5549=LINE('',#7612,#7613);
#5550=LINE('',#7615,#7616);
#5551=VERTEX_POINT('',#7618);
#5552=VERTEX_POINT('',#7619);
#5553=LINE('',#7620,#7621);
#5554=LINE('',#7623,#7624);
#5555=VERTEX_POINT('',#7626);
#5556=LINE('',#7627,#7628);
#5557=LINE('',#7630,#7631);
#5558=VERTEX_POINT('',#7633);
#5559=LINE('',#7634,#7635);
#5560=LINE('',#7637,#7638);
#5561=VERTEX_POINT('',#7640);
#5562=LINE('',#7641,#7642);
#5563=VERTEX_POINT('',#7644);
#5564=LINE('',#7645,#7646);
#5565=LINE('',#7648,#7649);
#5566=VERTEX_POINT('',#7651);
#5567=LINE('',#7652,#7653);
#5568=VERTEX_POINT('',#7655);
#5569=LINE('',#7656,#7657);
#5570=CIRCLE('',#7659,3.3);
#5571=LINE('',#7663,#7664);
#5572=VERTEX_POINT('',#7666);
#5573=VERTEX_POINT('',#7667);
#5574=LINE('',#7668,#7669);
#5575=VERTEX_POINT('',#7671);
#5576=CIRCLE('',#7672,5.25);
#5577=VERTEX_POINT('',#7676);
#5578=LINE('',#7677,#7678);
#5579=CIRCLE('',#7680,7.5);
#5580=VERTEX_POINT('',#7684);
#5581=VERTEX_POINT('',#7685);
#5582=CIRCLE('',#7686,4.00333704529042);
#5583=VERTEX_POINT('',#7690);
#5584=CIRCLE('',#7691,4.00333704529042);
#5585=VERTEX_POINT('',#7695);
#5586=LINE('',#7696,#7697);
#5587=VERTEX_POINT('',#7699);
#5588=CIRCLE('',#7700,7.5);
#5589=VERTEX_POINT('',#7704);
#5590=CIRCLE('',#7705,4.00333704529042);
#5591=VERTEX_POINT('',#7709);
#5592=CIRCLE('',#7710,7.5);
#5593=VERTEX_POINT('',#7714);
#5594=LINE('',#7715,#7716);
#5595=CIRCLE('',#7718,5.25);
#5596=VERTEX_POINT('',#7722);
#5597=VERTEX_POINT('',#7723);
#5598=CIRCLE('',#7724,8.4);
#5599=LINE('',#7728,#7729);
#5600=LINE('',#7731,#7732);
#5601=VERTEX_POINT('',#7734);
#5602=VERTEX_POINT('',#7735);
#5603=LINE('',#7736,#7737);
#5604=VERTEX_POINT('',#7739);
#5605=LINE('',#7740,#7741);
#5606=VERTEX_POINT('',#7743);
#5607=LINE('',#7744,#7745);
#5608=VERTEX_POINT('',#7747);
#5609=LINE('',#7748,#7749);
#5610=VERTEX_POINT('',#7751);
#5611=LINE('',#7752,#7753);
#5612=VERTEX_POINT('',#7755);
#5613=LINE('',#7756,#7757);
#5614=VERTEX_POINT('',#7759);
#5615=LINE('',#7760,#7761);
#5616=LINE('',#7763,#7764);
#5617=VERTEX_POINT('',#7766);
#5618=LINE('',#7767,#7768);
#5619=LINE('',#7770,#7771);
#5620=VERTEX_POINT('',#7773);
#5621=VERTEX_POINT('',#7774);
#5622=LINE('',#7775,#7776);
#5623=VERTEX_POINT('',#7778);
#5624=LINE('',#7779,#7780);
#5625=VERTEX_POINT('',#7782);
#5626=LINE('',#7783,#7784);
#5627=LINE('',#7786,#7787);
#5628=LINE('',#7789,#7790);
#5629=LINE('',#7792,#7793);
#5630=VERTEX_POINT('',#7795);
#5631=CIRCLE('',#7796,8.4);
#5632=LINE('',#7800,#7801);
#5633=VERTEX_POINT('',#7803);
#5634=LINE('',#7804,#7805);
#5635=LINE('',#7807,#7808);
#5636=VERTEX_POINT('',#7810);
#5637=CIRCLE('',#7811,8.4);
#5638=LINE('',#7815,#7816);
#5639=VERTEX_POINT('',#7818);
#5640=VERTEX_POINT('',#7819);
#5641=LINE('',#7820,#7821);
#5642=VERTEX_POINT('',#7823);
#5643=LINE('',#7824,#7825);
#5644=VERTEX_POINT('',#7827);
#5645=LINE('',#7828,#7829);
#5646=LINE('',#7831,#7832);
#5647=VERTEX_POINT('',#7834);
#5648=LINE('',#7835,#7836);
#5649=VERTEX_POINT('',#7838);
#5650=LINE('',#7839,#7840);
#5651=VERTEX_POINT('',#7842);
#5652=LINE('',#7843,#7844);
#5653=VERTEX_POINT('',#7846);
#5654=LINE('',#7847,#7848);
#5655=VERTEX_POINT('',#7850);
#5656=LINE('',#7851,#7852);
#5657=LINE('',#7854,#7855);
#5658=LINE('',#7857,#7858);
#5659=LINE('',#7860,#7861);
#5660=VERTEX_POINT('',#7863);
#5661=CIRCLE('',#7864,8.4);
#5662=LINE('',#7868,#7869);
#5663=LINE('',#7871,#7872);
#5664=VERTEX_POINT('',#7874);
#5665=VERTEX_POINT('',#7875);
#5666=(BOUNDED_CURVE()B_SPLINE_CURVE(3,
(#7876,#7877,#7878,#7879),
.UNSPECIFIED.,.F.,.F.)B_SPLINE_CURVE_WITH_KNOTS((4,4),
(0.,1.),
.UNSPECIFIED.)CURVE()GEOMETRIC_REPRESENTATION_ITEM()RATIONAL_B_SPLINE_CURVE((1.,
0.804737854124365,0.804737854124365,1.))REPRESENTATION_ITEM(''));
#5667=VERTEX_POINT('',#7880);
#5668=LINE('',#7881,#7882);
#5669=VERTEX_POINT('',#7884);
#5670=LINE('',#7885,#7886);
#5671=VERTEX_POINT('',#7888);
#5672=LINE('',#7889,#7890);
#5673=VERTEX_POINT('',#7892);
#5674=LINE('',#7893,#7894);
#5675=VERTEX_POINT('',#7896);
#5676=LINE('',#7897,#7898);
#5677=VERTEX_POINT('',#7900);
#5678=LINE('',#7901,#7902);
#5679=LINE('',#7904,#7905);
#5680=VERTEX_POINT('',#7907);
#5681=VERTEX_POINT('',#7908);
#5682=LINE('',#7909,#7910);
#5683=LINE('',#7912,#7913);
#5684=LINE('',#7915,#7916);
#5685=VERTEX_POINT('',#7918);
#5686=CIRCLE('',#7919,5.25);
#5687=LINE('',#7923,#7924);
#5688=VERTEX_POINT('',#7926);
#5689=LINE('',#7927,#7928);
#5690=LINE('',#7930,#7931);
#5691=CIRCLE('',#7933,7.5);
#5692=VERTEX_POINT('',#7937);
#5693=VERTEX_POINT('',#7938);
#5694=B_SPLINE_CURVE_WITH_KNOTS('',3,
(#7939,#7940,#7941,#7942,#7943,#7944,#7945,#7946,#7947,#7948,#7949,#7950,#7951,#7952,
#7953,#7954,#7955,#7956,#7957,#7958,#7959,#7960,#7961,#7962,#7963,#7964,#7965,#7966,
#7967,#7968,#7969,#7970,#7971,#7972,#7973),
.UNSPECIFIED.,.F.,.F.,
(4,1,1,1,1,1,1,1,1,1,1,1,1,1,1,1,1,1,1,1,1,1,1,1,1,1,1,1,1,1,1,1,4),
(0.,0.0349937816469678,0.0693910749265679,0.103402349950791,0.137345471232221,0.171570475210842,
0.205569123341432,0.239377176773736,0.272900585668015,0.306311904655939,0.339360334332076,
0.372090673774264,0.404407519455102,0.436507511868123,0.478634488222031,0.520357514700338,
0.561791179363919,0.592535055743748,0.623064466007843,0.653245484523919,0.68329681207121,
0.713018118376978,0.742540718302268,0.771825141333481,0.800989111060795,0.82998831092677,
0.858790324934664,0.887357371584138,0.891041211321018,0.915793303722272,0.944017764259602,
0.972137160792498,1.),
.UNSPECIFIED.);
#5695=B_SPLINE_CURVE_WITH_KNOTS('',3,
(#7974,#7975,#7976,#7977,#7978,#7979,#7980,#7981,#7982),
.UNSPECIFIED.,.F.,.F.,
(4,1,1,1,1,1,4),
(0.,0.249954379564803,0.477181819426581,0.49998421549215,0.750009357283342,0.977197579196008,
1.),
.UNSPECIFIED.);
#5696=VERTEX_POINT('',#7983);
#5697=B_SPLINE_CURVE_WITH_KNOTS('',3,
(#7984,#7985,#7986,#7987,#7988,#7989,#7990,#7991,#7992,#7993,#7994,#7995,#7996,#7997,
#7998,#7999,#8000,#8001,#8002,#8003,#8004,#8005,#8006,#8007,#8008,#8009,#8010,#8011,
#8012),
.UNSPECIFIED.,.F.,.F.,
(4,1,1,1,1,1,1,1,1,1,1,1,1,1,1,1,1,1,1,1,1,1,1,1,1,1,4),
(0.,0.0321510754709486,0.0635292166835099,0.0942735457142304,0.124365227400341,0.154246890029927,
0.18394546400854,0.213716957351817,0.243443516297242,0.273134796883693,0.30597225566086,
0.341994114427904,0.401077695139512,0.480633542987462,0.560943629205491,0.622090507076617,
0.660511103335616,0.695949350548799,0.728539614275576,0.76126938336408,0.794453088562193,
0.827937659897448,0.861876690075506,0.896014082383868,0.930499254949392,0.965144267096174,
1.),
.UNSPECIFIED.);
#5698=CIRCLE('',#8013,5.5);
#5699=VERTEX_POINT('',#8017);
#5700=CIRCLE('',#8018,2.5);
#5701=LINE('',#8022,#8023);
#5702=VERTEX_POINT('',#8025);
#5703=CIRCLE('',#8026,7.5);
#5704=B_SPLINE_CURVE_WITH_KNOTS('',3,
(#8030,#8031,#8032,#8033,#8034,#8035,#8036,#8037,#8038,#8039,#8040,#8041,#8042,#8043,
#8044,#8045,#8046,#8047,#8048,#8049,#8050,#8051,#8052,#8053,#8054,#8055,#8056,#8057,
#8058,#8059,#8060),
.UNSPECIFIED.,.F.,.F.,
(4,1,1,1,1,1,1,1,1,1,1,1,1,1,1,1,1,1,1,1,1,1,1,1,1,1,1,1,4),
(0.,0.0326900348579629,0.0646700333386275,0.0960611627993538,0.12675825491959,0.157221317174922,
0.187393029581912,0.217546096926838,0.247387551704565,0.277103354992673,0.306478101254765,
0.335649107805559,0.364545698650948,0.393368137485151,0.425390365192926,0.460657278402825,
0.512751925390365,0.56556464734093,0.619090807562545,0.667784908801579,0.713923769264394,
0.757471757027656,0.790849399474527,0.824686653209314,0.85912781214606,0.893806988512505,
0.928980341489431,0.964349692611751,1.),
.UNSPECIFIED.);
#5705=VERTEX_POINT('',#8061);
#5706=CIRCLE('',#8062,2.5);
#5707=VERTEX_POINT('',#8066);
#5708=VERTEX_POINT('',#8067);
#5709=CIRCLE('',#8068,5.5);
#5710=B_SPLINE_CURVE_WITH_KNOTS('',3,
(#8072,#8073,#8074,#8075,#8076,#8077,#8078,#8079,#8080,#8081,#8082,#8083,#8084,#8085,
#8086,#8087,#8088,#8089,#8090,#8091,#8092,#8093,#8094,#8095,#8096,#8097,#8098,#8099,
#8100,#8101,#8102),
.UNSPECIFIED.,.F.,.F.,
(4,1,1,1,1,1,1,1,1,1,1,1,1,1,1,1,1,1,1,1,1,1,1,1,1,1,1,1,4),
(0.,0.0326900348411679,0.0646700333006369,0.0960611627485527,0.126758254862964,0.157221317113534,
0.187393029521183,0.217546096871257,0.247387551654651,0.277103354946474,0.306478101208244,
0.335649107756352,0.364545698597046,0.393368137425744,0.425390365127526,0.460657278331502,
0.512751925314405,0.565564647263857,0.619090807487492,0.667784908732833,0.713923769202982,
0.757471756974372,0.790849399427947,0.824686653169591,0.859127812113509,0.893806988487992,
0.928980341472991,0.964349692603269,1.),
.UNSPECIFIED.);
#5711=CIRCLE('',#8103,5.5);
#5712=VERTEX_POINT('',#8107);
#5713=CIRCLE('',#8108,7.5);
#5714=LINE('',#8112,#8113);
#5715=VERTEX_POINT('',#8115);
#5716=LINE('',#8116,#8117);
#5717=LINE('',#8119,#8120);
#5718=CIRCLE('',#8122,5.25);
#5719=VERTEX_POINT('',#8126);
#5720=LINE('',#8127,#8128);
#5721=VERTEX_POINT('',#8130);
#5722=LINE('',#8131,#8132);
#5723=VERTEX_POINT('',#8134);
#5724=LINE('',#8135,#8136);
#5725=CIRCLE('',#8138,6.40000000000001);
#5726=VERTEX_POINT('',#8142);
#5727=CIRCLE('',#8143,6.4);
#5728=LINE('',#8147,#8148);
#5729=VERTEX_POINT('',#8150);
#5730=LINE('',#8151,#8152);
#5731=VERTEX_POINT('',#8154);
#5732=LINE('',#8155,#8156);
#5733=LINE('',#8158,#8159);
#5734=VERTEX_POINT('',#8161);
#5735=VERTEX_POINT('',#8162);
#5736=B_SPLINE_CURVE_WITH_KNOTS('',3,
(#8163,#8164,#8165,#8166,#8167,#8168,#8169,#8170,#8171,#8172,#8173,#8174,#8175,#8176,
#8177,#8178,#8179,#8180,#8181,#8182,#8183,#8184,#8185,#8186,#8187,#8188,#8189,#8190,
#8191,#8192,#8193,#8194,#8195,#8196,#8197,#8198,#8199,#8200,#8201,#8202,#8203,#8204,
#8205,#8206,#8207,#8208,#8209,#8210,#8211,#8212,#8213,#8214,#8215,#8216,#8217,#8218,
#8219,#8220),
.UNSPECIFIED.,.F.,.F.,
(4,1,1,1,1,1,1,1,1,1,1,1,1,1,1,1,1,1,1,1,1,1,1,1,1,1,1,1,1,1,1,1,1,1,1,1,1,1,1,1,
1,1,1,1,1,1,1,1,1,1,1,1,1,1,1,4),
(0.,0.00108137943301711,0.0407723708216263,0.0807933238507677,0.120128763226138,
0.158426205338906,0.196217462665723,0.232919571961237,0.268982219415264,0.304189702448651,
0.339197551959535,0.373057232831673,0.406011889675402,0.437368797918706,0.468068377396066,
0.496975303452155,0.524761460953289,0.550981290441681,0.576746270517021,0.600944664145669,
0.624017069427083,0.645268916233684,0.665826077960102,0.68467980022175,0.702528284406983,
0.719062244287846,0.735284270743982,0.750456161309255,0.764885697321042,0.778131618907655,
0.790937426928331,0.802706308354694,0.813880040475154,0.827677345116725,0.843977279375858,
0.859564380958626,0.871218847279276,0.879385889333584,0.88728632091149,0.8948585701207,
0.902365672692015,0.909671820582981,0.916839502065268,0.923790863703772,0.930667377179461,
0.937363391043896,0.94395939932372,0.950431843175977,0.956884225550809,0.963256540587336,
0.969568878866656,0.975779992716264,0.981947060640269,0.988024006667789,0.994043608462578,
1.),
.UNSPECIFIED.);
#5737=VERTEX_POINT('',#8221);
#5738=LINE('',#8222,#8223);
#5739=CIRCLE('',#8225,8.4);
#5740=CIRCLE('',#8229,8.4);
#5741=VERTEX_POINT('',#8233);
#5742=VERTEX_POINT('',#8234);
#5743=LINE('',#8235,#8236);
#5744=VERTEX_POINT('',#8238);
#5745=LINE('',#8239,#8240);
#5746=CIRCLE('',#8242,3.);
#5747=VERTEX_POINT('',#8246);
#5748=CIRCLE('',#8247,3.);
#5749=LINE('',#8251,#8252);
#5750=VERTEX_POINT('',#8254);
#5751=CIRCLE('',#8255,8.4);
#5752=VERTEX_POINT('',#8259);
#5753=CIRCLE('',#8260,8.4);
#5754=LINE('',#8264,#8265);
#5755=VERTEX_POINT('',#8267);
#5756=LINE('',#8268,#8269);
#5757=VERTEX_POINT('',#8271);
#5758=LINE('',#8272,#8273);
#5759=LINE('',#8275,#8276);
#5760=VERTEX_POINT('',#8278);
#5761=LINE('',#8279,#8280);
#5762=LINE('',#8282,#8283);
#5763=VERTEX_POINT('',#8285);
#5764=LINE('',#8286,#8287);
#5765=VERTEX_POINT('',#8289);
#5766=CIRCLE('',#8290,6.4);
#5767=VERTEX_POINT('',#8294);
#5768=LINE('',#8295,#8296);
#5769=VERTEX_POINT('',#8298);
#5770=CIRCLE('',#8299,6.4);
#5771=VERTEX_POINT('',#8303);
#5772=LINE('',#8304,#8305);
#5773=LINE('',#8307,#8308);
#5774=LINE('',#8310,#8311);
#5775=VERTEX_POINT('',#8313);
#5776=LINE('',#8314,#8315);
#5777=VERTEX_POINT('',#8317);
#5778=LINE('',#8318,#8319);
#5779=LINE('',#8321,#8322);
#5780=VERTEX_POINT('',#8324);
#5781=LINE('',#8325,#8326);
#5782=LINE('',#8328,#8329);
#5783=VERTEX_POINT('',#8331);
#5784=LINE('',#8332,#8333);
#5785=LINE('',#8335,#8336);
#5786=LINE('',#8338,#8339);
#5787=VERTEX_POINT('',#8341);
#5788=LINE('',#8342,#8343);
#5789=VERTEX_POINT('',#8345);
#5790=LINE('',#8346,#8347);
#5791=LINE('',#8349,#8350);
#5792=LINE('',#8352,#8353);
#5793=VERTEX_POINT('',#8355);
#5794=LINE('',#8356,#8357);
#5795=LINE('',#8359,#8360);
#5796=VERTEX_POINT('',#8362);
#5797=LINE('',#8363,#8364);
#5798=LINE('',#8366,#8367);
#5799=VERTEX_POINT('',#8369);
#5800=CIRCLE('',#8370,8.4);
#5801=VERTEX_POINT('',#8374);
#5802=LINE('',#8375,#8376);
#5803=CIRCLE('',#8378,8.4);
#5804=VERTEX_POINT('',#8382);
#5805=VERTEX_POINT('',#8383);
#5806=LINE('',#8384,#8385);
#5807=VERTEX_POINT('',#8387);
#5808=LINE('',#8388,#8389);
#5809=CIRCLE('',#8391,3.);
#5810=VERTEX_POINT('',#8395);
#5811=CIRCLE('',#8396,3.);
#5812=LINE('',#8400,#8401);
#5813=VERTEX_POINT('',#8403);
#5814=CIRCLE('',#8404,8.4);
#5815=VERTEX_POINT('',#8408);
#5816=CIRCLE('',#8409,8.4);
#5817=LINE('',#8413,#8414);
#5818=VERTEX_POINT('',#8416);
#5819=LINE('',#8417,#8418);
#5820=VERTEX_POINT('',#8420);
#5821=LINE('',#8421,#8422);
#5822=(BOUNDED_CURVE()B_SPLINE_CURVE(3,
(#8424,#8425,#8426,#8427),
.UNSPECIFIED.,.F.,.F.)B_SPLINE_CURVE_WITH_KNOTS((4,4),
(0.,1.),
.UNSPECIFIED.)CURVE()GEOMETRIC_REPRESENTATION_ITEM()RATIONAL_B_SPLINE_CURVE((1.,
0.804737854124365,0.804737854124365,1.))REPRESENTATION_ITEM(''));
#5823=VERTEX_POINT('',#8428);
#5824=LINE('',#8429,#8430);
#5825=CIRCLE('',#8432,3.);
#5826=VERTEX_POINT('',#8436);
#5827=VERTEX_POINT('',#8437);
#5828=LINE('',#8438,#8439);
#5829=VERTEX_POINT('',#8441);
#5830=LINE('',#8442,#8443);
#5831=CIRCLE('',#8445,3.);
#5832=LINE('',#8449,#8450);
#5833=VERTEX_POINT('',#8452);
#5834=CIRCLE('',#8453,3.);
#5835=VERTEX_POINT('',#8457);
#5836=LINE('',#8458,#8459);
#5837=VERTEX_POINT('',#8461);
#5838=LINE('',#8462,#8463);
#5839=LINE('',#8465,#8466);
#5840=B_SPLINE_CURVE_WITH_KNOTS('',3,
(#8468,#8469,#8470,#8471,#8472,#8473),
.UNSPECIFIED.,.F.,.F.,
(4,1,1,4),
(0.,0.333333333333333,0.666666666666667,1.),
.UNSPECIFIED.);
#5841=CIRCLE('',#8474,3.);
#5842=VERTEX_POINT('',#8478);
#5843=B_SPLINE_CURVE_WITH_KNOTS('',3,
(#8479,#8480,#8481,#8482,#8483,#8484,#8485,#8486,#8487,#8488,#8489,#8490,#8491,#8492,
#8493,#8494,#8495,#8496,#8497,#8498,#8499,#8500,#8501,#8502,#8503,#8504,#8505,#8506,
#8507,#8508,#8509,#8510,#8511,#8512,#8513,#8514,#8515,#8516,#8517,#8518,#8519,#8520,
#8521,#8522,#8523,#8524,#8525,#8526,#8527,#8528,#8529,#8530,#8531,#8532,#8533,#8534,
#8535),
.UNSPECIFIED.,.F.,.F.,
(4,1,1,1,1,1,1,1,1,1,1,1,1,1,1,1,1,1,1,1,1,1,1,1,1,1,1,1,1,1,1,1,1,1,1,1,1,1,1,1,
1,1,1,1,1,1,1,1,1,1,1,1,1,1,4),
(0.,0.00136868319235934,0.0386399353255903,0.076598369403822,0.113937816301652,0.150337325832171,
0.186278484143286,0.221230488662453,0.255600388229728,0.289189947776811,0.322594838670841,
0.354995898399596,0.386617674478232,0.416871749659134,0.446571348696782,0.47476771412062,
0.502027225259256,0.52798220002893,0.553561047219246,0.577840255512594,0.601186765148439,
0.623015521498966,0.644263222478656,0.6640725769878,0.683027268493827,0.700855769798644,
0.718408612513749,0.735019389947678,0.750959968020669,0.76582366499507,0.780283657249644,
0.793772447447027,0.806696357100416,0.818895120362834,0.83093190142134,0.843381645207445,
0.856404443585055,0.87375509494115,0.890320913521533,0.906087820055637,0.916009110613223,
0.924625850136761,0.931755241089501,0.938701977087467,0.945212272755493,0.951471986201693,
0.957414310656642,0.963292012313189,0.968962645178482,0.974492095599465,0.97980302693619,
0.985033274146877,0.990105942398025,0.995095342225722,1.),
.UNSPECIFIED.);
#5844=CIRCLE('',#8536,6.4);
#5845=LINE('',#8540,#8541);
#5846=CIRCLE('',#8543,6.40000000000001);
#5847=LINE('',#8547,#8548);
#5848=LINE('',#8550,#8551);
#5849=LINE('',#8553,#8554);
#5850=CIRCLE('',#8556,8.);
#5851=CIRCLE('',#8560,5.40000000000001);
#5852=VERTEX_POINT('',#8564);
#5853=CIRCLE('',#8565,5.00000000000001);
#5854=VERTEX_POINT('',#8569);
#5855=LINE('',#8570,#8571);
#5856=CIRCLE('',#8573,5.);
#5857=CIRCLE('',#8577,5.4);
#5858=CIRCLE('',#8581,8.);
#5859=VERTEX_POINT('',#8585);
#5860=CIRCLE('',#8586,5.4);
#5861=VERTEX_POINT('',#8590);
#5862=LINE('',#8591,#8592);
#5863=CIRCLE('',#8594,5.4);
#5864=VERTEX_POINT('',#8598);
#5865=CIRCLE('',#8599,5.5);
#5866=VERTEX_POINT('',#8603);
#5867=CIRCLE('',#8604,5.5);
#5868=VERTEX_POINT('',#8608);
#5869=CIRCLE('',#8609,5.5);
#5870=VERTEX_POINT('',#8613);
#5871=CIRCLE('',#8614,5.5);
#5872=VERTEX_POINT('',#8618);
#5873=CIRCLE('',#8619,2.5);
#5874=VERTEX_POINT('',#8623);
#5875=CIRCLE('',#8624,2.5);
#5876=B_SPLINE_CURVE_WITH_KNOTS('',3,
(#8628,#8629,#8630,#8631,#8632,#8633,#8634,#8635),
.UNSPECIFIED.,.F.,.F.,
(4,1,1,1,1,4),
(0.,0.266140395749356,0.488590936029016,0.689276774332122,0.857316483260704,1.),
.UNSPECIFIED.);
#5877=VERTEX_POINT('',#8636);
#5878=CIRCLE('',#8637,2.99999999999999);
#5879=VERTEX_POINT('',#8641);
#5880=B_SPLINE_CURVE_WITH_KNOTS('',3,
(#8642,#8643,#8644,#8645,#8646,#8647,#8648,#8649,#8650,#8651,#8652,#8653,#8654,#8655,
#8656,#8657,#8658,#8659,#8660,#8661,#8662,#8663,#8664,#8665,#8666,#8667,#8668,#8669,
#8670,#8671,#8672),
.UNSPECIFIED.,.F.,.F.,
(4,1,1,1,1,1,1,1,1,1,1,1,1,1,1,1,1,1,1,1,1,1,1,1,1,1,1,1,4),
(0.,0.0334675426864612,0.0663148126025423,0.0987196821150158,0.130682151223882,0.164450266800813,
0.20123452664062,0.242510843327452,0.287112813673756,0.332735228990311,0.376605406558591,
0.417299920115247,0.455168120819379,0.491285132914808,0.52671696138753,0.562483497265194,
0.599673107885218,0.63947872447889,0.682600309477351,0.728008628348642,0.773161095310051,
0.815429243095575,0.853671548935811,0.887034119105044,0.916993054779024,0.94275242634521,
0.966411832444351,0.984794368506933,1.),
.UNSPECIFIED.);
#5881=(BOUNDED_CURVE()B_SPLINE_CURVE(3,
(#8673,#8674,#8675,#8676),
.UNSPECIFIED.,.F.,.F.)B_SPLINE_CURVE_WITH_KNOTS((4,4),
(0.,1.),
.UNSPECIFIED.)CURVE()GEOMETRIC_REPRESENTATION_ITEM()RATIONAL_B_SPLINE_CURVE((1.,
0.804737854124368,0.804737854124368,1.))REPRESENTATION_ITEM(''));
#5882=CIRCLE('',#8677,3.);
#5883=VERTEX_POINT('',#8681);
#5884=LINE('',#8682,#8683);
#5885=CIRCLE('',#8685,6.4);
#5886=LINE('',#8689,#8690);
#5887=LINE('',#8692,#8693);
#5888=LINE('',#8695,#8696);
#5889=LINE('',#8698,#8699);
#5890=VERTEX_POINT('',#8701);
#5891=LINE('',#8702,#8703);
#5892=LINE('',#8705,#8706);
#5893=CIRCLE('',#8708,6.4);
#5894=LINE('',#8712,#8713);
#5895=LINE('',#8715,#8716);
#5896=CIRCLE('',#8718,3.);
#5897=VERTEX_POINT('',#8722);
#5898=CIRCLE('',#8723,3.00000000000002);
#5899=VERTEX_POINT('',#8727);
#5900=B_SPLINE_CURVE_WITH_KNOTS('',3,
(#8728,#8729,#8730,#8731,#8732,#8733,#8734,#8735,#8736,#8737,#8738,#8739,#8740,#8741,
#8742,#8743,#8744,#8745,#8746,#8747,#8748,#8749,#8750,#8751,#8752,#8753,#8754,#8755,
#8756,#8757,#8758),
.UNSPECIFIED.,.F.,.F.,
(4,1,1,1,1,1,1,1,1,1,1,1,1,1,1,1,1,1,1,1,1,1,1,1,1,1,1,1,4),
(0.,0.0334675426858097,0.0663148126016764,0.0987196821139296,0.130682151222569,0.164450266799363,
0.201234526638906,0.242510843325976,0.287112813672115,0.332735228989182,0.376605406556897,
0.417299920112984,0.455168120816717,0.491285132913513,0.52671696138894,0.562483497272001,
0.599673107909871,0.639478724548195,0.682600309601468,0.728008628499063,0.773161095439258,
0.815429243191309,0.853671549022892,0.887034119225585,0.916993054954573,0.942752426589916,
0.966411832759457,0.984794368740883,1.),
.UNSPECIFIED.);
#5901=(BOUNDED_CURVE()B_SPLINE_CURVE(3,
(#8759,#8760,#8761,#8762),
.UNSPECIFIED.,.F.,.F.)B_SPLINE_CURVE_WITH_KNOTS((4,4),
(0.,1.),
.UNSPECIFIED.)CURVE()GEOMETRIC_REPRESENTATION_ITEM()RATIONAL_B_SPLINE_CURVE((1.,
0.804737854124368,0.804737854124368,1.))REPRESENTATION_ITEM(''));
#5902=VERTEX_POINT('',#8763);
#5903=CIRCLE('',#8764,3.00000000000002);
#5904=VERTEX_POINT('',#8768);
#5905=B_SPLINE_CURVE_WITH_KNOTS('',3,
(#8769,#8770,#8771,#8772,#8773,#8774,#8775,#8776,#8777,#8778,#8779,#8780,#8781,#8782,
#8783),
.UNSPECIFIED.,.F.,.F.,
(4,1,1,1,1,1,1,1,1,1,1,1,4),
(0.,0.123270629569687,0.235064350403061,0.332688674533434,0.43070657779526,0.522056768213163,
0.609431733753832,0.691597832261578,0.767303221567794,0.831842560111579,0.887814068418899,
0.942298101194739,1.),
.UNSPECIFIED.);
#5906=CIRCLE('',#8784,3.);
#5907=VERTEX_POINT('',#8788);
#5908=CIRCLE('',#8789,2.99999999999998);
#5909=VERTEX_POINT('',#8793);
#5910=B_SPLINE_CURVE_WITH_KNOTS('',3,
(#8794,#8795,#8796,#8797,#8798,#8799,#8800,#8801,#8802,#8803,#8804,#8805,#8806,#8807,
#8808),
.UNSPECIFIED.,.F.,.F.,
(4,1,1,1,1,1,1,1,1,1,1,1,4),
(0.,0.0784949236797686,0.155944269662896,0.232040305519236,0.31006028529526,0.393333779230295,
0.483979184745005,0.579899356215158,0.679058915712293,0.777535744815453,0.879940827093535,
0.95339176101157,1.),
.UNSPECIFIED.);
#5911=CIRCLE('',#8809,3.00000000000002);
#5912=LINE('',#8813,#8814);
#5913=VERTEX_POINT('',#8816);
#5914=CIRCLE('',#8817,5.);
#5915=CIRCLE('',#8821,5.);
#5916=VERTEX_POINT('',#8825);
#5917=CIRCLE('',#8826,2.);
#5918=CIRCLE('',#8830,3.);
#5919=VERTEX_POINT('',#8834);
#5920=LINE('',#8835,#8836);
#5921=CIRCLE('',#8838,3.);
#5922=CIRCLE('',#8842,2.);
#5923=VERTEX_POINT('',#8846);
#5924=CIRCLE('',#8847,5.);
#5925=CIRCLE('',#8851,5.);
#5926=VERTEX_POINT('',#8855);
#5927=CIRCLE('',#8856,2.5);
#5928=VERTEX_POINT('',#8860);
#5929=CIRCLE('',#8861,2.5);
#5930=VERTEX_POINT('',#8865);
#5931=CIRCLE('',#8866,2.5);
#5932=VERTEX_POINT('',#8870);
#5933=CIRCLE('',#8871,2.5);
#5934=VERTEX_POINT('',#8875);
#5935=CIRCLE('',#8876,5.);
#5936=VERTEX_POINT('',#8880);
#5937=CIRCLE('',#8881,5.);
#5938=VERTEX_POINT('',#8885);
#5939=LINE('',#8886,#8887);
#5940=VERTEX_POINT('',#8889);
#5941=CIRCLE('',#8890,2.);
#5942=LINE('',#8894,#8895);
#5943=VERTEX_POINT('',#8897);
#5944=LINE('',#8898,#8899);
#5945=VERTEX_POINT('',#8901);
#5946=CIRCLE('',#8902,2.);
#5947=LINE('',#8906,#8907);
#5948=LINE('',#8909,#8910);
#5949=LINE('',#8912,#8913);
#5950=VERTEX_POINT('',#8915);
#5951=CIRCLE('',#8916,2.5);
#5952=VERTEX_POINT('',#8920);
#5953=CIRCLE('',#8921,2.5);
#5954=VERTEX_POINT('',#8925);
#5955=CIRCLE('',#8926,2.5);
#5956=VERTEX_POINT('',#8930);
#5957=CIRCLE('',#8931,2.5);
#5958=VERTEX_POINT('',#8935);
#5959=CIRCLE('',#8936,0.85);
#5960=VERTEX_POINT('',#8940);
#5961=CIRCLE('',#8941,0.85);
#5962=VERTEX_POINT('',#8945);
#5963=CIRCLE('',#8946,0.85);
#5964=VERTEX_POINT('',#8950);
#5965=CIRCLE('',#8951,0.85);
#5966=CARTESIAN_POINT('',(43.,4.81818203791943E-15,-31.));
#5967=CARTESIAN_POINT('',(33.,5.22639763763522E-15,-41.));
#5968=AXIS2_PLACEMENT_3D('',#5969,#5970,#5971);
#5969=CARTESIAN_POINT('',(33.,1.8982025386784E-15,-31.));
#5970=DIRECTION('',(0.,-1.,-6.12323399573677E-17));
#5971=DIRECTION('',(0.,6.12323399573677E-17,-1.));
#5972=CARTESIAN_POINT('',(43.,1.10300742674807E-15,31.));
#5973=CARTESIAN_POINT('',(43.,-1.8982025386784E-15,31.));
#5974=VECTOR('',#5975,1.);
#5975=DIRECTION('',(0.,6.12323399573677E-17,-1.));
#5976=CARTESIAN_POINT('',(33.,6.94791827032285E-16,41.));
#5977=AXIS2_PLACEMENT_3D('',#5978,#5979,#5980);
#5978=CARTESIAN_POINT('',(33.,-1.8982025386784E-15,31.));
#5979=DIRECTION('',(0.,-1.,-6.12323399573677E-17));
#5980=DIRECTION('',(1.,2.17540971751503E-32,-3.5527136788005E-16));
#5981=CARTESIAN_POINT('',(-33.,6.94791827032285E-16,41.));
#5982=CARTESIAN_POINT('',(-33.,-2.51052593825207E-15,41.));
#5983=VECTOR('',#5984,1.);
#5984=DIRECTION('',(1.,0.,0.));
#5985=CARTESIAN_POINT('',(-43.,1.10300742674807E-15,31.));
#5986=AXIS2_PLACEMENT_3D('',#5987,#5988,#5989);
#5987=CARTESIAN_POINT('',(-33.,-1.8982025386784E-15,31.));
#5988=DIRECTION('',(-1.09476442525376E-47,-1.,-6.12323399573677E-17));
#5989=DIRECTION('',(4.31808427754723E-79,-6.12323399573677E-17,1.));
#5990=CARTESIAN_POINT('',(-43.,4.22606309145268E-15,-31.));
#5991=CARTESIAN_POINT('',(-43.,1.8982025386784E-15,-31.));
#5992=VECTOR('',#5993,1.);
#5993=DIRECTION('',(0.,-6.12323399573677E-17,1.));
#5994=CARTESIAN_POINT('',(-33.,4.04215974470172E-15,-41.));
#5995=AXIS2_PLACEMENT_3D('',#5996,#5997,#5998);
#5996=CARTESIAN_POINT('',(-33.,1.8982025386784E-15,-31.));
#5997=DIRECTION('',(2.73691106313441E-48,-1.,-6.12323399573677E-17));
#5998=DIRECTION('',(-1.,2.17540971751503E-32,-3.5527136788005E-16));
#5999=CARTESIAN_POINT('',(33.,2.51052593825207E-15,-41.));
#6000=VECTOR('',#6001,1.);
#6001=DIRECTION('',(-1.,0.,0.));
#6002=CARTESIAN_POINT('',(-9.92675419437423,6.17067787217935E-16,-10.0774817302027));
#6003=CARTESIAN_POINT('',(-9.92675419437423,6.99523571020602E-16,-11.4240868715394));
#6004=CARTESIAN_POINT('',(-9.92675419437423,6.41600800996514E-16,-10.0774817302027));
#6005=VECTOR('',#6006,1.);
#6006=DIRECTION('',(0.,3.06161699786838E-17,-1.));
#6007=CARTESIAN_POINT('',(-10.0466848716841,7.18974964771957E-16,-11.741752238646));
#6008=CARTESIAN_POINT('',(-10.0466848716841,7.18974964771957E-16,-11.741752238646));
#6009=CARTESIAN_POINT('',(-9.92675419437423,7.11641454582495E-16,-11.6219869284428));
#6010=CARTESIAN_POINT('',(-9.92675419437423,6.99523571020602E-16,-11.4240868715394));
#6011=CARTESIAN_POINT('',(-10.3646396312273,7.26293286239082E-16,-11.8612694981893));
#6012=CARTESIAN_POINT('',(-10.3646396312273,7.26293286239082E-16,-11.8612694981893));
#6013=CARTESIAN_POINT('',(-10.1864592788075,7.26293286239082E-16,-11.8612694981893));
#6014=CARTESIAN_POINT('',(-10.0466848716841,7.18974964771957E-16,-11.741752238646));
#6015=CARTESIAN_POINT('',(-10.6596913694842,7.19247091102914E-16,-11.7461963988912));
#6016=CARTESIAN_POINT('',(-10.6596913694842,7.19247091102914E-16,-11.7461963988912));
#6017=CARTESIAN_POINT('',(-10.5195035445942,7.26293286239082E-16,-11.8612694981893));
#6018=CARTESIAN_POINT('',(-10.3646396312273,7.26293286239082E-16,-11.8612694981893));
#6019=CARTESIAN_POINT('',(-10.7998791943742,6.99513445205711E-16,-11.4239215044328));
#6020=CARTESIAN_POINT('',(-10.7998791943742,6.9951344520571E-16,-11.4239215044328));
#6021=CARTESIAN_POINT('',(-10.7998791943742,7.12200895966746E-16,-11.6311232995931));
#6022=CARTESIAN_POINT('',(-10.6596913694842,7.19247091102914E-16,-11.7461963988912));
#6023=CARTESIAN_POINT('',(-10.7998791943742,6.17017158143478E-16,-10.0766548946695));
#6024=CARTESIAN_POINT('',(-10.7998791943742,6.82823629990402E-16,-11.4239215044328));
#6025=VECTOR('',#6026,1.);
#6026=DIRECTION('',(0.,-3.06161699786838E-17,1.));
#6027=CARTESIAN_POINT('',(-10.2465279920905,5.34958807631047E-16,-8.73654033152262));
#6028=CARTESIAN_POINT('',(-10.2465279920905,5.34958807631047E-16,-8.73654033152262));
#6029=CARTESIAN_POINT('',(-10.7998791943742,5.65976235449091E-16,-9.24309336933957));
#6030=CARTESIAN_POINT('',(-10.7998791943742,6.17017158143478E-16,-10.0766548946695));
#6031=CARTESIAN_POINT('',(-9.02663345831716,5.07741032519997E-16,-8.29204033152262));
#6032=CARTESIAN_POINT('',(-9.02663345831716,5.07741032519997E-16,-8.29204033152262));
#6033=CARTESIAN_POINT('',(-9.74109114187048,5.07741032519997E-16,-8.29204033152262));
#6034=CARTESIAN_POINT('',(-10.2465279920905,5.34958807631047E-16,-8.73654033152262));
#6035=CARTESIAN_POINT('',(-8.2330488254238,5.18228684605627E-16,-8.46331668798609));
#6036=CARTESIAN_POINT('',(-8.2330488254238,5.18228684605627E-16,-8.46331668798609));
#6037=CARTESIAN_POINT('',(-8.5967682050174,5.0772584379766E-16,-8.29179228086267));
#6038=CARTESIAN_POINT('',(-9.02663345831716,5.07741032519997E-16,-8.29204033152262));
#6039=CARTESIAN_POINT('',(-7.65927502770756,5.47800674597051E-16,-8.94626393468633));
#6040=CARTESIAN_POINT('',(-7.65927502770756,5.47800674597051E-16,-8.94626393468633));
#6041=CARTESIAN_POINT('',(-7.86932940545737,5.28731525413594E-16,-8.63484109510951));
#6042=CARTESIAN_POINT('',(-8.2330488254238,5.18228684605627E-16,-8.46331668798609));
#6043=CARTESIAN_POINT('',(-7.12624298566896,5.19909542684224E-16,-8.49076718358641));
#6044=CARTESIAN_POINT('',(-7.12624298566896,5.19909542684224E-16,-8.49076718358641));
#6045=CARTESIAN_POINT('',(-7.50126917968742,5.32093244042911E-16,-8.68974212668297));
#6046=CARTESIAN_POINT('',(-7.65927502770756,5.47800674597051E-16,-8.94626393468633));
#6047=CARTESIAN_POINT('',(-6.3255683591971,5.07741032519997E-16,-8.29204033152262));
#6048=CARTESIAN_POINT('',(-6.3255683591971,5.07741032519997E-16,-8.29204033152262));
#6049=CARTESIAN_POINT('',(-6.75121679165049,5.0772584379766E-16,-8.29179228086267));
#6050=CARTESIAN_POINT('',(-7.12624298566896,5.19909542684224E-16,-8.49076718358641));
#6051=CARTESIAN_POINT('',(-5.65261717344394,5.07741032519997E-16,-8.29204033152262));
#6052=CARTESIAN_POINT('',(-6.3255683591971,5.31426272416288E-16,-8.29204033152262));
#6053=VECTOR('',#6054,1.);
#6054=DIRECTION('',(1.,0.,0.));
#6055=CARTESIAN_POINT('',(-4.39501950457743,5.39863422583189E-16,-8.81663877224132));
#6056=CARTESIAN_POINT('',(-4.39501950457743,5.39863422583189E-16,-8.81663877224132));
#6057=CARTESIAN_POINT('',(-4.92224314811396,5.07741032519997E-16,-8.29204033152262));
#6058=CARTESIAN_POINT('',(-5.65261717344394,5.07741032519997E-16,-8.29204033152262));
#6059=CARTESIAN_POINT('',(-3.8677958610409,6.17017158143478E-16,-10.0766548946695));
#6060=CARTESIAN_POINT('',(-3.8677958610409,6.17017158143478E-16,-10.0766548946695));
#6061=CARTESIAN_POINT('',(-3.8677958610409,5.71985815118505E-16,-9.34123725333285));
#6062=CARTESIAN_POINT('',(-4.39501950457743,5.39863422583189E-16,-8.81663877224132));
#6063=CARTESIAN_POINT('',(-3.8677958610409,6.99513445205711E-16,-11.4239215044328));
#6064=CARTESIAN_POINT('',(-3.8677958610409,6.41575486459286E-16,-10.0766548946695));
#6065=VECTOR('',#6066,1.);
#6066=DIRECTION('',(0.,3.06161699786838E-17,-1.));
#6067=CARTESIAN_POINT('',(-3.98917350053379,7.19362269775179E-16,-11.7480774093564));
#6068=CARTESIAN_POINT('',(-3.98917350053379,7.19362269775179E-16,-11.7480774093564));
#6069=CARTESIAN_POINT('',(-3.8677958610409,7.11550324720597E-16,-11.620498664856));
#6070=CARTESIAN_POINT('',(-3.8677958610409,6.99513445205711E-16,-11.4239215044328));
#6071=CARTESIAN_POINT('',(-4.30568129789398,7.26293286239082E-16,-11.8612694981893));
#6072=CARTESIAN_POINT('',(-4.30568129789398,7.26293286239082E-16,-11.8612694981893));
#6073=CARTESIAN_POINT('',(-4.13403286544058,7.26293286239082E-16,-11.8612694981893));
#6074=CARTESIAN_POINT('',(-3.98917350053379,7.19362269775179E-16,-11.7480774093564));
#6075=CARTESIAN_POINT('',(-4.5967643063373,7.19588832411248E-16,-11.7517774579945));
#6076=CARTESIAN_POINT('',(-4.5967643063373,7.19588832411248E-16,-11.7517774579945));
#6077=CARTESIAN_POINT('',(-4.45260771126088,7.26293286239082E-16,-11.8612694981893));
#6078=CARTESIAN_POINT('',(-4.30568129789398,7.26293286239082E-16,-11.8612694981893));
#6079=CARTESIAN_POINT('',(-4.7409208610409,6.99521039566879E-16,-11.4240455297628));
#6080=CARTESIAN_POINT('',(-4.7409208610409,6.99521039566879E-16,-11.4240455297628));
#6081=CARTESIAN_POINT('',(-4.7409208610409,7.12884378583414E-16,-11.6422854177997));
#6082=CARTESIAN_POINT('',(-4.5967643063373,7.19588832411248E-16,-11.7517774579945));
#6083=CARTESIAN_POINT('',(-4.7409208610409,6.17057661403043E-16,-10.0773163630961));
#6084=CARTESIAN_POINT('',(-4.7409208610409,6.82827427170986E-16,-11.4240455297628));
#6085=VECTOR('',#6086,1.);
#6086=DIRECTION('',(0.,-3.06161699786838E-17,1.));
#6087=CARTESIAN_POINT('',(-5.00804671363875,5.77723268456961E-16,-9.43493697708098));
#6088=CARTESIAN_POINT('',(-5.00804671363874,5.77723268456961E-16,-9.43493697708098));
#6089=CARTESIAN_POINT('',(-4.7409208610409,5.94080007002511E-16,-9.702062789306));
#6090=CARTESIAN_POINT('',(-4.7409208610409,6.17057661403043E-16,-10.0773163630961));
#6091=CARTESIAN_POINT('',(-5.65307193298719,5.61366529911411E-16,-9.16781116485596));
#6092=CARTESIAN_POINT('',(-5.65307193298719,5.61366529911411E-16,-9.16781116485596));
#6093=CARTESIAN_POINT('',(-5.27517252586376,5.61366529911411E-16,-9.16781116485596));
#6094=CARTESIAN_POINT('',(-5.00804671363874,5.77723268456961E-16,-9.43493697708098));
#6095=CARTESIAN_POINT('',(-6.3264364961341,5.61366529911411E-16,-9.16781116485596));
#6096=CARTESIAN_POINT('',(-5.65307193298719,5.58239021111994E-16,-9.16781116485596));
#6097=VECTOR('',#6098,1.);
#6098=DIRECTION('',(-1.,0.,0.));
#6099=CARTESIAN_POINT('',(-6.96714158056736,5.77424559389792E-16,-9.43005868780807));
#6100=CARTESIAN_POINT('',(-6.96714158056736,5.77424559389792E-16,-9.43005868780807));
#6101=CARTESIAN_POINT('',(-6.69834146676049,5.61366529911411E-16,-9.16781116485596));
#6102=CARTESIAN_POINT('',(-6.3264364961341,5.61366529911411E-16,-9.16781116485596));
#6103=CARTESIAN_POINT('',(-7.23594169437423,6.17047535588152E-16,-10.0771509959894));
#6104=CARTESIAN_POINT('',(-7.23594169437423,6.17047535588152E-16,-10.0771509959894));
#6105=CARTESIAN_POINT('',(-7.23594169437423,5.93482591340296E-16,-9.69230625113301));
#6106=CARTESIAN_POINT('',(-6.96714158056736,5.77424559389792E-16,-9.43005868780807));
#6107=CARTESIAN_POINT('',(-7.23594169437423,6.5827162907284E-16,-10.7503915338064));
#6108=CARTESIAN_POINT('',(-7.23594169437423,6.41590675181623E-16,-10.0771509959894));
#6109=VECTOR('',#6110,1.);
#6110=DIRECTION('',(0.,3.06161699786839E-17,-1.));
#6111=CARTESIAN_POINT('',(-7.35731933386712,6.7811033029954E-16,-11.0743821119962));
#6112=CARTESIAN_POINT('',(-7.35731933386712,6.7811033029954E-16,-11.0743821119962));
#6113=CARTESIAN_POINT('',(-7.23594169437423,6.70305977134004E-16,-10.9469273524529));
#6114=CARTESIAN_POINT('',(-7.23594169437423,6.5827162907284E-16,-10.7503915338064));
#6115=CARTESIAN_POINT('',(-7.67382713122731,6.85038812837598E-16,-11.1875328186796));
#6116=CARTESIAN_POINT('',(-7.67382713122731,6.85038812837598E-16,-11.1875328186796));
#6117=CARTESIAN_POINT('',(-7.50222004055057,6.85038812837598E-16,-11.1875328186796));
#6118=CARTESIAN_POINT('',(-7.35731933386712,6.7811033029954E-16,-11.0743821119962));
#6119=CARTESIAN_POINT('',(-7.96488946878231,6.78336892935609E-16,-11.0780821606343));
#6120=CARTESIAN_POINT('',(-7.96488946878231,6.78336892935609E-16,-11.0780821606343));
#6121=CARTESIAN_POINT('',(-7.82071220281756,6.85038812837598E-16,-11.1875328186796));
#6122=CARTESIAN_POINT('',(-7.67382713122731,6.85038812837598E-16,-11.1875328186796));
#6123=CARTESIAN_POINT('',(-8.10906669437423,6.58274160526563E-16,-10.750432875583));
#6124=CARTESIAN_POINT('',(-8.10906669437423,6.58274160526563E-16,-10.750432875583));
#6125=CARTESIAN_POINT('',(-8.10906669437423,6.71634970561498E-16,-10.9686314622161));
#6126=CARTESIAN_POINT('',(-7.96488946878231,6.78336892935609E-16,-11.0780821606343));
#6127=CARTESIAN_POINT('',(-8.10906669437423,6.1705512994932E-16,-10.0772750213194));
#6128=CARTESIAN_POINT('',(-8.10906669437423,6.62203987650828E-16,-10.750432875583));
#6129=VECTOR('',#6130,1.);
#6130=DIRECTION('',(0.,-3.06161699786838E-17,1.));
#6131=CARTESIAN_POINT('',(-8.39171614187048,5.76957513594301E-16,-9.42243125113301));
#6132=CARTESIAN_POINT('',(-8.39171614187048,5.76957513594301E-16,-9.42243125113301));
#6133=CARTESIAN_POINT('',(-8.10906669437423,5.92447244072525E-16,-9.67539774708937));
#6134=CARTESIAN_POINT('',(-8.10906669437423,6.1705512994932E-16,-10.0772750213194));
#6135=CARTESIAN_POINT('',(-9.04089612902747,5.6314864613892E-16,-9.19691533152262));
#6136=CARTESIAN_POINT('',(-9.04089612902747,5.6314864613892E-16,-9.19691533152262));
#6137=CARTESIAN_POINT('',(-8.65720895391748,5.6314864613892E-16,-9.19691533152262));
#6138=CARTESIAN_POINT('',(-8.39171614187048,5.76957513594301E-16,-9.42243125113301));
#6139=CARTESIAN_POINT('',(-9.65179423659086,5.76134803495002E-16,-9.40899537558305));
#6140=CARTESIAN_POINT('',(-9.65179423659086,5.76134803495001E-16,-9.40899537558305));
#6141=CARTESIAN_POINT('',(-9.40928708901068,5.6314864613892E-16,-9.19691533152262));
#6142=CARTESIAN_POINT('',(-9.04089612902747,5.6314864613892E-16,-9.19691533152262));
#6143=CARTESIAN_POINT('',(-9.92675419437423,6.17067787217934E-16,-10.0774817302027));
#6144=CARTESIAN_POINT('',(-9.92675419437423,5.90860044837427E-16,-9.64947681647977));
#6145=CARTESIAN_POINT('',(-9.65179423659086,5.76134803495001E-16,-9.40899537558305));
#6146=CARTESIAN_POINT('',(-9.93469169437423,3.75864451928161E-16,-6.13833232879639));
#6147=CARTESIAN_POINT('',(-8.1143583610409,3.75864451928161E-16,-6.13833232879639));
#6148=CARTESIAN_POINT('',(-9.93469169437423,3.54465679657854E-16,-6.13833232879639));
#6149=VECTOR('',#6150,1.);
#6150=DIRECTION('',(1.,0.,0.));
#6151=CARTESIAN_POINT('',(-8.1143583610409,3.20173317964405E-16,-5.22882709018343));
#6152=CARTESIAN_POINT('',(-8.1143583610409,3.54465679657854E-16,-6.13833232879639));
#6153=VECTOR('',#6154,1.);
#6154=DIRECTION('',(0.,-3.06161699786838E-17,1.));
#6155=CARTESIAN_POINT('',(-7.59172361434066,2.43230956317849E-16,-3.97226296573339));
#6156=CARTESIAN_POINT('',(-7.59172361434066,2.43230956317849E-16,-3.97226296573339));
#6157=CARTESIAN_POINT('',(-8.1143583610409,2.75524219507331E-16,-4.49965197637656));
#6158=CARTESIAN_POINT('',(-8.1143583610409,3.20173317964405E-16,-5.22882709018343));
#6159=CARTESIAN_POINT('',(-6.33193487168406,2.10937695600489E-16,-3.44487399546305));
#6160=CARTESIAN_POINT('',(-6.33193487168406,2.10937695600489E-16,-3.44487399546305));
#6161=CARTESIAN_POINT('',(-7.06908886764042,2.10937695600489E-16,-3.44487399546305));
#6162=CARTESIAN_POINT('',(-7.59172361434066,2.43230956317849E-16,-3.97226296573339));
#6163=CARTESIAN_POINT('',(-5.65815689077056,2.10937695600489E-16,-3.44487399546305));
#6164=CARTESIAN_POINT('',(-6.33193487168406,2.1649115026276E-16,-3.44487399546305));
#6165=VECTOR('',#6166,1.);
#6166=DIRECTION('',(1.,0.,0.));
#6167=CARTESIAN_POINT('',(-4.40037318390908,2.43060085663682E-16,-3.96947243618175));
#6168=CARTESIAN_POINT('',(-4.40037318390908,2.43060085663682E-16,-3.96947243618175));
#6169=CARTESIAN_POINT('',(-4.9276588401106,2.10937695600489E-16,-3.44487399546305));
#6170=CARTESIAN_POINT('',(-5.65815689077056,2.10937695600489E-16,-3.44487399546305));
#6171=CARTESIAN_POINT('',(-3.87308752770756,3.2021382122397E-16,-5.22948855860997));
#6172=CARTESIAN_POINT('',(-3.87308752770756,3.2021382122397E-16,-5.22948855860997));
#6173=CARTESIAN_POINT('',(-3.87308752770756,2.75182478198997E-16,-4.49407091727328));
#6174=CARTESIAN_POINT('',(-4.40037318390908,2.43060085663682E-16,-3.96947243618175));
#6175=CARTESIAN_POINT('',(-3.87308752770756,4.02710108286203E-16,-6.5767551683732));
#6176=CARTESIAN_POINT('',(-3.87308752770756,3.26640364305759E-16,-5.22948855860997));
#6177=VECTOR('',#6178,1.);
#6178=DIRECTION('',(0.,7.18189659427384E-17,-1.));
#6179=CARTESIAN_POINT('',(-3.9930182050174,4.22169096398727E-16,-6.89454456080981));
#6180=CARTESIAN_POINT('',(-3.9930182050174,4.22169096398727E-16,-6.89454456080981));
#6181=CARTESIAN_POINT('',(-3.87308752770756,4.14833054755542E-16,-6.77473790882996));
#6182=CARTESIAN_POINT('',(-3.87308752770756,4.02710108286203E-16,-6.5767551683732));
#6183=CARTESIAN_POINT('',(-4.31097296456064,4.29489949319574E-16,-7.01410316212972));
#6184=CARTESIAN_POINT('',(-4.31097296456065,4.29489949319574E-16,-7.01410316212972));
#6185=CARTESIAN_POINT('',(-4.13275127036416,4.29489949319574E-16,-7.01410316212972));
#6186=CARTESIAN_POINT('',(-3.9930182050174,4.22169096398727E-16,-6.89454456080981));
#6187=CARTESIAN_POINT('',(-4.60602470281755,4.22445019910268E-16,-6.89905073371996));
#6188=CARTESIAN_POINT('',(-4.60602470281756,4.22445019910268E-16,-6.89905073371996));
#6189=CARTESIAN_POINT('',(-4.46583687792755,4.29489949319574E-16,-7.01410316212972));
#6190=CARTESIAN_POINT('',(-4.31097296456065,4.29489949319574E-16,-7.01410316212972));
#6191=CARTESIAN_POINT('',(-4.74621252770756,4.02717702647371E-16,-6.57687919370318));
#6192=CARTESIAN_POINT('',(-4.74621252770756,4.02717702647371E-16,-6.57687919370318));
#6193=CARTESIAN_POINT('',(-4.74621252770756,4.15400090500961E-16,-6.78399830531021));
#6194=CARTESIAN_POINT('',(-4.60602470281756,4.22445019910268E-16,-6.89905073371996));
#6195=CARTESIAN_POINT('',(-4.74621252770756,3.20254324483535E-16,-5.23015002703651));
#6196=CARTESIAN_POINT('',(-4.74621252770756,4.23403456248717E-16,-6.57687919370318));
#6197=VECTOR('',#6198,1.);
#6198=DIRECTION('',(0.,-7.18354088614766E-17,1.));
#6199=CARTESIAN_POINT('',(-5.00581425769917,2.80990809769569E-16,-4.58892817039502));
#6200=CARTESIAN_POINT('',(-5.00581425769917,2.80990809769569E-16,-4.58892817039502));
#6201=CARTESIAN_POINT('',(-4.74621252770756,2.97418429019358E-16,-4.85721155236649));
#6202=CARTESIAN_POINT('',(-4.74621252770756,3.20254324483535E-16,-5.23015002703651));
#6203=CARTESIAN_POINT('',(-5.65836359965385,2.64563192991903E-16,-4.32064482879639));
#6204=CARTESIAN_POINT('',(-5.65836359965385,2.64563192991903E-16,-4.32064482879639));
#6205=CARTESIAN_POINT('',(-5.26541598769078,2.64563192991903E-16,-4.32064482879639));
#6206=CARTESIAN_POINT('',(-5.00581425769917,2.80990809769569E-16,-4.58892817039502));
#6207=CARTESIAN_POINT('',(-6.33172816280077,2.64563192991903E-16,-4.32064482879639));
#6208=CARTESIAN_POINT('',(-5.65836359965385,2.43303898958467E-16,-4.32064482879639));
#6209=VECTOR('',#6210,1.);
#6210=DIRECTION('',(-1.,0.,0.));
#6211=CARTESIAN_POINT('',(-6.97472767546576,2.80616159562839E-16,-4.58280966819518));
#6212=CARTESIAN_POINT('',(-6.97472767546576,2.80616159562839E-16,-4.58280966819518));
#6213=CARTESIAN_POINT('',(-6.70822198989062,2.64563192991903E-16,-4.32064482879639));
#6214=CARTESIAN_POINT('',(-6.33172816280077,2.64563192991903E-16,-4.32064482879639));
#6215=CARTESIAN_POINT('',(-7.2412333610409,3.20254324483535E-16,-5.23015002703651));
#6216=CARTESIAN_POINT('',(-7.2412333610409,3.20254324483535E-16,-5.23015002703651));
#6217=CARTESIAN_POINT('',(-7.2412333610409,2.96669128605897E-16,-4.8449745479668));
#6218=CARTESIAN_POINT('',(-6.97472767546576,2.80616159562839E-16,-4.58280966819518));
#6219=CARTESIAN_POINT('',(-7.2412333610409,4.02717702647371E-16,-6.57687919370318));
#6220=CARTESIAN_POINT('',(-7.2412333610409,3.26660615935541E-16,-5.23015002703651));
#6221=VECTOR('',#6222,1.);
#6222=DIRECTION('',(0.,7.18354088614766E-17,-1.));
#6223=CARTESIAN_POINT('',(-7.67858135479741,4.29489949319574E-16,-7.01410316212972));
#6224=CARTESIAN_POINT('',(-7.67858135479741,4.29489949319574E-16,-7.01410316212972));
#6225=CARTESIAN_POINT('',(-7.2412333610409,4.29489949319574E-16,-7.01410316212972));
#6226=CARTESIAN_POINT('',(-7.2412333610409,4.02717702647371E-16,-6.57687919370318));
#6227=CARTESIAN_POINT('',(-10.3731145743239,4.29489949319574E-16,-7.01410316212972));
#6228=CARTESIAN_POINT('',(-7.67858135479741,4.36789579584819E-16,-7.01410316212972));
#6229=VECTOR('',#6230,1.);
#6230=DIRECTION('',(-1.,0.,0.));
#6231=CARTESIAN_POINT('',(-10.8078166943742,4.02710108286203E-16,-6.5767551683732));
#6232=CARTESIAN_POINT('',(-10.8078166943742,4.02710108286203E-16,-6.5767551683732));
#6233=CARTESIAN_POINT('',(-10.8078166943742,4.29489949319574E-16,-7.01410316212972));
#6234=CARTESIAN_POINT('',(-10.3731145743239,4.29489949319574E-16,-7.01410316212972));
#6235=CARTESIAN_POINT('',(-10.8078166943742,2.37717534161738E-16,-3.88222194884674));
#6236=CARTESIAN_POINT('',(-10.8078166943742,4.23399659068133E-16,-6.5767551683732));
#6237=VECTOR('',#6238,1.);
#6238=DIRECTION('',(0.,-7.18189659427383E-17,1.));
#6239=CARTESIAN_POINT('',(-10.674057435009,2.18734451932734E-16,-3.57220468930349));
#6240=CARTESIAN_POINT('',(-10.674057435009,2.18734451932734E-16,-3.57220468930349));
#6241=CARTESIAN_POINT('',(-10.8078166943742,2.26531210737103E-16,-3.69953542351676));
#6242=CARTESIAN_POINT('',(-10.8078166943742,2.37717534161738E-16,-3.88222194884674));
#6243=CARTESIAN_POINT('',(-10.3725771312273,2.10937695600489E-16,-3.44487399546305));
#6244=CARTESIAN_POINT('',(-10.3725771312273,2.10937695600489E-16,-3.44487399546305));
#6245=CARTESIAN_POINT('',(-10.5402981756438,2.10937695600489E-16,-3.44487399546305));
#6246=CARTESIAN_POINT('',(-10.674057435009,2.18734451932734E-16,-3.57220468930349));
#6247=CARTESIAN_POINT('',(-10.0796544540955,2.1767758730832E-16,-3.55494478015825));
#6248=CARTESIAN_POINT('',(-10.0796544540955,2.1767758730832E-16,-3.55494478015825));
#6249=CARTESIAN_POINT('',(-10.2246171734439,2.10937695600489E-16,-3.44487399546305));
#6250=CARTESIAN_POINT('',(-10.3725771312273,2.10937695600489E-16,-3.44487399546305));
#6251=CARTESIAN_POINT('',(-9.93469169437423,2.3770993980057E-16,-3.88209792351676));
#6252=CARTESIAN_POINT('',(-9.93469169437423,2.3770993980057E-16,-3.88209792351676));
#6253=CARTESIAN_POINT('',(-9.93469169437423,2.24417479016151E-16,-3.66501556485345));
#6254=CARTESIAN_POINT('',(-10.0796544540955,2.1767758730832E-16,-3.55494478015825));
#6255=CARTESIAN_POINT('',(-9.93469169437423,2.298772723628E-16,-3.88209792351676));
#6256=VECTOR('',#6257,1.);
#6257=DIRECTION('',(0.,5.5219620356606E-17,-1.));
#6258=CARTESIAN_POINT('',(-8.70603286544058,-3.79073107419924E-16,6.19073364963432));
#6259=CARTESIAN_POINT('',(-8.35173924943387,-3.86071202463236E-16,6.30502121480306));
#6260=CARTESIAN_POINT('',(-8.35173924943387,-3.86071202463236E-16,6.30502121480306));
#6261=CARTESIAN_POINT('',(-8.5727489961341,-3.86071202463236E-16,6.30502121480306));
#6262=CARTESIAN_POINT('',(-8.70603286544058,-3.79073107419924E-16,6.19073364963432));
#6263=CARTESIAN_POINT('',(-4.31039417968742,-3.86071202463236E-16,6.30502121480306));
#6264=CARTESIAN_POINT('',(-8.35173924943387,-3.59569054925392E-16,6.30502121480306));
#6265=VECTOR('',#6266,1.);
#6266=DIRECTION('',(1.,1.21998507243052E-32,-2.19772972703825E-16));
#6267=CARTESIAN_POINT('',(-3.98857404477224,-3.77456798939136E-16,6.16433732896597));
#6268=CARTESIAN_POINT('',(-3.98857404477224,-3.77456798939136E-16,6.16433732896598));
#6269=CARTESIAN_POINT('',(-4.10406052146408,-3.86071202463236E-16,6.30502121480306));
#6270=CARTESIAN_POINT('',(-4.31039417968742,-3.86071202463236E-16,6.30502121480306));
#6271=CARTESIAN_POINT('',(-3.87308752770756,-3.59258455003591E-16,5.86713581832281));
#6272=CARTESIAN_POINT('',(-3.87308752770756,-3.59258455003591E-16,5.86713581832281));
#6273=CARTESIAN_POINT('',(-3.87308752770756,-3.68842392942914E-16,6.02365340275606));
#6274=CARTESIAN_POINT('',(-3.98857404477224,-3.77456798939136E-16,6.16433732896598));
#6275=CARTESIAN_POINT('',(-3.99339028100733,-3.39452662675287E-16,5.5436826832296));
#6276=CARTESIAN_POINT('',(-3.99339028100733,-3.39452662675287E-16,5.5436826832296));
#6277=CARTESIAN_POINT('',(-3.87308752770756,-3.47694949918502E-16,5.67828944901633));
#6278=CARTESIAN_POINT('',(-3.87308752770756,-3.59258455003591E-16,5.86713581832281));
#6279=CARTESIAN_POINT('',(-4.31047686324074,-3.32445705071822E-16,5.42925038146973));
#6280=CARTESIAN_POINT('',(-4.31047686324074,-3.32445705071823E-16,5.42925038146973));
#6281=CARTESIAN_POINT('',(-4.10765721566056,-3.32445705071823E-16,5.42925038146973));
#6282=CARTESIAN_POINT('',(-3.99339028100733,-3.39452662675287E-16,5.5436826832296));
#6283=CARTESIAN_POINT('',(-7.20324087388391,-3.32445705071823E-16,5.42925038146973));
#6284=CARTESIAN_POINT('',(-4.31047686324074,-3.32756306229685E-16,5.42925038146973));
#6285=VECTOR('',#6286,1.);
#6286=DIRECTION('',(-1.,1.70438398690363E-32,0.));
#6287=CARTESIAN_POINT('',(-5.74691631258079,-2.78331647000397E-16,4.54550074673256));
#6288=CARTESIAN_POINT('',(-7.20324087388391,-3.32756306229685E-16,5.42925038146973));
#6289=VECTOR('',#6290,1.);
#6290=DIRECTION('',(0.854904008758185,4.846987421742E-17,-0.518786213973719));
#6291=CARTESIAN_POINT('',(-5.5187958610409,-2.561387284212E-16,4.18306288146973));
#6292=CARTESIAN_POINT('',(-5.5187958610409,-2.561387284212E-16,4.18306288146973));
#6293=CARTESIAN_POINT('',(-5.5187958610409,-2.67011156528453E-16,4.36062310723967));
#6294=CARTESIAN_POINT('',(-5.74691631258078,-2.78331647000397E-16,4.54550074673257));
#6295=CARTESIAN_POINT('',(-5.74637886948422,-2.33872402628288E-16,3.81942618542944));
#6296=CARTESIAN_POINT('',(-5.74637886948422,-2.33872402628288E-16,3.81942618542944));
#6297=CARTESIAN_POINT('',(-5.5187958610409,-2.4441574669582E-16,3.9916120609794));
#6298=CARTESIAN_POINT('',(-5.5187958610409,-2.561387284212E-16,4.18306288146973));
#6299=CARTESIAN_POINT('',(-7.20324087388391,-1.79831751770578E-16,2.93687538146973));
#6300=CARTESIAN_POINT('',(-5.74637886948422,-2.2795850377666E-16,3.81942618542944));
#6301=VECTOR('',#6302,1.);
#6302=DIRECTION('',(-0.855300828894655,4.84529352705448E-17,-0.51813173237326));
#6303=CARTESIAN_POINT('',(-4.31047686324074,-1.79831751770578E-16,2.93687538146973));
#6304=CARTESIAN_POINT('',(-7.20324087388391,-2.00938178347805E-16,2.93687538146973));
#6305=VECTOR('',#6306,1.);
#6306=DIRECTION('',(1.,8.52191993451813E-33,-1.53517261766308E-16));
#6307=CARTESIAN_POINT('',(-3.98859471566056,-1.71217348246478E-16,2.79619149563264));
#6308=CARTESIAN_POINT('',(-3.98859471566056,-1.71217348246478E-16,2.79619149563264));
#6309=CARTESIAN_POINT('',(-4.10410186324074,-1.79831751770578E-16,2.93687538146973));
#6310=CARTESIAN_POINT('',(-4.31047686324074,-1.79831751770578E-16,2.93687538146973));
#6311=CARTESIAN_POINT('',(-3.87308752770756,-1.53019004310933E-16,2.49898998498948));
#6312=CARTESIAN_POINT('',(-3.87308752770756,-1.53019004310933E-16,2.49898998498947));
#6313=CARTESIAN_POINT('',(-3.87308752770756,-1.62602942250256E-16,2.65550756942273));
#6314=CARTESIAN_POINT('',(-3.98859471566056,-1.71217348246478E-16,2.79619149563264));
#6315=CARTESIAN_POINT('',(-3.99326625567735,-1.33215743436352E-16,2.17557819167293));
#6316=CARTESIAN_POINT('',(-3.99326625567735,-1.33215743436352E-16,2.17557819167293));
#6317=CARTESIAN_POINT('',(-3.87308752770756,-1.41458030679567E-16,2.31018495745966));
#6318=CARTESIAN_POINT('',(-3.87308752770756,-1.53019004310933E-16,2.49898998498947));
#6319=CARTESIAN_POINT('',(-4.31039417968742,-1.26206254379164E-16,2.06110454813639));
#6320=CARTESIAN_POINT('',(-4.31039417968742,-1.26206254379164E-16,2.06110454813639));
#6321=CARTESIAN_POINT('',(-4.10761587388391,-1.26206254379164E-16,2.06110454813639));
#6322=CARTESIAN_POINT('',(-3.99326625567735,-1.33215743436352E-16,2.17557819167293));
#6323=CARTESIAN_POINT('',(-8.35173924943387,-1.26206254379164E-16,2.06110454813639));
#6324=CARTESIAN_POINT('',(-4.31039417968742,-1.1861427842084E-16,2.06110454813639));
#6325=VECTOR('',#6326,1.);
#6326=DIRECTION('',(-1.,-6.09992536215258E-33,1.09886486351913E-16));
#6327=CARTESIAN_POINT('',(-8.70090656588055,-1.32734774645386E-16,2.16772337522624));
#6328=CARTESIAN_POINT('',(-8.70090656588055,-1.32734774645386E-16,2.16772337522624));
#6329=CARTESIAN_POINT('',(-8.56295115655729,-1.26206254379164E-16,2.06110454813639));
#6330=CARTESIAN_POINT('',(-8.35173924943387,-1.26206254379164E-16,2.06110454813639));
#6331=CARTESIAN_POINT('',(-8.83931669437423,-1.50634411985885E-16,2.46004663696933));
#6332=CARTESIAN_POINT('',(-8.83931669437423,-1.50634411985885E-16,2.46004663696933));
#6333=CARTESIAN_POINT('',(-8.83931669437423,-1.408302400448E-16,2.29993235833959));
#6334=CARTESIAN_POINT('',(-8.70090656588055,-1.32734774645386E-16,2.16772337522624));
#6335=CARTESIAN_POINT('',(-8.64951950457743,-1.71214816792755E-16,2.79615015385598));
#6336=CARTESIAN_POINT('',(-8.64951950457743,-1.71214816792755E-16,2.79615015385598));
#6337=CARTESIAN_POINT('',(-8.83931669437423,-1.64701485248871E-16,2.68977937742609));
#6338=CARTESIAN_POINT('',(-8.83931669437423,-1.50634411985885E-16,2.46004663696933));
#6339=CARTESIAN_POINT('',(-6.67237919437423,-2.5609063327259E-16,4.18227742808604));
#6340=CARTESIAN_POINT('',(-8.64951950457743,-1.41118559627636E-16,2.79615015385598));
#6341=VECTOR('',#6342,1.);
#6342=DIRECTION('',(0.818817469980521,-4.0564850480903E-17,0.574053961622684));
#6343=CARTESIAN_POINT('',(-8.59771906588055,-3.37047818720457E-16,5.50440860099619));
#6344=CARTESIAN_POINT('',(-6.67237919437423,-2.3906761909881E-16,4.18227742808604));
#6345=VECTOR('',#6346,1.);
#6346=DIRECTION('',(-0.82434961977774,-1.73312322748536E-17,0.566081005132918));
#6347=CARTESIAN_POINT('',(-8.83931669437423,-3.61643047328638E-16,5.90607916634295));
#6348=CARTESIAN_POINT('',(-8.83931669437423,-3.61643047328638E-16,5.90607916634295));
#6349=CARTESIAN_POINT('',(-8.83931669437423,-3.49626419443534E-16,5.70983274013304));
#6350=CARTESIAN_POINT('',(-8.59771906588055,-3.37047818720457E-16,5.50440860099619));
#6351=CARTESIAN_POINT('',(-8.70603286544058,-3.79073107419924E-16,6.19073364963432));
#6352=CARTESIAN_POINT('',(-8.83931669437423,-3.72075009904489E-16,6.07644604409276));
#6353=CARTESIAN_POINT('',(-8.83931669437423,-3.61643047328638E-16,5.90607916634295));
#6354=CARTESIAN_POINT('',(-8.70603286544058,-7.19295272949764E-16,11.7469832681646));
#6355=CARTESIAN_POINT('',(-8.35173924943387,-7.26293367993076E-16,11.8612708333333));
#6356=CARTESIAN_POINT('',(-8.35173924943387,-7.26293367993077E-16,11.8612708333333));
#6357=CARTESIAN_POINT('',(-8.5727489961341,-7.26293367993077E-16,11.8612708333333));
#6358=CARTESIAN_POINT('',(-8.70603286544058,-7.19295272949764E-16,11.7469832681646));
#6359=CARTESIAN_POINT('',(-4.31039417968742,-7.26293367993076E-16,11.8612708333333));
#6360=CARTESIAN_POINT('',(-8.35173924943387,-7.51724742615343E-16,11.8612708333333));
#6361=VECTOR('',#6362,1.);
#6362=DIRECTION('',(1.,0.,0.));
#6363=CARTESIAN_POINT('',(-3.98857404477223,-7.17678964468976E-16,11.7205869474962));
#6364=CARTESIAN_POINT('',(-3.98857404477224,-7.17678964468976E-16,11.7205869474962));
#6365=CARTESIAN_POINT('',(-4.10406052146408,-7.26293367993076E-16,11.8612708333333));
#6366=CARTESIAN_POINT('',(-4.31039417968742,-7.26293367993076E-16,11.8612708333333));
#6367=CARTESIAN_POINT('',(-3.87308752770756,-6.99480620533431E-16,11.4233854368531));
#6368=CARTESIAN_POINT('',(-3.87308752770756,-6.99480620533431E-16,11.4233854368531));
#6369=CARTESIAN_POINT('',(-3.87308752770756,-7.09064558472754E-16,11.5799030212863));
#6370=CARTESIAN_POINT('',(-3.98857404477224,-7.17678964468976E-16,11.7205869474962));
#6371=CARTESIAN_POINT('',(-3.99339028100733,-6.79674828205127E-16,11.0999323017599));
#6372=CARTESIAN_POINT('',(-3.99339028100733,-6.79674828205127E-16,11.0999323017599));
#6373=CARTESIAN_POINT('',(-3.87308752770756,-6.87917115448342E-16,11.2345390675466));
#6374=CARTESIAN_POINT('',(-3.87308752770756,-6.99480620533431E-16,11.4233854368531));
#6375=CARTESIAN_POINT('',(-4.31047686324074,-6.72667870601663E-16,10.9855));
#6376=CARTESIAN_POINT('',(-4.31047686324074,-6.72667870601663E-16,10.9855));
#6377=CARTESIAN_POINT('',(-4.10765721566056,-6.72667870601663E-16,10.9855));
#6378=CARTESIAN_POINT('',(-3.99339028100733,-6.79674828205127E-16,11.0999323017599));
#6379=CARTESIAN_POINT('',(-7.20324087388391,-6.72667870601663E-16,10.9855));
#6380=CARTESIAN_POINT('',(-4.31047686324074,-6.69400842688378E-16,10.9855));
#6381=VECTOR('',#6382,1.);
#6382=DIRECTION('',(-1.,0.,0.));
#6383=CARTESIAN_POINT('',(-5.74691631258078,-6.18553812530237E-16,10.1017503652628));
#6384=CARTESIAN_POINT('',(-7.20324087388391,-6.69400842688378E-16,10.9855));
#6385=VECTOR('',#6386,1.);
#6386=DIRECTION('',(0.854904008758185,4.846987421742E-17,-0.518786213973719));
#6387=CARTESIAN_POINT('',(-5.5187958610409,-5.9636089395104E-16,9.7393125));
#6388=CARTESIAN_POINT('',(-5.5187958610409,-5.9636089395104E-16,9.7393125));
#6389=CARTESIAN_POINT('',(-5.5187958610409,-6.07233322058293E-16,9.91687272576995));
#6390=CARTESIAN_POINT('',(-5.74691631258079,-6.18553812530237E-16,10.1017503652628));
#6391=CARTESIAN_POINT('',(-5.74637886948422,-5.74094568158128E-16,9.37567580395972));
#6392=CARTESIAN_POINT('',(-5.74637886948422,-5.74094568158128E-16,9.37567580395972));
#6393=CARTESIAN_POINT('',(-5.5187958610409,-5.8463791222566E-16,9.54786167950968));
#6394=CARTESIAN_POINT('',(-5.5187958610409,-5.9636089395104E-16,9.7393125));
#6395=CARTESIAN_POINT('',(-7.20324087388391,-5.20053917300418E-16,8.493125));
#6396=CARTESIAN_POINT('',(-5.74637886948422,-5.64603040235353E-16,9.37567580395972));
#6397=VECTOR('',#6398,1.);
#6398=DIRECTION('',(-0.855300828894655,1.58632091896897E-17,-0.518131732373261));
#6399=CARTESIAN_POINT('',(-4.31047686324074,-5.20053917300418E-16,8.493125));
#6400=CARTESIAN_POINT('',(-7.20324087388391,-5.37582714806498E-16,8.493125));
#6401=VECTOR('',#6402,1.);
#6402=DIRECTION('',(1.,0.,0.));
#6403=CARTESIAN_POINT('',(-3.98859471566056,-5.11439513776318E-16,8.35244111416291));
#6404=CARTESIAN_POINT('',(-3.98859471566056,-5.11439513776318E-16,8.35244111416291));
#6405=CARTESIAN_POINT('',(-4.10410186324074,-5.20053917300418E-16,8.493125));
#6406=CARTESIAN_POINT('',(-4.31047686324074,-5.20053917300418E-16,8.493125));
#6407=CARTESIAN_POINT('',(-3.87308752770756,-4.93241169840773E-16,8.05523960351975));
#6408=CARTESIAN_POINT('',(-3.87308752770756,-4.93241169840773E-16,8.05523960351975));
#6409=CARTESIAN_POINT('',(-3.87308752770756,-5.02825107780096E-16,8.211757187953));
#6410=CARTESIAN_POINT('',(-3.98859471566056,-5.11439513776318E-16,8.35244111416291));
#6411=CARTESIAN_POINT('',(-3.99326625567735,-4.73437908966192E-16,7.7318278102032));
#6412=CARTESIAN_POINT('',(-3.99326625567735,-4.73437908966192E-16,7.7318278102032));
#6413=CARTESIAN_POINT('',(-3.87308752770756,-4.81680196209407E-16,7.86643457598993));
#6414=CARTESIAN_POINT('',(-3.87308752770756,-4.93241169840773E-16,8.05523960351975));
#6415=CARTESIAN_POINT('',(-4.31039417968742,-4.66428419909004E-16,7.61735416666667));
#6416=CARTESIAN_POINT('',(-4.31039417968742,-4.66428419909004E-16,7.61735416666667));
#6417=CARTESIAN_POINT('',(-4.10761587388391,-4.66428419909004E-16,7.61735416666667));
#6418=CARTESIAN_POINT('',(-3.99326625567735,-4.73437908966192E-16,7.7318278102032));
#6419=CARTESIAN_POINT('',(-8.35173924943387,-4.66428419909004E-16,7.61735416666667));
#6420=CARTESIAN_POINT('',(-4.31039417968742,-4.55258814879534E-16,7.61735416666667));
#6421=VECTOR('',#6422,1.);
#6422=DIRECTION('',(-1.,0.,0.));
#6423=CARTESIAN_POINT('',(-8.70090656588055,-4.72956940175226E-16,7.72397299375652));
#6424=CARTESIAN_POINT('',(-8.70090656588055,-4.72956940175226E-16,7.72397299375652));
#6425=CARTESIAN_POINT('',(-8.56295115655728,-4.66428419909004E-16,7.61735416666667));
#6426=CARTESIAN_POINT('',(-8.35173924943387,-4.66428419909004E-16,7.61735416666667));
#6427=CARTESIAN_POINT('',(-8.83931669437423,-4.90856577515725E-16,8.0162962554996));
#6428=CARTESIAN_POINT('',(-8.83931669437423,-4.90856577515725E-16,8.01629625549961));
#6429=CARTESIAN_POINT('',(-8.83931669437423,-4.8105240557464E-16,7.85618197686987));
#6430=CARTESIAN_POINT('',(-8.70090656588055,-4.72956940175226E-16,7.72397299375652));
#6431=CARTESIAN_POINT('',(-8.64951950457743,-5.11436982322595E-16,8.35239977238626));
#6432=CARTESIAN_POINT('',(-8.64951950457743,-5.11436982322596E-16,8.35239977238626));
#6433=CARTESIAN_POINT('',(-8.83931669437423,-5.04923650778711E-16,8.24602899595636));
#6434=CARTESIAN_POINT('',(-8.83931669437423,-4.90856577515725E-16,8.01629625549961));
#6435=CARTESIAN_POINT('',(-6.67237919437423,-5.9631279880243E-16,9.73852704661631));
#6436=CARTESIAN_POINT('',(-8.64951950457743,-4.77763096086329E-16,8.35239977238626));
#6437=VECTOR('',#6438,1.);
#6438=DIRECTION('',(0.818817469980521,-4.0564850480903E-17,0.574053961622684));
#6439=CARTESIAN_POINT('',(-8.59771906588055,-6.77269984250297E-16,11.0606582195265));
#6440=CARTESIAN_POINT('',(-6.67237919437423,-5.75712155557504E-16,9.73852704661631));
#6441=VECTOR('',#6442,1.);
#6442=DIRECTION('',(-0.824349619777741,-4.10987743530793E-17,0.566081005132918));
#6443=CARTESIAN_POINT('',(-8.83931669437423,-7.01865212858478E-16,11.4623287848732));
#6444=CARTESIAN_POINT('',(-8.83931669437423,-7.01865212858478E-16,11.4623287848732));
#6445=CARTESIAN_POINT('',(-8.83931669437423,-6.89848584973374E-16,11.2660823586633));
#6446=CARTESIAN_POINT('',(-8.59771906588055,-6.77269984250297E-16,11.0606582195265));
#6447=CARTESIAN_POINT('',(-8.70603286544058,-7.19295272949764E-16,11.7469832681646));
#6448=CARTESIAN_POINT('',(-8.83931669437423,-7.1229717543433E-16,11.632695662623));
#6449=CARTESIAN_POINT('',(-8.83931669437423,-7.01865212858478E-16,11.4623287848732));
#6450=CARTESIAN_POINT('',(-10.89711431703,-1.23315194001733E-15,-19.75));
#6451=CARTESIAN_POINT('',(-16.25,-1.23315194001733E-15,-19.75));
#6452=CARTESIAN_POINT('',(-10.89711431703,1.20933871415801E-15,-19.75));
#6453=VECTOR('',#6454,1.);
#6454=DIRECTION('',(-1.,0.,0.));
#6455=CARTESIAN_POINT('',(-16.25,-1.50869746982549E-15,-15.25));
#6456=AXIS2_PLACEMENT_3D('',#6457,#6458,#6459);
#6457=CARTESIAN_POINT('',(-16.25,1.07156594925393E-15,-17.5));
#6458=DIRECTION('',(0.,1.,6.12323399573677E-17));
#6459=DIRECTION('',(0.,6.12323399573677E-17,-1.));
#6460=CARTESIAN_POINT('',(-10.89711431703,-1.50869746982549E-15,-15.25));
#6461=CARTESIAN_POINT('',(-16.25,9.33793184349857E-16,-15.25));
#6462=VECTOR('',#6463,1.);
#6463=DIRECTION('',(1.,0.,6.63700644701475E-16));
#6464=AXIS2_PLACEMENT_3D('',#6465,#6466,#6467);
#6465=CARTESIAN_POINT('',(-7.,1.07156594925393E-15,-17.5));
#6466=DIRECTION('',(3.08148791101958E-33,1.,6.12323399573677E-17));
#6467=DIRECTION('',(-0.866025403784439,-3.06161699786838E-17,0.499999999999999));
#6468=CARTESIAN_POINT('',(-10.89711431703,-1.23315194001733E-15,19.75));
#6469=CARTESIAN_POINT('',(-10.89711431703,-1.50869746982549E-15,15.25));
#6470=AXIS2_PLACEMENT_3D('',#6471,#6472,#6473);
#6471=CARTESIAN_POINT('',(-7.,-1.07156594925393E-15,17.5));
#6472=DIRECTION('',(6.16297582203915E-33,1.,6.12323399573676E-17));
#6473=DIRECTION('',(-0.866025403784439,-3.06161699786838E-17,0.499999999999999));
#6474=CARTESIAN_POINT('',(-16.25,-1.50869746982549E-15,15.25));
#6475=CARTESIAN_POINT('',(-10.89711431703,-9.33793184349857E-16,15.25));
#6476=VECTOR('',#6477,1.);
#6477=DIRECTION('',(-1.,0.,0.));
#6478=CARTESIAN_POINT('',(-16.25,-1.23315194001733E-15,19.75));
#6479=AXIS2_PLACEMENT_3D('',#6480,#6481,#6482);
#6480=CARTESIAN_POINT('',(-16.25,-1.07156594925393E-15,17.5));
#6481=DIRECTION('',(0.,1.,6.12323399573677E-17));
#6482=DIRECTION('',(-1.57898385724467E-15,6.12323399573677E-17,-1.));
#6483=CARTESIAN_POINT('',(-16.25,-1.20933871415801E-15,19.75));
#6484=VECTOR('',#6485,1.);
#6485=DIRECTION('',(1.,0.,0.));
#6486=CARTESIAN_POINT('',(-8.35173924943387,0.799999999999999,11.8612708333333));
#6487=CARTESIAN_POINT('',(-8.35173924943387,0.799999999999999,11.8612708333333));
#6488=VECTOR('',#6489,1.);
#6489=DIRECTION('',(0.,-1.,0.));
#6490=CARTESIAN_POINT('',(-4.31039417968742,0.799999999999999,11.8612708333333));
#6491=CARTESIAN_POINT('',(-4.31039417968742,0.799999999999999,11.8612708333333));
#6492=VECTOR('',#6493,1.);
#6493=DIRECTION('',(-1.,0.,0.));
#6494=CARTESIAN_POINT('',(-4.31039417968742,0.799999999999999,11.8612708333333));
#6495=VECTOR('',#6496,1.);
#6496=DIRECTION('',(0.,-1.,0.));
#6497=CARTESIAN_POINT('',(-3.98857404477223,0.799999999999999,11.7205869474962));
#6498=CARTESIAN_POINT('',(-3.98857404477223,0.799999999999999,11.7205869474962));
#6499=CARTESIAN_POINT('',(-4.10406052146408,0.799999999999999,11.8612708333333));
#6500=CARTESIAN_POINT('',(-4.31039417968742,0.799999999999999,11.8612708333333));
#6501=CARTESIAN_POINT('',(-3.98857404477223,0.799999999999999,11.7205869474962));
#6502=VECTOR('',#6503,1.);
#6503=DIRECTION('',(0.,-1.,0.));
#6504=CARTESIAN_POINT('',(-3.87308752770756,0.799999999999999,11.4233854368531));
#6505=CARTESIAN_POINT('',(-3.87308752770756,0.799999999999999,11.4233854368531));
#6506=CARTESIAN_POINT('',(-3.87308752770756,0.799999999999999,11.5799030212863));
#6507=CARTESIAN_POINT('',(-3.98857404477223,0.799999999999999,11.7205869474962));
#6508=CARTESIAN_POINT('',(-3.87308752770756,0.799999999999999,11.4233854368531));
#6509=VECTOR('',#6510,1.);
#6510=DIRECTION('',(0.,-1.,0.));
#6511=CARTESIAN_POINT('',(-3.99339028100733,0.799999999999999,11.0999323017599));
#6512=CARTESIAN_POINT('',(-3.99339028100733,0.799999999999999,11.0999323017599));
#6513=CARTESIAN_POINT('',(-3.87308752770756,0.799999999999999,11.2345390675466));
#6514=CARTESIAN_POINT('',(-3.87308752770756,0.799999999999999,11.4233854368531));
#6515=CARTESIAN_POINT('',(-3.99339028100733,0.799999999999999,11.0999323017599));
#6516=VECTOR('',#6517,1.);
#6517=DIRECTION('',(0.,-1.,0.));
#6518=CARTESIAN_POINT('',(-4.31047686324074,0.799999999999999,10.9855));
#6519=CARTESIAN_POINT('',(-4.31047686324074,0.799999999999999,10.9855));
#6520=CARTESIAN_POINT('',(-4.10765721566056,0.799999999999999,10.9855));
#6521=CARTESIAN_POINT('',(-3.99339028100733,0.799999999999999,11.0999323017599));
#6522=CARTESIAN_POINT('',(-4.31047686324074,0.799999999999999,10.9855));
#6523=VECTOR('',#6524,1.);
#6524=DIRECTION('',(0.,-1.,0.));
#6525=CARTESIAN_POINT('',(-7.20324087388391,0.799999999999999,10.9855));
#6526=CARTESIAN_POINT('',(-7.20324087388391,0.799999999999999,10.9855));
#6527=VECTOR('',#6528,1.);
#6528=DIRECTION('',(1.,0.,0.));
#6529=CARTESIAN_POINT('',(-7.20324087388391,0.799999999999999,10.9855));
#6530=VECTOR('',#6531,1.);
#6531=DIRECTION('',(0.,-1.,0.));
#6532=CARTESIAN_POINT('',(-5.74691631258078,0.799999999999999,10.1017503652628));
#6533=CARTESIAN_POINT('',(-5.74691631258078,0.799999999999999,10.1017503652628));
#6534=VECTOR('',#6535,1.);
#6535=DIRECTION('',(-0.854904008758185,0.,0.518786213973719));
#6536=CARTESIAN_POINT('',(-5.74691631258078,0.799999999999999,10.1017503652628));
#6537=VECTOR('',#6538,1.);
#6538=DIRECTION('',(0.,-1.,0.));
#6539=CARTESIAN_POINT('',(-5.5187958610409,0.799999999999999,9.7393125));
#6540=CARTESIAN_POINT('',(-5.5187958610409,0.799999999999999,9.7393125));
#6541=CARTESIAN_POINT('',(-5.5187958610409,0.799999999999999,9.91687272576995));
#6542=CARTESIAN_POINT('',(-5.74691631258078,0.799999999999999,10.1017503652628));
#6543=CARTESIAN_POINT('',(-5.5187958610409,0.799999999999999,9.7393125));
#6544=VECTOR('',#6545,1.);
#6545=DIRECTION('',(0.,-1.,0.));
#6546=CARTESIAN_POINT('',(-5.74637886948422,0.799999999999999,9.37567580395972));
#6547=CARTESIAN_POINT('',(-5.74637886948422,0.799999999999999,9.37567580395972));
#6548=CARTESIAN_POINT('',(-5.5187958610409,0.799999999999999,9.54786167950968));
#6549=CARTESIAN_POINT('',(-5.5187958610409,0.799999999999999,9.7393125));
#6550=CARTESIAN_POINT('',(-5.74637886948422,0.799999999999999,9.37567580395972));
#6551=VECTOR('',#6552,1.);
#6552=DIRECTION('',(0.,-1.,0.));
#6553=CARTESIAN_POINT('',(-7.20324087388391,0.799999999999999,8.493125));
#6554=CARTESIAN_POINT('',(-7.20324087388391,0.799999999999999,8.493125));
#6555=VECTOR('',#6556,1.);
#6556=DIRECTION('',(0.855300828894655,0.,0.518131732373261));
#6557=CARTESIAN_POINT('',(-7.20324087388391,0.799999999999999,8.493125));
#6558=VECTOR('',#6559,1.);
#6559=DIRECTION('',(0.,-1.,0.));
#6560=CARTESIAN_POINT('',(-4.31047686324074,0.799999999999999,8.493125));
#6561=CARTESIAN_POINT('',(-4.31047686324074,0.799999999999999,8.493125));
#6562=VECTOR('',#6563,1.);
#6563=DIRECTION('',(-1.,0.,0.));
#6564=CARTESIAN_POINT('',(-4.31047686324074,0.799999999999999,8.493125));
#6565=VECTOR('',#6566,1.);
#6566=DIRECTION('',(0.,-1.,0.));
#6567=CARTESIAN_POINT('',(-3.98859471566056,0.799999999999999,8.35244111416291));
#6568=CARTESIAN_POINT('',(-3.98859471566056,0.799999999999999,8.35244111416291));
#6569=CARTESIAN_POINT('',(-4.10410186324074,0.799999999999999,8.493125));
#6570=CARTESIAN_POINT('',(-4.31047686324074,0.799999999999999,8.493125));
#6571=CARTESIAN_POINT('',(-3.98859471566056,0.799999999999999,8.35244111416291));
#6572=VECTOR('',#6573,1.);
#6573=DIRECTION('',(0.,-1.,0.));
#6574=CARTESIAN_POINT('',(-3.87308752770756,0.8,8.05523960351975));
#6575=CARTESIAN_POINT('',(-3.87308752770756,0.8,8.05523960351975));
#6576=CARTESIAN_POINT('',(-3.87308752770756,0.799999999999999,8.211757187953));
#6577=CARTESIAN_POINT('',(-3.98859471566056,0.799999999999999,8.35244111416291));
#6578=CARTESIAN_POINT('',(-3.87308752770756,0.8,8.05523960351975));
#6579=VECTOR('',#6580,1.);
#6580=DIRECTION('',(0.,-1.,0.));
#6581=CARTESIAN_POINT('',(-3.99326625567735,0.8,7.7318278102032));
#6582=CARTESIAN_POINT('',(-3.99326625567735,0.8,7.7318278102032));
#6583=CARTESIAN_POINT('',(-3.87308752770756,0.8,7.86643457598993));
#6584=CARTESIAN_POINT('',(-3.87308752770756,0.8,8.05523960351975));
#6585=CARTESIAN_POINT('',(-3.99326625567735,0.8,7.7318278102032));
#6586=VECTOR('',#6587,1.);
#6587=DIRECTION('',(0.,-1.,0.));
#6588=CARTESIAN_POINT('',(-4.31039417968742,0.8,7.61735416666667));
#6589=CARTESIAN_POINT('',(-4.31039417968742,0.8,7.61735416666667));
#6590=CARTESIAN_POINT('',(-4.10761587388391,0.8,7.61735416666667));
#6591=CARTESIAN_POINT('',(-3.99326625567735,0.8,7.7318278102032));
#6592=CARTESIAN_POINT('',(-4.31039417968742,0.8,7.61735416666667));
#6593=VECTOR('',#6594,1.);
#6594=DIRECTION('',(0.,-1.,0.));
#6595=CARTESIAN_POINT('',(-8.35173924943387,0.8,7.61735416666667));
#6596=CARTESIAN_POINT('',(-8.35173924943387,0.8,7.61735416666667));
#6597=VECTOR('',#6598,1.);
#6598=DIRECTION('',(1.,0.,-2.19772972703825E-16));
#6599=CARTESIAN_POINT('',(-8.35173924943387,0.8,7.61735416666667));
#6600=VECTOR('',#6601,1.);
#6601=DIRECTION('',(0.,-1.,0.));
#6602=CARTESIAN_POINT('',(-8.70090656588055,0.8,7.72397299375652));
#6603=CARTESIAN_POINT('',(-8.70090656588055,0.8,7.72397299375652));
#6604=CARTESIAN_POINT('',(-8.56295115655729,0.8,7.61735416666667));
#6605=CARTESIAN_POINT('',(-8.35173924943387,0.8,7.61735416666667));
#6606=CARTESIAN_POINT('',(-8.70090656588055,0.8,7.72397299375652));
#6607=VECTOR('',#6608,1.);
#6608=DIRECTION('',(0.,-1.,0.));
#6609=CARTESIAN_POINT('',(-8.83931669437423,0.8,8.0162962554996));
#6610=CARTESIAN_POINT('',(-8.83931669437423,0.8,8.0162962554996));
#6611=CARTESIAN_POINT('',(-8.83931669437423,0.8,7.85618197686987));
#6612=CARTESIAN_POINT('',(-8.70090656588055,0.8,7.72397299375652));
#6613=CARTESIAN_POINT('',(-8.83931669437423,0.8,8.0162962554996));
#6614=VECTOR('',#6615,1.);
#6615=DIRECTION('',(0.,-1.,0.));
#6616=CARTESIAN_POINT('',(-8.64951950457743,0.799999999999999,8.35239977238626));
#6617=CARTESIAN_POINT('',(-8.64951950457743,0.799999999999999,8.35239977238626));
#6618=CARTESIAN_POINT('',(-8.83931669437423,0.799999999999999,8.24602899595636));
#6619=CARTESIAN_POINT('',(-8.83931669437423,0.8,8.0162962554996));
#6620=CARTESIAN_POINT('',(-8.64951950457743,0.799999999999999,8.35239977238626));
#6621=VECTOR('',#6622,1.);
#6622=DIRECTION('',(0.,-1.,0.));
#6623=CARTESIAN_POINT('',(-6.67237919437423,0.799999999999999,9.73852704661631));
#6624=CARTESIAN_POINT('',(-6.67237919437423,0.799999999999999,9.73852704661631));
#6625=VECTOR('',#6626,1.);
#6626=DIRECTION('',(-0.818817469980521,0.,-0.574053961622684));
#6627=CARTESIAN_POINT('',(-6.67237919437423,0.799999999999999,9.73852704661631));
#6628=VECTOR('',#6629,1.);
#6629=DIRECTION('',(0.,-1.,0.));
#6630=CARTESIAN_POINT('',(-8.59771906588055,0.799999999999999,11.0606582195265));
#6631=CARTESIAN_POINT('',(-8.59771906588055,0.799999999999999,11.0606582195265));
#6632=VECTOR('',#6633,1.);
#6633=DIRECTION('',(0.824349619777741,4.75350841564513E-17,-0.566081005132918));
#6634=CARTESIAN_POINT('',(-8.59771906588055,0.799999999999999,11.0606582195265));
#6635=VECTOR('',#6636,1.);
#6636=DIRECTION('',(0.,-1.,0.));
#6637=CARTESIAN_POINT('',(-8.83931669437423,0.799999999999999,11.4623287848732));
#6638=CARTESIAN_POINT('',(-8.83931669437423,0.799999999999999,11.4623287848732));
#6639=CARTESIAN_POINT('',(-8.83931669437423,0.799999999999999,11.2660823586633));
#6640=CARTESIAN_POINT('',(-8.59771906588055,0.799999999999999,11.0606582195265));
#6641=CARTESIAN_POINT('',(-8.83931669437423,0.799999999999999,11.4623287848732));
#6642=VECTOR('',#6643,1.);
#6643=DIRECTION('',(0.,-1.,0.));
#6644=CARTESIAN_POINT('',(-8.70603286544058,0.799999999999999,11.7469832681646));
#6645=CARTESIAN_POINT('',(-8.70603286544058,0.799999999999999,11.7469832681646));
#6646=CARTESIAN_POINT('',(-8.83931669437423,0.799999999999999,11.632695662623));
#6647=CARTESIAN_POINT('',(-8.83931669437423,0.799999999999999,11.4623287848732));
#6648=CARTESIAN_POINT('',(-8.70603286544058,0.799999999999999,11.7469832681646));
#6649=VECTOR('',#6650,1.);
#6650=DIRECTION('',(0.,-1.,0.));
#6651=CARTESIAN_POINT('',(-8.35173924943387,0.799999999999999,11.8612708333333));
#6652=CARTESIAN_POINT('',(-8.5727489961341,0.799999999999999,11.8612708333333));
#6653=CARTESIAN_POINT('',(-8.70603286544058,0.799999999999999,11.7469832681646));
#6654=CARTESIAN_POINT('',(-8.35173924943387,0.8,6.30502121480306));
#6655=CARTESIAN_POINT('',(-8.35173924943387,0.8,6.30502121480306));
#6656=VECTOR('',#6657,1.);
#6657=DIRECTION('',(0.,-1.,0.));
#6658=CARTESIAN_POINT('',(-4.31039417968742,0.8,6.30502121480306));
#6659=CARTESIAN_POINT('',(-4.31039417968742,0.8,6.30502121480306));
#6660=VECTOR('',#6661,1.);
#6661=DIRECTION('',(-1.,0.,2.19772972703825E-16));
#6662=CARTESIAN_POINT('',(-4.31039417968742,0.8,6.30502121480306));
#6663=VECTOR('',#6664,1.);
#6664=DIRECTION('',(0.,-1.,0.));
#6665=CARTESIAN_POINT('',(-3.98857404477224,0.8,6.16433732896597));
#6666=CARTESIAN_POINT('',(-3.98857404477224,0.8,6.16433732896597));
#6667=CARTESIAN_POINT('',(-4.10406052146408,0.8,6.30502121480306));
#6668=CARTESIAN_POINT('',(-4.31039417968742,0.8,6.30502121480306));
#6669=CARTESIAN_POINT('',(-3.98857404477224,0.8,6.16433732896597));
#6670=VECTOR('',#6671,1.);
#6671=DIRECTION('',(0.,-1.,0.));
#6672=CARTESIAN_POINT('',(-3.87308752770756,0.8,5.86713581832281));
#6673=CARTESIAN_POINT('',(-3.87308752770756,0.8,5.86713581832281));
#6674=CARTESIAN_POINT('',(-3.87308752770756,0.8,6.02365340275606));
#6675=CARTESIAN_POINT('',(-3.98857404477224,0.8,6.16433732896597));
#6676=CARTESIAN_POINT('',(-3.87308752770756,0.8,5.86713581832281));
#6677=VECTOR('',#6678,1.);
#6678=DIRECTION('',(0.,-1.,0.));
#6679=CARTESIAN_POINT('',(-3.99339028100733,0.8,5.5436826832296));
#6680=CARTESIAN_POINT('',(-3.99339028100733,0.8,5.5436826832296));
#6681=CARTESIAN_POINT('',(-3.87308752770756,0.8,5.67828944901633));
#6682=CARTESIAN_POINT('',(-3.87308752770756,0.8,5.86713581832281));
#6683=CARTESIAN_POINT('',(-3.99339028100733,0.8,5.5436826832296));
#6684=VECTOR('',#6685,1.);
#6685=DIRECTION('',(0.,-1.,0.));
#6686=CARTESIAN_POINT('',(-4.31047686324074,0.8,5.42925038146973));
#6687=CARTESIAN_POINT('',(-4.31047686324074,0.8,5.42925038146973));
#6688=CARTESIAN_POINT('',(-4.10765721566057,0.8,5.42925038146973));
#6689=CARTESIAN_POINT('',(-3.99339028100733,0.8,5.5436826832296));
#6690=CARTESIAN_POINT('',(-4.31047686324074,0.8,5.42925038146973));
#6691=VECTOR('',#6692,1.);
#6692=DIRECTION('',(0.,-1.,0.));
#6693=CARTESIAN_POINT('',(-7.20324087388391,0.8,5.42925038146973));
#6694=CARTESIAN_POINT('',(-7.20324087388391,0.8,5.42925038146973));
#6695=VECTOR('',#6696,1.);
#6696=DIRECTION('',(1.,0.,0.));
#6697=CARTESIAN_POINT('',(-7.20324087388391,0.8,5.42925038146973));
#6698=VECTOR('',#6699,1.);
#6699=DIRECTION('',(0.,-1.,0.));
#6700=CARTESIAN_POINT('',(-5.74691631258079,0.8,4.54550074673256));
#6701=CARTESIAN_POINT('',(-5.74691631258079,0.8,4.54550074673256));
#6702=VECTOR('',#6703,1.);
#6703=DIRECTION('',(-0.854904008758185,0.,0.518786213973719));
#6704=CARTESIAN_POINT('',(-5.74691631258079,0.8,4.54550074673256));
#6705=VECTOR('',#6706,1.);
#6706=DIRECTION('',(0.,-1.,0.));
#6707=CARTESIAN_POINT('',(-5.5187958610409,0.8,4.18306288146973));
#6708=CARTESIAN_POINT('',(-5.5187958610409,0.8,4.18306288146973));
#6709=CARTESIAN_POINT('',(-5.5187958610409,0.8,4.36062310723967));
#6710=CARTESIAN_POINT('',(-5.74691631258079,0.8,4.54550074673256));
#6711=CARTESIAN_POINT('',(-5.5187958610409,0.8,4.18306288146973));
#6712=VECTOR('',#6713,1.);
#6713=DIRECTION('',(0.,-1.,0.));
#6714=CARTESIAN_POINT('',(-5.74637886948422,0.8,3.81942618542944));
#6715=CARTESIAN_POINT('',(-5.74637886948422,0.8,3.81942618542944));
#6716=CARTESIAN_POINT('',(-5.5187958610409,0.8,3.9916120609794));
#6717=CARTESIAN_POINT('',(-5.5187958610409,0.8,4.18306288146973));
#6718=CARTESIAN_POINT('',(-5.74637886948422,0.8,3.81942618542944));
#6719=VECTOR('',#6720,1.);
#6720=DIRECTION('',(0.,-1.,0.));
#6721=CARTESIAN_POINT('',(-7.20324087388391,0.8,2.93687538146973));
#6722=CARTESIAN_POINT('',(-7.20324087388391,0.8,2.93687538146973));
#6723=VECTOR('',#6724,1.);
#6724=DIRECTION('',(0.855300828894655,0.,0.51813173237326));
#6725=CARTESIAN_POINT('',(-7.20324087388391,0.8,2.93687538146973));
#6726=VECTOR('',#6727,1.);
#6727=DIRECTION('',(0.,-1.,0.));
#6728=CARTESIAN_POINT('',(-4.31047686324074,0.8,2.93687538146973));
#6729=CARTESIAN_POINT('',(-4.31047686324074,0.8,2.93687538146973));
#6730=VECTOR('',#6731,1.);
#6731=DIRECTION('',(-1.,0.,0.));
#6732=CARTESIAN_POINT('',(-4.31047686324074,0.8,2.93687538146973));
#6733=VECTOR('',#6734,1.);
#6734=DIRECTION('',(0.,-1.,0.));
#6735=CARTESIAN_POINT('',(-3.98859471566056,0.8,2.79619149563264));
#6736=CARTESIAN_POINT('',(-3.98859471566056,0.8,2.79619149563264));
#6737=CARTESIAN_POINT('',(-4.10410186324074,0.8,2.93687538146973));
#6738=CARTESIAN_POINT('',(-4.31047686324074,0.8,2.93687538146973));
#6739=CARTESIAN_POINT('',(-3.98859471566056,0.8,2.79619149563264));
#6740=VECTOR('',#6741,1.);
#6741=DIRECTION('',(0.,-1.,0.));
#6742=CARTESIAN_POINT('',(-3.87308752770756,0.8,2.49898998498948));
#6743=CARTESIAN_POINT('',(-3.87308752770756,0.8,2.49898998498948));
#6744=CARTESIAN_POINT('',(-3.87308752770756,0.8,2.65550756942273));
#6745=CARTESIAN_POINT('',(-3.98859471566056,0.8,2.79619149563264));
#6746=CARTESIAN_POINT('',(-3.87308752770756,0.8,2.49898998498948));
#6747=VECTOR('',#6748,1.);
#6748=DIRECTION('',(0.,-1.,0.));
#6749=CARTESIAN_POINT('',(-3.99326625567735,0.8,2.17557819167293));
#6750=CARTESIAN_POINT('',(-3.99326625567735,0.8,2.17557819167293));
#6751=CARTESIAN_POINT('',(-3.87308752770756,0.8,2.31018495745966));
#6752=CARTESIAN_POINT('',(-3.87308752770756,0.8,2.49898998498948));
#6753=CARTESIAN_POINT('',(-3.99326625567735,0.8,2.17557819167293));
#6754=VECTOR('',#6755,1.);
#6755=DIRECTION('',(0.,-1.,0.));
#6756=CARTESIAN_POINT('',(-4.31039417968742,0.8,2.06110454813639));
#6757=CARTESIAN_POINT('',(-4.31039417968742,0.8,2.06110454813639));
#6758=CARTESIAN_POINT('',(-4.10761587388391,0.8,2.06110454813639));
#6759=CARTESIAN_POINT('',(-3.99326625567735,0.8,2.17557819167293));
#6760=CARTESIAN_POINT('',(-4.31039417968742,0.8,2.06110454813639));
#6761=VECTOR('',#6762,1.);
#6762=DIRECTION('',(0.,-1.,0.));
#6763=CARTESIAN_POINT('',(-8.35173924943387,0.8,2.06110454813639));
#6764=CARTESIAN_POINT('',(-8.35173924943387,0.8,2.06110454813639));
#6765=VECTOR('',#6766,1.);
#6766=DIRECTION('',(1.,0.,0.));
#6767=CARTESIAN_POINT('',(-8.35173924943387,0.8,2.06110454813639));
#6768=VECTOR('',#6769,1.);
#6769=DIRECTION('',(0.,-1.,0.));
#6770=CARTESIAN_POINT('',(-8.70090656588055,0.8,2.16772337522624));
#6771=CARTESIAN_POINT('',(-8.70090656588055,0.8,2.16772337522624));
#6772=CARTESIAN_POINT('',(-8.56295115655729,0.8,2.06110454813639));
#6773=CARTESIAN_POINT('',(-8.35173924943387,0.8,2.06110454813639));
#6774=CARTESIAN_POINT('',(-8.70090656588055,0.8,2.16772337522624));
#6775=VECTOR('',#6776,1.);
#6776=DIRECTION('',(0.,-1.,0.));
#6777=CARTESIAN_POINT('',(-8.83931669437423,0.8,2.46004663696933));
#6778=CARTESIAN_POINT('',(-8.83931669437423,0.8,2.46004663696933));
#6779=CARTESIAN_POINT('',(-8.83931669437423,0.8,2.29993235833959));
#6780=CARTESIAN_POINT('',(-8.70090656588055,0.8,2.16772337522624));
#6781=CARTESIAN_POINT('',(-8.83931669437423,0.8,2.46004663696933));
#6782=VECTOR('',#6783,1.);
#6783=DIRECTION('',(0.,-1.,0.));
#6784=CARTESIAN_POINT('',(-8.64951950457743,0.8,2.79615015385598));
#6785=CARTESIAN_POINT('',(-8.64951950457743,0.8,2.79615015385598));
#6786=CARTESIAN_POINT('',(-8.83931669437423,0.8,2.68977937742609));
#6787=CARTESIAN_POINT('',(-8.83931669437423,0.8,2.46004663696933));
#6788=CARTESIAN_POINT('',(-8.64951950457743,0.8,2.79615015385598));
#6789=VECTOR('',#6790,1.);
#6790=DIRECTION('',(0.,-1.,0.));
#6791=CARTESIAN_POINT('',(-6.67237919437423,0.8,4.18227742808604));
#6792=CARTESIAN_POINT('',(-6.67237919437423,0.8,4.18227742808604));
#6793=VECTOR('',#6794,1.);
#6794=DIRECTION('',(-0.818817469980521,0.,-0.574053961622684));
#6795=CARTESIAN_POINT('',(-6.67237919437423,0.8,4.18227742808604));
#6796=VECTOR('',#6797,1.);
#6797=DIRECTION('',(0.,-1.,0.));
#6798=CARTESIAN_POINT('',(-8.59771906588055,0.8,5.50440860099619));
#6799=CARTESIAN_POINT('',(-8.59771906588055,0.8,5.50440860099619));
#6800=VECTOR('',#6801,1.);
#6801=DIRECTION('',(0.82434961977774,4.75350841564513E-17,-0.566081005132918));
#6802=CARTESIAN_POINT('',(-8.59771906588055,0.8,5.50440860099619));
#6803=VECTOR('',#6804,1.);
#6804=DIRECTION('',(0.,-1.,0.));
#6805=CARTESIAN_POINT('',(-8.83931669437423,0.8,5.90607916634295));
#6806=CARTESIAN_POINT('',(-8.83931669437423,0.8,5.90607916634295));
#6807=CARTESIAN_POINT('',(-8.83931669437423,0.8,5.70983274013304));
#6808=CARTESIAN_POINT('',(-8.59771906588055,0.8,5.50440860099619));
#6809=CARTESIAN_POINT('',(-8.83931669437423,0.8,5.90607916634295));
#6810=VECTOR('',#6811,1.);
#6811=DIRECTION('',(0.,-1.,0.));
#6812=CARTESIAN_POINT('',(-8.70603286544058,0.8,6.19073364963432));
#6813=CARTESIAN_POINT('',(-8.70603286544058,0.8,6.19073364963432));
#6814=CARTESIAN_POINT('',(-8.83931669437423,0.8,6.07644604409276));
#6815=CARTESIAN_POINT('',(-8.83931669437423,0.8,5.90607916634295));
#6816=CARTESIAN_POINT('',(-8.70603286544058,0.8,6.19073364963432));
#6817=VECTOR('',#6818,1.);
#6818=DIRECTION('',(0.,-1.,0.));
#6819=CARTESIAN_POINT('',(-8.35173924943387,0.8,6.30502121480306));
#6820=CARTESIAN_POINT('',(-8.5727489961341,0.8,6.30502121480306));
#6821=CARTESIAN_POINT('',(-8.70603286544058,0.8,6.19073364963432));
#6822=CARTESIAN_POINT('',(-8.1143583610409,0.8,-6.13833232879639));
#6823=CARTESIAN_POINT('',(-8.1143583610409,0.8,-6.13833232879639));
#6824=VECTOR('',#6825,1.);
#6825=DIRECTION('',(0.,-1.,0.));
#6826=CARTESIAN_POINT('',(-8.1143583610409,0.8,-5.22882709018343));
#6827=CARTESIAN_POINT('',(-8.1143583610409,0.8,-5.22882709018343));
#6828=VECTOR('',#6829,1.);
#6829=DIRECTION('',(0.,0.,-1.));
#6830=CARTESIAN_POINT('',(-8.1143583610409,0.8,-5.22882709018343));
#6831=VECTOR('',#6832,1.);
#6832=DIRECTION('',(0.,-1.,0.));
#6833=CARTESIAN_POINT('',(-7.59172361434066,0.8,-3.97226296573339));
#6834=CARTESIAN_POINT('',(-7.59172361434066,0.8,-3.97226296573339));
#6835=CARTESIAN_POINT('',(-8.1143583610409,0.8,-4.49965197637656));
#6836=CARTESIAN_POINT('',(-8.1143583610409,0.8,-5.22882709018343));
#6837=CARTESIAN_POINT('',(-7.59172361434066,0.8,-3.97226296573339));
#6838=VECTOR('',#6839,1.);
#6839=DIRECTION('',(0.,-1.,0.));
#6840=CARTESIAN_POINT('',(-6.33193487168406,0.8,-3.44487399546305));
#6841=CARTESIAN_POINT('',(-6.33193487168406,0.8,-3.44487399546305));
#6842=CARTESIAN_POINT('',(-7.06908886764042,0.8,-3.44487399546305));
#6843=CARTESIAN_POINT('',(-7.59172361434066,0.8,-3.97226296573339));
#6844=CARTESIAN_POINT('',(-6.33193487168406,0.8,-3.44487399546305));
#6845=VECTOR('',#6846,1.);
#6846=DIRECTION('',(0.,-1.,0.));
#6847=CARTESIAN_POINT('',(-5.65815689077056,0.8,-3.44487399546305));
#6848=CARTESIAN_POINT('',(-5.65815689077056,0.8,-3.44487399546305));
#6849=VECTOR('',#6850,1.);
#6850=DIRECTION('',(-1.,0.,0.));
#6851=CARTESIAN_POINT('',(-5.65815689077056,0.8,-3.44487399546305));
#6852=VECTOR('',#6853,1.);
#6853=DIRECTION('',(0.,-1.,0.));
#6854=CARTESIAN_POINT('',(-4.40037318390908,0.8,-3.96947243618175));
#6855=CARTESIAN_POINT('',(-4.40037318390908,0.8,-3.96947243618175));
#6856=CARTESIAN_POINT('',(-4.9276588401106,0.8,-3.44487399546305));
#6857=CARTESIAN_POINT('',(-5.65815689077056,0.8,-3.44487399546305));
#6858=CARTESIAN_POINT('',(-4.40037318390908,0.8,-3.96947243618175));
#6859=VECTOR('',#6860,1.);
#6860=DIRECTION('',(0.,-1.,0.));
#6861=CARTESIAN_POINT('',(-3.87308752770756,0.8,-5.22948855860997));
#6862=CARTESIAN_POINT('',(-3.87308752770756,0.8,-5.22948855860997));
#6863=CARTESIAN_POINT('',(-3.87308752770756,0.8,-4.49407091727328));
#6864=CARTESIAN_POINT('',(-4.40037318390908,0.8,-3.96947243618175));
#6865=CARTESIAN_POINT('',(-3.87308752770756,0.8,-5.22948855860997));
#6866=VECTOR('',#6867,1.);
#6867=DIRECTION('',(0.,-1.,0.));
#6868=CARTESIAN_POINT('',(-3.87308752770756,0.800000000000001,-6.5767551683732));
#6869=CARTESIAN_POINT('',(-3.87308752770756,0.800000000000001,-6.5767551683732));
#6870=VECTOR('',#6871,1.);
#6871=DIRECTION('',(0.,-8.2405591928109E-17,1.));
#6872=CARTESIAN_POINT('',(-3.87308752770756,0.800000000000001,-6.5767551683732));
#6873=VECTOR('',#6874,1.);
#6874=DIRECTION('',(0.,-1.,0.));
#6875=CARTESIAN_POINT('',(-3.9930182050174,0.800000000000001,-6.89454456080981));
#6876=CARTESIAN_POINT('',(-3.9930182050174,0.800000000000001,-6.89454456080981));
#6877=CARTESIAN_POINT('',(-3.87308752770756,0.800000000000001,-6.77473790882996));
#6878=CARTESIAN_POINT('',(-3.87308752770756,0.800000000000001,-6.5767551683732));
#6879=CARTESIAN_POINT('',(-3.9930182050174,0.800000000000001,-6.89454456080981));
#6880=VECTOR('',#6881,1.);
#6881=DIRECTION('',(0.,-1.,0.));
#6882=CARTESIAN_POINT('',(-4.31097296456064,0.800000000000001,-7.01410316212972));
#6883=CARTESIAN_POINT('',(-4.31097296456064,0.800000000000001,-7.01410316212972));
#6884=CARTESIAN_POINT('',(-4.13275127036416,0.800000000000001,-7.01410316212972));
#6885=CARTESIAN_POINT('',(-3.9930182050174,0.800000000000001,-6.89454456080981));
#6886=CARTESIAN_POINT('',(-4.31097296456064,0.800000000000001,-7.01410316212972));
#6887=VECTOR('',#6888,1.);
#6888=DIRECTION('',(0.,-1.,0.));
#6889=CARTESIAN_POINT('',(-4.60602470281755,0.800000000000001,-6.89905073371996));
#6890=CARTESIAN_POINT('',(-4.60602470281755,0.800000000000001,-6.89905073371996));
#6891=CARTESIAN_POINT('',(-4.46583687792755,0.800000000000001,-7.01410316212972));
#6892=CARTESIAN_POINT('',(-4.31097296456064,0.800000000000001,-7.01410316212972));
#6893=CARTESIAN_POINT('',(-4.60602470281755,0.800000000000001,-6.89905073371996));
#6894=VECTOR('',#6895,1.);
#6895=DIRECTION('',(0.,-1.,0.));
#6896=CARTESIAN_POINT('',(-4.74621252770756,0.800000000000001,-6.57687919370318));
#6897=CARTESIAN_POINT('',(-4.74621252770756,0.800000000000001,-6.57687919370318));
#6898=CARTESIAN_POINT('',(-4.74621252770756,0.800000000000001,-6.78399830531021));
#6899=CARTESIAN_POINT('',(-4.60602470281755,0.800000000000001,-6.89905073371996));
#6900=CARTESIAN_POINT('',(-4.74621252770756,0.800000000000001,-6.57687919370318));
#6901=VECTOR('',#6902,1.);
#6902=DIRECTION('',(0.,-1.,0.));
#6903=CARTESIAN_POINT('',(-4.74621252770756,0.8,-5.23015002703651));
#6904=CARTESIAN_POINT('',(-4.74621252770756,0.8,-5.23015002703651));
#6905=VECTOR('',#6906,1.);
#6906=DIRECTION('',(0.,8.24384777655856E-17,-1.));
#6907=CARTESIAN_POINT('',(-4.74621252770756,0.8,-5.23015002703651));
#6908=VECTOR('',#6909,1.);
#6909=DIRECTION('',(0.,-1.,0.));
#6910=CARTESIAN_POINT('',(-5.00581425769917,0.8,-4.58892817039502));
#6911=CARTESIAN_POINT('',(-5.00581425769917,0.8,-4.58892817039502));
#6912=CARTESIAN_POINT('',(-4.74621252770756,0.8,-4.85721155236649));
#6913=CARTESIAN_POINT('',(-4.74621252770756,0.8,-5.23015002703651));
#6914=CARTESIAN_POINT('',(-5.00581425769917,0.8,-4.58892817039502));
#6915=VECTOR('',#6916,1.);
#6916=DIRECTION('',(0.,-1.,0.));
#6917=CARTESIAN_POINT('',(-5.65836359965385,0.8,-4.32064482879639));
#6918=CARTESIAN_POINT('',(-5.65836359965385,0.8,-4.32064482879639));
#6919=CARTESIAN_POINT('',(-5.26541598769078,0.8,-4.32064482879639));
#6920=CARTESIAN_POINT('',(-5.00581425769917,0.8,-4.58892817039502));
#6921=CARTESIAN_POINT('',(-5.65836359965385,0.8,-4.32064482879639));
#6922=VECTOR('',#6923,1.);
#6923=DIRECTION('',(0.,-1.,0.));
#6924=CARTESIAN_POINT('',(-6.33172816280077,0.8,-4.32064482879639));
#6925=CARTESIAN_POINT('',(-6.33172816280077,0.8,-4.32064482879639));
#6926=VECTOR('',#6927,1.);
#6927=DIRECTION('',(1.,0.,0.));
#6928=CARTESIAN_POINT('',(-6.33172816280077,0.8,-4.32064482879639));
#6929=VECTOR('',#6930,1.);
#6930=DIRECTION('',(0.,-1.,0.));
#6931=CARTESIAN_POINT('',(-6.97472767546576,0.8,-4.58280966819518));
#6932=CARTESIAN_POINT('',(-6.97472767546576,0.8,-4.58280966819518));
#6933=CARTESIAN_POINT('',(-6.70822198989062,0.8,-4.32064482879639));
#6934=CARTESIAN_POINT('',(-6.33172816280077,0.8,-4.32064482879639));
#6935=CARTESIAN_POINT('',(-6.97472767546576,0.8,-4.58280966819518));
#6936=VECTOR('',#6937,1.);
#6937=DIRECTION('',(0.,-1.,0.));
#6938=CARTESIAN_POINT('',(-7.2412333610409,0.8,-5.23015002703651));
#6939=CARTESIAN_POINT('',(-7.2412333610409,0.8,-5.23015002703651));
#6940=CARTESIAN_POINT('',(-7.2412333610409,0.8,-4.8449745479668));
#6941=CARTESIAN_POINT('',(-6.97472767546576,0.8,-4.58280966819518));
#6942=CARTESIAN_POINT('',(-7.2412333610409,0.8,-5.23015002703651));
#6943=VECTOR('',#6944,1.);
#6944=DIRECTION('',(0.,-1.,0.));
#6945=CARTESIAN_POINT('',(-7.2412333610409,0.800000000000001,-6.57687919370318));
#6946=CARTESIAN_POINT('',(-7.2412333610409,0.800000000000001,-6.57687919370318));
#6947=VECTOR('',#6948,1.);
#6948=DIRECTION('',(0.,-8.24384777655856E-17,1.));
#6949=CARTESIAN_POINT('',(-7.2412333610409,0.800000000000001,-6.57687919370318));
#6950=VECTOR('',#6951,1.);
#6951=DIRECTION('',(0.,-1.,0.));
#6952=CARTESIAN_POINT('',(-7.67858135479741,0.800000000000001,-7.01410316212972));
#6953=CARTESIAN_POINT('',(-7.67858135479741,0.800000000000001,-7.01410316212972));
#6954=CARTESIAN_POINT('',(-7.2412333610409,0.800000000000001,-7.01410316212972));
#6955=CARTESIAN_POINT('',(-7.2412333610409,0.800000000000001,-6.57687919370318));
#6956=CARTESIAN_POINT('',(-7.67858135479741,0.800000000000001,-7.01410316212972));
#6957=VECTOR('',#6958,1.);
#6958=DIRECTION('',(0.,-1.,0.));
#6959=CARTESIAN_POINT('',(-10.3731145743239,0.800000000000001,-7.01410316212972));
#6960=CARTESIAN_POINT('',(-10.3731145743239,0.800000000000001,-7.01410316212972));
#6961=VECTOR('',#6962,1.);
#6962=DIRECTION('',(1.,0.,0.));
#6963=CARTESIAN_POINT('',(-10.3731145743239,0.800000000000001,-7.01410316212972));
#6964=VECTOR('',#6965,1.);
#6965=DIRECTION('',(0.,-1.,0.));
#6966=CARTESIAN_POINT('',(-10.8078166943742,0.800000000000001,-6.5767551683732));
#6967=CARTESIAN_POINT('',(-10.8078166943742,0.800000000000001,-6.5767551683732));
#6968=CARTESIAN_POINT('',(-10.8078166943742,0.800000000000001,-7.01410316212972));
#6969=CARTESIAN_POINT('',(-10.3731145743239,0.800000000000001,-7.01410316212972));
#6970=CARTESIAN_POINT('',(-10.8078166943742,0.800000000000001,-6.5767551683732));
#6971=VECTOR('',#6972,1.);
#6972=DIRECTION('',(0.,-1.,0.));
#6973=CARTESIAN_POINT('',(-10.8078166943742,0.8,-3.88222194884674));
#6974=CARTESIAN_POINT('',(-10.8078166943742,0.8,-3.88222194884674));
#6975=VECTOR('',#6976,1.);
#6976=DIRECTION('',(0.,8.2405591928109E-17,-1.));
#6977=CARTESIAN_POINT('',(-10.8078166943742,0.8,-3.88222194884674));
#6978=VECTOR('',#6979,1.);
#6979=DIRECTION('',(0.,-1.,0.));
#6980=CARTESIAN_POINT('',(-10.674057435009,0.8,-3.57220468930349));
#6981=CARTESIAN_POINT('',(-10.674057435009,0.8,-3.57220468930349));
#6982=CARTESIAN_POINT('',(-10.8078166943742,0.8,-3.69953542351677));
#6983=CARTESIAN_POINT('',(-10.8078166943742,0.8,-3.88222194884674));
#6984=CARTESIAN_POINT('',(-10.674057435009,0.8,-3.57220468930349));
#6985=VECTOR('',#6986,1.);
#6986=DIRECTION('',(0.,-1.,0.));
#6987=CARTESIAN_POINT('',(-10.3725771312273,0.8,-3.44487399546305));
#6988=CARTESIAN_POINT('',(-10.3725771312273,0.8,-3.44487399546305));
#6989=CARTESIAN_POINT('',(-10.5402981756438,0.8,-3.44487399546305));
#6990=CARTESIAN_POINT('',(-10.674057435009,0.8,-3.57220468930349));
#6991=CARTESIAN_POINT('',(-10.3725771312273,0.8,-3.44487399546305));
#6992=VECTOR('',#6993,1.);
#6993=DIRECTION('',(0.,-1.,0.));
#6994=CARTESIAN_POINT('',(-10.0796544540955,0.8,-3.55494478015825));
#6995=CARTESIAN_POINT('',(-10.0796544540955,0.8,-3.55494478015825));
#6996=CARTESIAN_POINT('',(-10.2246171734439,0.8,-3.44487399546305));
#6997=CARTESIAN_POINT('',(-10.3725771312273,0.8,-3.44487399546305));
#6998=CARTESIAN_POINT('',(-10.0796544540955,0.8,-3.55494478015825));
#6999=VECTOR('',#7000,1.);
#7000=DIRECTION('',(0.,-1.,0.));
#7001=CARTESIAN_POINT('',(-9.93469169437423,0.8,-3.88209792351676));
#7002=CARTESIAN_POINT('',(-9.93469169437423,0.8,-3.88209792351676));
#7003=CARTESIAN_POINT('',(-9.93469169437423,0.8,-3.66501556485345));
#7004=CARTESIAN_POINT('',(-10.0796544540955,0.8,-3.55494478015825));
#7005=CARTESIAN_POINT('',(-9.93469169437423,0.8,-3.88209792351676));
#7006=VECTOR('',#7007,1.);
#7007=DIRECTION('',(0.,-1.,0.));
#7008=CARTESIAN_POINT('',(-9.93469169437423,0.8,-6.13833232879639));
#7009=CARTESIAN_POINT('',(-9.93469169437423,0.8,-6.13833232879639));
#7010=VECTOR('',#7011,1.);
#7011=DIRECTION('',(0.,-4.92069007558443E-17,1.));
#7012=CARTESIAN_POINT('',(-9.93469169437423,0.8,-6.13833232879639));
#7013=VECTOR('',#7014,1.);
#7014=DIRECTION('',(0.,-1.,0.));
#7015=CARTESIAN_POINT('',(-8.1143583610409,0.8,-6.13833232879639));
#7016=VECTOR('',#7017,1.);
#7017=DIRECTION('',(-1.,0.,0.));
#7018=CARTESIAN_POINT('',(-9.92675419437423,0.800000000000001,-11.4240868715394));
#7019=CARTESIAN_POINT('',(-9.92675419437423,0.800000000000001,-11.4240868715394));
#7020=VECTOR('',#7021,1.);
#7021=DIRECTION('',(0.,-1.,0.));
#7022=CARTESIAN_POINT('',(-10.0466848716841,0.800000000000001,-11.741752238646));
#7023=CARTESIAN_POINT('',(-10.0466848716841,0.800000000000001,-11.741752238646));
#7024=CARTESIAN_POINT('',(-9.92675419437423,0.800000000000001,-11.6219869284428));
#7025=CARTESIAN_POINT('',(-9.92675419437423,0.800000000000001,-11.4240868715394));
#7026=CARTESIAN_POINT('',(-10.0466848716841,0.800000000000001,-11.741752238646));
#7027=VECTOR('',#7028,1.);
#7028=DIRECTION('',(0.,-1.,0.));
#7029=CARTESIAN_POINT('',(-10.3646396312273,0.800000000000001,-11.8612694981893));
#7030=CARTESIAN_POINT('',(-10.3646396312273,0.800000000000001,-11.8612694981893));
#7031=CARTESIAN_POINT('',(-10.1864592788075,0.800000000000001,-11.8612694981893));
#7032=CARTESIAN_POINT('',(-10.0466848716841,0.800000000000001,-11.741752238646));
#7033=CARTESIAN_POINT('',(-10.3646396312273,0.800000000000001,-11.8612694981893));
#7034=VECTOR('',#7035,1.);
#7035=DIRECTION('',(0.,-1.,0.));
#7036=CARTESIAN_POINT('',(-10.6596913694842,0.800000000000001,-11.7461963988912));
#7037=CARTESIAN_POINT('',(-10.6596913694842,0.800000000000001,-11.7461963988912));
#7038=CARTESIAN_POINT('',(-10.5195035445942,0.800000000000001,-11.8612694981893));
#7039=CARTESIAN_POINT('',(-10.3646396312273,0.800000000000001,-11.8612694981893));
#7040=CARTESIAN_POINT('',(-10.6596913694842,0.800000000000001,-11.7461963988912));
#7041=VECTOR('',#7042,1.);
#7042=DIRECTION('',(0.,-1.,0.));
#7043=CARTESIAN_POINT('',(-10.7998791943742,0.800000000000001,-11.4239215044328));
#7044=CARTESIAN_POINT('',(-10.7998791943742,0.800000000000001,-11.4239215044328));
#7045=CARTESIAN_POINT('',(-10.7998791943742,0.800000000000001,-11.6311232995931));
#7046=CARTESIAN_POINT('',(-10.6596913694842,0.800000000000001,-11.7461963988912));
#7047=CARTESIAN_POINT('',(-10.7998791943742,0.800000000000001,-11.4239215044328));
#7048=VECTOR('',#7049,1.);
#7049=DIRECTION('',(0.,-1.,0.));
#7050=CARTESIAN_POINT('',(-10.7998791943742,0.800000000000001,-10.0766548946695));
#7051=CARTESIAN_POINT('',(-10.7998791943742,0.800000000000001,-10.0766548946695));
#7052=VECTOR('',#7053,1.);
#7053=DIRECTION('',(0.,0.,-1.));
#7054=CARTESIAN_POINT('',(-10.7998791943742,0.800000000000001,-10.0766548946695));
#7055=VECTOR('',#7056,1.);
#7056=DIRECTION('',(0.,-1.,0.));
#7057=CARTESIAN_POINT('',(-10.2465279920905,0.800000000000001,-8.73654033152262));
#7058=CARTESIAN_POINT('',(-10.2465279920905,0.800000000000001,-8.73654033152262));
#7059=CARTESIAN_POINT('',(-10.7998791943742,0.800000000000001,-9.24309336933957));
#7060=CARTESIAN_POINT('',(-10.7998791943742,0.800000000000001,-10.0766548946695));
#7061=CARTESIAN_POINT('',(-10.2465279920905,0.800000000000001,-8.73654033152262));
#7062=VECTOR('',#7063,1.);
#7063=DIRECTION('',(0.,-1.,0.));
#7064=CARTESIAN_POINT('',(-9.02663345831716,0.800000000000001,-8.29204033152262));
#7065=CARTESIAN_POINT('',(-9.02663345831716,0.800000000000001,-8.29204033152262));
#7066=CARTESIAN_POINT('',(-9.74109114187048,0.800000000000001,-8.29204033152262));
#7067=CARTESIAN_POINT('',(-10.2465279920905,0.800000000000001,-8.73654033152262));
#7068=CARTESIAN_POINT('',(-9.02663345831716,0.800000000000001,-8.29204033152262));
#7069=VECTOR('',#7070,1.);
#7070=DIRECTION('',(0.,-1.,0.));
#7071=CARTESIAN_POINT('',(-8.2330488254238,0.800000000000001,-8.46331668798609));
#7072=CARTESIAN_POINT('',(-8.2330488254238,0.800000000000001,-8.46331668798609));
#7073=CARTESIAN_POINT('',(-8.5967682050174,0.800000000000001,-8.29179228086267));
#7074=CARTESIAN_POINT('',(-9.02663345831716,0.800000000000001,-8.29204033152262));
#7075=CARTESIAN_POINT('',(-8.2330488254238,0.800000000000001,-8.46331668798609));
#7076=VECTOR('',#7077,1.);
#7077=DIRECTION('',(0.,-1.,0.));
#7078=CARTESIAN_POINT('',(-7.65927502770756,0.800000000000001,-8.94626393468633));
#7079=CARTESIAN_POINT('',(-7.65927502770756,0.800000000000001,-8.94626393468633));
#7080=CARTESIAN_POINT('',(-7.86932940545737,0.800000000000001,-8.63484109510951));
#7081=CARTESIAN_POINT('',(-8.2330488254238,0.800000000000001,-8.46331668798609));
#7082=CARTESIAN_POINT('',(-7.65927502770756,0.800000000000001,-8.94626393468633));
#7083=VECTOR('',#7084,1.);
#7084=DIRECTION('',(0.,-1.,0.));
#7085=CARTESIAN_POINT('',(-7.12624298566896,0.800000000000001,-8.49076718358641));
#7086=CARTESIAN_POINT('',(-7.12624298566896,0.800000000000001,-8.49076718358641));
#7087=CARTESIAN_POINT('',(-7.50126917968742,0.800000000000001,-8.68974212668297));
#7088=CARTESIAN_POINT('',(-7.65927502770756,0.800000000000001,-8.94626393468633));
#7089=CARTESIAN_POINT('',(-7.12624298566896,0.800000000000001,-8.49076718358641));
#7090=VECTOR('',#7091,1.);
#7091=DIRECTION('',(0.,-1.,0.));
#7092=CARTESIAN_POINT('',(-6.3255683591971,0.800000000000001,-8.29204033152262));
#7093=CARTESIAN_POINT('',(-6.3255683591971,0.800000000000001,-8.29204033152262));
#7094=CARTESIAN_POINT('',(-6.75121679165049,0.800000000000001,-8.29179228086267));
#7095=CARTESIAN_POINT('',(-7.12624298566896,0.800000000000001,-8.49076718358641));
#7096=CARTESIAN_POINT('',(-6.3255683591971,0.800000000000001,-8.29204033152262));
#7097=VECTOR('',#7098,1.);
#7098=DIRECTION('',(0.,-1.,0.));
#7099=CARTESIAN_POINT('',(-5.65261717344394,0.800000000000001,-8.29204033152262));
#7100=CARTESIAN_POINT('',(-5.65261717344394,0.800000000000001,-8.29204033152262));
#7101=VECTOR('',#7102,1.);
#7102=DIRECTION('',(-1.,0.,0.));
#7103=CARTESIAN_POINT('',(-5.65261717344394,0.800000000000001,-8.29204033152262));
#7104=VECTOR('',#7105,1.);
#7105=DIRECTION('',(0.,-1.,0.));
#7106=CARTESIAN_POINT('',(-4.39501950457743,0.800000000000001,-8.81663877224132));
#7107=CARTESIAN_POINT('',(-4.39501950457743,0.800000000000001,-8.81663877224132));
#7108=CARTESIAN_POINT('',(-4.92224314811396,0.800000000000001,-8.29204033152262));
#7109=CARTESIAN_POINT('',(-5.65261717344394,0.800000000000001,-8.29204033152262));
#7110=CARTESIAN_POINT('',(-4.39501950457743,0.800000000000001,-8.81663877224132));
#7111=VECTOR('',#7112,1.);
#7112=DIRECTION('',(0.,-1.,0.));
#7113=CARTESIAN_POINT('',(-3.8677958610409,0.800000000000001,-10.0766548946695));
#7114=CARTESIAN_POINT('',(-3.8677958610409,0.800000000000001,-10.0766548946695));
#7115=CARTESIAN_POINT('',(-3.8677958610409,0.800000000000001,-9.34123725333285));
#7116=CARTESIAN_POINT('',(-4.39501950457743,0.800000000000001,-8.81663877224132));
#7117=CARTESIAN_POINT('',(-3.8677958610409,0.800000000000001,-10.0766548946695));
#7118=VECTOR('',#7119,1.);
#7119=DIRECTION('',(0.,-1.,0.));
#7120=CARTESIAN_POINT('',(-3.8677958610409,0.800000000000001,-11.4239215044328));
#7121=CARTESIAN_POINT('',(-3.8677958610409,0.800000000000001,-11.4239215044328));
#7122=VECTOR('',#7123,1.);
#7123=DIRECTION('',(3.29622367712436E-16,0.,1.));
#7124=CARTESIAN_POINT('',(-3.8677958610409,0.800000000000001,-11.4239215044328));
#7125=VECTOR('',#7126,1.);
#7126=DIRECTION('',(0.,-1.,0.));
#7127=CARTESIAN_POINT('',(-3.98917350053379,0.800000000000001,-11.7480774093564));
#7128=CARTESIAN_POINT('',(-3.98917350053379,0.800000000000001,-11.7480774093564));
#7129=CARTESIAN_POINT('',(-3.8677958610409,0.800000000000001,-11.620498664856));
#7130=CARTESIAN_POINT('',(-3.8677958610409,0.800000000000001,-11.4239215044328));
#7131=CARTESIAN_POINT('',(-3.98917350053379,0.800000000000001,-11.7480774093564));
#7132=VECTOR('',#7133,1.);
#7133=DIRECTION('',(0.,-1.,0.));
#7134=CARTESIAN_POINT('',(-4.30568129789398,0.800000000000001,-11.8612694981893));
#7135=CARTESIAN_POINT('',(-4.30568129789398,0.800000000000001,-11.8612694981893));
#7136=CARTESIAN_POINT('',(-4.13403286544058,0.800000000000001,-11.8612694981893));
#7137=CARTESIAN_POINT('',(-3.98917350053379,0.800000000000001,-11.7480774093564));
#7138=CARTESIAN_POINT('',(-4.30568129789398,0.800000000000001,-11.8612694981893));
#7139=VECTOR('',#7140,1.);
#7140=DIRECTION('',(0.,-1.,0.));
#7141=CARTESIAN_POINT('',(-4.5967643063373,0.800000000000001,-11.7517774579945));
#7142=CARTESIAN_POINT('',(-4.5967643063373,0.800000000000001,-11.7517774579945));
#7143=CARTESIAN_POINT('',(-4.45260771126088,0.800000000000001,-11.8612694981893));
#7144=CARTESIAN_POINT('',(-4.30568129789398,0.800000000000001,-11.8612694981893));
#7145=CARTESIAN_POINT('',(-4.5967643063373,0.800000000000001,-11.7517774579945));
#7146=VECTOR('',#7147,1.);
#7147=DIRECTION('',(0.,-1.,0.));
#7148=CARTESIAN_POINT('',(-4.7409208610409,0.800000000000001,-11.4240455297628));
#7149=CARTESIAN_POINT('',(-4.7409208610409,0.800000000000001,-11.4240455297628));
#7150=CARTESIAN_POINT('',(-4.7409208610409,0.800000000000001,-11.6422854177997));
#7151=CARTESIAN_POINT('',(-4.5967643063373,0.800000000000001,-11.7517774579945));
#7152=CARTESIAN_POINT('',(-4.7409208610409,0.800000000000001,-11.4240455297628));
#7153=VECTOR('',#7154,1.);
#7154=DIRECTION('',(0.,-1.,0.));
#7155=CARTESIAN_POINT('',(-4.7409208610409,0.800000000000001,-10.0773163630961));
#7156=CARTESIAN_POINT('',(-4.7409208610409,0.800000000000001,-10.0773163630961));
#7157=VECTOR('',#7158,1.);
#7158=DIRECTION('',(0.,0.,-1.));
#7159=CARTESIAN_POINT('',(-4.7409208610409,0.800000000000001,-10.0773163630961));
#7160=VECTOR('',#7161,1.);
#7161=DIRECTION('',(0.,-1.,0.));
#7162=CARTESIAN_POINT('',(-5.00804671363875,0.800000000000001,-9.43493697708098));
#7163=CARTESIAN_POINT('',(-5.00804671363875,0.800000000000001,-9.43493697708098));
#7164=CARTESIAN_POINT('',(-4.7409208610409,0.800000000000001,-9.702062789306));
#7165=CARTESIAN_POINT('',(-4.7409208610409,0.800000000000001,-10.0773163630961));
#7166=CARTESIAN_POINT('',(-5.00804671363875,0.800000000000001,-9.43493697708098));
#7167=VECTOR('',#7168,1.);
#7168=DIRECTION('',(0.,-1.,0.));
#7169=CARTESIAN_POINT('',(-5.65307193298719,0.800000000000001,-9.16781116485596));
#7170=CARTESIAN_POINT('',(-5.65307193298719,0.800000000000001,-9.16781116485596));
#7171=CARTESIAN_POINT('',(-5.27517252586377,0.800000000000001,-9.16781116485596));
#7172=CARTESIAN_POINT('',(-5.00804671363875,0.800000000000001,-9.43493697708098));
#7173=CARTESIAN_POINT('',(-5.65307193298719,0.800000000000001,-9.16781116485596));
#7174=VECTOR('',#7175,1.);
#7175=DIRECTION('',(0.,-1.,0.));
#7176=CARTESIAN_POINT('',(-6.3264364961341,0.800000000000001,-9.16781116485596));
#7177=CARTESIAN_POINT('',(-6.3264364961341,0.800000000000001,-9.16781116485596));
#7178=VECTOR('',#7179,1.);
#7179=DIRECTION('',(1.,0.,0.));
#7180=CARTESIAN_POINT('',(-6.3264364961341,0.800000000000001,-9.16781116485596));
#7181=VECTOR('',#7182,1.);
#7182=DIRECTION('',(0.,-1.,0.));
#7183=CARTESIAN_POINT('',(-6.96714158056736,0.800000000000001,-9.43005868780807));
#7184=CARTESIAN_POINT('',(-6.96714158056736,0.800000000000001,-9.43005868780807));
#7185=CARTESIAN_POINT('',(-6.69834146676049,0.800000000000001,-9.16781116485596));
#7186=CARTESIAN_POINT('',(-6.3264364961341,0.800000000000001,-9.16781116485596));
#7187=CARTESIAN_POINT('',(-6.96714158056736,0.800000000000001,-9.43005868780807));
#7188=VECTOR('',#7189,1.);
#7189=DIRECTION('',(0.,-1.,0.));
#7190=CARTESIAN_POINT('',(-7.23594169437423,0.800000000000001,-10.0771509959894));
#7191=CARTESIAN_POINT('',(-7.23594169437423,0.800000000000001,-10.0771509959894));
#7192=CARTESIAN_POINT('',(-7.23594169437423,0.800000000000001,-9.69230625113301));
#7193=CARTESIAN_POINT('',(-6.96714158056736,0.800000000000001,-9.43005868780807));
#7194=CARTESIAN_POINT('',(-7.23594169437423,0.800000000000001,-10.0771509959894));
#7195=VECTOR('',#7196,1.);
#7196=DIRECTION('',(0.,-1.,0.));
#7197=CARTESIAN_POINT('',(-7.23594169437423,0.800000000000001,-10.7503915338064));
#7198=CARTESIAN_POINT('',(-7.23594169437423,0.800000000000001,-10.7503915338064));
#7199=VECTOR('',#7200,1.);
#7200=DIRECTION('',(0.,0.,1.));
#7201=CARTESIAN_POINT('',(-7.23594169437423,0.800000000000001,-10.7503915338064));
#7202=VECTOR('',#7203,1.);
#7203=DIRECTION('',(0.,-1.,0.));
#7204=CARTESIAN_POINT('',(-7.35731933386712,0.800000000000001,-11.0743821119962));
#7205=CARTESIAN_POINT('',(-7.35731933386712,0.800000000000001,-11.0743821119962));
#7206=CARTESIAN_POINT('',(-7.23594169437423,0.800000000000001,-10.9469273524529));
#7207=CARTESIAN_POINT('',(-7.23594169437423,0.800000000000001,-10.7503915338064));
#7208=CARTESIAN_POINT('',(-7.35731933386712,0.800000000000001,-11.0743821119962));
#7209=VECTOR('',#7210,1.);
#7210=DIRECTION('',(0.,-1.,0.));
#7211=CARTESIAN_POINT('',(-7.67382713122731,0.800000000000001,-11.1875328186796));
#7212=CARTESIAN_POINT('',(-7.67382713122731,0.800000000000001,-11.1875328186796));
#7213=CARTESIAN_POINT('',(-7.50222004055057,0.800000000000001,-11.1875328186796));
#7214=CARTESIAN_POINT('',(-7.35731933386712,0.800000000000001,-11.0743821119962));
#7215=CARTESIAN_POINT('',(-7.67382713122731,0.800000000000001,-11.1875328186796));
#7216=VECTOR('',#7217,1.);
#7217=DIRECTION('',(0.,-1.,0.));
#7218=CARTESIAN_POINT('',(-7.96488946878231,0.800000000000001,-11.0780821606343));
#7219=CARTESIAN_POINT('',(-7.96488946878231,0.800000000000001,-11.0780821606343));
#7220=CARTESIAN_POINT('',(-7.82071220281756,0.800000000000001,-11.1875328186796));
#7221=CARTESIAN_POINT('',(-7.67382713122731,0.800000000000001,-11.1875328186796));
#7222=CARTESIAN_POINT('',(-7.96488946878231,0.800000000000001,-11.0780821606343));
#7223=VECTOR('',#7224,1.);
#7224=DIRECTION('',(0.,-1.,0.));
#7225=CARTESIAN_POINT('',(-8.10906669437423,0.800000000000001,-10.750432875583));
#7226=CARTESIAN_POINT('',(-8.10906669437423,0.800000000000001,-10.750432875583));
#7227=CARTESIAN_POINT('',(-8.10906669437423,0.800000000000001,-10.9686314622161));
#7228=CARTESIAN_POINT('',(-7.96488946878231,0.800000000000001,-11.0780821606343));
#7229=CARTESIAN_POINT('',(-8.10906669437423,0.800000000000001,-10.750432875583));
#7230=VECTOR('',#7231,1.);
#7231=DIRECTION('',(0.,-1.,0.));
#7232=CARTESIAN_POINT('',(-8.10906669437423,0.800000000000001,-10.0772750213194));
#7233=CARTESIAN_POINT('',(-8.10906669437423,0.800000000000001,-10.0772750213194));
#7234=VECTOR('',#7235,1.);
#7235=DIRECTION('',(0.,0.,-1.));
#7236=CARTESIAN_POINT('',(-8.10906669437423,0.800000000000001,-10.0772750213194));
#7237=VECTOR('',#7238,1.);
#7238=DIRECTION('',(0.,-1.,0.));
#7239=CARTESIAN_POINT('',(-8.39171614187048,0.800000000000001,-9.42243125113301));
#7240=CARTESIAN_POINT('',(-8.39171614187048,0.800000000000001,-9.42243125113301));
#7241=CARTESIAN_POINT('',(-8.10906669437423,0.800000000000001,-9.67539774708937));
#7242=CARTESIAN_POINT('',(-8.10906669437423,0.800000000000001,-10.0772750213194));
#7243=CARTESIAN_POINT('',(-8.39171614187048,0.800000000000001,-9.42243125113301));
#7244=VECTOR('',#7245,1.);
#7245=DIRECTION('',(0.,-1.,0.));
#7246=CARTESIAN_POINT('',(-9.04089612902747,0.800000000000001,-9.19691533152262));
#7247=CARTESIAN_POINT('',(-9.04089612902747,0.800000000000001,-9.19691533152262));
#7248=CARTESIAN_POINT('',(-8.65720895391748,0.800000000000001,-9.19691533152262));
#7249=CARTESIAN_POINT('',(-8.39171614187048,0.800000000000001,-9.42243125113301));
#7250=CARTESIAN_POINT('',(-9.04089612902747,0.800000000000001,-9.19691533152262));
#7251=VECTOR('',#7252,1.);
#7252=DIRECTION('',(0.,-1.,0.));
#7253=CARTESIAN_POINT('',(-9.65179423659086,0.800000000000001,-9.40899537558305));
#7254=CARTESIAN_POINT('',(-9.65179423659086,0.800000000000001,-9.40899537558305));
#7255=CARTESIAN_POINT('',(-9.40928708901068,0.800000000000001,-9.19691533152262));
#7256=CARTESIAN_POINT('',(-9.04089612902747,0.800000000000001,-9.19691533152262));
#7257=CARTESIAN_POINT('',(-9.65179423659086,0.800000000000001,-9.40899537558305));
#7258=VECTOR('',#7259,1.);
#7259=DIRECTION('',(0.,-1.,0.));
#7260=CARTESIAN_POINT('',(-9.92675419437423,0.800000000000001,-10.0774817302027));
#7261=CARTESIAN_POINT('',(-9.92675419437423,0.800000000000001,-10.0774817302027));
#7262=CARTESIAN_POINT('',(-9.92675419437423,0.800000000000001,-9.64947681647977));
#7263=CARTESIAN_POINT('',(-9.65179423659086,0.800000000000001,-9.40899537558305));
#7264=CARTESIAN_POINT('',(-9.92675419437423,0.800000000000001,-10.0774817302027));
#7265=VECTOR('',#7266,1.);
#7266=DIRECTION('',(0.,-1.,0.));
#7267=CARTESIAN_POINT('',(-9.92675419437423,0.800000000000001,-11.4240868715394));
#7268=VECTOR('',#7269,1.);
#7269=DIRECTION('',(0.,0.,1.));
#7270=CARTESIAN_POINT('',(43.,25.,-31.));
#7271=CARTESIAN_POINT('',(43.,8.0545286269402E-15,-31.));
#7272=VECTOR('',#7273,1.);
#7273=DIRECTION('',(0.,1.,0.));
#7274=CARTESIAN_POINT('',(33.,25.,-41.));
#7275=CARTESIAN_POINT('',(33.,8.36069032672704E-15,-41.));
#7276=VECTOR('',#7277,1.);
#7277=DIRECTION('',(0.,1.,0.));
#7278=AXIS2_PLACEMENT_3D('',#7279,#7280,#7281);
#7279=CARTESIAN_POINT('',(33.,25.,-31.));
#7280=DIRECTION('',(0.,1.,6.12323399573677E-17));
#7281=DIRECTION('',(1.,8.7016388700601E-32,-1.4210854715202E-15));
#7282=CARTESIAN_POINT('',(43.,25.,31.));
#7283=CARTESIAN_POINT('',(43.,25.,31.));
#7284=VECTOR('',#7285,1.);
#7285=DIRECTION('',(0.,1.71905500587121E-16,-1.));
#7286=CARTESIAN_POINT('',(43.,2.6036124094613E-15,31.));
#7287=VECTOR('',#7288,1.);
#7288=DIRECTION('',(0.,1.,0.));
#7289=CARTESIAN_POINT('',(43.,14.5,-25.4));
#7290=CARTESIAN_POINT('',(43.,14.,-24.9));
#7291=AXIS2_PLACEMENT_3D('',#7292,#7293,#7294);
#7292=CARTESIAN_POINT('',(43.,14.5,-24.9));
#7293=DIRECTION('',(1.,0.,0.));
#7294=DIRECTION('',(0.,-1.,0.));
#7295=CARTESIAN_POINT('',(43.,14.,-12.5));
#7296=CARTESIAN_POINT('',(43.,14.,-12.5));
#7297=VECTOR('',#7298,1.);
#7298=DIRECTION('',(0.,-4.29763751467803E-16,-1.));
#7299=CARTESIAN_POINT('',(43.,14.5,-12.));
#7300=AXIS2_PLACEMENT_3D('',#7301,#7302,#7303);
#7301=CARTESIAN_POINT('',(43.,14.5,-12.5));
#7302=DIRECTION('',(1.,0.,0.));
#7303=DIRECTION('',(0.,0.,1.));
#7304=CARTESIAN_POINT('',(43.,19.,-12.));
#7305=CARTESIAN_POINT('',(43.,19.,-12.));
#7306=VECTOR('',#7307,1.);
#7307=DIRECTION('',(0.,-1.,0.));
#7308=CARTESIAN_POINT('',(43.,19.5,-12.5));
#7309=AXIS2_PLACEMENT_3D('',#7310,#7311,#7312);
#7310=CARTESIAN_POINT('',(43.,19.,-12.5));
#7311=DIRECTION('',(1.,0.,0.));
#7312=DIRECTION('',(0.,1.,0.));
#7313=CARTESIAN_POINT('',(43.,19.5,-24.9));
#7314=CARTESIAN_POINT('',(43.,19.5,-24.9));
#7315=VECTOR('',#7316,1.);
#7316=DIRECTION('',(0.,1.14603667058081E-15,1.));
#7317=CARTESIAN_POINT('',(43.,19.,-25.4));
#7318=AXIS2_PLACEMENT_3D('',#7319,#7320,#7321);
#7319=CARTESIAN_POINT('',(43.,19.,-24.9));
#7320=DIRECTION('',(1.,0.,0.));
#7321=DIRECTION('',(0.,0.,-1.));
#7322=CARTESIAN_POINT('',(43.,14.5,-25.4));
#7323=VECTOR('',#7324,1.);
#7324=DIRECTION('',(0.,1.,0.));
#7325=CARTESIAN_POINT('',(43.,6.30000000000001,21.5));
#7326=CARTESIAN_POINT('',(43.,10.1,21.5));
#7327=CARTESIAN_POINT('',(43.,6.30000000000001,21.5));
#7328=VECTOR('',#7329,1.);
#7329=DIRECTION('',(0.,1.,0.));
#7330=CARTESIAN_POINT('',(43.,10.1,-4.50000000000001));
#7331=CARTESIAN_POINT('',(43.,10.1,21.5));
#7332=VECTOR('',#7333,1.);
#7333=DIRECTION('',(0.,0.,-1.));
#7334=CARTESIAN_POINT('',(43.,6.3,-4.50000000000001));
#7335=CARTESIAN_POINT('',(43.,10.1,-4.50000000000001));
#7336=VECTOR('',#7337,1.);
#7337=DIRECTION('',(0.,-1.,-2.3373116307898E-16));
#7338=CARTESIAN_POINT('',(43.,6.3,-4.50000000000001));
#7339=VECTOR('',#7340,1.);
#7340=DIRECTION('',(0.,1.70803542250024E-16,1.));
#7341=CARTESIAN_POINT('',(33.,25.,41.));
#7342=CARTESIAN_POINT('',(33.,2.29745070967446E-15,41.));
#7343=VECTOR('',#7344,1.);
#7344=DIRECTION('',(0.,1.,0.));
#7345=AXIS2_PLACEMENT_3D('',#7346,#7347,#7348);
#7346=CARTESIAN_POINT('',(33.,25.,31.));
#7347=DIRECTION('',(0.,1.,6.12323399573677E-17));
#7348=DIRECTION('',(-7.105427357601E-16,-6.12323399573677E-17,1.));
#7349=CARTESIAN_POINT('',(-33.,25.,41.));
#7350=CARTESIAN_POINT('',(-33.,25.,41.));
#7351=VECTOR('',#7352,1.);
#7352=DIRECTION('',(1.,0.,0.));
#7353=CARTESIAN_POINT('',(-33.,2.29745070967446E-15,41.));
#7354=VECTOR('',#7355,1.);
#7355=DIRECTION('',(0.,1.,0.));
#7356=CARTESIAN_POINT('',(-43.,25.,31.));
#7357=CARTESIAN_POINT('',(-43.,2.6036124094613E-15,31.));
#7358=VECTOR('',#7359,1.);
#7359=DIRECTION('',(0.,1.,-1.4210854715202E-16));
#7360=AXIS2_PLACEMENT_3D('',#7361,#7362,#7363);
#7361=CARTESIAN_POINT('',(-33.,25.,31.));
#7362=DIRECTION('',(0.,1.,6.12323399573677E-17));
#7363=DIRECTION('',(-1.,2.17540971751503E-32,-3.5527136788005E-16));
#7364=CARTESIAN_POINT('',(-43.,25.,-31.));
#7365=CARTESIAN_POINT('',(-43.,6.27817178753995E-15,-31.));
#7366=VECTOR('',#7367,1.);
#7367=DIRECTION('',(0.,1.,0.));
#7368=CARTESIAN_POINT('',(-43.,25.,-31.));
#7369=VECTOR('',#7370,1.);
#7370=DIRECTION('',(-1.14603667058081E-16,-1.71905500587121E-16,1.));
#7371=CARTESIAN_POINT('',(-43.,10.1,-4.5));
#7372=CARTESIAN_POINT('',(-43.,10.1,21.5));
#7373=CARTESIAN_POINT('',(-43.,10.1,21.5));
#7374=VECTOR('',#7375,1.);
#7375=DIRECTION('',(2.73285667600039E-16,-1.36642833800019E-16,-1.));
#7376=CARTESIAN_POINT('',(-43.,6.3,21.5));
#7377=CARTESIAN_POINT('',(-43.,6.3,21.5));
#7378=VECTOR('',#7379,1.);
#7379=DIRECTION('',(0.,1.,0.));
#7380=CARTESIAN_POINT('',(-43.,6.3,-4.5));
#7381=CARTESIAN_POINT('',(-43.,6.3,-4.50000000000001));
#7382=VECTOR('',#7383,1.);
#7383=DIRECTION('',(-2.73285667600038E-16,1.36642833800019E-16,1.));
#7384=CARTESIAN_POINT('',(-43.,10.1,-4.5));
#7385=VECTOR('',#7386,1.);
#7386=DIRECTION('',(0.,-1.,-2.3373116307898E-16));
#7387=CARTESIAN_POINT('',(-33.,25.,-41.));
#7388=CARTESIAN_POINT('',(-33.,4.80797664792654E-15,-41.));
#7389=VECTOR('',#7390,1.);
#7390=DIRECTION('',(0.,1.,0.));
#7391=AXIS2_PLACEMENT_3D('',#7392,#7393,#7394);
#7392=CARTESIAN_POINT('',(-33.,25.,-31.));
#7393=DIRECTION('',(0.,1.,6.12323399573677E-17));
#7394=DIRECTION('',(0.,6.12323399573677E-17,-1.));
#7395=CARTESIAN_POINT('',(33.,25.,-41.));
#7396=VECTOR('',#7397,1.);
#7397=DIRECTION('',(-1.,0.,0.));
#7398=CARTESIAN_POINT('',(25.9251984251591,15.3999999999909,-41.));
#7399=CARTESIAN_POINT('',(29.0748015748409,15.3999999999909,-41.));
#7400=AXIS2_PLACEMENT_3D('',#7401,#7402,#7403);
#7401=CARTESIAN_POINT('',(27.5,12.5,-41.));
#7402=DIRECTION('',(0.,0.,-1.));
#7403=DIRECTION('',(0.47721259844024,0.87878787877958,0.));
#7404=CARTESIAN_POINT('',(29.0748015748677,15.4,-41.));
#7405=VECTOR('',#7406,1.);
#7406=DIRECTION('',(-1.,0.,0.));
#7407=CARTESIAN_POINT('',(-10.89711431703,2.,-19.75));
#7408=CARTESIAN_POINT('',(-10.89711431703,-1.23315194001733E-15,-19.75));
#7409=VECTOR('',#7410,1.);
#7410=DIRECTION('',(0.,1.,0.));
#7411=CARTESIAN_POINT('',(-16.25,2.,-19.75));
#7412=CARTESIAN_POINT('',(-16.25,2.,-19.75));
#7413=VECTOR('',#7414,1.);
#7414=DIRECTION('',(1.,0.,0.));
#7415=CARTESIAN_POINT('',(-16.25,-1.23315194001733E-15,-19.75));
#7416=VECTOR('',#7417,1.);
#7417=DIRECTION('',(0.,1.,0.));
#7418=CARTESIAN_POINT('',(-16.25,2.,-15.25));
#7419=AXIS2_PLACEMENT_3D('',#7420,#7421,#7422);
#7420=CARTESIAN_POINT('',(-16.25,2.,-17.5));
#7421=DIRECTION('',(0.,-1.,-6.12323399573677E-17));
#7422=DIRECTION('',(-1.57898385724467E-15,-6.12323399573677E-17,1.));
#7423=CARTESIAN_POINT('',(-16.25,-1.50869746982549E-15,-15.25));
#7424=VECTOR('',#7425,1.);
#7425=DIRECTION('',(0.,1.,0.));
#7426=CARTESIAN_POINT('',(-10.89711431703,2.,-15.25));
#7427=CARTESIAN_POINT('',(-10.89711431703,2.,-15.25));
#7428=VECTOR('',#7429,1.);
#7429=DIRECTION('',(-1.,0.,-3.31850322350737E-16));
#7430=CARTESIAN_POINT('',(-10.89711431703,-1.50869746982549E-15,-15.25));
#7431=VECTOR('',#7432,1.);
#7432=DIRECTION('',(0.,1.,0.));
#7433=AXIS2_PLACEMENT_3D('',#7434,#7435,#7436);
#7434=CARTESIAN_POINT('',(-7.,2.,-17.5));
#7435=DIRECTION('',(0.,-1.,-6.12323399573677E-17));
#7436=DIRECTION('',(-0.866025403784439,3.06161699786838E-17,-0.5));
#7437=CARTESIAN_POINT('',(-10.89711431703,2.,15.25));
#7438=CARTESIAN_POINT('',(-10.89711431703,-1.50869746982549E-15,15.25));
#7439=VECTOR('',#7440,1.);
#7440=DIRECTION('',(0.,1.,0.));
#7441=CARTESIAN_POINT('',(-10.89711431703,2.,19.75));
#7442=CARTESIAN_POINT('',(-10.89711431703,-1.23315194001733E-15,19.75));
#7443=VECTOR('',#7444,1.);
#7444=DIRECTION('',(0.,1.,0.));
#7445=AXIS2_PLACEMENT_3D('',#7446,#7447,#7448);
#7446=CARTESIAN_POINT('',(-7.,2.,17.5));
#7447=DIRECTION('',(0.,1.,-6.12323399573677E-17));
#7448=DIRECTION('',(-0.866025403784439,3.06161699786838E-17,0.5));
#7449=CARTESIAN_POINT('',(-16.25,2.,15.25));
#7450=CARTESIAN_POINT('',(-16.25,-1.50869746982549E-15,15.25));
#7451=VECTOR('',#7452,1.);
#7452=DIRECTION('',(0.,1.,0.));
#7453=CARTESIAN_POINT('',(-10.89711431703,2.,15.25));
#7454=VECTOR('',#7455,1.);
#7455=DIRECTION('',(-1.,0.,3.31850322350737E-16));
#7456=CARTESIAN_POINT('',(-16.25,2.,19.75));
#7457=CARTESIAN_POINT('',(-16.25,-1.23315194001733E-15,19.75));
#7458=VECTOR('',#7459,1.);
#7459=DIRECTION('',(0.,1.,0.));
#7460=AXIS2_PLACEMENT_3D('',#7461,#7462,#7463);
#7461=CARTESIAN_POINT('',(-16.25,2.,17.5));
#7462=DIRECTION('',(0.,1.,-6.12323399573677E-17));
#7463=DIRECTION('',(-1.57898385724467E-15,-6.12323399573677E-17,-1.));
#7464=CARTESIAN_POINT('',(-16.25,2.,19.75));
#7465=VECTOR('',#7466,1.);
#7466=DIRECTION('',(1.,0.,0.));
#7467=CARTESIAN_POINT('',(33.,25.,-39.4));
#7468=CARTESIAN_POINT('',(41.4,25.,-31.));
#7469=AXIS2_PLACEMENT_3D('',#7470,#7471,#7472);
#7470=CARTESIAN_POINT('',(33.,25.,-31.));
#7471=DIRECTION('',(0.,1.,6.12323399573677E-17));
#7472=DIRECTION('',(1.,5.17954694646435E-32,-8.45884209238215E-16));
#7473=CARTESIAN_POINT('',(41.4,25.,31.));
#7474=CARTESIAN_POINT('',(41.4,25.,31.));
#7475=VECTOR('',#7476,1.);
#7476=DIRECTION('',(0.,2.86509167645202E-16,-1.));
#7477=CARTESIAN_POINT('',(33.,25.,39.4));
#7478=AXIS2_PLACEMENT_3D('',#7479,#7480,#7481);
#7479=CARTESIAN_POINT('',(33.,25.,31.));
#7480=DIRECTION('',(0.,1.,6.12323399573677E-17));
#7481=DIRECTION('',(0.,-6.12323399573677E-17,1.));
#7482=CARTESIAN_POINT('',(-33.,25.,39.4));
#7483=CARTESIAN_POINT('',(-33.,25.,39.4));
#7484=VECTOR('',#7485,1.);
#7485=DIRECTION('',(1.,0.,0.));
#7486=CARTESIAN_POINT('',(-41.4,25.,31.));
#7487=AXIS2_PLACEMENT_3D('',#7488,#7489,#7490);
#7488=CARTESIAN_POINT('',(-33.,25.,31.));
#7489=DIRECTION('',(0.,1.,6.12323399573677E-17));
#7490=DIRECTION('',(-1.,0.,0.));
#7491=CARTESIAN_POINT('',(-41.4,25.,-31.));
#7492=CARTESIAN_POINT('',(-41.4,25.,-31.));
#7493=VECTOR('',#7494,1.);
#7494=DIRECTION('',(0.,-1.14603667058081E-16,1.));
#7495=CARTESIAN_POINT('',(-33.,25.,-39.4));
#7496=AXIS2_PLACEMENT_3D('',#7497,#7498,#7499);
#7497=CARTESIAN_POINT('',(-33.,25.,-31.));
#7498=DIRECTION('',(0.,1.,6.12323399573677E-17));
#7499=DIRECTION('',(0.,6.12323399573677E-17,-1.));
#7500=CARTESIAN_POINT('',(33.,25.,-39.4));
#7501=VECTOR('',#7502,1.);
#7502=DIRECTION('',(-1.,-1.61486985400023E-16,0.));
#7503=CARTESIAN_POINT('',(41.4,14.5,-25.4));
#7504=CARTESIAN_POINT('',(41.4,14.5,-25.4));
#7505=VECTOR('',#7506,1.);
#7506=DIRECTION('',(1.,0.,0.));
#7507=CARTESIAN_POINT('',(41.4,14.,-24.9));
#7508=AXIS2_PLACEMENT_3D('',#7509,#7510,#7511);
#7509=CARTESIAN_POINT('',(41.4,14.5,-24.9));
#7510=DIRECTION('',(1.,0.,0.));
#7511=DIRECTION('',(0.,-1.,0.));
#7512=CARTESIAN_POINT('',(41.4,14.,-24.9));
#7513=VECTOR('',#7514,1.);
#7514=DIRECTION('',(1.,0.,0.));
#7515=CARTESIAN_POINT('',(41.4,14.,-12.5));
#7516=CARTESIAN_POINT('',(41.4,14.,-12.5));
#7517=VECTOR('',#7518,1.);
#7518=DIRECTION('',(0.,-4.29763751467803E-16,-1.));
#7519=CARTESIAN_POINT('',(41.4,14.,-12.5));
#7520=VECTOR('',#7521,1.);
#7521=DIRECTION('',(1.,0.,0.));
#7522=CARTESIAN_POINT('',(41.4,14.5,-12.));
#7523=AXIS2_PLACEMENT_3D('',#7524,#7525,#7526);
#7524=CARTESIAN_POINT('',(41.4,14.5,-12.5));
#7525=DIRECTION('',(1.,0.,0.));
#7526=DIRECTION('',(0.,0.,1.));
#7527=CARTESIAN_POINT('',(41.4,14.5,-12.));
#7528=VECTOR('',#7529,1.);
#7529=DIRECTION('',(1.,0.,0.));
#7530=CARTESIAN_POINT('',(41.4,19.,-12.));
#7531=CARTESIAN_POINT('',(41.4,19.,-12.));
#7532=VECTOR('',#7533,1.);
#7533=DIRECTION('',(0.,-1.,0.));
#7534=CARTESIAN_POINT('',(41.4,19.,-12.));
#7535=VECTOR('',#7536,1.);
#7536=DIRECTION('',(1.,0.,0.));
#7537=CARTESIAN_POINT('',(41.4,19.5,-12.5));
#7538=AXIS2_PLACEMENT_3D('',#7539,#7540,#7541);
#7539=CARTESIAN_POINT('',(41.4,19.,-12.5));
#7540=DIRECTION('',(1.,0.,0.));
#7541=DIRECTION('',(0.,1.,0.));
#7542=CARTESIAN_POINT('',(41.4,19.5,-12.5));
#7543=VECTOR('',#7544,1.);
#7544=DIRECTION('',(1.,0.,0.));
#7545=CARTESIAN_POINT('',(41.4,19.5,-24.9));
#7546=CARTESIAN_POINT('',(41.4,19.5,-24.9));
#7547=VECTOR('',#7548,1.);
#7548=DIRECTION('',(0.,1.14603667058081E-15,1.));
#7549=CARTESIAN_POINT('',(41.4,19.5,-24.9));
#7550=VECTOR('',#7551,1.);
#7551=DIRECTION('',(1.,0.,0.));
#7552=CARTESIAN_POINT('',(41.4,19.,-25.4));
#7553=AXIS2_PLACEMENT_3D('',#7554,#7555,#7556);
#7554=CARTESIAN_POINT('',(41.4,19.,-24.9));
#7555=DIRECTION('',(1.,0.,0.));
#7556=DIRECTION('',(0.,0.,-1.));
#7557=CARTESIAN_POINT('',(41.4,19.,-25.4));
#7558=VECTOR('',#7559,1.);
#7559=DIRECTION('',(1.,0.,0.));
#7560=CARTESIAN_POINT('',(41.4,14.5,-25.4));
#7561=VECTOR('',#7562,1.);
#7562=DIRECTION('',(0.,1.,-1.57898385724467E-15));
#7563=CARTESIAN_POINT('',(41.4,11.1,21.5));
#7564=CARTESIAN_POINT('',(41.4,5.72264973081038,21.5));
#7565=CARTESIAN_POINT('',(41.4,5.72264973081038,21.5));
#7566=VECTOR('',#7567,1.);
#7567=DIRECTION('',(0.,1.,0.));
#7568=CARTESIAN_POINT('',(42.4,10.1,21.5));
#7569=CARTESIAN_POINT('',(42.4,10.1,21.5));
#7570=VECTOR('',#7571,1.);
#7571=DIRECTION('',(-0.707106781186548,0.707106781186547,0.));
#7572=CARTESIAN_POINT('',(43.,10.1,21.5));
#7573=VECTOR('',#7574,1.);
#7574=DIRECTION('',(-1.,0.,0.));
#7575=CARTESIAN_POINT('',(42.4,6.30000000000001,21.5));
#7576=CARTESIAN_POINT('',(43.,6.30000000000001,21.5));
#7577=VECTOR('',#7578,1.);
#7578=DIRECTION('',(-1.,0.,0.));
#7579=CARTESIAN_POINT('',(41.4,5.72264973081038,21.5));
#7580=VECTOR('',#7581,1.);
#7581=DIRECTION('',(0.866025403784438,0.500000000000001,0.));
#7582=CARTESIAN_POINT('',(42.4,10.1,-4.50000000000001));
#7583=CARTESIAN_POINT('',(42.4,10.1,21.5));
#7584=VECTOR('',#7585,1.);
#7585=DIRECTION('',(-2.73285667600038E-16,-6.83214169000096E-17,-1.));
#7586=CARTESIAN_POINT('',(43.,10.1,-4.50000000000001));
#7587=VECTOR('',#7588,1.);
#7588=DIRECTION('',(-1.,0.,0.));
#7589=CARTESIAN_POINT('',(41.4,5.72264973081038,-4.50000000000001));
#7590=CARTESIAN_POINT('',(41.4,11.1,-4.50000000000001));
#7591=CARTESIAN_POINT('',(41.4,11.1,-4.50000000000001));
#7592=VECTOR('',#7593,1.);
#7593=DIRECTION('',(0.,-1.,-1.65170274435921E-16));
#7594=CARTESIAN_POINT('',(42.4,6.3,-4.50000000000001));
#7595=CARTESIAN_POINT('',(42.4,6.3,-4.50000000000001));
#7596=VECTOR('',#7597,1.);
#7597=DIRECTION('',(-0.866025403784439,-0.5,0.));
#7598=CARTESIAN_POINT('',(43.,6.3,-4.50000000000001));
#7599=VECTOR('',#7600,1.);
#7600=DIRECTION('',(-1.,0.,0.));
#7601=CARTESIAN_POINT('',(41.4,11.1,-4.50000000000001));
#7602=VECTOR('',#7603,1.);
#7603=DIRECTION('',(0.707106781186546,-0.70710678118655,0.));
#7604=CARTESIAN_POINT('',(42.4,6.3,-4.50000000000002));
#7605=VECTOR('',#7606,1.);
#7606=DIRECTION('',(5.46571335200077E-16,1.36642833800019E-16,1.));
#7607=CARTESIAN_POINT('',(-42.4,10.1,21.5));
#7608=CARTESIAN_POINT('',(-42.4,10.1,-4.5));
#7609=CARTESIAN_POINT('',(-42.4,10.1,21.5));
#7610=VECTOR('',#7611,1.);
#7611=DIRECTION('',(5.46571335200077E-16,-6.83214169000096E-17,-1.));
#7612=CARTESIAN_POINT('',(-43.,10.1,21.5));
#7613=VECTOR('',#7614,1.);
#7614=DIRECTION('',(1.,0.,0.));
#7615=CARTESIAN_POINT('',(-43.,10.1,-4.5));
#7616=VECTOR('',#7617,1.);
#7617=DIRECTION('',(1.,0.,0.));
#7618=CARTESIAN_POINT('',(-42.4,6.3,21.5));
#7619=CARTESIAN_POINT('',(-41.4,5.72264973081038,21.5));
#7620=CARTESIAN_POINT('',(-41.4,5.72264973081038,21.5));
#7621=VECTOR('',#7622,1.);
#7622=DIRECTION('',(-0.866025403784438,0.500000000000001,0.));
#7623=CARTESIAN_POINT('',(-43.,6.3,21.5));
#7624=VECTOR('',#7625,1.);
#7625=DIRECTION('',(1.,0.,0.));
#7626=CARTESIAN_POINT('',(-41.4,11.1,21.5));
#7627=CARTESIAN_POINT('',(-42.4,10.1,21.5));
#7628=VECTOR('',#7629,1.);
#7629=DIRECTION('',(0.707106781186547,0.707106781186547,0.));
#7630=CARTESIAN_POINT('',(-41.4,5.72264973081038,21.5));
#7631=VECTOR('',#7632,1.);
#7632=DIRECTION('',(0.,1.,-6.60681097743685E-16));
#7633=CARTESIAN_POINT('',(-42.4,6.3,-4.50000000000001));
#7634=CARTESIAN_POINT('',(-42.4,6.3,-4.50000000000001));
#7635=VECTOR('',#7636,1.);
#7636=DIRECTION('',(-2.73285667600038E-16,1.02482125350014E-16,1.));
#7637=CARTESIAN_POINT('',(-43.,6.3,-4.5));
#7638=VECTOR('',#7639,1.);
#7639=DIRECTION('',(1.,0.,0.));
#7640=CARTESIAN_POINT('',(-41.4,5.72264973081037,-4.5));
#7641=CARTESIAN_POINT('',(-42.4,6.3,-4.50000000000001));
#7642=VECTOR('',#7643,1.);
#7643=DIRECTION('',(0.866025403784438,-0.500000000000001,0.));
#7644=CARTESIAN_POINT('',(-41.4,11.1,-4.50000000000001));
#7645=CARTESIAN_POINT('',(-41.4,11.1,-4.5));
#7646=VECTOR('',#7647,1.);
#7647=DIRECTION('',(0.,-1.,4.95510823307764E-16));
#7648=CARTESIAN_POINT('',(-41.4,11.1,-4.50000000000001));
#7649=VECTOR('',#7650,1.);
#7650=DIRECTION('',(-0.707106781186546,-0.70710678118655,0.));
#7651=CARTESIAN_POINT('',(29.0748015748409,15.3999999999909,-37.4));
#7652=CARTESIAN_POINT('',(29.0748015748024,15.4,-37.4));
#7653=VECTOR('',#7654,1.);
#7654=DIRECTION('',(0.,0.,-1.));
#7655=CARTESIAN_POINT('',(25.9251984251591,15.3999999999909,-37.4));
#7656=CARTESIAN_POINT('',(25.9251984251976,15.4,-37.4));
#7657=VECTOR('',#7658,1.);
#7658=DIRECTION('',(0.,0.,-1.));
#7659=AXIS2_PLACEMENT_3D('',#7660,#7661,#7662);
#7660=CARTESIAN_POINT('',(27.5,12.5,-37.4));
#7661=DIRECTION('',(0.,0.,-1.));
#7662=DIRECTION('',(0.47721259844024,0.87878787877958,0.));
#7663=CARTESIAN_POINT('',(25.9251984251323,15.4,-37.4));
#7664=VECTOR('',#7665,1.);
#7665=DIRECTION('',(1.,0.,0.));
#7666=CARTESIAN_POINT('',(-12.3560713214071,2.,-22.75));
#7667=CARTESIAN_POINT('',(-16.25,2.,-22.75));
#7668=CARTESIAN_POINT('',(-12.3560713214071,2.,-22.75));
#7669=VECTOR('',#7670,1.);
#7670=DIRECTION('',(-1.,0.,0.));
#7671=CARTESIAN_POINT('',(-16.25,2.,-12.25));
#7672=AXIS2_PLACEMENT_3D('',#7673,#7674,#7675);
#7673=CARTESIAN_POINT('',(-16.25,2.,-17.5));
#7674=DIRECTION('',(0.,1.,6.12323399573677E-17));
#7675=DIRECTION('',(0.,6.12323399573677E-17,-1.));
#7676=CARTESIAN_POINT('',(-12.3560713214071,2.,-12.25));
#7677=CARTESIAN_POINT('',(-16.25,2.,-12.25));
#7678=VECTOR('',#7679,1.);
#7679=DIRECTION('',(1.,0.,4.56186280238232E-16));
#7680=AXIS2_PLACEMENT_3D('',#7681,#7682,#7683);
#7681=CARTESIAN_POINT('',(-7.,2.,-17.5));
#7682=DIRECTION('',(0.,1.,6.12323399573677E-17));
#7683=DIRECTION('',(-0.714142842854285,-4.28626379701573E-17,0.699999999999999));
#7684=CARTESIAN_POINT('',(-17.0859048830711,2.,22.683026435053));
#7685=CARTESIAN_POINT('',(-15.,2.,22.0966629547096));
#7686=AXIS2_PLACEMENT_3D('',#7687,#7688,#7689);
#7687=CARTESIAN_POINT('',(-15.,2.,26.1));
#7688=DIRECTION('',(0.,1.,-6.12323399573677E-17));
#7689=DIRECTION('',(0.,-6.12323399573677E-17,-1.));
#7690=CARTESIAN_POINT('',(-12.8081497546163,2.,22.75));
#7691=AXIS2_PLACEMENT_3D('',#7692,#7693,#7694);
#7692=CARTESIAN_POINT('',(-15.,2.,26.1));
#7693=DIRECTION('',(0.,1.,-6.12323399573677E-17));
#7694=DIRECTION('',(0.547505798434736,-5.12393377166424E-17,-0.836801888549699));
#7695=CARTESIAN_POINT('',(-12.3560713214071,2.,22.75));
#7696=CARTESIAN_POINT('',(-12.3560713214071,2.,22.75));
#7697=VECTOR('',#7698,1.);
#7698=DIRECTION('',(-1.,0.,0.));
#7699=CARTESIAN_POINT('',(-3.48132223898926,2.,24.1233606888172));
#7700=AXIS2_PLACEMENT_3D('',#7701,#7702,#7703);
#7701=CARTESIAN_POINT('',(-7.,2.,17.5));
#7702=DIRECTION('',(0.,-1.,6.12323399573677E-17));
#7703=DIRECTION('',(0.469157034801431,5.40751831143889E-17,0.883114758508954));
#7704=CARTESIAN_POINT('',(-1.22880261858525,2.,22.2899144861627));
#7705=AXIS2_PLACEMENT_3D('',#7706,#7707,#7708);
#7706=CARTESIAN_POINT('',(1.76170804530429E-15,2.,26.1));
#7707=DIRECTION('',(0.,1.,-6.12323399573677E-17));
#7708=DIRECTION('',(-0.30694458265282,-5.82764950366555E-17,-0.951727389108922));
#7709=CARTESIAN_POINT('',(-12.3560713214071,2.,12.25));
#7710=AXIS2_PLACEMENT_3D('',#7711,#7712,#7713);
#7711=CARTESIAN_POINT('',(-7.,2.,17.5));
#7712=DIRECTION('',(0.,-1.,6.12323399573677E-17));
#7713=DIRECTION('',(-0.714142842854285,-4.28626379701573E-17,-0.699999999999999));
#7714=CARTESIAN_POINT('',(-16.25,2.,12.25));
#7715=CARTESIAN_POINT('',(-16.25,2.,12.25));
#7716=VECTOR('',#7717,1.);
#7717=DIRECTION('',(1.,0.,-4.56186280238232E-16));
#7718=AXIS2_PLACEMENT_3D('',#7719,#7720,#7721);
#7719=CARTESIAN_POINT('',(-16.25,2.,17.5));
#7720=DIRECTION('',(0.,-1.,6.12323399573677E-17));
#7721=DIRECTION('',(-0.159219977727836,6.04512069865117E-17,0.987243130486279));
#7722=CARTESIAN_POINT('',(41.4,23.,-31.));
#7723=CARTESIAN_POINT('',(33.,23.,-39.4));
#7724=AXIS2_PLACEMENT_3D('',#7725,#7726,#7727);
#7725=CARTESIAN_POINT('',(33.,23.,-31.));
#7726=DIRECTION('',(0.,-1.,-6.12323399573677E-17));
#7727=DIRECTION('',(0.,6.12323399573677E-17,-1.));
#7728=CARTESIAN_POINT('',(41.4,23.,-31.));
#7729=VECTOR('',#7730,1.);
#7730=DIRECTION('',(0.,1.,0.));
#7731=CARTESIAN_POINT('',(33.,23.,-39.4));
#7732=VECTOR('',#7733,1.);
#7733=DIRECTION('',(0.,1.,0.));
#7734=CARTESIAN_POINT('',(41.4,15.7109861589809,-31.));
#7735=CARTESIAN_POINT('',(41.4,15.7109861589809,-28.4));
#7736=CARTESIAN_POINT('',(41.4,15.7109861589809,-31.));
#7737=VECTOR('',#7738,1.);
#7738=DIRECTION('',(0.,-6.83214169000094E-16,1.));
#7739=CARTESIAN_POINT('',(41.4,4.6,-31.));
#7740=CARTESIAN_POINT('',(41.4,4.6,-31.));
#7741=VECTOR('',#7742,1.);
#7742=DIRECTION('',(0.,1.,0.));
#7743=CARTESIAN_POINT('',(41.4,4.6,31.));
#7744=CARTESIAN_POINT('',(41.4,4.6,31.));
#7745=VECTOR('',#7746,1.);
#7746=DIRECTION('',(0.,7.16272919113004E-17,-1.));
#7747=CARTESIAN_POINT('',(41.4,15.7109861589809,31.));
#7748=CARTESIAN_POINT('',(41.4,4.6,31.));
#7749=VECTOR('',#7750,1.);
#7750=DIRECTION('',(0.,1.,0.));
#7751=CARTESIAN_POINT('',(41.4,15.7109861589809,21.5));
#7752=CARTESIAN_POINT('',(41.4,15.7109861589809,21.5));
#7753=VECTOR('',#7754,1.);
#7754=DIRECTION('',(0.,0.,1.));
#7755=CARTESIAN_POINT('',(41.4,23.,21.5));
#7756=CARTESIAN_POINT('',(41.4,15.7109861589808,21.5));
#7757=VECTOR('',#7758,1.);
#7758=DIRECTION('',(0.,1.,0.));
#7759=CARTESIAN_POINT('',(41.4,23.,31.));
#7760=CARTESIAN_POINT('',(41.4,23.,21.5));
#7761=VECTOR('',#7762,1.);
#7762=DIRECTION('',(0.,0.,1.));
#7763=CARTESIAN_POINT('',(41.4,23.,31.));
#7764=VECTOR('',#7765,1.);
#7765=DIRECTION('',(0.,1.,0.));
#7766=CARTESIAN_POINT('',(41.4,23.,-28.4));
#7767=CARTESIAN_POINT('',(41.4,23.,-31.));
#7768=VECTOR('',#7769,1.);
#7769=DIRECTION('',(0.,-2.73285667600038E-15,1.));
#7770=CARTESIAN_POINT('',(41.4,23.,-28.4));
#7771=VECTOR('',#7772,1.);
#7772=DIRECTION('',(0.,-1.,9.74813261790644E-16));
#7773=CARTESIAN_POINT('',(41.4,23.,-4.5));
#7774=CARTESIAN_POINT('',(41.4,23.,-8.99999999999999));
#7775=CARTESIAN_POINT('',(41.4,23.,-8.99999999999999));
#7776=VECTOR('',#7777,1.);
#7777=DIRECTION('',(0.,0.,1.));
#7778=CARTESIAN_POINT('',(41.4,15.7109861589809,-4.5));
#7779=CARTESIAN_POINT('',(41.4,15.7109861589808,-4.5));
#7780=VECTOR('',#7781,1.);
#7781=DIRECTION('',(0.,1.,2.4370331544766E-16));
#7782=CARTESIAN_POINT('',(41.4,15.7109861589809,-8.99999999999999));
#7783=CARTESIAN_POINT('',(41.4,15.7109861589809,-8.99999999999999));
#7784=VECTOR('',#7785,1.);
#7785=DIRECTION('',(0.,-3.94745964311168E-16,1.));
#7786=CARTESIAN_POINT('',(41.4,15.7109861589809,-8.99999999999999));
#7787=VECTOR('',#7788,1.);
#7788=DIRECTION('',(0.,1.,0.));
#7789=CARTESIAN_POINT('',(41.4,5.72264973081037,-4.50000000000002));
#7790=VECTOR('',#7791,1.);
#7791=DIRECTION('',(0.,-1.02482125350014E-16,1.));
#7792=CARTESIAN_POINT('',(41.4,11.1,21.5));
#7793=VECTOR('',#7794,1.);
#7794=DIRECTION('',(0.,-4.09928501400058E-16,-1.));
#7795=CARTESIAN_POINT('',(33.,23.,39.4));
#7796=AXIS2_PLACEMENT_3D('',#7797,#7798,#7799);
#7797=CARTESIAN_POINT('',(33.,23.,31.));
#7798=DIRECTION('',(0.,-1.,-6.12323399573677E-17));
#7799=DIRECTION('',(1.,0.,0.));
#7800=CARTESIAN_POINT('',(33.,23.,39.4));
#7801=VECTOR('',#7802,1.);
#7802=DIRECTION('',(0.,1.,0.));
#7803=CARTESIAN_POINT('',(-33.,23.,39.4));
#7804=CARTESIAN_POINT('',(33.,23.,39.4));
#7805=VECTOR('',#7806,1.);
#7806=DIRECTION('',(-1.,0.,0.));
#7807=CARTESIAN_POINT('',(-33.,23.,39.4));
#7808=VECTOR('',#7809,1.);
#7809=DIRECTION('',(0.,1.,0.));
#7810=CARTESIAN_POINT('',(-41.4,23.,31.));
#7811=AXIS2_PLACEMENT_3D('',#7812,#7813,#7814);
#7812=CARTESIAN_POINT('',(-33.,23.,31.));
#7813=DIRECTION('',(0.,-1.,-6.12323399573677E-17));
#7814=DIRECTION('',(0.,-6.12323399573677E-17,1.));
#7815=CARTESIAN_POINT('',(-41.4,23.,31.));
#7816=VECTOR('',#7817,1.);
#7817=DIRECTION('',(0.,1.,-3.55271367880049E-15));
#7818=CARTESIAN_POINT('',(-41.4,15.7109861589809,-4.49999999999999));
#7819=CARTESIAN_POINT('',(-41.4,15.7109861589809,-31.));
#7820=CARTESIAN_POINT('',(-41.4,15.7109861589809,-4.49999999999998));
#7821=VECTOR('',#7822,1.);
#7822=DIRECTION('',(0.,1.34064667124547E-16,-1.));
#7823=CARTESIAN_POINT('',(-41.4,23.,-4.49999999999999));
#7824=CARTESIAN_POINT('',(-41.4,15.7109861589809,-4.49999999999999));
#7825=VECTOR('',#7826,1.);
#7826=DIRECTION('',(0.,1.,0.));
#7827=CARTESIAN_POINT('',(-41.4,23.,-31.));
#7828=CARTESIAN_POINT('',(-41.4,23.,-4.49999999999999));
#7829=VECTOR('',#7830,1.);
#7830=DIRECTION('',(2.68129334249094E-16,0.,-1.));
#7831=CARTESIAN_POINT('',(-41.4,23.,-31.));
#7832=VECTOR('',#7833,1.);
#7833=DIRECTION('',(0.,1.,0.));
#7834=CARTESIAN_POINT('',(-41.4,23.,21.5));
#7835=CARTESIAN_POINT('',(-41.4,23.,31.));
#7836=VECTOR('',#7837,1.);
#7837=DIRECTION('',(0.,7.47939721852735E-16,-1.));
#7838=CARTESIAN_POINT('',(-41.4,15.7109861589809,21.5));
#7839=CARTESIAN_POINT('',(-41.4,15.7109861589809,21.5));
#7840=VECTOR('',#7841,1.);
#7841=DIRECTION('',(0.,1.,0.));
#7842=CARTESIAN_POINT('',(-41.4,15.7109861589809,31.));
#7843=CARTESIAN_POINT('',(-41.4,15.7109861589809,31.));
#7844=VECTOR('',#7845,1.);
#7845=DIRECTION('',(0.,1.86984930463184E-16,-1.));
#7846=CARTESIAN_POINT('',(-41.4,4.6,31.));
#7847=CARTESIAN_POINT('',(-41.4,4.6,31.));
#7848=VECTOR('',#7849,1.);
#7849=DIRECTION('',(0.,1.,0.));
#7850=CARTESIAN_POINT('',(-41.4,4.6,-31.));
#7851=CARTESIAN_POINT('',(-41.4,4.6,-31.));
#7852=VECTOR('',#7853,1.);
#7853=DIRECTION('',(-1.14603667058081E-16,-7.16272919113004E-17,1.));
#7854=CARTESIAN_POINT('',(-41.4,4.6,-31.));
#7855=VECTOR('',#7856,1.);
#7856=DIRECTION('',(0.,1.,0.));
#7857=CARTESIAN_POINT('',(-41.4,5.72264973081037,-4.50000000000001));
#7858=VECTOR('',#7859,1.);
#7859=DIRECTION('',(-2.73285667600038E-16,1.36642833800019E-16,1.));
#7860=CARTESIAN_POINT('',(-41.4,11.1,21.5));
#7861=VECTOR('',#7862,1.);
#7862=DIRECTION('',(2.73285667600039E-16,-1.36642833800019E-16,-1.));
#7863=CARTESIAN_POINT('',(-33.,23.,-39.4));
#7864=AXIS2_PLACEMENT_3D('',#7865,#7866,#7867);
#7865=CARTESIAN_POINT('',(-33.,23.,-31.));
#7866=DIRECTION('',(2.73691106313441E-48,-1.,-6.12323399573677E-17));
#7867=DIRECTION('',(-1.,2.58977347323217E-32,-4.22942104619107E-16));
#7868=CARTESIAN_POINT('',(-33.,23.,-39.4));
#7869=VECTOR('',#7870,1.);
#7870=DIRECTION('',(0.,1.,0.));
#7871=CARTESIAN_POINT('',(-33.,23.,-39.4));
#7872=VECTOR('',#7873,1.);
#7873=DIRECTION('',(1.,0.,0.));
#7874=CARTESIAN_POINT('',(22.,15.267596833695,-37.4));
#7875=CARTESIAN_POINT('',(20.,20.,-37.4));
#7876=CARTESIAN_POINT('',(22.,15.267596833695,-37.4));
#7877=CARTESIAN_POINT('',(22.,18.0397744258991,-37.4));
#7878=CARTESIAN_POINT('',(21.1715728752538,20.,-37.4));
#7879=CARTESIAN_POINT('',(20.,20.,-37.4));
#7880=CARTESIAN_POINT('',(22.,1.77157287525382,-37.4));
#7881=CARTESIAN_POINT('',(22.,15.267596833695,-37.4));
#7882=VECTOR('',#7883,1.);
#7883=DIRECTION('',(0.,-1.,0.));
#7884=CARTESIAN_POINT('',(33.,1.77157287525381,-37.4));
#7885=CARTESIAN_POINT('',(33.,1.77157287525381,-37.4));
#7886=VECTOR('',#7887,1.);
#7887=DIRECTION('',(-1.,0.,0.));
#7888=CARTESIAN_POINT('',(33.,14.6130464733091,-37.4));
#7889=CARTESIAN_POINT('',(33.,1.77157287525381,-37.4));
#7890=VECTOR('',#7891,1.);
#7891=DIRECTION('',(-5.53318690674024E-16,1.,0.));
#7892=CARTESIAN_POINT('',(33.,23.,-37.4));
#7893=CARTESIAN_POINT('',(33.,14.6130464733091,-37.4));
#7894=VECTOR('',#7895,1.);
#7895=DIRECTION('',(2.54160011796481E-15,1.,0.));
#7896=CARTESIAN_POINT('',(-33.,23.,-37.4));
#7897=CARTESIAN_POINT('',(-33.,23.,-37.4));
#7898=VECTOR('',#7899,1.);
#7899=DIRECTION('',(1.,0.,0.));
#7900=CARTESIAN_POINT('',(-33.,20.,-37.4));
#7901=CARTESIAN_POINT('',(-33.,20.,-37.4));
#7902=VECTOR('',#7903,1.);
#7903=DIRECTION('',(0.,1.,0.));
#7904=CARTESIAN_POINT('',(-33.,20.,-37.4));
#7905=VECTOR('',#7906,1.);
#7906=DIRECTION('',(1.,0.,0.));
#7907=CARTESIAN_POINT('',(-12.3560713214071,1.6,-22.75));
#7908=CARTESIAN_POINT('',(-16.25,1.6,-22.75));
#7909=CARTESIAN_POINT('',(-12.3560713214071,1.6,-22.75));
#7910=VECTOR('',#7911,1.);
#7911=DIRECTION('',(-1.,0.,0.));
#7912=CARTESIAN_POINT('',(-16.25,1.6,-22.75));
#7913=VECTOR('',#7914,1.);
#7914=DIRECTION('',(0.,1.,0.));
#7915=CARTESIAN_POINT('',(-12.3560713214071,1.6,-22.75));
#7916=VECTOR('',#7917,1.);
#7917=DIRECTION('',(0.,1.,0.));
#7918=CARTESIAN_POINT('',(-16.25,1.6,-12.25));
#7919=AXIS2_PLACEMENT_3D('',#7920,#7921,#7922);
#7920=CARTESIAN_POINT('',(-16.25,1.6,-17.5));
#7921=DIRECTION('',(0.,1.,6.12323399573677E-17));
#7922=DIRECTION('',(0.,6.12323399573677E-17,-1.));
#7923=CARTESIAN_POINT('',(-16.25,1.6,-12.25));
#7924=VECTOR('',#7925,1.);
#7925=DIRECTION('',(0.,1.,0.));
#7926=CARTESIAN_POINT('',(-12.3560713214071,1.6,-12.25));
#7927=CARTESIAN_POINT('',(-16.25,1.6,-12.25));
#7928=VECTOR('',#7929,1.);
#7929=DIRECTION('',(1.,0.,9.12372560476465E-16));
#7930=CARTESIAN_POINT('',(-12.3560713214071,1.6,-12.25));
#7931=VECTOR('',#7932,1.);
#7932=DIRECTION('',(0.,1.,0.));
#7933=AXIS2_PLACEMENT_3D('',#7934,#7935,#7936);
#7934=CARTESIAN_POINT('',(-7.,1.6,-17.5));
#7935=DIRECTION('',(0.,1.,6.12323399573676E-17));
#7936=DIRECTION('',(-0.714142842854285,-4.28626379701573E-17,0.699999999999999));
#7937=CARTESIAN_POINT('',(-12.3560713214071,1.86479983784293,22.75));
#7938=CARTESIAN_POINT('',(-9.74399146446158,1.6,24.4800079400357));
#7939=CARTESIAN_POINT('',(-9.74399146446157,1.6,24.4800079400357));
#7940=CARTESIAN_POINT('',(-9.77859521046201,1.60000001191097,24.4664043762303));
#7941=CARTESIAN_POINT('',(-9.84692575606693,1.60083734454912,24.438953200661));
#7942=CARTESIAN_POINT('',(-9.9479020832416,1.60437837788222,24.3966512945535));
#7943=CARTESIAN_POINT('',(-10.0470297154929,1.60994801066174,24.3534275105593));
#7944=CARTESIAN_POINT('',(-10.1451771933659,1.61738496950595,24.3089448298878));
#7945=CARTESIAN_POINT('',(-10.2424990751857,1.626530595324,24.2631400156377));
#7946=CARTESIAN_POINT('',(-10.3388795046502,1.63719567721606,24.2160768934589));
#7947=CARTESIAN_POINT('',(-10.4337951239473,1.64912182782145,24.1680427273253));
#7948=CARTESIAN_POINT('',(-10.5273695448846,1.66211825615913,24.1190146636969));
#7949=CARTESIAN_POINT('',(-10.6194587713075,1.67596257726548,24.0691057905884));
#7950=CARTESIAN_POINT('',(-10.710053028648,1.69045005285869,24.0183633464783));
#7951=CARTESIAN_POINT('',(-10.7989026512754,1.70533774555918,23.9669785394324));
#7952=CARTESIAN_POINT('',(-10.8861667707134,1.72045483505045,23.9149132753782));
#7953=CARTESIAN_POINT('',(-10.9810857788478,1.73724848054973,23.8565323947944));
#7954=CARTESIAN_POINT('',(-11.0834059384052,1.7555528350027,23.7913884932662));
#7955=CARTESIAN_POINT('',(-11.1927765199296,1.77497542887897,23.7190282858533));
#7956=CARTESIAN_POINT('',(-11.2911509072202,1.79196531295595,23.6514510869798));
#7957=CARTESIAN_POINT('',(-11.3790131887098,1.80649231792669,23.5891168530399));
#7958=CARTESIAN_POINT('',(-11.4565973590576,1.81868002247864,23.5325607562143));
#7959=CARTESIAN_POINT('',(-11.5329408425351,1.82990110189066,23.475404108779));
#7960=CARTESIAN_POINT('',(-11.6079495097818,1.84003431355257,23.4177502272312));
#7961=CARTESIAN_POINT('',(-11.6817431911637,1.84900213942104,23.3595391660749));
#7962=CARTESIAN_POINT('',(-11.7542281802255,1.85671668357933,23.3008787122941));
#7963=CARTESIAN_POINT('',(-11.8255710532062,1.86313265289691,23.2416645070382));
#7964=CARTESIAN_POINT('',(-11.8957919302451,1.86820090764649,23.181904940154));
#7965=CARTESIAN_POINT('',(-11.9649297378596,1.87188688045211,23.1215890509544));
#7966=CARTESIAN_POINT('',(-12.032900383658,1.87416766903678,23.0608152759356));
#7967=CARTESIAN_POINT('',(-12.0804559972732,1.87479195929532,23.0172466809244));
#7968=CARTESIAN_POINT('',(-12.1245953814046,1.874851689422,22.9762508551126));
#7969=CARTESIAN_POINT('',(-12.1682398914606,1.87445249057696,22.9352234308648));
#7970=CARTESIAN_POINT('',(-12.2300884942074,1.87266096845659,22.8757642440446));
#7971=CARTESIAN_POINT('',(-12.2936189063773,1.86946894771461,22.8132133437235));
#7972=CARTESIAN_POINT('',(-12.3353944995678,1.86648994477817,22.7710945648824));
#7973=CARTESIAN_POINT('',(-12.3560713214071,1.86479983784293,22.75));
#7974=CARTESIAN_POINT('',(-12.8081497546163,2.0000000000002,22.75));
#7975=CARTESIAN_POINT('',(-12.7706484835884,1.98818029944505,22.75));
#7976=CARTESIAN_POINT('',(-12.6989986230259,1.96581253103802,22.75));
#7977=CARTESIAN_POINT('',(-12.6237772801429,1.94287267202797,22.75));
#7978=CARTESIAN_POINT('',(-12.5484519744872,1.9202389157204,22.75));
#7979=CARTESIAN_POINT('',(-12.4730291253544,1.89794937103534,22.75));
#7980=CARTESIAN_POINT('',(-12.3973989926455,1.87635595490202,22.75));
#7981=CARTESIAN_POINT('',(-12.3595263121974,1.86576422385464,22.7500000000001));
#7982=CARTESIAN_POINT('',(-12.3560713214071,1.86479983784295,22.7500000000001));
#7983=CARTESIAN_POINT('',(-18.7769035788418,1.6,22.1018755201805));
#7984=CARTESIAN_POINT('',(-18.7769035788418,1.6,22.1018755201805));
#7985=CARTESIAN_POINT('',(-18.7594653432839,1.59999997135703,22.1114509389011));
#7986=CARTESIAN_POINT('',(-18.7249193741234,1.60035427112857,22.1301652652292));
#7987=CARTESIAN_POINT('',(-18.6734079236512,1.60190039590519,22.1573272531435));
#7988=CARTESIAN_POINT('',(-18.622797065237,1.60437140728008,22.1833096436443));
#7989=CARTESIAN_POINT('',(-18.5728027825254,1.60770906350584,22.2083022256376));
#7990=CARTESIAN_POINT('',(-18.5231964825883,1.61187540881942,22.2324501164366));
#7991=CARTESIAN_POINT('',(-18.4735911305676,1.61686879803612,22.2559585903331));
#7992=CARTESIAN_POINT('',(-18.4239065475826,1.62267569569425,22.2788730598203));
#7993=CARTESIAN_POINT('',(-18.3740707393825,1.62928739987434,22.3012305648558));
#7994=CARTESIAN_POINT('',(-18.3223718169184,1.63693998624548,22.3237817290126));
#7995=CARTESIAN_POINT('',(-18.2669937024807,1.64600737776622,22.3472217422722));
#7996=CARTESIAN_POINT('',(-18.1949100453529,1.65901875737042,22.3767184402537));
#7997=CARTESIAN_POINT('',(-18.0962042117769,1.67903968960988,22.4152162224294));
#7998=CARTESIAN_POINT('',(-17.972082939714,1.70801365337249,22.4602264398719));
#7999=CARTESIAN_POINT('',(-17.8465821592931,1.74134267502768,22.5018782647388));
#8000=CARTESIAN_POINT('',(-17.7443205556387,1.77110638321328,22.5331066804879));
#8001=CARTESIAN_POINT('',(-17.6675196270364,1.79471028271168,22.5551525388253));
#8002=CARTESIAN_POINT('',(-17.6069399115543,1.8140116627379,22.5717274607273));
#8003=CARTESIAN_POINT('',(-17.5495816569721,1.83284170084225,22.5867172608134));
#8004=CARTESIAN_POINT('',(-17.4934935150525,1.85173972032034,22.6007198848581));
#8005=CARTESIAN_POINT('',(-17.4368872975107,1.87126784720597,22.614189868568));
#8006=CARTESIAN_POINT('',(-17.3795877413532,1.8914602849259,22.6271523494208));
#8007=CARTESIAN_POINT('',(-17.3217443488019,1.91223418374125,22.6395564501185));
#8008=CARTESIAN_POINT('',(-17.2633339994664,1.93356162056257,22.6513924314191));
#8009=CARTESIAN_POINT('',(-17.2045266477859,1.9553385566925,22.662613754331));
#8010=CARTESIAN_POINT('',(-17.1453168784301,1.97751962936153,22.6732115157932));
#8011=CARTESIAN_POINT('',(-17.1057479457976,1.99247587278826,22.6798261751941));
#8012=CARTESIAN_POINT('',(-17.0859048805519,2.,22.6830264354593));
#8013=AXIS2_PLACEMENT_3D('',#8014,#8015,#8016);
#8014=CARTESIAN_POINT('',(-15.,1.6,26.1));
#8015=DIRECTION('',(0.,1.,6.12323399573677E-17));
#8016=DIRECTION('',(-0.686709741607601,4.45117304254875E-17,-0.726931723603546));
#8017=CARTESIAN_POINT('',(-15.,4.6,23.6));
#8018=AXIS2_PLACEMENT_3D('',#8019,#8020,#8021);
#8019=CARTESIAN_POINT('',(-15.,4.6,26.1));
#8020=DIRECTION('',(0.,1.,6.12323399573677E-17));
#8021=DIRECTION('',(0.,6.12323399573677E-17,-1.));
#8022=CARTESIAN_POINT('',(-12.3560713214071,1.86479983784293,22.75));
#8023=VECTOR('',#8024,1.);
#8024=DIRECTION('',(0.,1.,0.));
#8025=CARTESIAN_POINT('',(-5.34797236600968,1.6,24.8157914607056));
#8026=AXIS2_PLACEMENT_3D('',#8027,#8028,#8029);
#8027=CARTESIAN_POINT('',(-7.,1.6,17.5));
#8028=DIRECTION('',(0.,-1.,-6.12323399573676E-17));
#8029=DIRECTION('',(0.220270351198708,-5.97284039705507E-17,0.975438861427408));
#8030=CARTESIAN_POINT('',(-5.34797236600968,1.6,24.8157914607056));
#8031=CARTESIAN_POINT('',(-5.32617765179516,1.59999999006213,24.8108698666641));
#8032=CARTESIAN_POINT('',(-5.28313081305531,1.60039736870235,24.8009466471609));
#8033=CARTESIAN_POINT('',(-5.21940072014517,1.60212638342889,24.7856616999015));
#8034=CARTESIAN_POINT('',(-5.15720406709372,1.60488506579371,24.7701749448041));
#8035=CARTESIAN_POINT('',(-5.09622177754759,1.60860042682087,24.7544417965572));
#8036=CARTESIAN_POINT('',(-5.03625578385673,1.61321508441538,24.7384376939846));
#8037=CARTESIAN_POINT('',(-4.97686278643259,1.61871210695198,24.7220614023936));
#8038=CARTESIAN_POINT('',(-4.91809562253455,1.62504602480695,24.7053391275521));
#8039=CARTESIAN_POINT('',(-4.85984810314661,1.63218866899565,24.6882519485737));
#8040=CARTESIAN_POINT('',(-4.80233028140109,1.6400723387537,24.6708745182561));
#8041=CARTESIAN_POINT('',(-4.74547660973543,1.64866214992402,24.6532015246318));
#8042=CARTESIAN_POINT('',(-4.6893860876201,1.65789855367846,24.6352791190949));
#8043=CARTESIAN_POINT('',(-4.6338904642295,1.66776710999938,24.6170676941567));
#8044=CARTESIAN_POINT('',(-4.57682928066802,1.67864179605062,24.5978512461328));
#8045=CARTESIAN_POINT('',(-4.516015863522,1.69102780098503,24.5768172782419));
#8046=CARTESIAN_POINT('',(-4.44090036911327,1.70738005362599,24.5500771711602));
#8047=CARTESIAN_POINT('',(-4.35336454868803,1.7279715721729,24.5177605895011));
#8048=CARTESIAN_POINT('',(-4.25533712196255,1.75296491562991,24.4800100391149));
#8049=CARTESIAN_POINT('',(-4.16028409710108,1.77896216857005,24.4418603176406));
#8050=CARTESIAN_POINT('',(-4.07010636684578,1.80509330450999,24.4042480522014));
#8051=CARTESIAN_POINT('',(-3.98665790383202,1.83041584108652,24.3682142322671));
#8052=CARTESIAN_POINT('',(-3.91299117255265,1.8536214457752,24.3353705017367));
#8053=CARTESIAN_POINT('',(-3.84710298025815,1.87495000934692,24.3051957229523));
#8054=CARTESIAN_POINT('',(-3.7869611888934,1.8948240994526,24.2770105709208));
#8055=CARTESIAN_POINT('',(-3.72638365409176,1.91520039229783,24.2479596860338));
#8056=CARTESIAN_POINT('',(-3.66535783675637,1.9360302881608,24.2180141948092));
#8057=CARTESIAN_POINT('',(-3.60412696399693,1.95716972109359,24.1872735299576));
#8058=CARTESIAN_POINT('',(-3.54266845316104,1.97855752042578,24.1557087521241));
#8059=CARTESIAN_POINT('',(-3.50178841978887,1.99284508444886,24.1342333596676));
#8060=CARTESIAN_POINT('',(-3.48132223898926,2.,24.1233606888172));
#8061=CARTESIAN_POINT('',(2.22095059498455E-15,4.6,23.6));
#8062=AXIS2_PLACEMENT_3D('',#8063,#8064,#8065);
#8063=CARTESIAN_POINT('',(1.76170804530429E-15,4.6,26.1));
#8064=DIRECTION('',(0.,1.,6.12323399573677E-17));
#8065=DIRECTION('',(6.12323399573677E-17,6.12323399573677E-17,-1.));
#8066=CARTESIAN_POINT('',(2.77204165460086E-15,1.6,20.6));
#8067=CARTESIAN_POINT('',(-0.171871485649392,1.6,20.6026860929704));
#8068=AXIS2_PLACEMENT_3D('',#8069,#8070,#8071);
#8069=CARTESIAN_POINT('',(1.76170804530429E-15,1.6,26.1));
#8070=DIRECTION('',(0.,1.,6.12323399573677E-17));
#8071=DIRECTION('',(6.12323399573676E-17,6.12323399573677E-17,-1.));
#8072=CARTESIAN_POINT('',(-0.17187148556869,1.6,20.6026860927928));
#8073=CARTESIAN_POINT('',(-0.181114784105529,1.59999999006096,20.6230279974893));
#8074=CARTESIAN_POINT('',(-0.199569604538931,1.600397368698,20.6631642679848));
#8075=CARTESIAN_POINT('',(-0.227473075306442,1.60212638341779,20.7224647795018));
#8076=CARTESIAN_POINT('',(-0.255262875006037,1.60488506577473,20.7802228115053));
#8077=CARTESIAN_POINT('',(-0.283047430910648,1.60860042679395,20.8367417467527));
#8078=CARTESIAN_POINT('',(-0.310890999152676,1.61321508438103,20.8922105434238));
#8079=CARTESIAN_POINT('',(-0.338982693384133,1.61871210691107,20.9470427217875));
#8080=CARTESIAN_POINT('',(-0.367286127849618,1.62504602476085,21.0011918642268));
#8081=CARTESIAN_POINT('',(-0.395841385114994,1.63218866894551,21.0547581081165));
#8082=CARTESIAN_POINT('',(-0.424532727351845,1.64007233870003,21.1075509275621));
#8083=CARTESIAN_POINT('',(-0.453378661618305,1.64866214986689,21.1596334271469));
#8084=CARTESIAN_POINT('',(-0.482313901197908,1.65789855361771,21.2109180369496));
#8085=CARTESIAN_POINT('',(-0.511411382674408,1.66776710993497,21.2615614648157));
#8086=CARTESIAN_POINT('',(-0.541810760388271,1.67864179598251,21.313533845742));
#8087=CARTESIAN_POINT('',(-0.574751494171404,1.69102780091335,21.3688113960551));
#8088=CARTESIAN_POINT('',(-0.616182785918763,1.70738005355093,21.4369349521321));
#8089=CARTESIAN_POINT('',(-0.665595688570612,1.72797157209551,21.516088261361));
#8090=CARTESIAN_POINT('',(-0.722459146918144,1.75296491555181,21.6044116872107));
#8091=CARTESIAN_POINT('',(-0.779109683412432,1.7789621684939,21.6897416087152));
#8092=CARTESIAN_POINT('',(-0.834244303676849,1.8050933044382,21.7704068379002));
#8093=CARTESIAN_POINT('',(-0.886467348234779,1.83041584102106,21.8448033148414));
#8094=CARTESIAN_POINT('',(-0.933581098808336,1.85362144571676,21.9102692788555));
#8095=CARTESIAN_POINT('',(-0.976502476876089,1.87495000929575,21.968660429447));
#8096=CARTESIAN_POINT('',(-1.01630917351624,1.8948240994087,22.0218286978948));
#8097=CARTESIAN_POINT('',(-1.05705203144567,1.91520039226186,22.0752479001243));
#8098=CARTESIAN_POINT('',(-1.09876186835359,1.93603028813334,22.1289244530608));
#8099=CARTESIAN_POINT('',(-1.14129194833387,1.95716972107507,22.1826403776575));
#8100=CARTESIAN_POINT('',(-1.18467519234718,1.97855752041646,22.236411911919));
#8101=CARTESIAN_POINT('',(-1.21400182610034,1.99284508444572,22.2720814810813));
#8102=CARTESIAN_POINT('',(-1.22880261858525,2.,22.2899144861627));
#8103=AXIS2_PLACEMENT_3D('',#8104,#8105,#8106);
#8104=CARTESIAN_POINT('',(1.76170804530429E-15,1.6,26.1));
#8105=DIRECTION('',(0.,1.,6.12323399573677E-17));
#8106=DIRECTION('',(-0.972358612001761,1.42972897916785E-17,-0.233492461689899));
#8107=CARTESIAN_POINT('',(-12.3560713214071,1.6,12.25));
#8108=AXIS2_PLACEMENT_3D('',#8109,#8110,#8111);
#8109=CARTESIAN_POINT('',(-7.,1.6,17.5));
#8110=DIRECTION('',(0.,-1.,-6.12323399573676E-17));
#8111=DIRECTION('',(-0.714142842854285,4.28626379701573E-17,-0.699999999999999));
#8112=CARTESIAN_POINT('',(-12.3560713214071,1.6,12.25));
#8113=VECTOR('',#8114,1.);
#8114=DIRECTION('',(0.,1.,0.));
#8115=CARTESIAN_POINT('',(-16.25,1.6,12.25));
#8116=CARTESIAN_POINT('',(-16.25,1.6,12.25));
#8117=VECTOR('',#8118,1.);
#8118=DIRECTION('',(1.,0.,0.));
#8119=CARTESIAN_POINT('',(-16.25,1.6,12.25));
#8120=VECTOR('',#8121,1.);
#8121=DIRECTION('',(0.,1.,0.));
#8122=AXIS2_PLACEMENT_3D('',#8123,#8124,#8125);
#8123=CARTESIAN_POINT('',(-16.25,1.6,17.5));
#8124=DIRECTION('',(0.,-1.,-6.12323399573677E-17));
#8125=DIRECTION('',(-0.481314967398439,-5.36730678653676E-17,0.876547718129618));
#8126=CARTESIAN_POINT('',(39.4,23.,-28.4));
#8127=CARTESIAN_POINT('',(41.4,23.,-28.4));
#8128=VECTOR('',#8129,1.);
#8129=DIRECTION('',(-1.,0.,0.));
#8130=CARTESIAN_POINT('',(-39.4,23.,-4.50000000000001));
#8131=CARTESIAN_POINT('',(-39.4,23.,-4.5));
#8132=VECTOR('',#8133,1.);
#8133=DIRECTION('',(-1.,0.,3.5527136788005E-15));
#8134=CARTESIAN_POINT('',(-39.4,23.,-31.));
#8135=CARTESIAN_POINT('',(-39.4,23.,-4.50000000000001));
#8136=VECTOR('',#8137,1.);
#8137=DIRECTION('',(0.,1.34064667124547E-16,-1.));
#8138=AXIS2_PLACEMENT_3D('',#8139,#8140,#8141);
#8139=CARTESIAN_POINT('',(-33.,23.,-31.));
#8140=DIRECTION('',(0.,-1.,-6.12323399573677E-17));
#8141=DIRECTION('',(-1.,3.39907768361722E-32,-5.55111512312578E-16));
#8142=CARTESIAN_POINT('',(39.4,23.,-31.));
#8143=AXIS2_PLACEMENT_3D('',#8144,#8145,#8146);
#8144=CARTESIAN_POINT('',(33.,23.,-31.));
#8145=DIRECTION('',(0.,-1.,-6.12323399573677E-17));
#8146=DIRECTION('',(0.,6.12323399573677E-17,-1.));
#8147=CARTESIAN_POINT('',(39.4,23.,-31.));
#8148=VECTOR('',#8149,1.);
#8149=DIRECTION('',(0.,-1.36642833800019E-15,1.));
#8150=CARTESIAN_POINT('',(39.4,20.,-28.4));
#8151=CARTESIAN_POINT('',(39.4,20.,-28.4));
#8152=VECTOR('',#8153,1.);
#8153=DIRECTION('',(0.422618261740699,-0.90630778703665,0.));
#8154=CARTESIAN_POINT('',(39.4,20.,-31.));
#8155=CARTESIAN_POINT('',(39.4,20.,-31.));
#8156=VECTOR('',#8157,1.);
#8157=DIRECTION('',(0.,0.,1.));
#8158=CARTESIAN_POINT('',(41.4,15.7109861589809,-31.));
#8159=VECTOR('',#8160,1.);
#8160=DIRECTION('',(-0.4226182617407,0.90630778703665,0.));
#8161=CARTESIAN_POINT('',(33.,10.4750243408879,-39.399999998935));
#8162=CARTESIAN_POINT('',(35.5503293741103,15.7109861589809,-39.0034879948401));
#8163=CARTESIAN_POINT('',(33.,10.4750243408879,-39.399999998935));
#8164=CARTESIAN_POINT('',(33.0000000001262,10.4772599365684,-39.3999999990874));
#8165=CARTESIAN_POINT('',(33.0000264051644,10.5615599695888,-39.4000000144878));
#8166=CARTESIAN_POINT('',(33.0020527774036,10.7292779662106,-39.4000003137505));
#8167=CARTESIAN_POINT('',(33.010871712313,10.9778702312385,-39.3999956174464));
#8168=CARTESIAN_POINT('',(33.0254787145056,11.2245209220901,-39.3999672709469));
#8169=CARTESIAN_POINT('',(33.0456149240685,11.4669957871312,-39.3998863572457));
#8170=CARTESIAN_POINT('',(33.0710028924706,11.7040123896893,-39.3997154056488));
#8171=CARTESIAN_POINT('',(33.1015137737984,11.9359776410449,-39.3994079897567));
#8172=CARTESIAN_POINT('',(33.1368185720402,12.1617882543605,-39.3989138368622));
#8173=CARTESIAN_POINT('',(33.1770166788119,12.3829657099275,-39.3981704677561));
#8174=CARTESIAN_POINT('',(33.2217723106047,12.5981444716889,-39.3971160507834));
#8175=CARTESIAN_POINT('',(33.2709116125526,12.8071304243474,-39.395681913186));
#8176=CARTESIAN_POINT('',(33.3234858272058,13.0070200293127,-39.3938274727953));
#8177=CARTESIAN_POINT('',(33.3794094497817,13.1988255595708,-39.3914923082864));
#8178=CARTESIAN_POINT('',(33.4378130244788,13.3807901404049,-39.3886541105251));
#8179=CARTESIAN_POINT('',(33.4986251504832,13.5539279889067,-39.3852630835239));
#8180=CARTESIAN_POINT('',(33.5607734457909,13.7165393381663,-39.3813399916947));
#8181=CARTESIAN_POINT('',(33.6248675900913,13.8713563093956,-39.3768100432587));
#8182=CARTESIAN_POINT('',(33.6902574712696,14.0175966534925,-39.3716800224049));
#8183=CARTESIAN_POINT('',(33.7569350428271,14.1559956630691,-39.3659155591281));
#8184=CARTESIAN_POINT('',(33.8231596042142,14.283976899825,-39.3596577816056));
#8185=CARTESIAN_POINT('',(33.8892383669624,14.4032615471217,-39.3528857548423));
#8186=CARTESIAN_POINT('',(33.9541029673503,14.5129160089719,-39.3457237319782));
#8187=CARTESIAN_POINT('',(34.0181808611234,14.614575494467,-39.3381442535155));
#8188=CARTESIAN_POINT('',(34.0803265827288,14.7073484001696,-39.3303166770916));
#8189=CARTESIAN_POINT('',(34.1417889688073,14.7938529787098,-39.3221135915043));
#8190=CARTESIAN_POINT('',(34.2022540981509,14.8741479098336,-39.3135932512048));
#8191=CARTESIAN_POINT('',(34.2621675354256,14.9492275676694,-39.3047048741652));
#8192=CARTESIAN_POINT('',(34.3200792683309,15.0177781944032,-39.2956918444632));
#8193=CARTESIAN_POINT('',(34.3764951513277,15.0809401012842,-39.2865135764857));
#8194=CARTESIAN_POINT('',(34.4307311757889,15.1384204219917,-39.2773181630119));
#8195=CARTESIAN_POINT('',(34.4833869116352,15.1912760572205,-39.268039109385));
#8196=CARTESIAN_POINT('',(34.5388666271494,15.2440783794379,-39.2579066038098));
#8197=CARTESIAN_POINT('',(34.6029010280032,15.3014148234688,-39.2457538954316));
#8198=CARTESIAN_POINT('',(34.6761277929497,15.3620055257828,-39.2312033187038));
#8199=CARTESIAN_POINT('',(34.7482674521227,15.4164620143484,-39.2161563535629));
#8200=CARTESIAN_POINT('',(34.8085610892453,15.458197576159,-39.2030503720567));
#8201=CARTESIAN_POINT('',(34.8566950535557,15.4893029917394,-39.1922711870742));
#8202=CARTESIAN_POINT('',(34.8983856033375,15.5146835293003,-39.1827091980307));
#8203=CARTESIAN_POINT('',(34.9395196436801,15.5382289525197,-39.1730562990907));
#8204=CARTESIAN_POINT('',(34.9801718833912,15.5600430823975,-39.1633021529643));
#8205=CARTESIAN_POINT('',(35.0206199118401,15.5803090382901,-39.1533837733262));
#8206=CARTESIAN_POINT('',(35.060521126851,15.5988989701931,-39.1433906220754));
#8207=CARTESIAN_POINT('',(35.100048851449,15.6159441017442,-39.1332860860426));
#8208=CARTESIAN_POINT('',(35.1390705052638,15.6314298414454,-39.1231100237023));
#8209=CARTESIAN_POINT('',(35.1777569626077,15.6454608655252,-39.1128232827226));
#8210=CARTESIAN_POINT('',(35.2159686506041,15.6580246297078,-39.102468843046));
#8211=CARTESIAN_POINT('',(35.2539749997927,15.6692371812939,-39.0919782357499));
#8212=CARTESIAN_POINT('',(35.291780447779,15.6791099106422,-39.0813524225074));
#8213=CARTESIAN_POINT('',(35.3294889113382,15.6876709500115,-39.0705632873132));
#8214=CARTESIAN_POINT('',(35.3669201105841,15.6948858911104,-39.0596645795321));
#8215=CARTESIAN_POINT('',(35.4041257482224,15.700776755993,-39.0486444617963));
#8216=CARTESIAN_POINT('',(35.4410276959892,15.7053416526706,-39.0375292763803));
#8217=CARTESIAN_POINT('',(35.4776937321017,15.7085975418251,-39.0263017693279));
#8218=CARTESIAN_POINT('',(35.5140668247936,15.7105483321157,-39.0149827890922));
#8219=CARTESIAN_POINT('',(35.5382731210677,15.7109860778589,-39.0073297638267));
#8220=CARTESIAN_POINT('',(35.5503293741103,15.7109861589809,-39.0034879948401));
#8221=CARTESIAN_POINT('',(33.,4.6,-39.4));
#8222=CARTESIAN_POINT('',(33.,4.6,-39.4));
#8223=VECTOR('',#8224,1.);
#8224=DIRECTION('',(0.,1.,0.));
#8225=AXIS2_PLACEMENT_3D('',#8226,#8227,#8228);
#8226=CARTESIAN_POINT('',(33.,4.60000000000001,-31.));
#8227=DIRECTION('',(0.,-1.,6.76707367390572E-17));
#8228=DIRECTION('',(0.,-6.76707367390572E-17,-1.));
#8229=AXIS2_PLACEMENT_3D('',#8230,#8231,#8232);
#8230=CARTESIAN_POINT('',(33.,15.7109861589809,-31.));
#8231=DIRECTION('',(0.,-1.,6.76707367390572E-17));
#8232=DIRECTION('',(0.303610639775009,-6.44764201301233E-17,-0.952796189861929));
#8233=CARTESIAN_POINT('',(38.4,1.6,5.40277706369605));
#8234=CARTESIAN_POINT('',(38.4,1.6,-5.40277706369602));
#8235=CARTESIAN_POINT('',(38.4,1.6,5.40277706369606));
#8236=VECTOR('',#8237,1.);
#8237=DIRECTION('',(0.,8.21964712988289E-17,-1.));
#8238=CARTESIAN_POINT('',(38.4,1.6,31.));
#8239=CARTESIAN_POINT('',(38.4,1.6,31.));
#8240=VECTOR('',#8241,1.);
#8241=DIRECTION('',(0.,6.93964671019404E-17,-1.));
#8242=AXIS2_PLACEMENT_3D('',#8243,#8244,#8245);
#8243=CARTESIAN_POINT('',(38.4,4.59999999999999,31.));
#8244=DIRECTION('',(-5.0532154980743E-16,6.12323399573677E-17,-1.));
#8245=DIRECTION('',(1.,-5.9211894646675E-16,-5.0532154980743E-16));
#8246=CARTESIAN_POINT('',(38.4,1.6,-31.));
#8247=AXIS2_PLACEMENT_3D('',#8248,#8249,#8250);
#8248=CARTESIAN_POINT('',(38.4,4.6,-31.));
#8249=DIRECTION('',(0.,7.2293592301173E-17,-1.));
#8250=DIRECTION('',(1.,-6.12323399573677E-17,-4.42670582052476E-33));
#8251=CARTESIAN_POINT('',(38.4,1.6,-5.40277706369603));
#8252=VECTOR('',#8253,1.);
#8253=DIRECTION('',(0.,6.93964671019403E-17,-1.));
#8254=CARTESIAN_POINT('',(33.,15.7109861589809,39.4));
#8255=AXIS2_PLACEMENT_3D('',#8256,#8257,#8258);
#8256=CARTESIAN_POINT('',(33.,15.7109861589809,31.));
#8257=DIRECTION('',(0.,-1.,0.));
#8258=DIRECTION('',(1.,0.,0.));
#8259=CARTESIAN_POINT('',(33.,4.6,39.4));
#8260=AXIS2_PLACEMENT_3D('',#8261,#8262,#8263);
#8261=CARTESIAN_POINT('',(33.,4.59999999999999,31.));
#8262=DIRECTION('',(0.,-1.,0.));
#8263=DIRECTION('',(1.,0.,-4.22942104619107E-16));
#8264=CARTESIAN_POINT('',(33.,4.6,39.4));
#8265=VECTOR('',#8266,1.);
#8266=DIRECTION('',(0.,1.,0.));
#8267=CARTESIAN_POINT('',(39.4,20.,21.5));
#8268=CARTESIAN_POINT('',(41.4,15.7109861589809,21.5));
#8269=VECTOR('',#8270,1.);
#8270=DIRECTION('',(-0.4226182617407,0.90630778703665,0.));
#8271=CARTESIAN_POINT('',(39.4,20.,31.));
#8272=CARTESIAN_POINT('',(41.4,15.7109861589809,31.));
#8273=VECTOR('',#8274,1.);
#8274=DIRECTION('',(-0.422618261740701,0.906307787036649,0.));
#8275=CARTESIAN_POINT('',(39.4,20.,21.5));
#8276=VECTOR('',#8277,1.);
#8277=DIRECTION('',(0.,-3.73969860926369E-16,1.));
#8278=CARTESIAN_POINT('',(39.4,23.,21.5));
#8279=CARTESIAN_POINT('',(39.4,23.,21.5));
#8280=VECTOR('',#8281,1.);
#8281=DIRECTION('',(1.,0.,0.));
#8282=CARTESIAN_POINT('',(39.4,20.,21.5));
#8283=VECTOR('',#8284,1.);
#8284=DIRECTION('',(0.,1.,0.));
#8285=CARTESIAN_POINT('',(39.4,23.,31.));
#8286=CARTESIAN_POINT('',(39.4,23.,21.5));
#8287=VECTOR('',#8288,1.);
#8288=DIRECTION('',(0.,-3.73969860926369E-16,1.));
#8289=CARTESIAN_POINT('',(33.,23.,37.4));
#8290=AXIS2_PLACEMENT_3D('',#8291,#8292,#8293);
#8291=CARTESIAN_POINT('',(33.,23.,31.));
#8292=DIRECTION('',(0.,-1.,-6.12323399573677E-17));
#8293=DIRECTION('',(1.,3.39907768361723E-32,-5.55111512312579E-16));
#8294=CARTESIAN_POINT('',(-33.,23.,37.4));
#8295=CARTESIAN_POINT('',(33.,23.,37.4));
#8296=VECTOR('',#8297,1.);
#8297=DIRECTION('',(-1.,0.,0.));
#8298=CARTESIAN_POINT('',(-39.4,23.,31.));
#8299=AXIS2_PLACEMENT_3D('',#8300,#8301,#8302);
#8300=CARTESIAN_POINT('',(-33.,23.,31.));
#8301=DIRECTION('',(0.,-1.,-6.12323399573677E-17));
#8302=DIRECTION('',(0.,-6.12323399573677E-17,1.));
#8303=CARTESIAN_POINT('',(-39.4,23.,21.5));
#8304=CARTESIAN_POINT('',(-39.4,23.,31.));
#8305=VECTOR('',#8306,1.);
#8306=DIRECTION('',(0.,3.73969860926368E-16,-1.));
#8307=CARTESIAN_POINT('',(-41.4,23.,21.5));
#8308=VECTOR('',#8309,1.);
#8309=DIRECTION('',(1.,0.,0.));
#8310=CARTESIAN_POINT('',(39.4,23.,-28.4));
#8311=VECTOR('',#8312,1.);
#8312=DIRECTION('',(0.,-1.,0.));
#8313=CARTESIAN_POINT('',(39.4,23.,-8.99999999999999));
#8314=CARTESIAN_POINT('',(39.4,23.,-9.));
#8315=VECTOR('',#8316,1.);
#8316=DIRECTION('',(1.,0.,0.));
#8317=CARTESIAN_POINT('',(39.4,23.,-4.50000000000001));
#8318=CARTESIAN_POINT('',(39.4,23.,-8.99999999999999));
#8319=VECTOR('',#8320,1.);
#8320=DIRECTION('',(0.,0.,1.));
#8321=CARTESIAN_POINT('',(41.4,23.,-4.5));
#8322=VECTOR('',#8323,1.);
#8323=DIRECTION('',(-1.,0.,-3.10862446895047E-15));
#8324=CARTESIAN_POINT('',(39.4,20.,-4.50000000000001));
#8325=CARTESIAN_POINT('',(39.4,23.,-4.50000000000001));
#8326=VECTOR('',#8327,1.);
#8327=DIRECTION('',(0.,-1.,0.));
#8328=CARTESIAN_POINT('',(39.4,19.9999999999999,-4.50000000000001));
#8329=VECTOR('',#8330,1.);
#8330=DIRECTION('',(0.4226182617407,-0.90630778703665,1.12608125954782E-15));
#8331=CARTESIAN_POINT('',(39.4,20.,-8.99999999999999));
#8332=CARTESIAN_POINT('',(41.4,15.7109861589809,-8.99999999999999));
#8333=VECTOR('',#8334,1.);
#8334=DIRECTION('',(-0.422618261740699,0.90630778703665,0.));
#8335=CARTESIAN_POINT('',(39.4,20.,-8.99999999999999));
#8336=VECTOR('',#8337,1.);
#8337=DIRECTION('',(0.,0.,1.));
#8338=CARTESIAN_POINT('',(39.4,20.,-8.99999999999999));
#8339=VECTOR('',#8340,1.);
#8340=DIRECTION('',(0.,1.,-1.1842378929335E-15));
#8341=CARTESIAN_POINT('',(-39.4,20.,-4.50000000000001));
#8342=CARTESIAN_POINT('',(-41.4,15.7109861589809,-4.5));
#8343=VECTOR('',#8344,1.);
#8344=DIRECTION('',(0.4226182617407,0.90630778703665,-1.31376146947245E-15));
#8345=CARTESIAN_POINT('',(-39.4,20.,-31.));
#8346=CARTESIAN_POINT('',(-41.4,15.7109861589809,-31.));
#8347=VECTOR('',#8348,1.);
#8348=DIRECTION('',(0.4226182617407,0.90630778703665,0.));
#8349=CARTESIAN_POINT('',(-39.4,20.,-4.50000000000001));
#8350=VECTOR('',#8351,1.);
#8351=DIRECTION('',(0.,1.34064667124547E-16,-1.));
#8352=CARTESIAN_POINT('',(-39.4,20.,-4.5));
#8353=VECTOR('',#8354,1.);
#8354=DIRECTION('',(0.,1.,0.));
#8355=CARTESIAN_POINT('',(-39.4,20.,21.5));
#8356=CARTESIAN_POINT('',(-39.4,20.,21.5));
#8357=VECTOR('',#8358,1.);
#8358=DIRECTION('',(-0.422618261740701,-0.90630778703665,7.50720839698539E-16));
#8359=CARTESIAN_POINT('',(-39.4,23.,21.5));
#8360=VECTOR('',#8361,1.);
#8361=DIRECTION('',(0.,-1.,0.));
#8362=CARTESIAN_POINT('',(-39.4,20.,31.));
#8363=CARTESIAN_POINT('',(-39.4,20.,31.));
#8364=VECTOR('',#8365,1.);
#8365=DIRECTION('',(0.,0.,-1.));
#8366=CARTESIAN_POINT('',(-41.4,15.7109861589809,31.));
#8367=VECTOR('',#8368,1.);
#8368=DIRECTION('',(0.422618261740702,0.906307787036649,7.50720839698535E-16));
#8369=CARTESIAN_POINT('',(-33.,15.7109861589809,39.4));
#8370=AXIS2_PLACEMENT_3D('',#8371,#8372,#8373);
#8371=CARTESIAN_POINT('',(-33.,15.7109861589809,31.));
#8372=DIRECTION('',(0.,-1.,0.));
#8373=DIRECTION('',(0.,0.,1.));
#8374=CARTESIAN_POINT('',(-33.,4.6,39.4));
#8375=CARTESIAN_POINT('',(-33.,4.6,39.4));
#8376=VECTOR('',#8377,1.);
#8377=DIRECTION('',(0.,1.,0.));
#8378=AXIS2_PLACEMENT_3D('',#8379,#8380,#8381);
#8379=CARTESIAN_POINT('',(-33.,4.60000000000001,31.));
#8380=DIRECTION('',(0.,-1.,0.));
#8381=DIRECTION('',(8.45884209238215E-16,0.,1.));
#8382=CARTESIAN_POINT('',(-38.4,1.6,-5.40277706369605));
#8383=CARTESIAN_POINT('',(-38.4,1.6,5.40277706369604));
#8384=CARTESIAN_POINT('',(-38.4,1.6,-5.40277706369606));
#8385=VECTOR('',#8386,1.);
#8386=DIRECTION('',(-6.57571770390629E-16,-8.21964712988286E-17,1.));
#8387=CARTESIAN_POINT('',(-38.4,1.6,-31.));
#8388=CARTESIAN_POINT('',(-38.4,1.6,-31.));
#8389=VECTOR('',#8390,1.);
#8390=DIRECTION('',(-2.77585868407762E-16,-6.93964671019404E-17,1.));
#8391=AXIS2_PLACEMENT_3D('',#8392,#8393,#8394);
#8392=CARTESIAN_POINT('',(-38.4,4.6,-31.));
#8393=DIRECTION('',(-1.60812264967664E-16,-6.12323399573677E-17,1.));
#8394=DIRECTION('',(-1.,9.84691127781427E-33,-1.60812264967664E-16));
#8395=CARTESIAN_POINT('',(-38.4,1.6,31.));
#8396=AXIS2_PLACEMENT_3D('',#8397,#8398,#8399);
#8397=CARTESIAN_POINT('',(-38.4,4.6,31.));
#8398=DIRECTION('',(-8.26212483441977E-17,-7.2293592301173E-17,1.));
#8399=DIRECTION('',(-1.,-6.12323399573677E-17,-8.26212483441977E-17));
#8400=CARTESIAN_POINT('',(-38.4,1.6,5.40277706369605));
#8401=VECTOR('',#8402,1.);
#8402=DIRECTION('',(0.,-6.93964671019403E-17,1.));
#8403=CARTESIAN_POINT('',(-33.,15.7109861589809,-39.4));
#8404=AXIS2_PLACEMENT_3D('',#8405,#8406,#8407);
#8405=CARTESIAN_POINT('',(-33.,15.7109861589809,-31.));
#8406=DIRECTION('',(0.,-1.,0.));
#8407=DIRECTION('',(-1.,0.,-8.45884209238215E-16));
#8408=CARTESIAN_POINT('',(-33.,4.6,-39.4));
#8409=AXIS2_PLACEMENT_3D('',#8410,#8411,#8412);
#8410=CARTESIAN_POINT('',(-33.,4.6,-31.));
#8411=DIRECTION('',(0.,-1.,0.));
#8412=DIRECTION('',(-1.,0.,-8.45884209238215E-16));
#8413=CARTESIAN_POINT('',(-33.,4.6,-39.4));
#8414=VECTOR('',#8415,1.);
#8415=DIRECTION('',(-1.27899130751014E-15,1.,0.));
#8416=CARTESIAN_POINT('',(22.,10.9785829926759,-39.4));
#8417=CARTESIAN_POINT('',(22.,15.267596833695,-37.4));
#8418=VECTOR('',#8419,1.);
#8419=DIRECTION('',(-7.50720839698535E-16,-0.906307787036651,-0.422618261740698));
#8420=CARTESIAN_POINT('',(20.,15.7109861589809,-39.4));
#8421=CARTESIAN_POINT('',(20.,20.,-37.4));
#8422=VECTOR('',#8423,1.);
#8423=DIRECTION('',(0.,-0.90630778703665,-0.422618261740699));
#8424=CARTESIAN_POINT('',(22.,10.9785829926758,-39.4));
#8425=CARTESIAN_POINT('',(22.,13.7507605848799,-39.4));
#8426=CARTESIAN_POINT('',(21.1715728752538,15.7109861589809,-39.4));
#8427=CARTESIAN_POINT('',(20.,15.7109861589809,-39.4));
#8428=CARTESIAN_POINT('',(22.,4.6,-39.4));
#8429=CARTESIAN_POINT('',(22.,4.6,-39.4));
#8430=VECTOR('',#8431,1.);
#8431=DIRECTION('',(0.,1.,0.));
#8432=AXIS2_PLACEMENT_3D('',#8433,#8434,#8435);
#8433=CARTESIAN_POINT('',(22.,4.6,-36.4));
#8434=DIRECTION('',(1.,0.,0.));
#8435=DIRECTION('',(0.,-0.942809041582063,-0.333333333333333));
#8436=CARTESIAN_POINT('',(24.0707142142714,1.6,-36.4));
#8437=CARTESIAN_POINT('',(20.5,1.60000000000003,-36.4));
#8438=CARTESIAN_POINT('',(20.5,1.6,-36.4));
#8439=VECTOR('',#8440,1.);
#8440=DIRECTION('',(1.,0.,0.));
#8441=CARTESIAN_POINT('',(33.,1.6,-36.4));
#8442=CARTESIAN_POINT('',(33.,1.6,-36.4));
#8443=VECTOR('',#8444,1.);
#8444=DIRECTION('',(-1.,0.,0.));
#8445=AXIS2_PLACEMENT_3D('',#8446,#8447,#8448);
#8446=CARTESIAN_POINT('',(33.,4.6,-36.4));
#8447=DIRECTION('',(-1.,2.08092640411476E-32,-3.39841071819823E-16));
#8448=DIRECTION('',(1.13280357273274E-16,-0.942809041582063,-0.333333333333333));
#8449=CARTESIAN_POINT('',(22.,4.6,-39.4));
#8450=VECTOR('',#8451,1.);
#8451=DIRECTION('',(-1.,0.,0.));
#8452=CARTESIAN_POINT('',(-33.,1.6,-36.4));
#8453=AXIS2_PLACEMENT_3D('',#8454,#8455,#8456);
#8454=CARTESIAN_POINT('',(-33.,4.6,-36.4));
#8455=DIRECTION('',(-1.,0.,0.));
#8456=DIRECTION('',(0.,-2.42970812582437E-15,-1.));
#8457=CARTESIAN_POINT('',(-24.0707142142714,1.6,-36.4));
#8458=CARTESIAN_POINT('',(-24.0707142142714,1.6,-36.4));
#8459=VECTOR('',#8460,1.);
#8460=DIRECTION('',(-1.,0.,0.));
#8461=CARTESIAN_POINT('',(-20.5,1.60000000000003,-36.4));
#8462=CARTESIAN_POINT('',(-24.0707142142714,1.6,-36.4));
#8463=VECTOR('',#8464,1.);
#8464=DIRECTION('',(1.,0.,0.));
#8465=CARTESIAN_POINT('',(20.5,1.6,-36.4));
#8466=VECTOR('',#8467,1.);
#8467=DIRECTION('',(-1.,0.,0.));
#8468=CARTESIAN_POINT('',(33.,10.4750243403774,-39.3999999978699));
#8469=CARTESIAN_POINT('',(33.,10.9357981192851,-39.1791314029319));
#8470=CARTESIAN_POINT('',(33.,11.8568515619267,-38.7367026260426));
#8471=CARTESIAN_POINT('',(33.,13.2364866403971,-38.0704402950761));
#8472=CARTESIAN_POINT('',(33.,14.1545601612632,-37.6239917896517));
#8473=CARTESIAN_POINT('',(33.,14.6130464733094,-37.4000000000005));
#8474=AXIS2_PLACEMENT_3D('',#8475,#8476,#8477);
#8475=CARTESIAN_POINT('',(33.,4.6,-36.4));
#8476=DIRECTION('',(-1.,0.,0.));
#8477=DIRECTION('',(0.,0.,-1.));
#8478=CARTESIAN_POINT('',(35.7902610295412,19.9999999996918,-36.7597259820987));
#8479=CARTESIAN_POINT('',(33.,14.6130464733326,-37.3999999999885));
#8480=CARTESIAN_POINT('',(33.0000000002945,14.6160221500348,-37.3999999994562));
#8481=CARTESIAN_POINT('',(33.0000361242469,14.7000414007213,-37.4000000034537));
#8482=CARTESIAN_POINT('',(33.0021311900045,14.8672373088112,-37.4000004212204));
#8483=CARTESIAN_POINT('',(33.0111528315485,15.1143170804392,-37.3999939509093));
#8484=CARTESIAN_POINT('',(33.026170385031,15.3603734393405,-37.399954708503));
#8485=CARTESIAN_POINT('',(33.0469136176763,15.6024097063126,-37.3998423028275));
#8486=CARTESIAN_POINT('',(33.0731224416284,15.839177987003,-37.3996039717704));
#8487=CARTESIAN_POINT('',(33.1046808158718,16.0710454711134,-37.3991739700401));
#8488=CARTESIAN_POINT('',(33.1412714617859,16.2969370083698,-37.3984803934171));
#8489=CARTESIAN_POINT('',(33.182996807061,16.5182841435979,-37.3974340246401));
#8490=CARTESIAN_POINT('',(33.2295459069099,16.7338616183722,-37.3959449418996));
#8491=CARTESIAN_POINT('',(33.280771855115,16.943551770135,-37.3939122607856));
#8492=CARTESIAN_POINT('',(33.335790584182,17.1447453273451,-37.3912695188307));
#8493=CARTESIAN_POINT('',(33.3945324225238,17.3383849040312,-37.3879229524298));
#8494=CARTESIAN_POINT('',(33.4562040970526,17.5229472802647,-37.3838250287839));
#8495=CARTESIAN_POINT('',(33.5207541541396,17.6993725008685,-37.3788912886408));
#8496=CARTESIAN_POINT('',(33.5872070112248,17.8661853718491,-37.3731248634931));
#8497=CARTESIAN_POINT('',(33.6561195445502,18.0257825967539,-37.3664080534439));
#8498=CARTESIAN_POINT('',(33.7269058490806,18.1774935143143,-37.3587233388398));
#8499=CARTESIAN_POINT('',(33.7995438166773,18.3219282560491,-37.3500025522463));
#8500=CARTESIAN_POINT('',(33.8724346295775,18.4568145617946,-37.3403999866706));
#8501=CARTESIAN_POINT('',(33.9458285359216,18.5836063350138,-37.3298682485517));
#8502=CARTESIAN_POINT('',(34.0187126542973,18.7014320872744,-37.3185482019474));
#8503=CARTESIAN_POINT('',(34.0914322773173,18.8116640735928,-37.3063899656331));
#8504=CARTESIAN_POINT('',(34.1628988301976,18.9134806875283,-37.2936006646122));
#8505=CARTESIAN_POINT('',(34.2342221344729,19.0091424012728,-37.2800031604116));
#8506=CARTESIAN_POINT('',(34.3050347281368,19.0986115702088,-37.2656716670835));
#8507=CARTESIAN_POINT('',(34.3756664447769,19.1826847340533,-37.2505402360841));
#8508=CARTESIAN_POINT('',(34.4446656271344,19.2601151528893,-37.2349482742432));
#8509=CARTESIAN_POINT('',(34.5124885049431,19.3319348254902,-37.218838746211));
#8510=CARTESIAN_POINT('',(34.5784028030514,19.3978250889822,-37.2024321129573));
#8511=CARTESIAN_POINT('',(34.642944499959,19.4587355338022,-37.1856418235174));
#8512=CARTESIAN_POINT('',(34.7053666996014,19.5143748863256,-37.1687184842261));
#8513=CARTESIAN_POINT('',(34.7667844032962,19.5660710838446,-37.151406654768));
#8514=CARTESIAN_POINT('',(34.8287160789626,19.6152393591804,-37.1332879604088));
#8515=CARTESIAN_POINT('',(34.8933416001497,19.6634210055074,-37.1136627251965));
#8516=CARTESIAN_POINT('',(34.9686236216003,19.7157445729258,-37.0899046098321));
#8517=CARTESIAN_POINT('',(35.0530359628367,19.7693039998811,-37.0620320066688));
#8518=CARTESIAN_POINT('',(35.1445264276604,19.8210477611609,-37.0302631083927));
#8519=CARTESIAN_POINT('',(35.2240769894398,19.8606873897352,-37.0012965341816));
#8520=CARTESIAN_POINT('',(35.2896769634053,19.8897518797113,-36.9764935426959));
#8521=CARTESIAN_POINT('',(35.339254619111,19.909703267227,-36.9572391764782));
#8522=CARTESIAN_POINT('',(35.3834146145413,19.9259180804643,-36.9396963091526));
#8523=CARTESIAN_POINT('',(35.4237089723366,19.9394207670665,-36.9233643997212));
#8524=CARTESIAN_POINT('',(35.4624872049253,19.9512024263928,-36.9073441199841));
#8525=CARTESIAN_POINT('',(35.4994342660311,19.9613094326716,-36.8918031188534));
#8526=CARTESIAN_POINT('',(35.5352434215232,19.9700485507515,-36.876481059323));
#8527=CARTESIAN_POINT('',(35.569970328513,19.9775109384377,-36.8613755837257));
#8528=CARTESIAN_POINT('',(35.6039473717301,19.9838236295749,-36.8463582878112));
#8529=CARTESIAN_POINT('',(35.6368528840511,19.9889884353083,-36.8315889115071));
#8530=CARTESIAN_POINT('',(35.6689255334317,19.9931071912488,-36.816978495211));
#8531=CARTESIAN_POINT('',(35.7001217832878,19.9962277834487,-36.8025623127566));
#8532=CARTESIAN_POINT('',(35.7307006473611,19.9984178961289,-36.7882333608859));
#8533=CARTESIAN_POINT('',(35.7606444920602,19.9997116621185,-36.7740110097959));
#8534=CARTESIAN_POINT('',(35.780445211621,19.9999999289446,-36.7644812012881));
#8535=CARTESIAN_POINT('',(35.7902610295412,19.9999999996918,-36.7597259820987));
#8536=AXIS2_PLACEMENT_3D('',#8537,#8538,#8539);
#8537=CARTESIAN_POINT('',(33.,20.,-31.));
#8538=DIRECTION('',(0.,-1.,-6.12323399573676E-17));
#8539=DIRECTION('',(0.435978285573393,5.51064842879515E-17,-0.899957184819636));
#8540=CARTESIAN_POINT('',(39.4,20.,-31.));
#8541=VECTOR('',#8542,1.);
#8542=DIRECTION('',(0.,1.,0.));
#8543=AXIS2_PLACEMENT_3D('',#8544,#8545,#8546);
#8544=CARTESIAN_POINT('',(-33.,20.,-31.));
#8545=DIRECTION('',(0.,-1.,-6.12323399573676E-17));
#8546=DIRECTION('',(-1.,3.39907768361722E-32,-5.55111512312578E-16));
#8547=CARTESIAN_POINT('',(-39.4,20.,-31.));
#8548=VECTOR('',#8549,1.);
#8549=DIRECTION('',(0.,1.,0.));
#8550=CARTESIAN_POINT('',(-33.,15.7109861589809,-39.4));
#8551=VECTOR('',#8552,1.);
#8552=DIRECTION('',(0.,0.90630778703665,0.4226182617407));
#8553=CARTESIAN_POINT('',(-33.,15.7109861589809,-39.4));
#8554=VECTOR('',#8555,1.);
#8555=DIRECTION('',(1.,-3.35161667811368E-17,0.));
#8556=AXIS2_PLACEMENT_3D('',#8557,#8558,#8559);
#8557=CARTESIAN_POINT('',(32.5,1.6,6.21508250567282E-15));
#8558=DIRECTION('',(0.,1.,6.12323399573677E-17));
#8559=DIRECTION('',(0.737500000000001,4.1353085234763E-17,-0.675347132962004));
#8560=AXIS2_PLACEMENT_3D('',#8561,#8562,#8563);
#8561=CARTESIAN_POINT('',(33.,1.6,-31.));
#8562=DIRECTION('',(0.,-1.,-6.12323399573677E-17));
#8563=DIRECTION('',(0.,6.12323399573677E-17,-1.));
#8564=CARTESIAN_POINT('',(20.5,1.6,-27.9));
#8565=AXIS2_PLACEMENT_3D('',#8566,#8567,#8568);
#8566=CARTESIAN_POINT('',(20.5,1.6,-32.9));
#8567=DIRECTION('',(0.,-1.,-6.12323399573677E-17));
#8568=DIRECTION('',(0.714142842854289,4.28626379701571E-17,-0.699999999999996));
#8569=CARTESIAN_POINT('',(-20.5,1.6,-27.9));
#8570=CARTESIAN_POINT('',(-20.5,1.6,-27.9));
#8571=VECTOR('',#8572,1.);
#8572=DIRECTION('',(1.,0.,-1.73303106282951E-16));
#8573=AXIS2_PLACEMENT_3D('',#8574,#8575,#8576);
#8574=CARTESIAN_POINT('',(-20.5,1.6,-32.9));
#8575=DIRECTION('',(0.,-1.,-6.12323399573677E-17));
#8576=DIRECTION('',(0.,-6.12323399573677E-17,1.));
#8577=AXIS2_PLACEMENT_3D('',#8578,#8579,#8580);
#8578=CARTESIAN_POINT('',(-33.,1.6,-31.));
#8579=DIRECTION('',(0.,-1.,-6.12323399573677E-17));
#8580=DIRECTION('',(-1.,0.,0.));
#8581=AXIS2_PLACEMENT_3D('',#8582,#8583,#8584);
#8582=CARTESIAN_POINT('',(-32.5,1.6,-4.83931435529463E-15));
#8583=DIRECTION('',(0.,1.,6.12323399573677E-17));
#8584=DIRECTION('',(-0.737500000000001,-4.1353085234763E-17,0.675347132962004));
#8585=CARTESIAN_POINT('',(-33.,1.6,36.4));
#8586=AXIS2_PLACEMENT_3D('',#8587,#8588,#8589);
#8587=CARTESIAN_POINT('',(-33.,1.6,31.));
#8588=DIRECTION('',(0.,-1.,-6.12323399573677E-17));
#8589=DIRECTION('',(0.,-6.12323399573677E-17,1.));
#8590=CARTESIAN_POINT('',(33.,1.6,36.4));
#8591=CARTESIAN_POINT('',(-33.,1.6,36.4));
#8592=VECTOR('',#8593,1.);
#8593=DIRECTION('',(1.,0.,0.));
#8594=AXIS2_PLACEMENT_3D('',#8595,#8596,#8597);
#8595=CARTESIAN_POINT('',(33.,1.6,31.));
#8596=DIRECTION('',(0.,-1.,-6.12323399573677E-17));
#8597=DIRECTION('',(1.,0.,0.));
#8598=CARTESIAN_POINT('',(30.,1.6,20.6));
#8599=AXIS2_PLACEMENT_3D('',#8600,#8601,#8602);
#8600=CARTESIAN_POINT('',(30.,1.6,26.1));
#8601=DIRECTION('',(0.,1.,6.12323399573677E-17));
#8602=DIRECTION('',(6.12323399573677E-17,6.12323399573677E-17,-1.));
#8603=CARTESIAN_POINT('',(-30.,1.6,20.6));
#8604=AXIS2_PLACEMENT_3D('',#8605,#8606,#8607);
#8605=CARTESIAN_POINT('',(-30.,1.6,26.1));
#8606=DIRECTION('',(0.,1.,6.12323399573677E-17));
#8607=DIRECTION('',(6.12323399573677E-17,6.12323399573677E-17,-1.));
#8608=CARTESIAN_POINT('',(15.,1.6,20.6));
#8609=AXIS2_PLACEMENT_3D('',#8610,#8611,#8612);
#8610=CARTESIAN_POINT('',(15.,1.6,26.1));
#8611=DIRECTION('',(0.,1.,6.12323399573677E-17));
#8612=DIRECTION('',(6.12323399573677E-17,6.12323399573677E-17,-1.));
#8613=CARTESIAN_POINT('',(-16.,1.6,-5.));
#8614=AXIS2_PLACEMENT_3D('',#8615,#8616,#8617);
#8615=CARTESIAN_POINT('',(-16.,1.6,0.499999999999999));
#8616=DIRECTION('',(0.,1.,6.12323399573677E-17));
#8617=DIRECTION('',(6.12323399573677E-17,6.12323399573677E-17,-1.));
#8618=CARTESIAN_POINT('',(-15.,6.6,23.6));
#8619=AXIS2_PLACEMENT_3D('',#8620,#8621,#8622);
#8620=CARTESIAN_POINT('',(-15.,6.6,26.1));
#8621=DIRECTION('',(0.,1.,6.12323399573677E-17));
#8622=DIRECTION('',(6.12323399573677E-17,6.12323399573677E-17,-1.));
#8623=CARTESIAN_POINT('',(2.22095059498455E-15,6.6,23.6));
#8624=AXIS2_PLACEMENT_3D('',#8625,#8626,#8627);
#8625=CARTESIAN_POINT('',(1.76170804530429E-15,6.6,26.1));
#8626=DIRECTION('',(0.,1.,6.12323399573677E-17));
#8627=DIRECTION('',(6.12323399573677E-17,6.12323399573677E-17,-1.));
#8628=CARTESIAN_POINT('',(35.5503293741106,15.7109861589809,-39.0034879948401));
#8629=CARTESIAN_POINT('',(35.5652581411882,16.0942004607133,-38.8111821291308));
#8630=CARTESIAN_POINT('',(35.5948432900099,16.7968044388332,-38.4561034186533));
#8631=CARTESIAN_POINT('',(35.6438082189442,17.785084263344,-37.9478392234624));
#8632=CARTESIAN_POINT('',(35.6925034140307,18.6299898659078,-37.5046119420493));
#8633=CARTESIAN_POINT('',(35.7408528621524,19.357996431647,-37.1140352658731));
#8634=CARTESIAN_POINT('',(35.7740616669684,19.7983398906508,-36.8720626857301));
#8635=CARTESIAN_POINT('',(35.7902610314127,19.9999999993836,-36.7597259813518));
#8636=CARTESIAN_POINT('',(36.1875,4.6,-3.37673566481001));
#8637=AXIS2_PLACEMENT_3D('',#8638,#8639,#8640);
#8638=CARTESIAN_POINT('',(38.4,4.59999999999999,-5.40277706369602));
#8639=DIRECTION('',(-0.675347132962003,1.19125132591508E-15,-0.737500000000002));
#8640=DIRECTION('',(2.27697138498667E-16,-1.,-1.82376398045261E-15));
#8641=CARTESIAN_POINT('',(36.1875,4.6,3.37673566481003));
#8642=CARTESIAN_POINT('',(36.1875,4.6,3.37673566481003));
#8643=CARTESIAN_POINT('',(36.2564588815618,4.6,3.30143042892521));
#8644=CARTESIAN_POINT('',(36.3848350209936,4.58806851263008,3.15209375746448));
#8645=CARTESIAN_POINT('',(36.5546727420329,4.54571345865082,2.92988062174068));
#8646=CARTESIAN_POINT('',(36.7038762116831,4.48711690892449,2.71102992735656));
#8647=CARTESIAN_POINT('',(36.8383388533703,4.41627191255654,2.49011302202622));
#8648=CARTESIAN_POINT('',(36.9630946931451,4.33406379546169,2.2593355943131));
#8649=CARTESIAN_POINT('',(37.0822769161959,4.23918623036299,2.00759176245121));
#8650=CARTESIAN_POINT('',(37.1940315100758,4.13382668681912,1.73145905935809));
#8651=CARTESIAN_POINT('',(37.2930404615285,4.02528419385755,1.43543032991541));
#8652=CARTESIAN_POINT('',(37.37309787892,3.92561083511045,1.1335623972683));
#8653=CARTESIAN_POINT('',(37.4316852646608,3.84512942992385,0.840490767815352));
#8654=CARTESIAN_POINT('',(37.4703788692597,3.78818997042267,0.564875092698452));
#8655=CARTESIAN_POINT('',(37.4926748919926,3.75393186797236,0.306713011377032));
#8656=CARTESIAN_POINT('',(37.5015802435314,3.73994160893686,0.0603980609876139));
#8657=CARTESIAN_POINT('',(37.4986454618461,3.7445715384129,-0.181185711700407));
#8658=CARTESIAN_POINT('',(37.4839328432217,3.76748265595476,-0.425184072178234));
#8659=CARTESIAN_POINT('',(37.4559925065304,3.80967947778125,-0.679028516886406));
#8660=CARTESIAN_POINT('',(37.4117888550362,3.87312208606114,-0.949430332700839));
#8661=CARTESIAN_POINT('',(37.3474959089475,3.95864719615802,-1.23833375209228));
#8662=CARTESIAN_POINT('',(37.2607807047059,4.06240144210188,-1.53927377145115));
#8663=CARTESIAN_POINT('',(37.1534167233947,4.17437780983305,-1.83829257050529));
#8664=CARTESIAN_POINT('',(37.0310819864199,4.28248187255213,-2.12117954511633));
#8665=CARTESIAN_POINT('',(36.9014379574614,4.37711633808859,-2.37752562031807));
#8666=CARTESIAN_POINT('',(36.7695319443382,4.45464066185693,-2.6061616920959));
#8667=CARTESIAN_POINT('',(36.6400204810332,4.51387744539836,-2.80669682058428));
#8668=CARTESIAN_POINT('',(36.5127182547397,4.55683127336498,-2.98538828454385));
#8669=CARTESIAN_POINT('',(36.394102924433,4.58366478077938,-3.13802043371722));
#8670=CARTESIAN_POINT('',(36.2861529122578,4.59722887956786,-3.26689168967323));
#8671=CARTESIAN_POINT('',(36.2188431149281,4.6,-3.34250801190193));
#8672=CARTESIAN_POINT('',(36.1875,4.6,-3.37673566481001));
#8673=CARTESIAN_POINT('',(38.4,1.6,5.40277706369606));
#8674=CARTESIAN_POINT('',(37.1039475067505,1.60000000000001,4.21594949015799));
#8675=CARTESIAN_POINT('',(36.1875,2.84264068711929,3.37673566481004));
#8676=CARTESIAN_POINT('',(36.1875,4.6,3.37673566481003));
#8677=AXIS2_PLACEMENT_3D('',#8678,#8679,#8680);
#8678=CARTESIAN_POINT('',(33.,4.6,36.4));
#8679=DIRECTION('',(1.,0.,0.));
#8680=DIRECTION('',(0.,1.60812264967664E-16,1.));
#8681=CARTESIAN_POINT('',(33.,20.,37.4));
#8682=CARTESIAN_POINT('',(33.,15.7109861589809,39.4));
#8683=VECTOR('',#8684,1.);
#8684=DIRECTION('',(0.,0.906307787036649,-0.422618261740701));
#8685=AXIS2_PLACEMENT_3D('',#8686,#8687,#8688);
#8686=CARTESIAN_POINT('',(33.,20.,31.));
#8687=DIRECTION('',(0.,-1.,-6.12323399573676E-17));
#8688=DIRECTION('',(1.,3.39907768361723E-32,-5.55111512312579E-16));
#8689=CARTESIAN_POINT('',(33.,15.7109861589809,39.4));
#8690=VECTOR('',#8691,1.);
#8691=DIRECTION('',(-1.,0.,0.));
#8692=CARTESIAN_POINT('',(-33.,4.6,39.4));
#8693=VECTOR('',#8694,1.);
#8694=DIRECTION('',(1.,0.,0.));
#8695=CARTESIAN_POINT('',(39.4,20.,31.));
#8696=VECTOR('',#8697,1.);
#8697=DIRECTION('',(0.,1.,0.));
#8698=CARTESIAN_POINT('',(33.,20.,37.4));
#8699=VECTOR('',#8700,1.);
#8700=DIRECTION('',(0.,1.,0.));
#8701=CARTESIAN_POINT('',(-33.,20.,37.4));
#8702=CARTESIAN_POINT('',(33.,20.,37.4));
#8703=VECTOR('',#8704,1.);
#8704=DIRECTION('',(-1.,0.,0.));
#8705=CARTESIAN_POINT('',(-33.,20.,37.4));
#8706=VECTOR('',#8707,1.);
#8707=DIRECTION('',(0.,1.,0.));
#8708=AXIS2_PLACEMENT_3D('',#8709,#8710,#8711);
#8709=CARTESIAN_POINT('',(-33.,20.,31.));
#8710=DIRECTION('',(0.,-1.,-6.12323399573676E-17));
#8711=DIRECTION('',(0.,-6.12323399573676E-17,1.));
#8712=CARTESIAN_POINT('',(-39.4,20.,31.));
#8713=VECTOR('',#8714,1.);
#8714=DIRECTION('',(0.,1.,0.));
#8715=CARTESIAN_POINT('',(-33.,15.7109861589809,39.4));
#8716=VECTOR('',#8717,1.);
#8717=DIRECTION('',(0.,0.90630778703665,-0.4226182617407));
#8718=AXIS2_PLACEMENT_3D('',#8719,#8720,#8721);
#8719=CARTESIAN_POINT('',(-33.,4.6,36.4));
#8720=DIRECTION('',(1.,5.42057976867786E-32,-8.85247856353666E-16));
#8721=DIRECTION('',(8.85247856353666E-16,1.77635683940025E-15,1.));
#8722=CARTESIAN_POINT('',(-36.1875,4.6,3.37673566481002));
#8723=AXIS2_PLACEMENT_3D('',#8724,#8725,#8726);
#8724=CARTESIAN_POINT('',(-38.4,4.60000000000002,5.40277706369604));
#8725=DIRECTION('',(0.675347132962004,4.6756614542167E-15,0.737500000000001));
#8726=DIRECTION('',(4.70194681752704E-15,-1.,2.03419003614914E-15));
#8727=CARTESIAN_POINT('',(-36.1875,4.6,-3.37673566481002));
#8728=CARTESIAN_POINT('',(-36.1875,4.6,-3.37673566481003));
#8729=CARTESIAN_POINT('',(-36.2564588815605,4.6,-3.30143042892668));
#8730=CARTESIAN_POINT('',(-36.3848350209908,4.58806851263047,-3.1520937574679));
#8731=CARTESIAN_POINT('',(-36.5546727420287,4.54571345865215,-2.92988062174654));
#8732=CARTESIAN_POINT('',(-36.7038762116783,4.48711690892664,-2.71102992736392));
#8733=CARTESIAN_POINT('',(-36.8383388533653,4.41627191255949,-2.49011302203488));
#8734=CARTESIAN_POINT('',(-36.96309469314,4.3340637954654,-2.25933559432319));
#8735=CARTESIAN_POINT('',(-37.0822769161913,4.23918623036698,-2.00759176246164));
#8736=CARTESIAN_POINT('',(-37.1940315100718,4.13382668682321,-1.73145905936896));
#8737=CARTESIAN_POINT('',(-37.2930404615257,4.0252841938609,-1.43543032992498));
#8738=CARTESIAN_POINT('',(-37.3730978789177,3.92561083511352,-1.13356239727834));
#8739=CARTESIAN_POINT('',(-37.4316852646588,3.84512942992672,-0.840490767826794));
#8740=CARTESIAN_POINT('',(-37.4703788692579,3.78818997042529,-0.564875092713345));
#8741=CARTESIAN_POINT('',(-37.4926748919918,3.75393186797362,-0.30671301139103));
#8742=CARTESIAN_POINT('',(-37.5015802435316,3.7399416089366,-0.0603980609933338));
#8743=CARTESIAN_POINT('',(-37.4986454618459,3.7445715384131,0.18118571171599));
#8744=CARTESIAN_POINT('',(-37.4839328432167,3.76748265596255,0.425184072252247));
#8745=CARTESIAN_POINT('',(-37.4559925065031,3.80967947782223,0.679028517113246));
#8746=CARTESIAN_POINT('',(-37.411788854948,3.87312208618577,0.949430333191762));
#8747=CARTESIAN_POINT('',(-37.3474959087561,3.9586471964043,1.23833375286634));
#8748=CARTESIAN_POINT('',(-37.260780704413,4.06240144243209,1.53927377236005));
#8749=CARTESIAN_POINT('',(-37.1534167230569,4.17437781015627,1.83829257135031));
#8750=CARTESIAN_POINT('',(-37.0310819860881,4.28248187281765,2.12117954581875));
#8751=CARTESIAN_POINT('',(-36.9014379570948,4.3771163383333,2.37752562100099));
#8752=CARTESIAN_POINT('',(-36.7695319438191,4.45464066213763,2.6061616929585));
#8753=CARTESIAN_POINT('',(-36.6400204802179,4.51387744573635,2.8066968218017));
#8754=CARTESIAN_POINT('',(-36.5127182535193,4.55683127372494,2.98538828619928));
#8755=CARTESIAN_POINT('',(-36.3941029229941,4.58366478103828,3.1380204355041));
#8756=CARTESIAN_POINT('',(-36.2861529111738,4.59722887963626,3.26689169090931));
#8757=CARTESIAN_POINT('',(-36.218843114446,4.6,3.34250801242849));
#8758=CARTESIAN_POINT('',(-36.1875,4.6,3.37673566481002));
#8759=CARTESIAN_POINT('',(-38.4,1.6,-5.40277706369606));
#8760=CARTESIAN_POINT('',(-37.1039475067505,1.60000000000001,-4.21594949015799));
#8761=CARTESIAN_POINT('',(-36.1875,2.84264068711929,-3.37673566481004));
#8762=CARTESIAN_POINT('',(-36.1875,4.6,-3.37673566481003));
#8763=CARTESIAN_POINT('',(20.5,4.19807621135337,-34.9));
#8764=AXIS2_PLACEMENT_3D('',#8765,#8766,#8767);
#8765=CARTESIAN_POINT('',(20.5,4.19807621135332,-37.9));
#8766=DIRECTION('',(-1.,0.,0.));
#8767=DIRECTION('',(0.,-0.866025403784433,0.50000000000001));
#8768=CARTESIAN_POINT('',(21.9282856857086,4.6,-34.3));
#8769=CARTESIAN_POINT('',(20.5,4.19807621135331,-34.9));
#8770=CARTESIAN_POINT('',(20.5586885584114,4.19807621135331,-34.9));
#8771=CARTESIAN_POINT('',(20.6706015739703,4.20523530599919,-34.8950838066443));
#8772=CARTESIAN_POINT('',(20.8289930649017,4.23390860984373,-34.8747007608228));
#8773=CARTESIAN_POINT('',(20.9753618523774,4.27400306675965,-34.844458481054));
#8774=CARTESIAN_POINT('',(21.1119975749724,4.32133368900534,-34.80583019583));
#8775=CARTESIAN_POINT('',(21.2437536187076,4.37378026747559,-34.7582600939517));
#8776=CARTESIAN_POINT('',(21.3679627218682,4.42672159132148,-34.7035140663244));
#8777=CARTESIAN_POINT('',(21.4847233143114,4.47690280246936,-34.6423890950669));
#8778=CARTESIAN_POINT('',(21.5906122868796,4.52006735734859,-34.5779009488943));
#8779=CARTESIAN_POINT('',(21.6840291783448,4.55381571008608,-34.5130392895905));
#8780=CARTESIAN_POINT('',(21.7673456546709,4.57847471583247,-34.4483203443087));
#8781=CARTESIAN_POINT('',(21.8473965238833,4.59527672749391,-34.3793305080272));
#8782=CARTESIAN_POINT('',(21.9008286945181,4.6,-34.3280117339214));
#8783=CARTESIAN_POINT('',(21.9282856857086,4.6,-34.3));
#8784=AXIS2_PLACEMENT_3D('',#8785,#8786,#8787);
#8785=CARTESIAN_POINT('',(24.0707142142715,4.60000000000001,-36.4));
#8786=DIRECTION('',(-0.699999999999995,3.69287911033675E-15,-0.71414284285429));
#8787=DIRECTION('',(-3.21289833175857E-15,-1.,-2.02179478874979E-15));
#8788=CARTESIAN_POINT('',(-21.9282856857086,4.6,-34.3));
#8789=AXIS2_PLACEMENT_3D('',#8790,#8791,#8792);
#8790=CARTESIAN_POINT('',(-24.0707142142715,4.59999999999999,-36.4));
#8791=DIRECTION('',(-0.699999999999992,-1.81963640033528E-14,0.714142842854293));
#8792=DIRECTION('',(1.16730619263153E-14,-1.,-1.40381168210877E-14));
#8793=CARTESIAN_POINT('',(-20.5,4.19807621135337,-34.9));
#8794=CARTESIAN_POINT('',(-21.9282856857086,4.6,-34.3));
#8795=CARTESIAN_POINT('',(-21.890958630974,4.6,-34.3380812128337));
#8796=CARTESIAN_POINT('',(-21.8166501532429,4.59113600444211,-34.4078748101587));
#8797=CARTESIAN_POINT('',(-21.7062022811905,4.56163066666991,-34.4972920145619));
#8798=CARTESIAN_POINT('',(-21.5959484235598,4.52227813946245,-34.574711724653));
#8799=CARTESIAN_POINT('',(-21.4829302619905,4.47615811283925,-34.6434681756638));
#8800=CARTESIAN_POINT('',(-21.3629828214523,4.42456917250108,-34.7059866665222));
#8801=CARTESIAN_POINT('',(-21.2345138901663,4.36989321324656,-34.7620766097972));
#8802=CARTESIAN_POINT('',(-21.0984814683295,4.31621711305332,-34.8102149091268));
#8803=CARTESIAN_POINT('',(-20.9587206041595,4.26883190236655,-34.8484802175792));
#8804=CARTESIAN_POINT('',(-20.8158722879211,4.23114251619936,-34.8766782163446));
#8805=CARTESIAN_POINT('',(-20.6852637299429,4.20852173766893,-34.8927403931649));
#8806=CARTESIAN_POINT('',(-20.5793495595523,4.19945025206268,-34.899048928202));
#8807=CARTESIAN_POINT('',(-20.5221899602155,4.19807621135331,-34.9));
#8808=CARTESIAN_POINT('',(-20.5,4.19807621135332,-34.9));
#8809=AXIS2_PLACEMENT_3D('',#8810,#8811,#8812);
#8810=CARTESIAN_POINT('',(-20.5,4.19807621135333,-37.9));
#8811=DIRECTION('',(-1.,1.18423789293351E-15,-4.41963598467618E-15));
#8812=DIRECTION('',(-3.23539809174269E-15,-0.866025403784435,0.500000000000006));
#8813=CARTESIAN_POINT('',(20.5,4.19807621135346,-34.9));
#8814=VECTOR('',#8815,1.);
#8815=DIRECTION('',(-1.,6.49886648561067E-17,0.));
#8816=CARTESIAN_POINT('',(32.5,4.6,-4.99999999999999));
#8817=AXIS2_PLACEMENT_3D('',#8818,#8819,#8820);
#8818=CARTESIAN_POINT('',(32.5,4.6,6.39877952554492E-15));
#8819=DIRECTION('',(0.,1.,6.12323399573677E-17));
#8820=DIRECTION('',(0.,6.12323399573677E-17,-1.));
#8821=AXIS2_PLACEMENT_3D('',#8822,#8823,#8824);
#8822=CARTESIAN_POINT('',(32.5,4.6,6.39877952554492E-15));
#8823=DIRECTION('',(0.,1.,6.12323399573677E-17));
#8824=DIRECTION('',(0.737500000000001,4.1353085234763E-17,-0.675347132962004));
#8825=CARTESIAN_POINT('',(20.5,4.6,-30.9));
#8826=AXIS2_PLACEMENT_3D('',#8827,#8828,#8829);
#8827=CARTESIAN_POINT('',(20.5,4.6,-32.9));
#8828=DIRECTION('',(5.08407606104242E-47,-1.,3.38353683695286E-16));
#8829=DIRECTION('',(0.71414284285429,-2.36847578586698E-16,-0.699999999999995));
#8830=AXIS2_PLACEMENT_3D('',#8831,#8832,#8833);
#8831=CARTESIAN_POINT('',(20.5,4.6,-27.9));
#8832=DIRECTION('',(1.,0.,-1.09314267040015E-16));
#8833=DIRECTION('',(2.56699559551748E-32,-1.,2.34827133276007E-16));
#8834=CARTESIAN_POINT('',(-20.5,4.6,-30.9));
#8835=CARTESIAN_POINT('',(-20.5,4.6,-30.9));
#8836=VECTOR('',#8837,1.);
#8837=DIRECTION('',(1.,2.16628882853689E-17,-1.73303106282951E-16));
#8838=AXIS2_PLACEMENT_3D('',#8839,#8840,#8841);
#8839=CARTESIAN_POINT('',(-20.5,4.6,-27.9));
#8840=DIRECTION('',(1.,5.09861652542584E-32,-8.32667268468867E-16));
#8841=DIRECTION('',(-9.35089966272006E-31,-1.,-1.1842378929335E-15));
#8842=AXIS2_PLACEMENT_3D('',#8843,#8844,#8845);
#8843=CARTESIAN_POINT('',(-20.5,4.6,-32.9));
#8844=DIRECTION('',(-3.38353683695286E-16,-1.,0.));
#8845=DIRECTION('',(3.5527136788005E-15,-1.20207376033678E-30,1.));
#8846=CARTESIAN_POINT('',(-32.5,4.6,-5.));
#8847=AXIS2_PLACEMENT_3D('',#8848,#8849,#8850);
#8848=CARTESIAN_POINT('',(-32.5,4.6,-4.65561733542253E-15));
#8849=DIRECTION('',(0.,1.,6.12323399573677E-17));
#8850=DIRECTION('',(0.,6.12323399573677E-17,-1.));
#8851=AXIS2_PLACEMENT_3D('',#8852,#8853,#8854);
#8852=CARTESIAN_POINT('',(-32.5,4.6,-4.65561733542253E-15));
#8853=DIRECTION('',(0.,1.,6.12323399573677E-17));
#8854=DIRECTION('',(-0.7375,-4.1353085234763E-17,0.675347132962004));
#8855=CARTESIAN_POINT('',(30.,4.6,23.6));
#8856=AXIS2_PLACEMENT_3D('',#8857,#8858,#8859);
#8857=CARTESIAN_POINT('',(30.,4.6,26.1));
#8858=DIRECTION('',(0.,1.,6.12323399573677E-17));
#8859=DIRECTION('',(0.,6.12323399573677E-17,-1.));
#8860=CARTESIAN_POINT('',(-30.,4.6,23.6));
#8861=AXIS2_PLACEMENT_3D('',#8862,#8863,#8864);
#8862=CARTESIAN_POINT('',(-30.,4.6,26.1));
#8863=DIRECTION('',(0.,1.,6.12323399573677E-17));
#8864=DIRECTION('',(0.,6.12323399573677E-17,-1.));
#8865=CARTESIAN_POINT('',(15.,4.6,23.6));
#8866=AXIS2_PLACEMENT_3D('',#8867,#8868,#8869);
#8867=CARTESIAN_POINT('',(15.,4.6,26.1));
#8868=DIRECTION('',(0.,1.,6.12323399573677E-17));
#8869=DIRECTION('',(0.,6.12323399573677E-17,-1.));
#8870=CARTESIAN_POINT('',(-16.,4.6,-2.));
#8871=AXIS2_PLACEMENT_3D('',#8872,#8873,#8874);
#8872=CARTESIAN_POINT('',(-16.,4.6,0.499999999999999));
#8873=DIRECTION('',(0.,1.,6.12323399573677E-17));
#8874=DIRECTION('',(0.,6.12323399573677E-17,-1.));
#8875=CARTESIAN_POINT('',(32.5,6.6,-4.99999999999999));
#8876=AXIS2_PLACEMENT_3D('',#8877,#8878,#8879);
#8877=CARTESIAN_POINT('',(32.5,6.6,6.52124420545966E-15));
#8878=DIRECTION('',(0.,1.,6.12323399573677E-17));
#8879=DIRECTION('',(6.12323399573677E-17,6.12323399573677E-17,-1.));
#8880=CARTESIAN_POINT('',(-32.5,6.6,-5.));
#8881=AXIS2_PLACEMENT_3D('',#8882,#8883,#8884);
#8882=CARTESIAN_POINT('',(-32.5,6.6,-4.5331526555078E-15));
#8883=DIRECTION('',(0.,1.,6.12323399573677E-17));
#8884=DIRECTION('',(6.12323399573677E-17,6.12323399573677E-17,-1.));
#8885=CARTESIAN_POINT('',(20.5,6.6,-34.9));
#8886=CARTESIAN_POINT('',(20.5,4.19807621135331,-34.9));
#8887=VECTOR('',#8888,1.);
#8888=DIRECTION('',(0.,1.,0.));
#8889=CARTESIAN_POINT('',(20.5,6.6,-30.9));
#8890=AXIS2_PLACEMENT_3D('',#8891,#8892,#8893);
#8891=CARTESIAN_POINT('',(20.5,6.6,-32.9));
#8892=DIRECTION('',(0.,1.,6.12323399573677E-17));
#8893=DIRECTION('',(7.105427357601E-15,-6.12323399573677E-17,1.));
#8894=CARTESIAN_POINT('',(20.5,4.6,-30.9));
#8895=VECTOR('',#8896,1.);
#8896=DIRECTION('',(0.,1.,0.));
#8897=CARTESIAN_POINT('',(-20.5,6.6,-30.9));
#8898=CARTESIAN_POINT('',(-20.5,4.6,-30.9));
#8899=VECTOR('',#8900,1.);
#8900=DIRECTION('',(0.,1.,0.));
#8901=CARTESIAN_POINT('',(-20.5,6.6,-34.9));
#8902=AXIS2_PLACEMENT_3D('',#8903,#8904,#8905);
#8903=CARTESIAN_POINT('',(-20.5,6.6,-32.9));
#8904=DIRECTION('',(0.,1.,6.12323399573677E-17));
#8905=DIRECTION('',(0.,6.12323399573677E-17,-1.));
#8906=CARTESIAN_POINT('',(-20.5,4.19807621135332,-34.9));
#8907=VECTOR('',#8908,1.);
#8908=DIRECTION('',(0.,1.,0.));
#8909=CARTESIAN_POINT('',(20.5,6.6,-34.9));
#8910=VECTOR('',#8911,1.);
#8911=DIRECTION('',(-1.,0.,0.));
#8912=CARTESIAN_POINT('',(-20.5,6.6,-30.9));
#8913=VECTOR('',#8914,1.);
#8914=DIRECTION('',(1.,0.,-1.73303106282951E-16));
#8915=CARTESIAN_POINT('',(30.,6.6,23.6));
#8916=AXIS2_PLACEMENT_3D('',#8917,#8918,#8919);
#8917=CARTESIAN_POINT('',(30.,6.6,26.1));
#8918=DIRECTION('',(0.,1.,6.12323399573677E-17));
#8919=DIRECTION('',(6.12323399573677E-17,6.12323399573677E-17,-1.));
#8920=CARTESIAN_POINT('',(-30.,6.6,23.6));
#8921=AXIS2_PLACEMENT_3D('',#8922,#8923,#8924);
#8922=CARTESIAN_POINT('',(-30.,6.6,26.1));
#8923=DIRECTION('',(0.,1.,6.12323399573677E-17));
#8924=DIRECTION('',(6.12323399573677E-17,6.12323399573677E-17,-1.));
#8925=CARTESIAN_POINT('',(15.,6.6,23.6));
#8926=AXIS2_PLACEMENT_3D('',#8927,#8928,#8929);
#8927=CARTESIAN_POINT('',(15.,6.6,26.1));
#8928=DIRECTION('',(0.,1.,6.12323399573677E-17));
#8929=DIRECTION('',(6.12323399573677E-17,6.12323399573677E-17,-1.));
#8930=CARTESIAN_POINT('',(-16.,6.6,-2.));
#8931=AXIS2_PLACEMENT_3D('',#8932,#8933,#8934);
#8932=CARTESIAN_POINT('',(-16.,6.6,0.499999999999999));
#8933=DIRECTION('',(0.,1.,6.12323399573677E-17));
#8934=DIRECTION('',(6.12323399573677E-17,6.12323399573677E-17,-1.));
#8935=CARTESIAN_POINT('',(32.5,6.6,-0.849999999999993));
#8936=AXIS2_PLACEMENT_3D('',#8937,#8938,#8939);
#8937=CARTESIAN_POINT('',(32.5,6.6,6.52124420545966E-15));
#8938=DIRECTION('',(0.,1.,6.12323399573677E-17));
#8939=DIRECTION('',(6.12323399573677E-17,6.12323399573677E-17,-1.));
#8940=CARTESIAN_POINT('',(-32.5,6.6,-0.850000000000005));
#8941=AXIS2_PLACEMENT_3D('',#8942,#8943,#8944);
#8942=CARTESIAN_POINT('',(-32.5,6.6,-4.5331526555078E-15));
#8943=DIRECTION('',(0.,1.,6.12323399573677E-17));
#8944=DIRECTION('',(6.12323399573677E-17,6.12323399573677E-17,-1.));
#8945=CARTESIAN_POINT('',(32.5,1.6,-0.849999999999994));
#8946=AXIS2_PLACEMENT_3D('',#8947,#8948,#8949);
#8947=CARTESIAN_POINT('',(32.5,1.6,6.21508250567282E-15));
#8948=DIRECTION('',(0.,1.,6.12323399573677E-17));
#8949=DIRECTION('',(6.12323399573677E-17,6.12323399573677E-17,-1.));
#8950=CARTESIAN_POINT('',(-32.5,1.6,-0.850000000000005));
#8951=AXIS2_PLACEMENT_3D('',#8952,#8953,#8954);
#8952=CARTESIAN_POINT('',(-32.5,1.6,-4.83931435529463E-15));
#8953=DIRECTION('',(0.,1.,6.12323399573677E-17));
#8954=DIRECTION('',(6.12323399573677E-17,6.12323399573677E-17,-1.));
ENDSEC;
END-ISO-10303-21;
