ISO-10303-21;
HEADER;
FILE_DESCRIPTION(('STEP AP203'),
    '1');
FILE_NAME('Крышка корпуса базовой станции',
    '2026-07-27T07:27:44',
    ('rizz'),
    (''),
    'C3D Converter',
    'C3D Toolkit',
    '');
/**/
FILE_SCHEMA(('CONFIG_CONTROL_DESIGN'));
ENDSEC;

DATA;
#1=PRODUCT_DEFINITION('','UNSPECIFIED',#28,#31);
#2=SHAPE_DEFINITION_REPRESENTATION(#26,#3);
#3=SHAPE_REPRESENTATION('NONE',(#4),#8);
#4=AXIS2_PLACEMENT_3D('',#5,#6,#7);
#5=CARTESIAN_POINT('',(0.,0.,0.));
#6=DIRECTION('',(0.,0.,1.));
#7=DIRECTION('',(1.,0.,0.));
#8=(GEOMETRIC_REPRESENTATION_CONTEXT(3)GLOBAL_UNCERTAINTY_ASSIGNED_CONTEXT((#10))
GLOBAL_UNIT_ASSIGNED_CONTEXT((#9,#11,#12))REPRESENTATION_CONTEXT('NONE','NONE'));
#9=(LENGTH_UNIT()NAMED_UNIT(*)SI_UNIT(.MILLI.,.METRE.));
#10=UNCERTAINTY_MEASURE_WITH_UNIT(LENGTH_MEASURE(1.E-5),#9,'NONE','NONE');
#11=(NAMED_UNIT(*)PLANE_ANGLE_UNIT()SI_UNIT($,.RADIAN.));
#12=(NAMED_UNIT(*)SI_UNIT($,.STERADIAN.)SOLID_ANGLE_UNIT());
#13=MANIFOLD_SOLID_BREP('',#14);
#14=CLOSED_SHELL('',(#53,#54,#55,#56,#57,#58,#59,#60,#61,#62,#63,#64,#65,#66,#67,
#68,#69,#70,#71,#72,#73,#74,#75,#76,#77,#78,#79,#80,#81,#82,#83,#84,#85,#86,#87,
#88,#89,#90,#91,#92,#93,#94,#95,#96,#97,#98,#99,#100,#101,#102,#103,#104,#105,#106,
#107,#108,#109,#110,#111,#112,#113,#114,#115,#116,#117,#118,#119,#120,#121,#122,
#123,#124,#125,#126,#127,#128,#129,#130,#131,#132,#133,#134,#135,#136,#137,#138,
#139,#140,#141,#142,#143,#144,#145,#146,#147,#148,#149,#150,#151,#152,#153,#154,
#155,#156,#157,#158,#159,#160,#161,#162,#163,#164,#165,#166,#167,#168,#169,#170,
#171,#172,#173,#174,#175,#176,#177,#178,#179,#180,#181,#182,#183,#184,#185,#186,
#187,#188,#189,#190,#191,#192,#193,#194,#195,#196,#197,#198,#199,#200,#201,#202,
#203,#204,#205,#206,#207,#208,#209,#210,#211,#212,#213,#214,#215,#216,#217,#218,
#219,#220,#221,#222,#223,#224,#225,#226,#227,#228,#229,#230,#231,#232,#233,#234,
#235,#236,#237,#238,#239,#240,#241,#242,#243,#244,#245,#246,#247,#248,#249,#250,
#251,#252,#253,#254,#255,#256,#257,#258,#259,#260,#261,#262,#263,#264,#265,#266,
#267,#268,#269,#270,#271,#272,#273,#274,#275,#276,#277,#278,#279,#280,#281,#282,
#283,#284,#285,#286,#287,#288,#289,#290,#291,#292,#293,#294,#295,#296,#297,#298,
#299,#300,#301,#302,#303,#304,#305,#306,#307,#308,#309,#310,#311,#312,#313,#314,
#315,#316,#317,#318,#319,#320,#321,#322,#323,#324,#325,#326,#327,#328,#329,#330,
#331,#332,#333,#334,#335,#336,#337,#338,#339,#340,#341,#342,#343,#344,#345,#346,
#347,#348,#349,#350,#351,#352,#353,#354,#355,#356,#357,#358,#359,#360,#361,#362,
#363,#364,#365,#366,#367,#368,#369,#370,#371,#372,#373,#374,#375,#376,#377,#378,
#379,#380,#381,#382,#383,#384,#385,#386,#387,#388,#389,#390,#391,#392,#393,#394,
#395,#396,#397,#398,#399,#400,#401,#402,#403,#404,#405,#406,#407,#408,#409,#410,
#411,#412,#413,#414,#415,#416,#417,#418,#419,#420,#421,#422,#423,#424,#425,#426,
#427,#428,#429,#430,#431,#432,#433,#434,#435,#436,#437,#438,#439,#440,#441,#442,
#443,#444,#445,#446,#447,#448,#449,#450,#451,#452,#453,#454,#455,#456,#457,#458,
#459,#460,#461,#462));
#15=COLOUR_RGB('',0.8,0.4,0.);
#16=FILL_AREA_STYLE_COLOUR('',#15);
#17=FILL_AREA_STYLE($,(#16));
#18=SURFACE_STYLE_FILL_AREA(#17);
#19=SURFACE_SIDE_STYLE('',(#18));
#20=SURFACE_STYLE_USAGE(.BOTH.,#19);
#21=PRESENTATION_STYLE_ASSIGNMENT((#20));
#22=MECHANICAL_DESIGN_GEOMETRIC_PRESENTATION_REPRESENTATION('NONE',(#23),#8);
#23=STYLED_ITEM('',(#21),#13);
#24=ADVANCED_BREP_SHAPE_REPRESENTATION('NONE',(#13),#8);
#25=SHAPE_REPRESENTATION_RELATIONSHIP('','',#3,#24);
#26=PRODUCT_DEFINITION_SHAPE('NONE','NONE',#1);
#27=MECHANICAL_CONTEXT('NONE',#32,'mechanical');
#28=PRODUCT_DEFINITION_FORMATION_WITH_SPECIFIED_SOURCE('ANY','UNSPECIFIED',#29,.NOT_KNOWN.);
#29=PRODUCT('','\X2\041A0440044B0448043A0430\X0\ \X2\043A043E0440043F044304410430\X0\ \X2\043104300437043E0432043E0439\X0\ \X2\044104420430043D044604380438\X0\',
'NONE',(#27));
#30=PRODUCT_RELATED_PRODUCT_CATEGORY('detail','',(#29));
#31=DESIGN_CONTEXT('detailed design',#32,'design');
#32=APPLICATION_CONTEXT('configuration controlled 3d designs of mechanical parts and assemblies');
#33=APPLICATION_PROTOCOL_DEFINITION('international standard','config_control_design',
1994,#32);
#34=CC_DESIGN_DATE_AND_TIME_ASSIGNMENT(#35,#39,(#1));
#35=DATE_AND_TIME(#36,#37);
#36=CALENDAR_DATE(0,1,1);
#37=LOCAL_TIME(0,0,0.,#38);
#38=COORDINATED_UNIVERSAL_TIME_OFFSET(0,0,.AHEAD.);
#39=DATE_TIME_ROLE('creation_date');
#40=CC_DESIGN_APPROVAL(#41,(#1));
#41=APPROVAL(#42,'UNSPECIFIED');
#42=APPROVAL_STATUS('not_yet_approved');
#43=APPROVAL_DATE_TIME(#44,#41);
#44=DATE_AND_TIME(#45,#46);
#45=CALENDAR_DATE(0,1,1);
#46=LOCAL_TIME(0,0,0.,#47);
#47=COORDINATED_UNIVERSAL_TIME_OFFSET(0,0,.AHEAD.);
#48=PERSON('UNSPECIFIED','rizz','UNSPECIFIED',('UNSPECIFIED'),('UNSPECIFIED'),('UNSPECIFIED'));
#49=ORGANIZATION('UNSPECIFIED','UNSPECIFIED','UNSPECIFIED');
#50=PERSON_AND_ORGANIZATION(#48,#49);
#51=PERSON_AND_ORGANIZATION_ROLE('creator');
#52=CC_DESIGN_PERSON_AND_ORGANIZATION_ASSIGNMENT(#50,#51,(#28,#1));
#53=ADVANCED_FACE('',(#463),#465,.T.);
#54=ADVANCED_FACE('',(#470),#472,.F.);
#55=ADVANCED_FACE('',(#477),#479,.F.);
#56=ADVANCED_FACE('',(#484),#486,.F.);
#57=ADVANCED_FACE('',(#491),#493,.F.);
#58=ADVANCED_FACE('',(#498),#500,.F.);
#59=ADVANCED_FACE('',(#505),#507,.F.);
#60=ADVANCED_FACE('',(#512,#514,#516,#518,#520,#522,#524,#526,#528,#530,#532,#534),
#536,.F.);
#61=ADVANCED_FACE('',(#541),#543,.T.);
#62=ADVANCED_FACE('',(#548,#550,#552,#554,#556,#558,#560,#562,#564,#566,#568,#570,
#572,#574,#576,#578),#580,.T.);
#63=ADVANCED_FACE('',(#585),#587,.T.);
#64=ADVANCED_FACE('',(#592),#594,.F.);
#65=ADVANCED_FACE('',(#599),#601,.T.);
#66=ADVANCED_FACE('',(#606),#608,.T.);
#67=ADVANCED_FACE('',(#613),#615,.T.);
#68=ADVANCED_FACE('',(#620),#622,.T.);
#69=ADVANCED_FACE('',(#627),#629,.F.);
#70=ADVANCED_FACE('',(#634),#636,.F.);
#71=ADVANCED_FACE('',(#641),#643,.F.);
#72=ADVANCED_FACE('',(#648),#650,.F.);
#73=ADVANCED_FACE('',(#655),#657,.F.);
#74=ADVANCED_FACE('',(#662),#664,.F.);
#75=ADVANCED_FACE('',(#669),#671,.F.);
#76=ADVANCED_FACE('',(#676),#678,.F.);
#77=ADVANCED_FACE('',(#683),#685,.T.);
#78=ADVANCED_FACE('',(#690),#692,.F.);
#79=ADVANCED_FACE('',(#697),#699,.T.);
#80=ADVANCED_FACE('',(#704),#706,.F.);
#81=ADVANCED_FACE('',(#711),#713,.T.);
#82=ADVANCED_FACE('',(#718),#720,.F.);
#83=ADVANCED_FACE('',(#725),#727,.T.);
#84=ADVANCED_FACE('',(#732),#734,.F.);
#85=ADVANCED_FACE('',(#739),#741,.F.);
#86=ADVANCED_FACE('',(#746),#748,.F.);
#87=ADVANCED_FACE('',(#753),#755,.F.);
#88=ADVANCED_FACE('',(#760),#762,.F.);
#89=ADVANCED_FACE('',(#767),#769,.F.);
#90=ADVANCED_FACE('',(#774),#776,.F.);
#91=ADVANCED_FACE('',(#781),#783,.F.);
#92=ADVANCED_FACE('',(#788),#790,.F.);
#93=ADVANCED_FACE('',(#795),#797,.F.);
#94=ADVANCED_FACE('',(#802,#804),#806,.T.);
#95=ADVANCED_FACE('',(#811),#813,.F.);
#96=ADVANCED_FACE('',(#818),#820,.T.);
#97=ADVANCED_FACE('',(#825),#827,.T.);
#98=ADVANCED_FACE('',(#832),#834,.T.);
#99=ADVANCED_FACE('',(#839,#841),#843,.T.);
#100=ADVANCED_FACE('',(#848,#850),#852,.T.);
#101=ADVANCED_FACE('',(#857),#859,.F.);
#102=ADVANCED_FACE('',(#864),#866,.F.);
#103=ADVANCED_FACE('',(#871),#873,.F.);
#104=ADVANCED_FACE('',(#878),#880,.F.);
#105=ADVANCED_FACE('',(#885),#887,.F.);
#106=ADVANCED_FACE('',(#892),#894,.F.);
#107=ADVANCED_FACE('',(#899),#901,.F.);
#108=ADVANCED_FACE('',(#906),#908,.F.);
#109=ADVANCED_FACE('',(#913),#915,.F.);
#110=ADVANCED_FACE('',(#920),#922,.F.);
#111=ADVANCED_FACE('',(#927),#929,.F.);
#112=ADVANCED_FACE('',(#934),#936,.F.);
#113=ADVANCED_FACE('',(#941),#943,.F.);
#114=ADVANCED_FACE('',(#948),#950,.F.);
#115=ADVANCED_FACE('',(#955),#957,.F.);
#116=ADVANCED_FACE('',(#962),#964,.F.);
#117=ADVANCED_FACE('',(#969),#971,.T.);
#118=ADVANCED_FACE('',(#976),#978,.F.);
#119=ADVANCED_FACE('',(#983),#985,.T.);
#120=ADVANCED_FACE('',(#990),#992,.F.);
#121=ADVANCED_FACE('',(#997),#999,.T.);
#122=ADVANCED_FACE('',(#1004),#1006,.F.);
#123=ADVANCED_FACE('',(#1011),#1013,.T.);
#124=ADVANCED_FACE('',(#1018),#1020,.F.);
#125=ADVANCED_FACE('',(#1025),#1027,.F.);
#126=ADVANCED_FACE('',(#1032),#1034,.F.);
#127=ADVANCED_FACE('',(#1039),#1041,.F.);
#128=ADVANCED_FACE('',(#1046),#1048,.F.);
#129=ADVANCED_FACE('',(#1053),#1055,.F.);
#130=ADVANCED_FACE('',(#1060),#1062,.F.);
#131=ADVANCED_FACE('',(#1067),#1069,.F.);
#132=ADVANCED_FACE('',(#1074),#1076,.F.);
#133=ADVANCED_FACE('',(#1081),#1083,.F.);
#134=ADVANCED_FACE('',(#1088),#1090,.F.);
#135=ADVANCED_FACE('',(#1095),#1097,.F.);
#136=ADVANCED_FACE('',(#1102),#1104,.F.);
#137=ADVANCED_FACE('',(#1109),#1111,.F.);
#138=ADVANCED_FACE('',(#1116),#1118,.F.);
#139=ADVANCED_FACE('',(#1123),#1125,.F.);
#140=ADVANCED_FACE('',(#1130),#1132,.F.);
#141=ADVANCED_FACE('',(#1137),#1139,.T.);
#142=ADVANCED_FACE('',(#1144),#1146,.F.);
#143=ADVANCED_FACE('',(#1151),#1153,.T.);
#144=ADVANCED_FACE('',(#1158),#1160,.F.);
#145=ADVANCED_FACE('',(#1165),#1167,.T.);
#146=ADVANCED_FACE('',(#1172),#1174,.F.);
#147=ADVANCED_FACE('',(#1179),#1181,.T.);
#148=ADVANCED_FACE('',(#1186),#1188,.F.);
#149=ADVANCED_FACE('',(#1193),#1195,.F.);
#150=ADVANCED_FACE('',(#1200),#1202,.F.);
#151=ADVANCED_FACE('',(#1207),#1209,.F.);
#152=ADVANCED_FACE('',(#1214),#1216,.F.);
#153=ADVANCED_FACE('',(#1221),#1223,.F.);
#154=ADVANCED_FACE('',(#1228),#1230,.F.);
#155=ADVANCED_FACE('',(#1235),#1237,.F.);
#156=ADVANCED_FACE('',(#1242),#1244,.F.);
#157=ADVANCED_FACE('',(#1249),#1251,.F.);
#158=ADVANCED_FACE('',(#1256),#1258,.F.);
#159=ADVANCED_FACE('',(#1263),#1265,.F.);
#160=ADVANCED_FACE('',(#1270),#1272,.F.);
#161=ADVANCED_FACE('',(#1277),#1279,.F.);
#162=ADVANCED_FACE('',(#1284),#1286,.F.);
#163=ADVANCED_FACE('',(#1291),#1293,.F.);
#164=ADVANCED_FACE('',(#1298),#1300,.F.);
#165=ADVANCED_FACE('',(#1305),#1307,.T.);
#166=ADVANCED_FACE('',(#1312),#1314,.F.);
#167=ADVANCED_FACE('',(#1319),#1321,.T.);
#168=ADVANCED_FACE('',(#1326),#1328,.F.);
#169=ADVANCED_FACE('',(#1333),#1335,.T.);
#170=ADVANCED_FACE('',(#1340),#1342,.F.);
#171=ADVANCED_FACE('',(#1347),#1349,.T.);
#172=ADVANCED_FACE('',(#1354),#1356,.F.);
#173=ADVANCED_FACE('',(#1361,#1363),#1365,.T.);
#174=ADVANCED_FACE('',(#1370,#1372),#1374,.T.);
#175=ADVANCED_FACE('',(#1379,#1381),#1383,.T.);
#176=ADVANCED_FACE('',(#1388,#1390),#1392,.T.);
#177=ADVANCED_FACE('',(#1397),#1399,.F.);
#178=ADVANCED_FACE('',(#1404),#1406,.F.);
#179=ADVANCED_FACE('',(#1411),#1413,.F.);
#180=ADVANCED_FACE('',(#1418),#1420,.F.);
#181=ADVANCED_FACE('',(#1425),#1427,.F.);
#182=ADVANCED_FACE('',(#1432),#1434,.F.);
#183=ADVANCED_FACE('',(#1439),#1441,.F.);
#184=ADVANCED_FACE('',(#1446),#1448,.F.);
#185=ADVANCED_FACE('',(#1453),#1455,.F.);
#186=ADVANCED_FACE('',(#1460),#1462,.F.);
#187=ADVANCED_FACE('',(#1467),#1469,.F.);
#188=ADVANCED_FACE('',(#1474),#1476,.F.);
#189=ADVANCED_FACE('',(#1481),#1483,.F.);
#190=ADVANCED_FACE('',(#1488),#1490,.F.);
#191=ADVANCED_FACE('',(#1495),#1497,.F.);
#192=ADVANCED_FACE('',(#1502),#1504,.F.);
#193=ADVANCED_FACE('',(#1509),#1511,.T.);
#194=ADVANCED_FACE('',(#1516),#1518,.F.);
#195=ADVANCED_FACE('',(#1523),#1525,.T.);
#196=ADVANCED_FACE('',(#1530),#1532,.F.);
#197=ADVANCED_FACE('',(#1537),#1539,.T.);
#198=ADVANCED_FACE('',(#1544),#1546,.F.);
#199=ADVANCED_FACE('',(#1551),#1553,.T.);
#200=ADVANCED_FACE('',(#1558),#1560,.F.);
#201=ADVANCED_FACE('',(#1565,#1567),#1569,.T.);
#202=ADVANCED_FACE('',(#1574,#1576),#1578,.T.);
#203=ADVANCED_FACE('',(#1583,#1585),#1587,.T.);
#204=ADVANCED_FACE('',(#1592),#1594,.F.);
#205=ADVANCED_FACE('',(#1599),#1601,.F.);
#206=ADVANCED_FACE('',(#1606),#1608,.F.);
#207=ADVANCED_FACE('',(#1613),#1615,.F.);
#208=ADVANCED_FACE('',(#1620),#1622,.F.);
#209=ADVANCED_FACE('',(#1627),#1629,.F.);
#210=ADVANCED_FACE('',(#1634),#1636,.F.);
#211=ADVANCED_FACE('',(#1641),#1643,.F.);
#212=ADVANCED_FACE('',(#1648),#1650,.F.);
#213=ADVANCED_FACE('',(#1655),#1657,.F.);
#214=ADVANCED_FACE('',(#1662),#1664,.F.);
#215=ADVANCED_FACE('',(#1669),#1671,.F.);
#216=ADVANCED_FACE('',(#1676),#1678,.F.);
#217=ADVANCED_FACE('',(#1683),#1685,.F.);
#218=ADVANCED_FACE('',(#1690),#1692,.F.);
#219=ADVANCED_FACE('',(#1697),#1699,.F.);
#220=ADVANCED_FACE('',(#1704),#1706,.F.);
#221=ADVANCED_FACE('',(#1711),#1713,.F.);
#222=ADVANCED_FACE('',(#1718),#1720,.F.);
#223=ADVANCED_FACE('',(#1725),#1727,.F.);
#224=ADVANCED_FACE('',(#1732),#1734,.F.);
#225=ADVANCED_FACE('',(#1739),#1741,.F.);
#226=ADVANCED_FACE('',(#1746),#1748,.F.);
#227=ADVANCED_FACE('',(#1753),#1755,.F.);
#228=ADVANCED_FACE('',(#1760),#1762,.F.);
#229=ADVANCED_FACE('',(#1767),#1769,.F.);
#230=ADVANCED_FACE('',(#1774),#1776,.F.);
#231=ADVANCED_FACE('',(#1781),#1783,.F.);
#232=ADVANCED_FACE('',(#1788),#1790,.F.);
#233=ADVANCED_FACE('',(#1795),#1797,.F.);
#234=ADVANCED_FACE('',(#1802),#1804,.F.);
#235=ADVANCED_FACE('',(#1809),#1811,.F.);
#236=ADVANCED_FACE('',(#1816),#1818,.F.);
#237=ADVANCED_FACE('',(#1823),#1825,.F.);
#238=ADVANCED_FACE('',(#1830),#1832,.F.);
#239=ADVANCED_FACE('',(#1837),#1839,.F.);
#240=ADVANCED_FACE('',(#1844),#1846,.F.);
#241=ADVANCED_FACE('',(#1851),#1853,.F.);
#242=ADVANCED_FACE('',(#1858),#1860,.F.);
#243=ADVANCED_FACE('',(#1865),#1867,.F.);
#244=ADVANCED_FACE('',(#1872),#1874,.F.);
#245=ADVANCED_FACE('',(#1879),#1881,.F.);
#246=ADVANCED_FACE('',(#1886),#1888,.F.);
#247=ADVANCED_FACE('',(#1893),#1895,.F.);
#248=ADVANCED_FACE('',(#1899),#1901,.F.);
#249=ADVANCED_FACE('',(#1905),#1907,.F.);
#250=ADVANCED_FACE('',(#1911),#1913,.F.);
#251=ADVANCED_FACE('',(#1917),#1919,.F.);
#252=ADVANCED_FACE('',(#1923),#1925,.F.);
#253=ADVANCED_FACE('',(#1929),#1931,.F.);
#254=ADVANCED_FACE('',(#1935),#1937,.F.);
#255=ADVANCED_FACE('',(#1941),#1943,.F.);
#256=ADVANCED_FACE('',(#1947),#1949,.F.);
#257=ADVANCED_FACE('',(#1953),#1955,.F.);
#258=ADVANCED_FACE('',(#1959),#1961,.F.);
#259=ADVANCED_FACE('',(#1965),#1967,.F.);
#260=ADVANCED_FACE('',(#1971),#1973,.F.);
#261=ADVANCED_FACE('',(#1977),#1979,.F.);
#262=ADVANCED_FACE('',(#1984),#1986,.F.);
#263=ADVANCED_FACE('',(#1991),#1993,.F.);
#264=ADVANCED_FACE('',(#1998),#2000,.F.);
#265=ADVANCED_FACE('',(#2005),#2007,.F.);
#266=ADVANCED_FACE('',(#2011),#2013,.F.);
#267=ADVANCED_FACE('',(#2018),#2020,.F.);
#268=ADVANCED_FACE('',(#2024),#2026,.F.);
#269=ADVANCED_FACE('',(#2030),#2032,.F.);
#270=ADVANCED_FACE('',(#2036),#2038,.F.);
#271=ADVANCED_FACE('',(#2042),#2044,.F.);
#272=ADVANCED_FACE('',(#2048),#2050,.F.);
#273=ADVANCED_FACE('',(#2054),#2056,.F.);
#274=ADVANCED_FACE('',(#2060),#2062,.F.);
#275=ADVANCED_FACE('',(#2066),#2068,.F.);
#276=ADVANCED_FACE('',(#2072),#2074,.F.);
#277=ADVANCED_FACE('',(#2078),#2080,.F.);
#278=ADVANCED_FACE('',(#2084),#2086,.F.);
#279=ADVANCED_FACE('',(#2091),#2093,.F.);
#280=ADVANCED_FACE('',(#2097),#2099,.F.);
#281=ADVANCED_FACE('',(#2104),#2106,.F.);
#282=ADVANCED_FACE('',(#2111),#2113,.F.);
#283=ADVANCED_FACE('',(#2118),#2120,.F.);
#284=ADVANCED_FACE('',(#2124),#2126,.F.);
#285=ADVANCED_FACE('',(#2130),#2132,.F.);
#286=ADVANCED_FACE('',(#2136),#2138,.F.);
#287=ADVANCED_FACE('',(#2142),#2144,.F.);
#288=ADVANCED_FACE('',(#2148),#2150,.F.);
#289=ADVANCED_FACE('',(#2154),#2156,.F.);
#290=ADVANCED_FACE('',(#2160),#2162,.F.);
#291=ADVANCED_FACE('',(#2166),#2168,.F.);
#292=ADVANCED_FACE('',(#2173),#2175,.F.);
#293=ADVANCED_FACE('',(#2179),#2181,.F.);
#294=ADVANCED_FACE('',(#2185),#2187,.F.);
#295=ADVANCED_FACE('',(#2191),#2193,.F.);
#296=ADVANCED_FACE('',(#2197),#2199,.F.);
#297=ADVANCED_FACE('',(#2203),#2205,.F.);
#298=ADVANCED_FACE('',(#2209),#2211,.F.);
#299=ADVANCED_FACE('',(#2215),#2217,.F.);
#300=ADVANCED_FACE('',(#2221),#2223,.F.);
#301=ADVANCED_FACE('',(#2227),#2229,.F.);
#302=ADVANCED_FACE('',(#2233),#2235,.F.);
#303=ADVANCED_FACE('',(#2239),#2241,.F.);
#304=ADVANCED_FACE('',(#2245),#2247,.F.);
#305=ADVANCED_FACE('',(#2251),#2253,.F.);
#306=ADVANCED_FACE('',(#2257),#2259,.F.);
#307=ADVANCED_FACE('',(#2263),#2265,.F.);
#308=ADVANCED_FACE('',(#2270),#2272,.F.);
#309=ADVANCED_FACE('',(#2276),#2278,.F.);
#310=ADVANCED_FACE('',(#2282),#2284,.F.);
#311=ADVANCED_FACE('',(#2288),#2290,.F.);
#312=ADVANCED_FACE('',(#2294),#2296,.F.);
#313=ADVANCED_FACE('',(#2300),#2302,.F.);
#314=ADVANCED_FACE('',(#2306),#2308,.F.);
#315=ADVANCED_FACE('',(#2312),#2314,.F.);
#316=ADVANCED_FACE('',(#2318),#2320,.F.);
#317=ADVANCED_FACE('',(#2325),#2327,.F.);
#318=ADVANCED_FACE('',(#2332),#2334,.F.);
#319=ADVANCED_FACE('',(#2339),#2341,.F.);
#320=ADVANCED_FACE('',(#2346),#2348,.F.);
#321=ADVANCED_FACE('',(#2353),#2355,.F.);
#322=ADVANCED_FACE('',(#2360),#2362,.F.);
#323=ADVANCED_FACE('',(#2367),#2369,.F.);
#324=ADVANCED_FACE('',(#2374),#2376,.F.);
#325=ADVANCED_FACE('',(#2381),#2383,.F.);
#326=ADVANCED_FACE('',(#2388),#2390,.F.);
#327=ADVANCED_FACE('',(#2395),#2397,.F.);
#328=ADVANCED_FACE('',(#2401),#2403,.F.);
#329=ADVANCED_FACE('',(#2407),#2409,.F.);
#330=ADVANCED_FACE('',(#2413),#2415,.F.);
#331=ADVANCED_FACE('',(#2419),#2421,.F.);
#332=ADVANCED_FACE('',(#2426),#2428,.F.);
#333=ADVANCED_FACE('',(#2432),#2434,.F.);
#334=ADVANCED_FACE('',(#2438),#2440,.F.);
#335=ADVANCED_FACE('',(#2444),#2446,.F.);
#336=ADVANCED_FACE('',(#2450),#2452,.F.);
#337=ADVANCED_FACE('',(#2456),#2458,.F.);
#338=ADVANCED_FACE('',(#2462),#2464,.F.);
#339=ADVANCED_FACE('',(#2468),#2470,.F.);
#340=ADVANCED_FACE('',(#2474),#2476,.F.);
#341=ADVANCED_FACE('',(#2480),#2482,.F.);
#342=ADVANCED_FACE('',(#2486),#2488,.F.);
#343=ADVANCED_FACE('',(#2492),#2494,.F.);
#344=ADVANCED_FACE('',(#2499),#2501,.F.);
#345=ADVANCED_FACE('',(#2506),#2508,.F.);
#346=ADVANCED_FACE('',(#2513),#2515,.F.);
#347=ADVANCED_FACE('',(#2520),#2522,.F.);
#348=ADVANCED_FACE('',(#2527),#2529,.F.);
#349=ADVANCED_FACE('',(#2533),#2535,.F.);
#350=ADVANCED_FACE('',(#2539),#2541,.F.);
#351=ADVANCED_FACE('',(#2545),#2547,.F.);
#352=ADVANCED_FACE('',(#2551),#2553,.F.);
#353=ADVANCED_FACE('',(#2557),#2559,.F.);
#354=ADVANCED_FACE('',(#2563),#2565,.F.);
#355=ADVANCED_FACE('',(#2569),#2571,.F.);
#356=ADVANCED_FACE('',(#2575),#2577,.F.);
#357=ADVANCED_FACE('',(#2581),#2583,.F.);
#358=ADVANCED_FACE('',(#2587),#2589,.F.);
#359=ADVANCED_FACE('',(#2594),#2596,.F.);
#360=ADVANCED_FACE('',(#2601),#2603,.F.);
#361=ADVANCED_FACE('',(#2608),#2610,.F.);
#362=ADVANCED_FACE('',(#2615),#2617,.F.);
#363=ADVANCED_FACE('',(#2622),#2624,.F.);
#364=ADVANCED_FACE('',(#2629),#2631,.F.);
#365=ADVANCED_FACE('',(#2636),#2638,.F.);
#366=ADVANCED_FACE('',(#2643),#2645,.F.);
#367=ADVANCED_FACE('',(#2650),#2652,.F.);
#368=ADVANCED_FACE('',(#2671),#2673,.T.);
#369=ADVANCED_FACE('',(#2678),#2680,.F.);
#370=ADVANCED_FACE('',(#2685),#2687,.T.);
#371=ADVANCED_FACE('',(#2692),#2694,.T.);
#372=ADVANCED_FACE('',(#2699),#2701,.F.);
#373=ADVANCED_FACE('',(#2867,#2869),#2871,.T.);
#374=ADVANCED_FACE('',(#2876,#2878),#2880,.T.);
#375=ADVANCED_FACE('',(#2885,#2887),#2889,.T.);
#376=ADVANCED_FACE('',(#2894,#2896),#2898,.T.);
#377=ADVANCED_FACE('',(#2903,#2905),#2907,.T.);
#378=ADVANCED_FACE('',(#2912,#2914),#2916,.T.);
#379=ADVANCED_FACE('',(#2921,#2923),#2925,.T.);
#380=ADVANCED_FACE('',(#2930,#2932),#2934,.T.);
#381=ADVANCED_FACE('',(#2939,#2941),#2943,.T.);
#382=ADVANCED_FACE('',(#2948,#2950),#2952,.T.);
#383=ADVANCED_FACE('',(#2957,#2959),#2961,.T.);
#384=ADVANCED_FACE('',(#2966,#2968),#2970,.T.);
#385=ADVANCED_FACE('',(#2975,#2977),#2979,.T.);
#386=ADVANCED_FACE('',(#2984,#2986),#2988,.T.);
#387=ADVANCED_FACE('',(#2993),#2995,.T.);
#388=ADVANCED_FACE('',(#3000),#3002,.T.);
#389=ADVANCED_FACE('',(#3007),#3009,.T.);
#390=ADVANCED_FACE('',(#3014,#3016),#3018,.T.);
#391=ADVANCED_FACE('',(#3023),#3025,.T.);
#392=ADVANCED_FACE('',(#3030,#3032),#3034,.T.);
#393=ADVANCED_FACE('',(#3039,#3041),#3043,.F.);
#394=ADVANCED_FACE('',(#3048),#3050,.T.);
#395=ADVANCED_FACE('',(#3055),#3057,.T.);
#396=ADVANCED_FACE('',(#3062,#3064),#3066,.F.);
#397=ADVANCED_FACE('',(#3071,#3073),#3075,.F.);
#398=ADVANCED_FACE('',(#3080,#3082),#3084,.F.);
#399=ADVANCED_FACE('',(#3089,#3091),#3093,.F.);
#400=ADVANCED_FACE('',(#3098),#3100,.T.);
#401=ADVANCED_FACE('',(#3105),#3107,.T.);
#402=ADVANCED_FACE('',(#3112),#3114,.T.);
#403=ADVANCED_FACE('',(#3119),#3121,.F.);
#404=ADVANCED_FACE('',(#3126),#3128,.T.);
#405=ADVANCED_FACE('',(#3133),#3135,.F.);
#406=ADVANCED_FACE('',(#3140),#3142,.T.);
#407=ADVANCED_FACE('',(#3147),#3149,.F.);
#408=ADVANCED_FACE('',(#3154),#3156,.T.);
#409=ADVANCED_FACE('',(#3161),#3163,.F.);
#410=ADVANCED_FACE('',(#3168),#3170,.T.);
#411=ADVANCED_FACE('',(#3175),#3177,.F.);
#412=ADVANCED_FACE('',(#3182),#3184,.T.);
#413=ADVANCED_FACE('',(#3189),#3191,.F.);
#414=ADVANCED_FACE('',(#3196),#3198,.T.);
#415=ADVANCED_FACE('',(#3203),#3205,.F.);
#416=ADVANCED_FACE('',(#3210),#3212,.T.);
#417=ADVANCED_FACE('',(#3217),#3219,.F.);
#418=ADVANCED_FACE('',(#3224),#3226,.T.);
#419=ADVANCED_FACE('',(#3231),#3233,.F.);
#420=ADVANCED_FACE('',(#3238),#3240,.T.);
#421=ADVANCED_FACE('',(#3245),#3247,.F.);
#422=ADVANCED_FACE('',(#3252),#3254,.T.);
#423=ADVANCED_FACE('',(#3259),#3261,.F.);
#424=ADVANCED_FACE('',(#3266),#3268,.T.);
#425=ADVANCED_FACE('',(#3273),#3275,.F.);
#426=ADVANCED_FACE('',(#3280),#3282,.T.);
#427=ADVANCED_FACE('',(#3287),#3289,.F.);
#428=ADVANCED_FACE('',(#3294),#3296,.T.);
#429=ADVANCED_FACE('',(#3301),#3303,.F.);
#430=ADVANCED_FACE('',(#3308),#3310,.T.);
#431=ADVANCED_FACE('',(#3315),#3317,.F.);
#432=ADVANCED_FACE('',(#3322),#3324,.T.);
#433=ADVANCED_FACE('',(#3329),#3331,.F.);
#434=ADVANCED_FACE('',(#3336),#3338,.T.);
#435=ADVANCED_FACE('',(#3343),#3345,.T.);
#436=ADVANCED_FACE('',(#3350),#3352,.T.);
#437=ADVANCED_FACE('',(#3357),#3359,.T.);
#438=ADVANCED_FACE('',(#3364),#3366,.F.);
#439=ADVANCED_FACE('',(#3371),#3373,.T.);
#440=ADVANCED_FACE('',(#3378),#3380,.F.);
#441=ADVANCED_FACE('',(#3385),#3387,.T.);
#442=ADVANCED_FACE('',(#3392),#3394,.F.);
#443=ADVANCED_FACE('',(#3399),#3401,.T.);
#444=ADVANCED_FACE('',(#3406),#3408,.F.);
#445=ADVANCED_FACE('',(#3413),#3415,.T.);
#446=ADVANCED_FACE('',(#3420),#3422,.T.);
#447=ADVANCED_FACE('',(#3427),#3429,.T.);
#448=ADVANCED_FACE('',(#3434),#3436,.T.);
#449=ADVANCED_FACE('',(#3441),#3443,.T.);
#450=ADVANCED_FACE('',(#3448),#3450,.T.);
#451=ADVANCED_FACE('',(#3455),#3457,.T.);
#452=ADVANCED_FACE('',(#3462),#3464,.T.);
#453=ADVANCED_FACE('',(#3469),#3471,.T.);
#454=ADVANCED_FACE('',(#3476),#3478,.T.);
#455=ADVANCED_FACE('',(#3483),#3485,.T.);
#456=ADVANCED_FACE('',(#3490),#3492,.T.);
#457=ADVANCED_FACE('',(#3497),#3499,.T.);
#458=ADVANCED_FACE('',(#3518),#3520,.F.);
#459=ADVANCED_FACE('',(#3525),#3527,.T.);
#460=ADVANCED_FACE('',(#3693),#3695,.F.);
#461=ADVANCED_FACE('',(#3700),#3702,.F.);
#462=ADVANCED_FACE('',(#3707),#3709,.T.);
#463=FACE_BOUND('',#464,.T.);
#464=EDGE_LOOP('',(#3714,#3715,#3716,#3717,#3718,#3719,#3720,#3721));
#465=PLANE('',#466);
#466=AXIS2_PLACEMENT_3D('',#467,#468,#469);
#467=CARTESIAN_POINT('',(41.3,-2.,39.3));
#468=DIRECTION('',(1.,0.,0.));
#469=DIRECTION('',(0.,5.9324894445619E-17,-1.));
#470=FACE_BOUND('',#471,.T.);
#471=EDGE_LOOP('',(#3722,#3723,#3724,#3725));
#472=PLANE('',#473);
#473=AXIS2_PLACEMENT_3D('',#474,#475,#476);
#474=CARTESIAN_POINT('',(-1.46226578809531E-31,-19.5,-1.19403062916867E-15));
#475=DIRECTION('',(7.49879891330929E-33,1.,6.12323399573677E-17));
#476=DIRECTION('',(6.12323399573677E-17,-6.12323399573677E-17,1.));
#477=FACE_BOUND('',#478,.T.);
#478=EDGE_LOOP('',(#3726,#3727,#3728,#3729));
#479=PLANE('',#480);
#480=AXIS2_PLACEMENT_3D('',#481,#482,#483);
#481=CARTESIAN_POINT('',(42.8,-2.,21.0000000000001));
#482=DIRECTION('',(-1.,0.,1.22464679914735E-16));
#483=DIRECTION('',(-1.22464679914735E-16,6.21724893790088E-17,-1.));
#484=FACE_BOUND('',#485,.T.);
#485=EDGE_LOOP('',(#3730,#3731,#3732,#3733,#3734,#3735,#3736,#3737,#3738));
#486=PLANE('',#487);
#487=AXIS2_PLACEMENT_3D('',#488,#489,#490);
#488=CARTESIAN_POINT('',(42.8,-2.,-3.99999999999989));
#489=DIRECTION('',(-6.48414425895801E-14,-7.61295788314393E-17,1.));
#490=DIRECTION('',(-1.,0.,-6.48414425895801E-14));
#491=FACE_BOUND('',#492,.T.);
#492=EDGE_LOOP('',(#3739,#3740,#3741,#3742,#3743,#3744,#3745,#3746,#3747));
#493=PLANE('',#494);
#494=AXIS2_PLACEMENT_3D('',#495,#496,#497);
#495=CARTESIAN_POINT('',(39.3,-2.,21.0000000000001));
#496=DIRECTION('',(-1.22464679914735E-16,0.,-1.));
#497=DIRECTION('',(1.,0.,-1.22464679914735E-16));
#498=FACE_BOUND('',#499,.T.);
#499=EDGE_LOOP('',(#3748,#3749,#3750,#3751));
#500=PLANE('',#501);
#501=AXIS2_PLACEMENT_3D('',#502,#503,#504);
#502=CARTESIAN_POINT('',(40.7999999999975,-19.5,39.3000000000026));
#503=DIRECTION('',(-0.499999999999994,0.866025403784442,-3.23382254694661E-14));
#504=DIRECTION('',(0.866025403784442,0.499999999999994,5.84580656660606E-14));
#505=FACE_BOUND('',#506,.T.);
#506=EDGE_LOOP('',(#3752,#3753,#3754,#3755));
#507=PLANE('',#508);
#508=AXIS2_PLACEMENT_3D('',#509,#510,#511);
#509=CARTESIAN_POINT('',(42.7999999999975,-15.5,39.3000000000028));
#510=DIRECTION('',(-0.707106781422787,-0.707106780950308,-4.58916631956643E-14));
#511=DIRECTION('',(-0.707106780950308,0.707106781422787,-4.68934280836887E-14));
#512=FACE_BOUND('',#513,.T.);
#513=EDGE_LOOP('',(#3756,#3757,#3758,#3759,#3760,#3761,#3762,#3763,#3764,#3765,#3766,
#3767,#3768,#3769,#3770,#3771,#3772,#3773,#3774,#3775,#3776,#3777,#3778,#3779,#3780,
#3781,#3782,#3783,#3784,#3785,#3786,#3787,#3788,#3789,#3790,#3791,#3792,#3793,#3794,
#3795,#3796,#3797,#3798,#3799,#3800,#3801,#3802,#3803,#3804,#3805,#3806,#3807,#3808,
#3809,#3810,#3811,#3812,#3813,#3814,#3815,#3816,#3817,#3818,#3819,#3820,#3821,#3822,
#3823,#3824,#3825,#3826,#3827));
#514=FACE_BOUND('',#515,.T.);
#515=EDGE_LOOP('',(#3828));
#516=FACE_BOUND('',#517,.T.);
#517=EDGE_LOOP('',(#3829));
#518=FACE_BOUND('',#519,.T.);
#519=EDGE_LOOP('',(#3830));
#520=FACE_BOUND('',#521,.T.);
#521=EDGE_LOOP('',(#3831,#3832,#3833,#3834,#3835,#3836,#3837,#3838,#3839,#3840,#3841,
#3842,#3843,#3844,#3845,#3846,#3847,#3848,#3849,#3850,#3851,#3852,#3853,#3854));
#522=FACE_BOUND('',#523,.T.);
#523=EDGE_LOOP('',(#3855));
#524=FACE_BOUND('',#525,.T.);
#525=EDGE_LOOP('',(#3856));
#526=FACE_BOUND('',#527,.T.);
#527=EDGE_LOOP('',(#3857));
#528=FACE_BOUND('',#529,.T.);
#529=EDGE_LOOP('',(#3858,#3859,#3860,#3861,#3862,#3863,#3864,#3865,#3866,#3867,#3868,
#3869,#3870,#3871,#3872,#3873,#3874,#3875,#3876,#3877,#3878,#3879,#3880,#3881));
#530=FACE_BOUND('',#531,.T.);
#531=EDGE_LOOP('',(#3882,#3883,#3884,#3885,#3886,#3887,#3888,#3889,#3890,#3891,#3892,
#3893,#3894,#3895,#3896,#3897,#3898,#3899,#3900,#3901,#3902,#3903,#3904,#3905));
#532=FACE_BOUND('',#533,.T.);
#533=EDGE_LOOP('',(#3906));
#534=FACE_BOUND('',#535,.T.);
#535=EDGE_LOOP('',(#3907));
#536=PLANE('',#537);
#537=AXIS2_PLACEMENT_3D('',#538,#539,#540);
#538=CARTESIAN_POINT('',(0.,-2.,-1.22464679914735E-16));
#539=DIRECTION('',(0.,1.,6.12323399573677E-17));
#540=DIRECTION('',(6.12323399573677E-17,6.12323399573677E-17,-1.));
#541=FACE_BOUND('',#542,.T.);
#542=EDGE_LOOP('',(#3908,#3909,#3910,#3911));
#543=CYLINDRICAL_SURFACE('',#544,8.4);
#544=AXIS2_PLACEMENT_3D('',#545,#546,#547);
#545=CARTESIAN_POINT('',(32.9,-16.,-30.9));
#546=DIRECTION('',(0.,-1.,0.));
#547=DIRECTION('',(0.,0.,-1.));
#548=FACE_BOUND('',#549,.T.);
#549=EDGE_LOOP('',(#3912,#3913,#3914,#3915,#3916,#3917,#3918,#3919));
#550=FACE_BOUND('',#551,.T.);
#551=EDGE_LOOP('',(#3920,#3921,#3922,#3923,#3924,#3925,#3926,#3927));
#552=FACE_BOUND('',#553,.T.);
#553=EDGE_LOOP('',(#3928,#3929,#3930,#3931,#3932,#3933,#3934,#3935));
#554=FACE_BOUND('',#555,.T.);
#555=EDGE_LOOP('',(#3936,#3937,#3938,#3939,#3940,#3941,#3942,#3943));
#556=FACE_BOUND('',#557,.T.);
#557=EDGE_LOOP('',(#3944,#3945,#3946,#3947,#3948,#3949,#3950,#3951));
#558=FACE_BOUND('',#559,.T.);
#559=EDGE_LOOP('',(#3952,#3953,#3954,#3955,#3956,#3957,#3958,#3959,#3960,#3961,#3962));
#560=FACE_BOUND('',#561,.T.);
#561=EDGE_LOOP('',(#3963,#3964,#3965,#3966,#3967,#3968,#3969,#3970,#3971,#3972,#3973,
#3974,#3975,#3976,#3977,#3978,#3979,#3980,#3981,#3982,#3983,#3984,#3985,#3986,#3987,
#3988,#3989,#3990,#3991,#3992,#3993,#3994));
#562=FACE_BOUND('',#563,.T.);
#563=EDGE_LOOP('',(#3995,#3996,#3997,#3998,#3999,#4000,#4001,#4002,#4003,#4004,#4005,
#4006,#4007,#4008,#4009,#4010,#4011,#4012,#4013,#4014,#4015,#4016,#4017,#4018,#4019,
#4020,#4021,#4022,#4023,#4024,#4025,#4026,#4027,#4028,#4029,#4030,#4031));
#564=FACE_BOUND('',#565,.T.);
#565=EDGE_LOOP('',(#4032,#4033,#4034,#4035,#4036,#4037,#4038,#4039,#4040,#4041,#4042));
#566=FACE_BOUND('',#567,.T.);
#567=EDGE_LOOP('',(#4043,#4044,#4045,#4046,#4047,#4048,#4049,#4050,#4051,#4052,#4053,
#4054,#4055,#4056,#4057,#4058,#4059,#4060,#4061,#4062,#4063,#4064,#4065,#4066,#4067,
#4068,#4069,#4070,#4071,#4072,#4073));
#568=FACE_BOUND('',#569,.T.);
#569=EDGE_LOOP('',(#4074,#4075,#4076,#4077,#4078,#4079,#4080,#4081,#4082,#4083,#4084,
#4085,#4086,#4087,#4088,#4089,#4090,#4091,#4092,#4093,#4094,#4095,#4096,#4097));
#570=FACE_BOUND('',#571,.T.);
#571=EDGE_LOOP('',(#4098,#4099,#4100,#4101,#4102,#4103,#4104,#4105,#4106,#4107,#4108,
#4109,#4110,#4111,#4112,#4113,#4114,#4115,#4116,#4117,#4118,#4119,#4120,#4121));
#572=FACE_BOUND('',#573,.T.);
#573=EDGE_LOOP('',(#4122,#4123,#4124,#4125,#4126,#4127,#4128,#4129,#4130,#4131,#4132,
#4133,#4134,#4135,#4136,#4137,#4138,#4139,#4140,#4141,#4142,#4143,#4144,#4145));
#574=FACE_BOUND('',#575,.T.);
#575=EDGE_LOOP('',(#4146,#4147,#4148,#4149,#4150,#4151,#4152,#4153,#4154,#4155,#4156,
#4157,#4158,#4159,#4160,#4161,#4162,#4163,#4164,#4165,#4166,#4167,#4168,#4169));
#576=FACE_BOUND('',#577,.T.);
#577=EDGE_LOOP('',(#4170,#4171,#4172,#4173,#4174,#4175,#4176,#4177,#4178,#4179,#4180,
#4181,#4182,#4183,#4184,#4185,#4186,#4187,#4188,#4189,#4190,#4191,#4192,#4193));
#578=FACE_BOUND('',#579,.T.);
#579=EDGE_LOOP('',(#4194,#4195,#4196,#4197,#4198,#4199,#4200,#4201));
#580=PLANE('',#581);
#581=AXIS2_PLACEMENT_3D('',#582,#583,#584);
#582=CARTESIAN_POINT('',(0.,0.,0.));
#583=DIRECTION('',(0.,1.,6.12323399573677E-17));
#584=DIRECTION('',(6.12323399573677E-17,6.12323399573677E-17,-1.));
#585=FACE_BOUND('',#586,.T.);
#586=EDGE_LOOP('',(#4202,#4203,#4204,#4205));
#587=CYLINDRICAL_SURFACE('',#588,8.4);
#588=AXIS2_PLACEMENT_3D('',#589,#590,#591);
#589=CARTESIAN_POINT('',(32.9,-16.,30.9));
#590=DIRECTION('',(0.,-1.,0.));
#591=DIRECTION('',(1.,0.,-4.22942104619108E-16));
#592=FACE_BOUND('',#593,.T.);
#593=EDGE_LOOP('',(#4206,#4207,#4208,#4209,#4210,#4211,#4212));
#594=PLANE('',#595);
#595=AXIS2_PLACEMENT_3D('',#596,#597,#598);
#596=CARTESIAN_POINT('',(39.3,-2.,-4.00000000000012));
#597=DIRECTION('',(1.,0.,-1.22464679914735E-16));
#598=DIRECTION('',(1.22464679914735E-16,-6.21724893790082E-17,1.));
#599=FACE_BOUND('',#600,.T.);
#600=EDGE_LOOP('',(#4213,#4214,#4215,#4216));
#601=PLANE('',#602);
#602=AXIS2_PLACEMENT_3D('',#603,#604,#605);
#603=CARTESIAN_POINT('',(-41.3,-2.,39.3));
#604=DIRECTION('',(0.,0.,1.));
#605=DIRECTION('',(1.,0.,0.));
#606=FACE_BOUND('',#607,.T.);
#607=EDGE_LOOP('',(#4217,#4218,#4219,#4220));
#608=CYLINDRICAL_SURFACE('',#609,8.4);
#609=AXIS2_PLACEMENT_3D('',#610,#611,#612);
#610=CARTESIAN_POINT('',(-32.9,-16.,30.9));
#611=DIRECTION('',(0.,-1.,0.));
#612=DIRECTION('',(-8.45884209238212E-16,0.,1.));
#613=FACE_BOUND('',#614,.T.);
#614=EDGE_LOOP('',(#4221,#4222,#4223,#4224,#4225,#4226,#4227,#4228));
#615=PLANE('',#616);
#616=AXIS2_PLACEMENT_3D('',#617,#618,#619);
#617=CARTESIAN_POINT('',(-41.3,-2.,-39.3));
#618=DIRECTION('',(-1.,0.,-9.0399839155229E-17));
#619=DIRECTION('',(-9.0399839155229E-17,-5.9324894445619E-17,1.));
#620=FACE_BOUND('',#621,.T.);
#621=EDGE_LOOP('',(#4229,#4230,#4231,#4232,#4233,#4234,#4235,#4236,#4237));
#622=PLANE('',#623);
#623=AXIS2_PLACEMENT_3D('',#624,#625,#626);
#624=CARTESIAN_POINT('',(-39.3,-2.,21.0000000000001));
#625=DIRECTION('',(0.,0.,1.));
#626=DIRECTION('',(-1.,0.,0.));
#627=FACE_BOUND('',#628,.T.);
#628=EDGE_LOOP('',(#4238,#4239,#4240,#4241,#4242,#4243));
#629=CYLINDRICAL_SURFACE('',#630,2.);
#630=AXIS2_PLACEMENT_3D('',#631,#632,#633);
#631=CARTESIAN_POINT('',(-33.5,3.94521963516424E-15,22.6));
#632=DIRECTION('',(0.,-1.,-6.12323399573678E-17));
#633=DIRECTION('',(-1.,3.74939945665465E-33,-6.12323399573677E-17));
#634=FACE_BOUND('',#635,.T.);
#635=EDGE_LOOP('',(#4244,#4245,#4246,#4247));
#636=PLANE('',#637);
#637=AXIS2_PLACEMENT_3D('',#638,#639,#640);
#638=CARTESIAN_POINT('',(-35.5,3.51659325546267E-15,29.6));
#639=DIRECTION('',(-1.,0.,-1.01506105108586E-15));
#640=DIRECTION('',(1.01506105108586E-15,6.12323399573677E-17,-1.));
#641=FACE_BOUND('',#642,.T.);
#642=EDGE_LOOP('',(#4248,#4249,#4250,#4251));
#643=CYLINDRICAL_SURFACE('',#644,2.);
#644=AXIS2_PLACEMENT_3D('',#645,#646,#647);
#645=CARTESIAN_POINT('',(-33.5,3.51659325546267E-15,29.6));
#646=DIRECTION('',(0.,-1.,-6.12323399573678E-17));
#647=DIRECTION('',(1.60812264967664E-16,-6.12323399573678E-17,1.));
#648=FACE_BOUND('',#649,.T.);
#649=EDGE_LOOP('',(#4252,#4253,#4254,#4255));
#650=PLANE('',#651);
#651=AXIS2_PLACEMENT_3D('',#652,#653,#654);
#652=CARTESIAN_POINT('',(-32.,3.39412857554793E-15,31.6));
#653=DIRECTION('',(0.,0.,1.));
#654=DIRECTION('',(-1.,0.,0.));
#655=FACE_BOUND('',#656,.T.);
#656=EDGE_LOOP('',(#4256,#4257,#4258,#4259));
#657=PLANE('',#658);
#658=AXIS2_PLACEMENT_3D('',#659,#660,#661);
#659=CARTESIAN_POINT('',(-32.,3.07740813131709E-15,36.7724373827842));
#660=DIRECTION('',(-1.,0.,0.));
#661=DIRECTION('',(0.,6.12323399573676E-17,-1.));
#662=FACE_BOUND('',#663,.T.);
#663=EDGE_LOOP('',(#4260,#4261,#4262,#4263));
#664=PLANE('',#665);
#665=AXIS2_PLACEMENT_3D('',#666,#667,#668);
#666=CARTESIAN_POINT('',(-31.4,3.07740813131709E-15,36.7724373827842));
#667=DIRECTION('',(0.,-3.55271367880049E-15,1.));
#668=DIRECTION('',(-1.,0.,0.));
#669=FACE_BOUND('',#670,.T.);
#670=EDGE_LOOP('',(#4264,#4265,#4266,#4267));
#671=PLANE('',#672);
#672=AXIS2_PLACEMENT_3D('',#673,#674,#675);
#673=CARTESIAN_POINT('',(-31.4,3.43086797952235E-15,31.));
#674=DIRECTION('',(1.,0.,0.));
#675=DIRECTION('',(0.,-6.12323399573676E-17,1.));
#676=FACE_BOUND('',#677,.T.);
#677=EDGE_LOOP('',(#4268,#4269,#4270,#4271));
#678=PLANE('',#679);
#679=AXIS2_PLACEMENT_3D('',#680,#681,#682);
#680=CARTESIAN_POINT('',(-33.5,3.43086797952235E-15,31.));
#681=DIRECTION('',(0.,0.,-1.));
#682=DIRECTION('',(1.,0.,0.));
#683=FACE_BOUND('',#684,.T.);
#684=EDGE_LOOP('',(#4272,#4273,#4274,#4275));
#685=CYLINDRICAL_SURFACE('',#686,1.4);
#686=AXIS2_PLACEMENT_3D('',#687,#688,#689);
#687=CARTESIAN_POINT('',(-33.5,3.51659325546267E-15,29.6));
#688=DIRECTION('',(0.,1.,6.12323399573678E-17));
#689=DIRECTION('',(-1.,3.74939945665465E-33,-6.12323399573677E-17));
#690=FACE_BOUND('',#691,.T.);
#691=EDGE_LOOP('',(#4276,#4277,#4278,#4279));
#692=PLANE('',#693);
#693=AXIS2_PLACEMENT_3D('',#694,#695,#696);
#694=CARTESIAN_POINT('',(-34.9,3.94521963516424E-15,22.6));
#695=DIRECTION('',(1.,0.,1.01506105108586E-15));
#696=DIRECTION('',(-1.01506105108586E-15,-6.12323399573677E-17,1.));
#697=FACE_BOUND('',#698,.T.);
#698=EDGE_LOOP('',(#4280,#4281,#4282,#4283));
#699=CYLINDRICAL_SURFACE('',#700,1.4);
#700=AXIS2_PLACEMENT_3D('',#701,#702,#703);
#701=CARTESIAN_POINT('',(-33.5,3.94521963516424E-15,22.6));
#702=DIRECTION('',(0.,1.,6.12323399573678E-17));
#703=DIRECTION('',(6.12323399573676E-17,6.12323399573678E-17,-1.));
#704=FACE_BOUND('',#705,.T.);
#705=EDGE_LOOP('',(#4284,#4285,#4286,#4287));
#706=PLANE('',#707);
#707=AXIS2_PLACEMENT_3D('',#708,#709,#710);
#708=CARTESIAN_POINT('',(-26.5,4.03094491110456E-15,21.2));
#709=DIRECTION('',(-5.07530525542929E-16,0.,1.));
#710=DIRECTION('',(-1.,0.,-5.07530525542929E-16));
#711=FACE_BOUND('',#712,.T.);
#712=EDGE_LOOP('',(#4288,#4289,#4290,#4291));
#713=CYLINDRICAL_SURFACE('',#714,1.4);
#714=AXIS2_PLACEMENT_3D('',#715,#716,#717);
#715=CARTESIAN_POINT('',(-26.5,3.94521963516424E-15,22.6));
#716=DIRECTION('',(0.,1.,6.12323399573678E-17));
#717=DIRECTION('',(1.,-3.74939945665465E-33,6.12323399573677E-17));
#718=FACE_BOUND('',#719,.T.);
#719=EDGE_LOOP('',(#4292,#4293,#4294,#4295));
#720=PLANE('',#721);
#721=AXIS2_PLACEMENT_3D('',#722,#723,#724);
#722=CARTESIAN_POINT('',(-25.1,3.51659325546267E-15,29.6));
#723=DIRECTION('',(-1.,0.,-5.07530525542929E-16));
#724=DIRECTION('',(5.07530525542929E-16,6.12323399573677E-17,-1.));
#725=FACE_BOUND('',#726,.T.);
#726=EDGE_LOOP('',(#4296,#4297,#4298,#4299));
#727=CYLINDRICAL_SURFACE('',#728,1.4);
#728=AXIS2_PLACEMENT_3D('',#729,#730,#731);
#729=CARTESIAN_POINT('',(-26.5,3.51659325546267E-15,29.6));
#730=DIRECTION('',(0.,1.,6.12323399573678E-17));
#731=DIRECTION('',(-6.95645496886028E-16,-6.12323399573678E-17,1.));
#732=FACE_BOUND('',#733,.T.);
#733=EDGE_LOOP('',(#4300,#4301,#4302,#4303));
#734=PLANE('',#735);
#735=AXIS2_PLACEMENT_3D('',#736,#737,#738);
#736=CARTESIAN_POINT('',(-28.6,3.43086797952235E-15,31.));
#737=DIRECTION('',(-1.69176841847643E-15,0.,-1.));
#738=DIRECTION('',(1.,0.,-1.69176841847643E-15));
#739=FACE_BOUND('',#740,.T.);
#740=EDGE_LOOP('',(#4304,#4305,#4306,#4307));
#741=PLANE('',#742);
#742=AXIS2_PLACEMENT_3D('',#743,#744,#745);
#743=CARTESIAN_POINT('',(-28.6,3.07740813131709E-15,36.7724373827842));
#744=DIRECTION('',(-1.,0.,0.));
#745=DIRECTION('',(0.,6.12323399573676E-17,-1.));
#746=FACE_BOUND('',#747,.T.);
#747=EDGE_LOOP('',(#4308,#4309,#4310,#4311));
#748=PLANE('',#749);
#749=AXIS2_PLACEMENT_3D('',#750,#751,#752);
#750=CARTESIAN_POINT('',(-28.,3.07740813131709E-15,36.7724373827842));
#751=DIRECTION('',(0.,-3.55271367880049E-15,1.));
#752=DIRECTION('',(-1.,0.,0.));
#753=FACE_BOUND('',#754,.T.);
#754=EDGE_LOOP('',(#4312,#4313,#4314,#4315));
#755=PLANE('',#756);
#756=AXIS2_PLACEMENT_3D('',#757,#758,#759);
#757=CARTESIAN_POINT('',(-28.,3.39412857554793E-15,31.6));
#758=DIRECTION('',(1.,0.,0.));
#759=DIRECTION('',(0.,-6.12323399573676E-17,1.));
#760=FACE_BOUND('',#761,.T.);
#761=EDGE_LOOP('',(#4316,#4317,#4318,#4319));
#762=PLANE('',#763);
#763=AXIS2_PLACEMENT_3D('',#764,#765,#766);
#764=CARTESIAN_POINT('',(-26.5,3.39412857554793E-15,31.6));
#765=DIRECTION('',(0.,0.,1.));
#766=DIRECTION('',(-1.,0.,0.));
#767=FACE_BOUND('',#768,.T.);
#768=EDGE_LOOP('',(#4320,#4321,#4322,#4323));
#769=CYLINDRICAL_SURFACE('',#770,2.);
#770=AXIS2_PLACEMENT_3D('',#771,#772,#773);
#771=CARTESIAN_POINT('',(-26.5,3.51659325546267E-15,29.6));
#772=DIRECTION('',(0.,-1.,-6.12323399573678E-17));
#773=DIRECTION('',(1.,-3.74939945665465E-33,6.12323399573677E-17));
#774=FACE_BOUND('',#775,.T.);
#775=EDGE_LOOP('',(#4324,#4325,#4326,#4327));
#776=PLANE('',#777);
#777=AXIS2_PLACEMENT_3D('',#778,#779,#780);
#778=CARTESIAN_POINT('',(-24.5,3.94521963516424E-15,22.6));
#779=DIRECTION('',(1.,0.,1.01506105108586E-15));
#780=DIRECTION('',(-1.01506105108586E-15,-6.12323399573677E-17,1.));
#781=FACE_BOUND('',#782,.T.);
#782=EDGE_LOOP('',(#4328,#4329,#4330,#4331));
#783=CYLINDRICAL_SURFACE('',#784,2.);
#784=AXIS2_PLACEMENT_3D('',#785,#786,#787);
#785=CARTESIAN_POINT('',(-26.5,3.94521963516424E-15,22.6));
#786=DIRECTION('',(0.,-1.,-6.12323399573678E-17));
#787=DIRECTION('',(6.12323399573677E-17,6.12323399573678E-17,-1.));
#788=FACE_BOUND('',#789,.T.);
#789=EDGE_LOOP('',(#4332,#4333,#4334,#4335));
#790=PLANE('',#791);
#791=AXIS2_PLACEMENT_3D('',#792,#793,#794);
#792=CARTESIAN_POINT('',(-33.5,4.06768431507898E-15,20.6));
#793=DIRECTION('',(5.07530525542929E-16,0.,-1.));
#794=DIRECTION('',(1.,0.,5.07530525542929E-16));
#795=FACE_BOUND('',#796,.T.);
#796=EDGE_LOOP('',(#4336,#4337,#4338,#4339));
#797=CYLINDRICAL_SURFACE('',#798,5.);
#798=AXIS2_PLACEMENT_3D('',#799,#800,#801);
#799=CARTESIAN_POINT('',(-34.3,-7.,41.0000000000001));
#800=DIRECTION('',(0.,7.31441051517748E-17,-1.));
#801=DIRECTION('',(-1.,-1.03944025158533E-31,0.));
#802=FACE_BOUND('',#803,.T.);
#803=EDGE_LOOP('',(#4340,#4341,#4342));
#804=FACE_OUTER_BOUND('',#805,.T.);
#805=EDGE_LOOP('',(#4343));
#806=CYLINDRICAL_SURFACE('',#807,7.);
#807=AXIS2_PLACEMENT_3D('',#808,#809,#810);
#808=CARTESIAN_POINT('',(-30.,-2.,13.2));
#809=DIRECTION('',(0.,-1.,-6.12323399573677E-17));
#810=DIRECTION('',(6.12323399573677E-17,6.12323399573677E-17,-1.));
#811=FACE_BOUND('',#812,.T.);
#812=EDGE_LOOP('',(#4344,#4345,#4346,#4347));
#813=CYLINDRICAL_SURFACE('',#814,5.);
#814=AXIS2_PLACEMENT_3D('',#815,#816,#817);
#815=CARTESIAN_POINT('',(-34.3,-7.,41.0000000000001));
#816=DIRECTION('',(0.,7.31441051517748E-17,-1.));
#817=DIRECTION('',(-1.,-1.03944025158533E-31,0.));
#818=FACE_BOUND('',#819,.T.);
#819=EDGE_LOOP('',(#4348,#4349,#4350,#4351,#4352,#4353,#4354,#4355,#4356));
#820=PLANE('',#821);
#821=AXIS2_PLACEMENT_3D('',#822,#823,#824);
#822=CARTESIAN_POINT('',(-42.8,-2.,-3.99999999999988));
#823=DIRECTION('',(-6.49639072694949E-14,7.61295788314393E-17,-1.));
#824=DIRECTION('',(1.,0.,-6.49639072694949E-14));
#825=FACE_BOUND('',#826,.T.);
#826=EDGE_LOOP('',(#4357,#4358,#4359,#4360));
#827=CYLINDRICAL_SURFACE('',#828,8.4);
#828=AXIS2_PLACEMENT_3D('',#829,#830,#831);
#829=CARTESIAN_POINT('',(-32.9,-16.,-30.9));
#830=DIRECTION('',(0.,-1.,0.));
#831=DIRECTION('',(-1.,0.,4.22942104619108E-16));
#832=FACE_BOUND('',#833,.T.);
#833=EDGE_LOOP('',(#4361,#4362,#4363,#4364));
#834=PLANE('',#835);
#835=AXIS2_PLACEMENT_3D('',#836,#837,#838);
#836=CARTESIAN_POINT('',(41.3,-2.,-39.3));
#837=DIRECTION('',(0.,0.,-1.));
#838=DIRECTION('',(-1.,0.,0.));
#839=FACE_OUTER_BOUND('',#840,.T.);
#840=EDGE_LOOP('',(#4365));
#841=FACE_OUTER_BOUND('',#842,.T.);
#842=EDGE_LOOP('',(#4366));
#843=CONICAL_SURFACE('',#844,3.66987298107781,0.26179938779915);
#844=AXIS2_PLACEMENT_3D('',#845,#846,#847);
#845=CARTESIAN_POINT('',(-15.,-4.5,26.1));
#846=DIRECTION('',(0.,1.,6.12323399573677E-17));
#847=DIRECTION('',(0.,-6.12323399573677E-17,1.));
#848=FACE_OUTER_BOUND('',#849,.T.);
#849=EDGE_LOOP('',(#4367));
#850=FACE_OUTER_BOUND('',#851,.T.);
#851=EDGE_LOOP('',(#4368));
#852=CONICAL_SURFACE('',#853,3.66987298107781,0.26179938779915);
#853=AXIS2_PLACEMENT_3D('',#854,#855,#856);
#854=CARTESIAN_POINT('',(15.,-4.5,26.1));
#855=DIRECTION('',(0.,1.,6.12323399573677E-17));
#856=DIRECTION('',(0.,-6.12323399573677E-17,1.));
#857=FACE_BOUND('',#858,.T.);
#858=EDGE_LOOP('',(#4369,#4370,#4371,#4372));
#859=PLANE('',#860);
#860=AXIS2_PLACEMENT_3D('',#861,#862,#863);
#861=CARTESIAN_POINT('',(16.4,3.07740813131709E-15,36.7724373827842));
#862=DIRECTION('',(-1.,0.,0.));
#863=DIRECTION('',(0.,6.12323399573676E-17,-1.));
#864=FACE_BOUND('',#865,.T.);
#865=EDGE_LOOP('',(#4373,#4374,#4375,#4376));
#866=PLANE('',#867);
#867=AXIS2_PLACEMENT_3D('',#868,#869,#870);
#868=CARTESIAN_POINT('',(17.,3.07740813131709E-15,36.7724373827842));
#869=DIRECTION('',(0.,0.,1.));
#870=DIRECTION('',(-1.,0.,0.));
#871=FACE_BOUND('',#872,.T.);
#872=EDGE_LOOP('',(#4377,#4378,#4379,#4380));
#873=PLANE('',#874);
#874=AXIS2_PLACEMENT_3D('',#875,#876,#877);
#875=CARTESIAN_POINT('',(17.,3.39412857554793E-15,31.6));
#876=DIRECTION('',(1.,0.,0.));
#877=DIRECTION('',(0.,-6.12323399573677E-17,1.));
#878=FACE_BOUND('',#879,.T.);
#879=EDGE_LOOP('',(#4381,#4382,#4383,#4384));
#880=PLANE('',#881);
#881=AXIS2_PLACEMENT_3D('',#882,#883,#884);
#882=CARTESIAN_POINT('',(18.5,3.39412857554793E-15,31.6));
#883=DIRECTION('',(0.,0.,1.));
#884=DIRECTION('',(-1.,0.,0.));
#885=FACE_BOUND('',#886,.T.);
#886=EDGE_LOOP('',(#4385,#4386,#4387,#4388));
#887=CYLINDRICAL_SURFACE('',#888,2.);
#888=AXIS2_PLACEMENT_3D('',#889,#890,#891);
#889=CARTESIAN_POINT('',(18.5,3.51659325546267E-15,29.6));
#890=DIRECTION('',(0.,-1.,-6.12323399573677E-17));
#891=DIRECTION('',(1.,-3.74939945665464E-33,6.12323399573677E-17));
#892=FACE_BOUND('',#893,.T.);
#893=EDGE_LOOP('',(#4389,#4390,#4391,#4392));
#894=PLANE('',#895);
#895=AXIS2_PLACEMENT_3D('',#896,#897,#898);
#896=CARTESIAN_POINT('',(20.5,3.94521963516424E-15,22.6));
#897=DIRECTION('',(1.,0.,0.));
#898=DIRECTION('',(0.,-6.12323399573677E-17,1.));
#899=FACE_BOUND('',#900,.T.);
#900=EDGE_LOOP('',(#4393,#4394,#4395,#4396));
#901=CYLINDRICAL_SURFACE('',#902,2.);
#902=AXIS2_PLACEMENT_3D('',#903,#904,#905);
#903=CARTESIAN_POINT('',(18.5,3.94521963516424E-15,22.6));
#904=DIRECTION('',(0.,-1.,-6.12323399573677E-17));
#905=DIRECTION('',(6.12323399573677E-17,6.12323399573677E-17,-1.));
#906=FACE_BOUND('',#907,.T.);
#907=EDGE_LOOP('',(#4397,#4398,#4399,#4400));
#908=PLANE('',#909);
#909=AXIS2_PLACEMENT_3D('',#910,#911,#912);
#910=CARTESIAN_POINT('',(11.5,4.06768431507898E-15,20.6));
#911=DIRECTION('',(5.07530525542929E-16,0.,-1.));
#912=DIRECTION('',(1.,0.,5.07530525542929E-16));
#913=FACE_BOUND('',#914,.T.);
#914=EDGE_LOOP('',(#4401,#4402,#4403,#4404));
#915=CYLINDRICAL_SURFACE('',#916,2.);
#916=AXIS2_PLACEMENT_3D('',#917,#918,#919);
#917=CARTESIAN_POINT('',(11.5,3.94521963516424E-15,22.6));
#918=DIRECTION('',(0.,-1.,-6.12323399573677E-17));
#919=DIRECTION('',(-1.,3.74939945665464E-33,-6.12323399573677E-17));
#920=FACE_BOUND('',#921,.T.);
#921=EDGE_LOOP('',(#4405,#4406,#4407,#4408));
#922=PLANE('',#923);
#923=AXIS2_PLACEMENT_3D('',#924,#925,#926);
#924=CARTESIAN_POINT('',(9.5,3.51659325546267E-15,29.6));
#925=DIRECTION('',(-1.,0.,0.));
#926=DIRECTION('',(0.,6.12323399573677E-17,-1.));
#927=FACE_BOUND('',#928,.T.);
#928=EDGE_LOOP('',(#4409,#4410,#4411,#4412));
#929=CYLINDRICAL_SURFACE('',#930,2.);
#930=AXIS2_PLACEMENT_3D('',#931,#932,#933);
#931=CARTESIAN_POINT('',(11.5,3.51659325546267E-15,29.6));
#932=DIRECTION('',(0.,-1.,-6.12323399573677E-17));
#933=DIRECTION('',(1.60812264967664E-16,-6.12323399573677E-17,1.));
#934=FACE_BOUND('',#935,.T.);
#935=EDGE_LOOP('',(#4413,#4414,#4415,#4416));
#936=PLANE('',#937);
#937=AXIS2_PLACEMENT_3D('',#938,#939,#940);
#938=CARTESIAN_POINT('',(13.,3.39412857554793E-15,31.6));
#939=DIRECTION('',(0.,0.,1.));
#940=DIRECTION('',(-1.,0.,0.));
#941=FACE_BOUND('',#942,.T.);
#942=EDGE_LOOP('',(#4417,#4418,#4419,#4420));
#943=PLANE('',#944);
#944=AXIS2_PLACEMENT_3D('',#945,#946,#947);
#945=CARTESIAN_POINT('',(13.,3.07740813131709E-15,36.7724373827842));
#946=DIRECTION('',(-1.,0.,0.));
#947=DIRECTION('',(0.,6.12323399573677E-17,-1.));
#948=FACE_BOUND('',#949,.T.);
#949=EDGE_LOOP('',(#4421,#4422,#4423,#4424));
#950=PLANE('',#951);
#951=AXIS2_PLACEMENT_3D('',#952,#953,#954);
#952=CARTESIAN_POINT('',(13.6,3.07740813131709E-15,36.7724373827842));
#953=DIRECTION('',(0.,0.,1.));
#954=DIRECTION('',(-1.,0.,0.));
#955=FACE_BOUND('',#956,.T.);
#956=EDGE_LOOP('',(#4425,#4426,#4427,#4428));
#957=PLANE('',#958);
#958=AXIS2_PLACEMENT_3D('',#959,#960,#961);
#959=CARTESIAN_POINT('',(13.6,3.43086797952235E-15,31.));
#960=DIRECTION('',(1.,0.,0.));
#961=DIRECTION('',(0.,-6.12323399573676E-17,1.));
#962=FACE_BOUND('',#963,.T.);
#963=EDGE_LOOP('',(#4429,#4430,#4431,#4432));
#964=PLANE('',#965);
#965=AXIS2_PLACEMENT_3D('',#966,#967,#968);
#966=CARTESIAN_POINT('',(11.5,3.43086797952235E-15,31.));
#967=DIRECTION('',(0.,0.,-1.));
#968=DIRECTION('',(1.,0.,0.));
#969=FACE_BOUND('',#970,.T.);
#970=EDGE_LOOP('',(#4433,#4434,#4435,#4436));
#971=CYLINDRICAL_SURFACE('',#972,1.4);
#972=AXIS2_PLACEMENT_3D('',#973,#974,#975);
#973=CARTESIAN_POINT('',(11.5,3.51659325546267E-15,29.6));
#974=DIRECTION('',(0.,1.,6.12323399573677E-17));
#975=DIRECTION('',(-1.,3.74939945665464E-33,-6.12323399573677E-17));
#976=FACE_BOUND('',#977,.T.);
#977=EDGE_LOOP('',(#4437,#4438,#4439,#4440));
#978=PLANE('',#979);
#979=AXIS2_PLACEMENT_3D('',#980,#981,#982);
#980=CARTESIAN_POINT('',(10.1,3.94521963516424E-15,22.6));
#981=DIRECTION('',(1.,0.,0.));
#982=DIRECTION('',(0.,-6.12323399573677E-17,1.));
#983=FACE_BOUND('',#984,.T.);
#984=EDGE_LOOP('',(#4441,#4442,#4443,#4444));
#985=CYLINDRICAL_SURFACE('',#986,1.4);
#986=AXIS2_PLACEMENT_3D('',#987,#988,#989);
#987=CARTESIAN_POINT('',(11.5,3.94521963516424E-15,22.6));
#988=DIRECTION('',(0.,1.,6.12323399573677E-17));
#989=DIRECTION('',(6.12323399573676E-17,6.12323399573676E-17,-1.));
#990=FACE_BOUND('',#991,.T.);
#991=EDGE_LOOP('',(#4445,#4446,#4447,#4448));
#992=PLANE('',#993);
#993=AXIS2_PLACEMENT_3D('',#994,#995,#996);
#994=CARTESIAN_POINT('',(18.5,4.03094491110456E-15,21.2));
#995=DIRECTION('',(-5.07530525542929E-16,0.,1.));
#996=DIRECTION('',(-1.,0.,-5.07530525542929E-16));
#997=FACE_BOUND('',#998,.T.);
#998=EDGE_LOOP('',(#4449,#4450,#4451,#4452));
#999=CYLINDRICAL_SURFACE('',#1000,1.4);
#1000=AXIS2_PLACEMENT_3D('',#1001,#1002,#1003);
#1001=CARTESIAN_POINT('',(18.5,3.94521963516424E-15,22.6));
#1002=DIRECTION('',(0.,1.,6.12323399573677E-17));
#1003=DIRECTION('',(1.,-3.74939945665464E-33,6.12323399573677E-17));
#1004=FACE_BOUND('',#1005,.T.);
#1005=EDGE_LOOP('',(#4453,#4454,#4455,#4456));
#1006=PLANE('',#1007);
#1007=AXIS2_PLACEMENT_3D('',#1008,#1009,#1010);
#1008=CARTESIAN_POINT('',(19.9,3.51659325546267E-15,29.6));
#1009=DIRECTION('',(-1.,0.,0.));
#1010=DIRECTION('',(0.,6.12323399573677E-17,-1.));
#1011=FACE_BOUND('',#1012,.T.);
#1012=EDGE_LOOP('',(#4457,#4458,#4459,#4460));
#1013=CYLINDRICAL_SURFACE('',#1014,1.4);
#1014=AXIS2_PLACEMENT_3D('',#1015,#1016,#1017);
#1015=CARTESIAN_POINT('',(18.5,3.51659325546267E-15,29.6));
#1016=DIRECTION('',(0.,1.,6.12323399573677E-17));
#1017=DIRECTION('',(-6.95645496886028E-16,-6.12323399573677E-17,1.));
#1018=FACE_BOUND('',#1019,.T.);
#1019=EDGE_LOOP('',(#4461,#4462,#4463,#4464));
#1020=PLANE('',#1021);
#1021=AXIS2_PLACEMENT_3D('',#1022,#1023,#1024);
#1022=CARTESIAN_POINT('',(16.4,3.43086797952235E-15,31.));
#1023=DIRECTION('',(-1.69176841847643E-15,0.,-1.));
#1024=DIRECTION('',(1.,0.,-1.69176841847643E-15));
#1025=FACE_BOUND('',#1026,.T.);
#1026=EDGE_LOOP('',(#4465,#4466,#4467,#4468));
#1027=PLANE('',#1028);
#1028=AXIS2_PLACEMENT_3D('',#1029,#1030,#1031);
#1029=CARTESIAN_POINT('',(31.4,3.07740813131709E-15,36.7724373827842));
#1030=DIRECTION('',(-1.,0.,0.));
#1031=DIRECTION('',(0.,6.12323399573676E-17,-1.));
#1032=FACE_BOUND('',#1033,.T.);
#1033=EDGE_LOOP('',(#4469,#4470,#4471,#4472));
#1034=PLANE('',#1035);
#1035=AXIS2_PLACEMENT_3D('',#1036,#1037,#1038);
#1036=CARTESIAN_POINT('',(32.,3.07740813131709E-15,36.7724373827842));
#1037=DIRECTION('',(0.,0.,1.));
#1038=DIRECTION('',(-1.,0.,0.));
#1039=FACE_BOUND('',#1040,.T.);
#1040=EDGE_LOOP('',(#4473,#4474,#4475,#4476));
#1041=PLANE('',#1042);
#1042=AXIS2_PLACEMENT_3D('',#1043,#1044,#1045);
#1043=CARTESIAN_POINT('',(32.,3.39412857554793E-15,31.6));
#1044=DIRECTION('',(1.,0.,0.));
#1045=DIRECTION('',(0.,-6.12323399573677E-17,1.));
#1046=FACE_BOUND('',#1047,.T.);
#1047=EDGE_LOOP('',(#4477,#4478,#4479,#4480));
#1048=PLANE('',#1049);
#1049=AXIS2_PLACEMENT_3D('',#1050,#1051,#1052);
#1050=CARTESIAN_POINT('',(33.5,3.39412857554793E-15,31.6));
#1051=DIRECTION('',(0.,0.,1.));
#1052=DIRECTION('',(-1.,0.,0.));
#1053=FACE_BOUND('',#1054,.T.);
#1054=EDGE_LOOP('',(#4481,#4482,#4483,#4484));
#1055=CYLINDRICAL_SURFACE('',#1056,2.);
#1056=AXIS2_PLACEMENT_3D('',#1057,#1058,#1059);
#1057=CARTESIAN_POINT('',(33.5,3.51659325546267E-15,29.6));
#1058=DIRECTION('',(0.,-1.,-6.12323399573677E-17));
#1059=DIRECTION('',(1.,-3.74939945665464E-33,6.12323399573677E-17));
#1060=FACE_BOUND('',#1061,.T.);
#1061=EDGE_LOOP('',(#4485,#4486,#4487,#4488));
#1062=PLANE('',#1063);
#1063=AXIS2_PLACEMENT_3D('',#1064,#1065,#1066);
#1064=CARTESIAN_POINT('',(35.5,3.94521963516424E-15,22.6));
#1065=DIRECTION('',(1.,0.,1.01506105108586E-15));
#1066=DIRECTION('',(-1.01506105108586E-15,-6.12323399573677E-17,1.));
#1067=FACE_BOUND('',#1068,.T.);
#1068=EDGE_LOOP('',(#4489,#4490,#4491,#4492,#4493,#4494));
#1069=CYLINDRICAL_SURFACE('',#1070,2.);
#1070=AXIS2_PLACEMENT_3D('',#1071,#1072,#1073);
#1071=CARTESIAN_POINT('',(33.5,3.94521963516424E-15,22.6));
#1072=DIRECTION('',(0.,-1.,-6.12323399573677E-17));
#1073=DIRECTION('',(6.12323399573677E-17,6.12323399573677E-17,-1.));
#1074=FACE_BOUND('',#1075,.T.);
#1075=EDGE_LOOP('',(#4495,#4496,#4497,#4498));
#1076=PLANE('',#1077);
#1077=AXIS2_PLACEMENT_3D('',#1078,#1079,#1080);
#1078=CARTESIAN_POINT('',(26.5,4.06768431507898E-15,20.6));
#1079=DIRECTION('',(5.07530525542929E-16,0.,-1.));
#1080=DIRECTION('',(1.,0.,5.07530525542929E-16));
#1081=FACE_BOUND('',#1082,.T.);
#1082=EDGE_LOOP('',(#4499,#4500,#4501,#4502));
#1083=CYLINDRICAL_SURFACE('',#1084,2.);
#1084=AXIS2_PLACEMENT_3D('',#1085,#1086,#1087);
#1085=CARTESIAN_POINT('',(26.5,3.94521963516424E-15,22.6));
#1086=DIRECTION('',(0.,-1.,-6.12323399573677E-17));
#1087=DIRECTION('',(-1.,3.74939945665464E-33,-6.12323399573677E-17));
#1088=FACE_BOUND('',#1089,.T.);
#1089=EDGE_LOOP('',(#4503,#4504,#4505,#4506));
#1090=PLANE('',#1091);
#1091=AXIS2_PLACEMENT_3D('',#1092,#1093,#1094);
#1092=CARTESIAN_POINT('',(24.5,3.51659325546267E-15,29.6));
#1093=DIRECTION('',(-1.,0.,-1.01506105108586E-15));
#1094=DIRECTION('',(1.01506105108586E-15,6.12323399573677E-17,-1.));
#1095=FACE_BOUND('',#1096,.T.);
#1096=EDGE_LOOP('',(#4507,#4508,#4509,#4510));
#1097=CYLINDRICAL_SURFACE('',#1098,2.);
#1098=AXIS2_PLACEMENT_3D('',#1099,#1100,#1101);
#1099=CARTESIAN_POINT('',(26.5,3.51659325546267E-15,29.6));
#1100=DIRECTION('',(0.,-1.,-6.12323399573677E-17));
#1101=DIRECTION('',(1.60812264967664E-16,-6.12323399573677E-17,1.));
#1102=FACE_BOUND('',#1103,.T.);
#1103=EDGE_LOOP('',(#4511,#4512,#4513,#4514));
#1104=PLANE('',#1105);
#1105=AXIS2_PLACEMENT_3D('',#1106,#1107,#1108);
#1106=CARTESIAN_POINT('',(28.,3.39412857554793E-15,31.6));
#1107=DIRECTION('',(0.,0.,1.));
#1108=DIRECTION('',(-1.,0.,0.));
#1109=FACE_BOUND('',#1110,.T.);
#1110=EDGE_LOOP('',(#4515,#4516,#4517,#4518));
#1111=PLANE('',#1112);
#1112=AXIS2_PLACEMENT_3D('',#1113,#1114,#1115);
#1113=CARTESIAN_POINT('',(28.,3.07740813131709E-15,36.7724373827842));
#1114=DIRECTION('',(-1.,0.,0.));
#1115=DIRECTION('',(0.,6.12323399573677E-17,-1.));
#1116=FACE_BOUND('',#1117,.T.);
#1117=EDGE_LOOP('',(#4519,#4520,#4521,#4522));
#1118=PLANE('',#1119);
#1119=AXIS2_PLACEMENT_3D('',#1120,#1121,#1122);
#1120=CARTESIAN_POINT('',(28.6,3.07740813131709E-15,36.7724373827842));
#1121=DIRECTION('',(0.,0.,1.));
#1122=DIRECTION('',(-1.,0.,0.));
#1123=FACE_BOUND('',#1124,.T.);
#1124=EDGE_LOOP('',(#4523,#4524,#4525,#4526));
#1125=PLANE('',#1126);
#1126=AXIS2_PLACEMENT_3D('',#1127,#1128,#1129);
#1127=CARTESIAN_POINT('',(28.6,3.43086797952235E-15,31.));
#1128=DIRECTION('',(1.,0.,0.));
#1129=DIRECTION('',(0.,-6.12323399573676E-17,1.));
#1130=FACE_BOUND('',#1131,.T.);
#1131=EDGE_LOOP('',(#4527,#4528,#4529,#4530));
#1132=PLANE('',#1133);
#1133=AXIS2_PLACEMENT_3D('',#1134,#1135,#1136);
#1134=CARTESIAN_POINT('',(26.5,3.43086797952235E-15,31.));
#1135=DIRECTION('',(0.,0.,-1.));
#1136=DIRECTION('',(1.,0.,0.));
#1137=FACE_BOUND('',#1138,.T.);
#1138=EDGE_LOOP('',(#4531,#4532,#4533,#4534));
#1139=CYLINDRICAL_SURFACE('',#1140,1.4);
#1140=AXIS2_PLACEMENT_3D('',#1141,#1142,#1143);
#1141=CARTESIAN_POINT('',(26.5,3.51659325546267E-15,29.6));
#1142=DIRECTION('',(0.,1.,6.12323399573677E-17));
#1143=DIRECTION('',(-1.,3.74939945665464E-33,-6.12323399573677E-17));
#1144=FACE_BOUND('',#1145,.T.);
#1145=EDGE_LOOP('',(#4535,#4536,#4537,#4538));
#1146=PLANE('',#1147);
#1147=AXIS2_PLACEMENT_3D('',#1148,#1149,#1150);
#1148=CARTESIAN_POINT('',(25.1,3.94521963516424E-15,22.6));
#1149=DIRECTION('',(1.,0.,5.07530525542929E-16));
#1150=DIRECTION('',(-5.07530525542929E-16,-6.12323399573677E-17,1.));
#1151=FACE_BOUND('',#1152,.T.);
#1152=EDGE_LOOP('',(#4539,#4540,#4541,#4542));
#1153=CYLINDRICAL_SURFACE('',#1154,1.4);
#1154=AXIS2_PLACEMENT_3D('',#1155,#1156,#1157);
#1155=CARTESIAN_POINT('',(26.5,3.94521963516424E-15,22.6));
#1156=DIRECTION('',(0.,1.,6.12323399573677E-17));
#1157=DIRECTION('',(6.12323399573676E-17,6.12323399573676E-17,-1.));
#1158=FACE_BOUND('',#1159,.T.);
#1159=EDGE_LOOP('',(#4543,#4544,#4545,#4546));
#1160=PLANE('',#1161);
#1161=AXIS2_PLACEMENT_3D('',#1162,#1163,#1164);
#1162=CARTESIAN_POINT('',(33.5,4.03094491110456E-15,21.2));
#1163=DIRECTION('',(-5.07530525542929E-16,0.,1.));
#1164=DIRECTION('',(-1.,0.,-5.07530525542929E-16));
#1165=FACE_BOUND('',#1166,.T.);
#1166=EDGE_LOOP('',(#4547,#4548,#4549,#4550));
#1167=CYLINDRICAL_SURFACE('',#1168,1.4);
#1168=AXIS2_PLACEMENT_3D('',#1169,#1170,#1171);
#1169=CARTESIAN_POINT('',(33.5,3.94521963516424E-15,22.6));
#1170=DIRECTION('',(0.,1.,6.12323399573677E-17));
#1171=DIRECTION('',(1.,-3.74939945665464E-33,6.12323399573677E-17));
#1172=FACE_BOUND('',#1173,.T.);
#1173=EDGE_LOOP('',(#4551,#4552,#4553,#4554));
#1174=PLANE('',#1175);
#1175=AXIS2_PLACEMENT_3D('',#1176,#1177,#1178);
#1176=CARTESIAN_POINT('',(34.9,3.51659325546267E-15,29.6));
#1177=DIRECTION('',(-1.,0.,0.));
#1178=DIRECTION('',(0.,6.12323399573677E-17,-1.));
#1179=FACE_BOUND('',#1180,.T.);
#1180=EDGE_LOOP('',(#4555,#4556,#4557,#4558));
#1181=CYLINDRICAL_SURFACE('',#1182,1.4);
#1182=AXIS2_PLACEMENT_3D('',#1183,#1184,#1185);
#1183=CARTESIAN_POINT('',(33.5,3.51659325546267E-15,29.6));
#1184=DIRECTION('',(0.,1.,6.12323399573677E-17));
#1185=DIRECTION('',(-6.95645496886028E-16,-6.12323399573677E-17,1.));
#1186=FACE_BOUND('',#1187,.T.);
#1187=EDGE_LOOP('',(#4559,#4560,#4561,#4562));
#1188=PLANE('',#1189);
#1189=AXIS2_PLACEMENT_3D('',#1190,#1191,#1192);
#1190=CARTESIAN_POINT('',(31.4,3.43086797952235E-15,31.));
#1191=DIRECTION('',(-1.69176841847643E-15,0.,-1.));
#1192=DIRECTION('',(1.,0.,-1.69176841847643E-15));
#1193=FACE_BOUND('',#1194,.T.);
#1194=EDGE_LOOP('',(#4563,#4564,#4565,#4566));
#1195=PLANE('',#1196);
#1196=AXIS2_PLACEMENT_3D('',#1197,#1198,#1199);
#1197=CARTESIAN_POINT('',(-13.6,3.07740813131709E-15,36.7724373827842));
#1198=DIRECTION('',(-1.,0.,0.));
#1199=DIRECTION('',(0.,6.12323399573676E-17,-1.));
#1200=FACE_BOUND('',#1201,.T.);
#1201=EDGE_LOOP('',(#4567,#4568,#4569,#4570));
#1202=PLANE('',#1203);
#1203=AXIS2_PLACEMENT_3D('',#1204,#1205,#1206);
#1204=CARTESIAN_POINT('',(-13.,3.07740813131709E-15,36.7724373827842));
#1205=DIRECTION('',(0.,0.,1.));
#1206=DIRECTION('',(-1.,0.,0.));
#1207=FACE_BOUND('',#1208,.T.);
#1208=EDGE_LOOP('',(#4571,#4572,#4573,#4574));
#1209=PLANE('',#1210);
#1210=AXIS2_PLACEMENT_3D('',#1211,#1212,#1213);
#1211=CARTESIAN_POINT('',(-13.,3.39412857554793E-15,31.6));
#1212=DIRECTION('',(1.,0.,0.));
#1213=DIRECTION('',(0.,-6.12323399573677E-17,1.));
#1214=FACE_BOUND('',#1215,.T.);
#1215=EDGE_LOOP('',(#4575,#4576,#4577,#4578));
#1216=PLANE('',#1217);
#1217=AXIS2_PLACEMENT_3D('',#1218,#1219,#1220);
#1218=CARTESIAN_POINT('',(-11.5,3.39412857554793E-15,31.6));
#1219=DIRECTION('',(0.,0.,1.));
#1220=DIRECTION('',(-1.,0.,0.));
#1221=FACE_BOUND('',#1222,.T.);
#1222=EDGE_LOOP('',(#4579,#4580,#4581,#4582));
#1223=CYLINDRICAL_SURFACE('',#1224,2.);
#1224=AXIS2_PLACEMENT_3D('',#1225,#1226,#1227);
#1225=CARTESIAN_POINT('',(-11.5,3.51659325546267E-15,29.6));
#1226=DIRECTION('',(0.,-1.,-6.12323399573677E-17));
#1227=DIRECTION('',(1.,-3.74939945665464E-33,6.12323399573677E-17));
#1228=FACE_BOUND('',#1229,.T.);
#1229=EDGE_LOOP('',(#4583,#4584,#4585,#4586));
#1230=PLANE('',#1231);
#1231=AXIS2_PLACEMENT_3D('',#1232,#1233,#1234);
#1232=CARTESIAN_POINT('',(-9.5,3.94521963516424E-15,22.6));
#1233=DIRECTION('',(1.,0.,0.));
#1234=DIRECTION('',(0.,-6.12323399573677E-17,1.));
#1235=FACE_BOUND('',#1236,.T.);
#1236=EDGE_LOOP('',(#4587,#4588,#4589,#4590));
#1237=CYLINDRICAL_SURFACE('',#1238,2.);
#1238=AXIS2_PLACEMENT_3D('',#1239,#1240,#1241);
#1239=CARTESIAN_POINT('',(-11.5,3.94521963516424E-15,22.6));
#1240=DIRECTION('',(0.,-1.,-6.12323399573677E-17));
#1241=DIRECTION('',(6.12323399573677E-17,6.12323399573677E-17,-1.));
#1242=FACE_BOUND('',#1243,.T.);
#1243=EDGE_LOOP('',(#4591,#4592,#4593,#4594));
#1244=PLANE('',#1245);
#1245=AXIS2_PLACEMENT_3D('',#1246,#1247,#1248);
#1246=CARTESIAN_POINT('',(-18.5,4.06768431507898E-15,20.6));
#1247=DIRECTION('',(5.07530525542929E-16,0.,-1.));
#1248=DIRECTION('',(1.,0.,5.07530525542929E-16));
#1249=FACE_BOUND('',#1250,.T.);
#1250=EDGE_LOOP('',(#4595,#4596,#4597,#4598));
#1251=CYLINDRICAL_SURFACE('',#1252,2.);
#1252=AXIS2_PLACEMENT_3D('',#1253,#1254,#1255);
#1253=CARTESIAN_POINT('',(-18.5,3.94521963516424E-15,22.6));
#1254=DIRECTION('',(0.,-1.,-6.12323399573677E-17));
#1255=DIRECTION('',(-1.,3.74939945665464E-33,-6.12323399573677E-17));
#1256=FACE_BOUND('',#1257,.T.);
#1257=EDGE_LOOP('',(#4599,#4600,#4601,#4602));
#1258=PLANE('',#1259);
#1259=AXIS2_PLACEMENT_3D('',#1260,#1261,#1262);
#1260=CARTESIAN_POINT('',(-20.5,3.51659325546267E-15,29.6));
#1261=DIRECTION('',(-1.,0.,0.));
#1262=DIRECTION('',(0.,6.12323399573677E-17,-1.));
#1263=FACE_BOUND('',#1264,.T.);
#1264=EDGE_LOOP('',(#4603,#4604,#4605,#4606));
#1265=CYLINDRICAL_SURFACE('',#1266,2.);
#1266=AXIS2_PLACEMENT_3D('',#1267,#1268,#1269);
#1267=CARTESIAN_POINT('',(-18.5,3.51659325546267E-15,29.6));
#1268=DIRECTION('',(0.,-1.,-6.12323399573677E-17));
#1269=DIRECTION('',(1.60812264967664E-16,-6.12323399573677E-17,1.));
#1270=FACE_BOUND('',#1271,.T.);
#1271=EDGE_LOOP('',(#4607,#4608,#4609,#4610));
#1272=PLANE('',#1273);
#1273=AXIS2_PLACEMENT_3D('',#1274,#1275,#1276);
#1274=CARTESIAN_POINT('',(-17.,3.39412857554793E-15,31.6));
#1275=DIRECTION('',(0.,0.,1.));
#1276=DIRECTION('',(-1.,0.,0.));
#1277=FACE_BOUND('',#1278,.T.);
#1278=EDGE_LOOP('',(#4611,#4612,#4613,#4614));
#1279=PLANE('',#1280);
#1280=AXIS2_PLACEMENT_3D('',#1281,#1282,#1283);
#1281=CARTESIAN_POINT('',(-17.,3.07740813131709E-15,36.7724373827842));
#1282=DIRECTION('',(-1.,0.,0.));
#1283=DIRECTION('',(0.,6.12323399573677E-17,-1.));
#1284=FACE_BOUND('',#1285,.T.);
#1285=EDGE_LOOP('',(#4615,#4616,#4617,#4618));
#1286=PLANE('',#1287);
#1287=AXIS2_PLACEMENT_3D('',#1288,#1289,#1290);
#1288=CARTESIAN_POINT('',(-16.4,3.07740813131709E-15,36.7724373827842));
#1289=DIRECTION('',(0.,0.,1.));
#1290=DIRECTION('',(-1.,0.,0.));
#1291=FACE_BOUND('',#1292,.T.);
#1292=EDGE_LOOP('',(#4619,#4620,#4621,#4622));
#1293=PLANE('',#1294);
#1294=AXIS2_PLACEMENT_3D('',#1295,#1296,#1297);
#1295=CARTESIAN_POINT('',(-16.4,3.43086797952235E-15,31.));
#1296=DIRECTION('',(1.,0.,0.));
#1297=DIRECTION('',(0.,-6.12323399573676E-17,1.));
#1298=FACE_BOUND('',#1299,.T.);
#1299=EDGE_LOOP('',(#4623,#4624,#4625,#4626));
#1300=PLANE('',#1301);
#1301=AXIS2_PLACEMENT_3D('',#1302,#1303,#1304);
#1302=CARTESIAN_POINT('',(-18.5,3.43086797952235E-15,31.));
#1303=DIRECTION('',(0.,0.,-1.));
#1304=DIRECTION('',(1.,0.,0.));
#1305=FACE_BOUND('',#1306,.T.);
#1306=EDGE_LOOP('',(#4627,#4628,#4629,#4630));
#1307=CYLINDRICAL_SURFACE('',#1308,1.4);
#1308=AXIS2_PLACEMENT_3D('',#1309,#1310,#1311);
#1309=CARTESIAN_POINT('',(-18.5,3.51659325546267E-15,29.6));
#1310=DIRECTION('',(0.,1.,6.12323399573677E-17));
#1311=DIRECTION('',(-1.,3.74939945665464E-33,-6.12323399573677E-17));
#1312=FACE_BOUND('',#1313,.T.);
#1313=EDGE_LOOP('',(#4631,#4632,#4633,#4634));
#1314=PLANE('',#1315);
#1315=AXIS2_PLACEMENT_3D('',#1316,#1317,#1318);
#1316=CARTESIAN_POINT('',(-19.9,3.94521963516424E-15,22.6));
#1317=DIRECTION('',(1.,0.,0.));
#1318=DIRECTION('',(0.,-6.12323399573677E-17,1.));
#1319=FACE_BOUND('',#1320,.T.);
#1320=EDGE_LOOP('',(#4635,#4636,#4637,#4638));
#1321=CYLINDRICAL_SURFACE('',#1322,1.4);
#1322=AXIS2_PLACEMENT_3D('',#1323,#1324,#1325);
#1323=CARTESIAN_POINT('',(-18.5,3.94521963516424E-15,22.6));
#1324=DIRECTION('',(0.,1.,6.12323399573677E-17));
#1325=DIRECTION('',(6.12323399573676E-17,6.12323399573676E-17,-1.));
#1326=FACE_BOUND('',#1327,.T.);
#1327=EDGE_LOOP('',(#4639,#4640,#4641,#4642));
#1328=PLANE('',#1329);
#1329=AXIS2_PLACEMENT_3D('',#1330,#1331,#1332);
#1330=CARTESIAN_POINT('',(-11.5,4.03094491110456E-15,21.2));
#1331=DIRECTION('',(-5.07530525542929E-16,0.,1.));
#1332=DIRECTION('',(-1.,0.,-5.07530525542929E-16));
#1333=FACE_BOUND('',#1334,.T.);
#1334=EDGE_LOOP('',(#4643,#4644,#4645,#4646));
#1335=CYLINDRICAL_SURFACE('',#1336,1.4);
#1336=AXIS2_PLACEMENT_3D('',#1337,#1338,#1339);
#1337=CARTESIAN_POINT('',(-11.5,3.94521963516424E-15,22.6));
#1338=DIRECTION('',(0.,1.,6.12323399573677E-17));
#1339=DIRECTION('',(1.,-3.74939945665464E-33,6.12323399573677E-17));
#1340=FACE_BOUND('',#1341,.T.);
#1341=EDGE_LOOP('',(#4647,#4648,#4649,#4650));
#1342=PLANE('',#1343);
#1343=AXIS2_PLACEMENT_3D('',#1344,#1345,#1346);
#1344=CARTESIAN_POINT('',(-10.1,3.51659325546267E-15,29.6));
#1345=DIRECTION('',(-1.,0.,0.));
#1346=DIRECTION('',(0.,6.12323399573677E-17,-1.));
#1347=FACE_BOUND('',#1348,.T.);
#1348=EDGE_LOOP('',(#4651,#4652,#4653,#4654));
#1349=CYLINDRICAL_SURFACE('',#1350,1.4);
#1350=AXIS2_PLACEMENT_3D('',#1351,#1352,#1353);
#1351=CARTESIAN_POINT('',(-11.5,3.51659325546267E-15,29.6));
#1352=DIRECTION('',(0.,1.,6.12323399573677E-17));
#1353=DIRECTION('',(-6.95645496886028E-16,-6.12323399573677E-17,1.));
#1354=FACE_BOUND('',#1355,.T.);
#1355=EDGE_LOOP('',(#4655,#4656,#4657,#4658));
#1356=PLANE('',#1357);
#1357=AXIS2_PLACEMENT_3D('',#1358,#1359,#1360);
#1358=CARTESIAN_POINT('',(-13.6,3.43086797952235E-15,31.));
#1359=DIRECTION('',(-1.69176841847643E-15,0.,-1.));
#1360=DIRECTION('',(1.,0.,-1.69176841847643E-15));
#1361=FACE_OUTER_BOUND('',#1362,.T.);
#1362=EDGE_LOOP('',(#4659));
#1363=FACE_OUTER_BOUND('',#1364,.T.);
#1364=EDGE_LOOP('',(#4660));
#1365=CYLINDRICAL_SURFACE('',#1366,7.);
#1366=AXIS2_PLACEMENT_3D('',#1367,#1368,#1369);
#1367=CARTESIAN_POINT('',(-15.,-2.,13.2));
#1368=DIRECTION('',(0.,-1.,-6.12323399573677E-17));
#1369=DIRECTION('',(6.12323399573677E-17,6.12323399573677E-17,-1.));
#1370=FACE_OUTER_BOUND('',#1371,.T.);
#1371=EDGE_LOOP('',(#4661));
#1372=FACE_OUTER_BOUND('',#1373,.T.);
#1373=EDGE_LOOP('',(#4662));
#1374=CYLINDRICAL_SURFACE('',#1375,7.);
#1375=AXIS2_PLACEMENT_3D('',#1376,#1377,#1378);
#1376=CARTESIAN_POINT('',(8.08266887437256E-16,-2.,13.2));
#1377=DIRECTION('',(0.,-1.,-6.12323399573677E-17));
#1378=DIRECTION('',(6.12323399573677E-17,6.12323399573677E-17,-1.));
#1379=FACE_OUTER_BOUND('',#1380,.T.);
#1380=EDGE_LOOP('',(#4663));
#1381=FACE_OUTER_BOUND('',#1382,.T.);
#1382=EDGE_LOOP('',(#4664));
#1383=CYLINDRICAL_SURFACE('',#1384,7.);
#1384=AXIS2_PLACEMENT_3D('',#1385,#1386,#1387);
#1385=CARTESIAN_POINT('',(15.,-2.,13.2));
#1386=DIRECTION('',(0.,-1.,-6.12323399573677E-17));
#1387=DIRECTION('',(6.12323399573677E-17,6.12323399573677E-17,-1.));
#1388=FACE_BOUND('',#1389,.T.);
#1389=EDGE_LOOP('',(#4665,#4666,#4667));
#1390=FACE_OUTER_BOUND('',#1391,.T.);
#1391=EDGE_LOOP('',(#4668));
#1392=CYLINDRICAL_SURFACE('',#1393,7.);
#1393=AXIS2_PLACEMENT_3D('',#1394,#1395,#1396);
#1394=CARTESIAN_POINT('',(30.,-2.,13.2));
#1395=DIRECTION('',(0.,-1.,-6.12323399573677E-17));
#1396=DIRECTION('',(6.12323399573677E-17,6.12323399573677E-17,-1.));
#1397=FACE_BOUND('',#1398,.T.);
#1398=EDGE_LOOP('',(#4669,#4670,#4671,#4672));
#1399=PLANE('',#1400);
#1400=AXIS2_PLACEMENT_3D('',#1401,#1402,#1403);
#1401=CARTESIAN_POINT('',(1.4,3.07740813131709E-15,36.7724373827842));
#1402=DIRECTION('',(-1.,0.,-3.84663514215433E-17));
#1403=DIRECTION('',(3.84663514215433E-17,6.12323399573676E-17,-1.));
#1404=FACE_BOUND('',#1405,.T.);
#1405=EDGE_LOOP('',(#4673,#4674,#4675,#4676));
#1406=PLANE('',#1407);
#1407=AXIS2_PLACEMENT_3D('',#1408,#1409,#1410);
#1408=CARTESIAN_POINT('',(2.,3.07740813131709E-15,36.7724373827842));
#1409=DIRECTION('',(0.,0.,1.));
#1410=DIRECTION('',(-1.,0.,0.));
#1411=FACE_BOUND('',#1412,.T.);
#1412=EDGE_LOOP('',(#4677,#4678,#4679,#4680));
#1413=PLANE('',#1414);
#1414=AXIS2_PLACEMENT_3D('',#1415,#1416,#1417);
#1415=CARTESIAN_POINT('',(2.00000000000001,3.39412857554793E-15,31.6));
#1416=DIRECTION('',(1.,0.,8.58568556727542E-17));
#1417=DIRECTION('',(-8.58568556727542E-17,-6.12323399573677E-17,1.));
#1418=FACE_BOUND('',#1419,.T.);
#1419=EDGE_LOOP('',(#4681,#4682,#4683,#4684));
#1420=PLANE('',#1421);
#1421=AXIS2_PLACEMENT_3D('',#1422,#1423,#1424);
#1422=CARTESIAN_POINT('',(3.5,3.39412857554793E-15,31.6));
#1423=DIRECTION('',(0.,0.,1.));
#1424=DIRECTION('',(-1.,0.,0.));
#1425=FACE_BOUND('',#1426,.T.);
#1426=EDGE_LOOP('',(#4685,#4686,#4687,#4688));
#1427=CYLINDRICAL_SURFACE('',#1428,2.);
#1428=AXIS2_PLACEMENT_3D('',#1429,#1430,#1431);
#1429=CARTESIAN_POINT('',(3.5,3.51659325546267E-15,29.6));
#1430=DIRECTION('',(0.,-1.,-6.12323399573677E-17));
#1431=DIRECTION('',(1.,-3.74939945665464E-33,6.12323399573677E-17));
#1432=FACE_BOUND('',#1433,.T.);
#1433=EDGE_LOOP('',(#4689,#4690,#4691,#4692));
#1434=PLANE('',#1435);
#1435=AXIS2_PLACEMENT_3D('',#1436,#1437,#1438);
#1436=CARTESIAN_POINT('',(5.5,3.94521963516424E-15,22.6));
#1437=DIRECTION('',(1.,0.,0.));
#1438=DIRECTION('',(0.,-6.12323399573677E-17,1.));
#1439=FACE_BOUND('',#1440,.T.);
#1440=EDGE_LOOP('',(#4693,#4694,#4695,#4696));
#1441=CYLINDRICAL_SURFACE('',#1442,2.);
#1442=AXIS2_PLACEMENT_3D('',#1443,#1444,#1445);
#1443=CARTESIAN_POINT('',(3.50000000000001,3.94521963516424E-15,22.6));
#1444=DIRECTION('',(0.,-1.,-6.12323399573677E-17));
#1445=DIRECTION('',(6.12323399573677E-17,6.12323399573677E-17,-1.));
#1446=FACE_BOUND('',#1447,.T.);
#1447=EDGE_LOOP('',(#4697,#4698,#4699,#4700));
#1448=PLANE('',#1449);
#1449=AXIS2_PLACEMENT_3D('',#1450,#1451,#1452);
#1450=CARTESIAN_POINT('',(-3.5,4.06768431507898E-15,20.6));
#1451=DIRECTION('',(5.07530525542929E-16,0.,-1.));
#1452=DIRECTION('',(1.,0.,5.07530525542929E-16));
#1453=FACE_BOUND('',#1454,.T.);
#1454=EDGE_LOOP('',(#4701,#4702,#4703,#4704));
#1455=CYLINDRICAL_SURFACE('',#1456,2.);
#1456=AXIS2_PLACEMENT_3D('',#1457,#1458,#1459);
#1457=CARTESIAN_POINT('',(-3.5,3.94521963516424E-15,22.6));
#1458=DIRECTION('',(0.,-1.,-6.12323399573677E-17));
#1459=DIRECTION('',(-1.,3.74939945665464E-33,-6.12323399573677E-17));
#1460=FACE_BOUND('',#1461,.T.);
#1461=EDGE_LOOP('',(#4705,#4706,#4707,#4708));
#1462=PLANE('',#1463);
#1463=AXIS2_PLACEMENT_3D('',#1464,#1465,#1466);
#1464=CARTESIAN_POINT('',(-5.5,3.51659325546267E-15,29.6));
#1465=DIRECTION('',(-1.,0.,0.));
#1466=DIRECTION('',(0.,6.12323399573677E-17,-1.));
#1467=FACE_BOUND('',#1468,.T.);
#1468=EDGE_LOOP('',(#4709,#4710,#4711,#4712));
#1469=CYLINDRICAL_SURFACE('',#1470,2.);
#1470=AXIS2_PLACEMENT_3D('',#1471,#1472,#1473);
#1471=CARTESIAN_POINT('',(-3.5,3.51659325546267E-15,29.6));
#1472=DIRECTION('',(0.,-1.,-6.12323399573677E-17));
#1473=DIRECTION('',(1.60812264967664E-16,-6.12323399573677E-17,1.));
#1474=FACE_BOUND('',#1475,.T.);
#1475=EDGE_LOOP('',(#4713,#4714,#4715,#4716));
#1476=PLANE('',#1477);
#1477=AXIS2_PLACEMENT_3D('',#1478,#1479,#1480);
#1478=CARTESIAN_POINT('',(-2.,3.39412857554793E-15,31.6));
#1479=DIRECTION('',(0.,0.,1.));
#1480=DIRECTION('',(-1.,0.,0.));
#1481=FACE_BOUND('',#1482,.T.);
#1482=EDGE_LOOP('',(#4717,#4718,#4719,#4720));
#1483=PLANE('',#1484);
#1484=AXIS2_PLACEMENT_3D('',#1485,#1486,#1487);
#1485=CARTESIAN_POINT('',(-2.,3.07740813131709E-15,36.7724373827842));
#1486=DIRECTION('',(-1.,0.,0.));
#1487=DIRECTION('',(0.,6.12323399573677E-17,-1.));
#1488=FACE_BOUND('',#1489,.T.);
#1489=EDGE_LOOP('',(#4721,#4722,#4723,#4724));
#1490=PLANE('',#1491);
#1491=AXIS2_PLACEMENT_3D('',#1492,#1493,#1494);
#1492=CARTESIAN_POINT('',(-1.4,3.07740813131709E-15,36.7724373827842));
#1493=DIRECTION('',(0.,0.,1.));
#1494=DIRECTION('',(-1.,0.,0.));
#1495=FACE_BOUND('',#1496,.T.);
#1496=EDGE_LOOP('',(#4725,#4726,#4727,#4728));
#1497=PLANE('',#1498);
#1498=AXIS2_PLACEMENT_3D('',#1499,#1500,#1501);
#1499=CARTESIAN_POINT('',(-1.4,3.43086797952235E-15,31.));
#1500=DIRECTION('',(1.,0.,3.84663514215433E-17));
#1501=DIRECTION('',(-3.84663514215433E-17,-6.12323399573676E-17,1.));
#1502=FACE_BOUND('',#1503,.T.);
#1503=EDGE_LOOP('',(#4729,#4730,#4731,#4732));
#1504=PLANE('',#1505);
#1505=AXIS2_PLACEMENT_3D('',#1506,#1507,#1508);
#1506=CARTESIAN_POINT('',(-3.5,3.43086797952235E-15,31.));
#1507=DIRECTION('',(0.,0.,-1.));
#1508=DIRECTION('',(1.,0.,0.));
#1509=FACE_BOUND('',#1510,.T.);
#1510=EDGE_LOOP('',(#4733,#4734,#4735,#4736));
#1511=CYLINDRICAL_SURFACE('',#1512,1.4);
#1512=AXIS2_PLACEMENT_3D('',#1513,#1514,#1515);
#1513=CARTESIAN_POINT('',(-3.5,3.51659325546267E-15,29.6));
#1514=DIRECTION('',(0.,1.,6.12323399573677E-17));
#1515=DIRECTION('',(-1.,3.74939945665464E-33,-6.12323399573677E-17));
#1516=FACE_BOUND('',#1517,.T.);
#1517=EDGE_LOOP('',(#4737,#4738,#4739,#4740));
#1518=PLANE('',#1519);
#1519=AXIS2_PLACEMENT_3D('',#1520,#1521,#1522);
#1520=CARTESIAN_POINT('',(-4.9,3.94521963516424E-15,22.6));
#1521=DIRECTION('',(1.,0.,0.));
#1522=DIRECTION('',(0.,-6.12323399573677E-17,1.));
#1523=FACE_BOUND('',#1524,.T.);
#1524=EDGE_LOOP('',(#4741,#4742,#4743,#4744));
#1525=CYLINDRICAL_SURFACE('',#1526,1.4);
#1526=AXIS2_PLACEMENT_3D('',#1527,#1528,#1529);
#1527=CARTESIAN_POINT('',(-3.5,3.94521963516424E-15,22.6));
#1528=DIRECTION('',(0.,1.,6.12323399573677E-17));
#1529=DIRECTION('',(6.12323399573676E-17,6.12323399573676E-17,-1.));
#1530=FACE_BOUND('',#1531,.T.);
#1531=EDGE_LOOP('',(#4745,#4746,#4747,#4748));
#1532=PLANE('',#1533);
#1533=AXIS2_PLACEMENT_3D('',#1534,#1535,#1536);
#1534=CARTESIAN_POINT('',(3.50000000000001,4.03094491110456E-15,21.2));
#1535=DIRECTION('',(-5.07530525542929E-16,0.,1.));
#1536=DIRECTION('',(-1.,0.,-5.07530525542929E-16));
#1537=FACE_BOUND('',#1538,.T.);
#1538=EDGE_LOOP('',(#4749,#4750,#4751,#4752));
#1539=CYLINDRICAL_SURFACE('',#1540,1.4);
#1540=AXIS2_PLACEMENT_3D('',#1541,#1542,#1543);
#1541=CARTESIAN_POINT('',(3.50000000000001,3.94521963516424E-15,22.6));
#1542=DIRECTION('',(0.,1.,6.12323399573677E-17));
#1543=DIRECTION('',(1.,-3.74939945665464E-33,6.12323399573677E-17));
#1544=FACE_BOUND('',#1545,.T.);
#1545=EDGE_LOOP('',(#4753,#4754,#4755,#4756));
#1546=PLANE('',#1547);
#1547=AXIS2_PLACEMENT_3D('',#1548,#1549,#1550);
#1548=CARTESIAN_POINT('',(4.9,3.51659325546267E-15,29.6));
#1549=DIRECTION('',(-1.,0.,0.));
#1550=DIRECTION('',(0.,6.12323399573677E-17,-1.));
#1551=FACE_BOUND('',#1552,.T.);
#1552=EDGE_LOOP('',(#4757,#4758,#4759,#4760));
#1553=CYLINDRICAL_SURFACE('',#1554,1.4);
#1554=AXIS2_PLACEMENT_3D('',#1555,#1556,#1557);
#1555=CARTESIAN_POINT('',(3.5,3.51659325546267E-15,29.6));
#1556=DIRECTION('',(0.,1.,6.12323399573677E-17));
#1557=DIRECTION('',(-6.95645496886028E-16,-6.12323399573677E-17,1.));
#1558=FACE_BOUND('',#1559,.T.);
#1559=EDGE_LOOP('',(#4761,#4762,#4763,#4764));
#1560=PLANE('',#1561);
#1561=AXIS2_PLACEMENT_3D('',#1562,#1563,#1564);
#1562=CARTESIAN_POINT('',(1.4,3.43086797952235E-15,31.));
#1563=DIRECTION('',(-1.69176841847643E-15,0.,-1.));
#1564=DIRECTION('',(1.,0.,-1.69176841847643E-15));
#1565=FACE_OUTER_BOUND('',#1566,.T.);
#1566=EDGE_LOOP('',(#4765));
#1567=FACE_OUTER_BOUND('',#1568,.T.);
#1568=EDGE_LOOP('',(#4766));
#1569=CONICAL_SURFACE('',#1570,3.66987298107781,0.26179938779915);
#1570=AXIS2_PLACEMENT_3D('',#1571,#1572,#1573);
#1571=CARTESIAN_POINT('',(30.,-4.5,26.1));
#1572=DIRECTION('',(0.,1.,6.12323399573677E-17));
#1573=DIRECTION('',(0.,-6.12323399573677E-17,1.));
#1574=FACE_OUTER_BOUND('',#1575,.T.);
#1575=EDGE_LOOP('',(#4767));
#1576=FACE_OUTER_BOUND('',#1577,.T.);
#1577=EDGE_LOOP('',(#4768));
#1578=CONICAL_SURFACE('',#1579,3.66987298107781,0.26179938779915);
#1579=AXIS2_PLACEMENT_3D('',#1580,#1581,#1582);
#1580=CARTESIAN_POINT('',(3.26980695372343E-15,-4.5,26.1));
#1581=DIRECTION('',(0.,1.,6.12323399573677E-17));
#1582=DIRECTION('',(-6.12323399573676E-17,-6.12323399573677E-17,1.));
#1583=FACE_OUTER_BOUND('',#1584,.T.);
#1584=EDGE_LOOP('',(#4769));
#1585=FACE_OUTER_BOUND('',#1586,.T.);
#1586=EDGE_LOOP('',(#4770));
#1587=CONICAL_SURFACE('',#1588,3.66987298107781,0.26179938779915);
#1588=AXIS2_PLACEMENT_3D('',#1589,#1590,#1591);
#1589=CARTESIAN_POINT('',(-30.,-4.5,26.1));
#1590=DIRECTION('',(0.,1.,6.12323399573677E-17));
#1591=DIRECTION('',(0.,-6.12323399573677E-17,1.));
#1592=FACE_BOUND('',#1593,.T.);
#1593=EDGE_LOOP('',(#4771,#4772,#4773,#4774));
#1594=CYLINDRICAL_SURFACE('',#1595,2.);
#1595=AXIS2_PLACEMENT_3D('',#1596,#1597,#1598);
#1596=CARTESIAN_POINT('',(-11.5,-0.599999999999998,-34.3));
#1597=DIRECTION('',(0.,1.,6.12323399573677E-17));
#1598=DIRECTION('',(1.,-4.3883134295966E-31,7.16665969755837E-15));
#1599=FACE_BOUND('',#1600,.T.);
#1600=EDGE_LOOP('',(#4775,#4776,#4777,#4778));
#1601=PLANE('',#1602);
#1602=AXIS2_PLACEMENT_3D('',#1603,#1604,#1605);
#1603=CARTESIAN_POINT('',(-9.50000000000002,-0.6,3.7));
#1604=DIRECTION('',(1.,0.,5.60954791389553E-16));
#1605=DIRECTION('',(5.60954791389553E-16,6.13544303082323E-17,-1.));
#1606=FACE_BOUND('',#1607,.T.);
#1607=EDGE_LOOP('',(#4779,#4780,#4781,#4782));
#1608=CYLINDRICAL_SURFACE('',#1609,2.);
#1609=AXIS2_PLACEMENT_3D('',#1610,#1611,#1612);
#1610=CARTESIAN_POINT('',(-11.5,-0.6,3.7));
#1611=DIRECTION('',(0.,1.,6.12323399573677E-17));
#1612=DIRECTION('',(1.95560064598995E-13,-6.12323399573677E-17,1.));
#1613=FACE_BOUND('',#1614,.T.);
#1614=EDGE_LOOP('',(#4783,#4784,#4785,#4786));
#1615=PLANE('',#1616);
#1616=AXIS2_PLACEMENT_3D('',#1617,#1618,#1619);
#1617=CARTESIAN_POINT('',(-18.5,-0.6,5.69999999999999));
#1618=DIRECTION('',(-6.34413156928627E-15,0.,1.));
#1619=DIRECTION('',(1.,0.,6.34413156928627E-15));
#1620=FACE_BOUND('',#1621,.T.);
#1621=EDGE_LOOP('',(#4787,#4788,#4789,#4790));
#1622=CYLINDRICAL_SURFACE('',#1623,2.);
#1623=AXIS2_PLACEMENT_3D('',#1624,#1625,#1626);
#1624=CARTESIAN_POINT('',(-18.4999999999999,-0.6,3.69999999999999));
#1625=DIRECTION('',(0.,1.,6.12323399573677E-17));
#1626=DIRECTION('',(-1.,-3.36158368905068E-31,5.48988278316841E-15));
#1627=FACE_BOUND('',#1628,.T.);
#1628=EDGE_LOOP('',(#4791,#4792,#4793,#4794));
#1629=PLANE('',#1630);
#1630=AXIS2_PLACEMENT_3D('',#1631,#1632,#1633);
#1631=CARTESIAN_POINT('',(-20.5,-0.599999999999998,-34.3));
#1632=DIRECTION('',(-1.,0.,1.47250632739758E-15));
#1633=DIRECTION('',(1.47250632739758E-15,-6.13544303082323E-17,1.));
#1634=FACE_BOUND('',#1635,.T.);
#1635=EDGE_LOOP('',(#4795,#4796,#4797,#4798));
#1636=CYLINDRICAL_SURFACE('',#1637,2.);
#1637=AXIS2_PLACEMENT_3D('',#1638,#1639,#1640);
#1638=CARTESIAN_POINT('',(-18.5,-0.599999999999998,-34.3));
#1639=DIRECTION('',(0.,1.,6.12323399573677E-17));
#1640=DIRECTION('',(6.12323399573677E-17,6.12323399573677E-17,-1.));
#1641=FACE_BOUND('',#1642,.T.);
#1642=EDGE_LOOP('',(#4799,#4800,#4801,#4802));
#1643=PLANE('',#1644);
#1644=AXIS2_PLACEMENT_3D('',#1645,#1646,#1647);
#1645=CARTESIAN_POINT('',(-11.5,-0.599999999999998,-36.3));
#1646=DIRECTION('',(-4.06024420434343E-15,0.,-1.));
#1647=DIRECTION('',(-1.,0.,4.06024420434343E-15));
#1648=FACE_BOUND('',#1649,.T.);
#1649=EDGE_LOOP('',(#4803,#4804,#4805,#4806));
#1650=CYLINDRICAL_SURFACE('',#1651,2.);
#1651=AXIS2_PLACEMENT_3D('',#1652,#1653,#1654);
#1652=CARTESIAN_POINT('',(-26.5,-0.599999999999998,-34.3));
#1653=DIRECTION('',(0.,1.,6.12323399573677E-17));
#1654=DIRECTION('',(1.,-4.3883134295966E-31,7.16665969755837E-15));
#1655=FACE_BOUND('',#1656,.T.);
#1656=EDGE_LOOP('',(#4807,#4808,#4809,#4810));
#1657=PLANE('',#1658);
#1658=AXIS2_PLACEMENT_3D('',#1659,#1660,#1661);
#1659=CARTESIAN_POINT('',(-24.5,-0.6,3.7));
#1660=DIRECTION('',(1.,0.,5.60954791389553E-16));
#1661=DIRECTION('',(5.60954791389553E-16,6.13544303082323E-17,-1.));
#1662=FACE_BOUND('',#1663,.T.);
#1663=EDGE_LOOP('',(#4811,#4812,#4813,#4814));
#1664=CYLINDRICAL_SURFACE('',#1665,2.);
#1665=AXIS2_PLACEMENT_3D('',#1666,#1667,#1668);
#1666=CARTESIAN_POINT('',(-26.5,-0.6,3.7));
#1667=DIRECTION('',(0.,1.,6.12323399573677E-17));
#1668=DIRECTION('',(1.95560064598995E-13,-6.12323399573677E-17,1.));
#1669=FACE_BOUND('',#1670,.T.);
#1670=EDGE_LOOP('',(#4815,#4816,#4817,#4818));
#1671=PLANE('',#1672);
#1672=AXIS2_PLACEMENT_3D('',#1673,#1674,#1675);
#1673=CARTESIAN_POINT('',(-33.5,-0.6,5.69999999999999));
#1674=DIRECTION('',(-6.34413156928627E-15,0.,1.));
#1675=DIRECTION('',(1.,0.,6.34413156928627E-15));
#1676=FACE_BOUND('',#1677,.T.);
#1677=EDGE_LOOP('',(#4819,#4820,#4821,#4822));
#1678=CYLINDRICAL_SURFACE('',#1679,2.);
#1679=AXIS2_PLACEMENT_3D('',#1680,#1681,#1682);
#1680=CARTESIAN_POINT('',(-33.4999999999999,-0.6,3.69999999999999));
#1681=DIRECTION('',(0.,1.,6.12323399573677E-17));
#1682=DIRECTION('',(-1.,-3.36158368905068E-31,5.48988278316841E-15));
#1683=FACE_BOUND('',#1684,.T.);
#1684=EDGE_LOOP('',(#4823,#4824,#4825,#4826));
#1685=PLANE('',#1686);
#1686=AXIS2_PLACEMENT_3D('',#1687,#1688,#1689);
#1687=CARTESIAN_POINT('',(-35.5,-0.599999999999998,-34.3));
#1688=DIRECTION('',(-1.,0.,1.47250632739758E-15));
#1689=DIRECTION('',(1.47250632739758E-15,-6.13544303082323E-17,1.));
#1690=FACE_BOUND('',#1691,.T.);
#1691=EDGE_LOOP('',(#4827,#4828,#4829,#4830));
#1692=CYLINDRICAL_SURFACE('',#1693,2.);
#1693=AXIS2_PLACEMENT_3D('',#1694,#1695,#1696);
#1694=CARTESIAN_POINT('',(-33.5,-0.599999999999998,-34.3));
#1695=DIRECTION('',(0.,1.,6.12323399573677E-17));
#1696=DIRECTION('',(6.12323399573677E-17,6.12323399573677E-17,-1.));
#1697=FACE_BOUND('',#1698,.T.);
#1698=EDGE_LOOP('',(#4831,#4832,#4833,#4834));
#1699=PLANE('',#1700);
#1700=AXIS2_PLACEMENT_3D('',#1701,#1702,#1703);
#1701=CARTESIAN_POINT('',(-26.5,-0.599999999999998,-36.3));
#1702=DIRECTION('',(-4.06024420434343E-15,0.,-1.));
#1703=DIRECTION('',(-1.,0.,4.06024420434343E-15));
#1704=FACE_BOUND('',#1705,.T.);
#1705=EDGE_LOOP('',(#4835,#4836,#4837,#4838));
#1706=CYLINDRICAL_SURFACE('',#1707,2.);
#1707=AXIS2_PLACEMENT_3D('',#1708,#1709,#1710);
#1708=CARTESIAN_POINT('',(18.5,-0.6,-34.3));
#1709=DIRECTION('',(0.,1.,6.12323399573677E-17));
#1710=DIRECTION('',(1.,-4.3883134295966E-31,7.16665969755837E-15));
#1711=FACE_BOUND('',#1712,.T.);
#1712=EDGE_LOOP('',(#4839,#4840,#4841,#4842));
#1713=PLANE('',#1714);
#1714=AXIS2_PLACEMENT_3D('',#1715,#1716,#1717);
#1715=CARTESIAN_POINT('',(20.5,-0.600000000000002,3.69999999999999));
#1716=DIRECTION('',(1.,0.,5.60954791389553E-16));
#1717=DIRECTION('',(5.60954791389553E-16,6.13544303082323E-17,-1.));
#1718=FACE_BOUND('',#1719,.T.);
#1719=EDGE_LOOP('',(#4843,#4844,#4845,#4846));
#1720=CYLINDRICAL_SURFACE('',#1721,2.);
#1721=AXIS2_PLACEMENT_3D('',#1722,#1723,#1724);
#1722=CARTESIAN_POINT('',(18.5,-0.600000000000002,3.7));
#1723=DIRECTION('',(0.,1.,6.12323399573677E-17));
#1724=DIRECTION('',(1.95560064598995E-13,-6.12323399573677E-17,1.));
#1725=FACE_BOUND('',#1726,.T.);
#1726=EDGE_LOOP('',(#4847,#4848,#4849,#4850));
#1727=PLANE('',#1728);
#1728=AXIS2_PLACEMENT_3D('',#1729,#1730,#1731);
#1729=CARTESIAN_POINT('',(11.5,-0.600000000000002,5.69999999999998));
#1730=DIRECTION('',(-6.34413156928627E-15,0.,1.));
#1731=DIRECTION('',(1.,0.,6.34413156928627E-15));
#1732=FACE_BOUND('',#1733,.T.);
#1733=EDGE_LOOP('',(#4851,#4852,#4853,#4854));
#1734=CYLINDRICAL_SURFACE('',#1735,2.);
#1735=AXIS2_PLACEMENT_3D('',#1736,#1737,#1738);
#1736=CARTESIAN_POINT('',(11.5000000000001,-0.600000000000002,3.69999999999999));
#1737=DIRECTION('',(0.,1.,6.12323399573677E-17));
#1738=DIRECTION('',(-1.,-3.36158368905068E-31,5.48988278316841E-15));
#1739=FACE_BOUND('',#1740,.T.);
#1740=EDGE_LOOP('',(#4855,#4856,#4857,#4858));
#1741=PLANE('',#1742);
#1742=AXIS2_PLACEMENT_3D('',#1743,#1744,#1745);
#1743=CARTESIAN_POINT('',(9.5,-0.6,-34.3));
#1744=DIRECTION('',(-1.,0.,1.47250632739758E-15));
#1745=DIRECTION('',(1.47250632739758E-15,-6.13544303082323E-17,1.));
#1746=FACE_BOUND('',#1747,.T.);
#1747=EDGE_LOOP('',(#4859,#4860,#4861,#4862));
#1748=CYLINDRICAL_SURFACE('',#1749,2.);
#1749=AXIS2_PLACEMENT_3D('',#1750,#1751,#1752);
#1750=CARTESIAN_POINT('',(11.5,-0.6,-34.3));
#1751=DIRECTION('',(0.,1.,6.12323399573677E-17));
#1752=DIRECTION('',(6.12323399573677E-17,6.12323399573677E-17,-1.));
#1753=FACE_BOUND('',#1754,.T.);
#1754=EDGE_LOOP('',(#4863,#4864,#4865,#4866));
#1755=PLANE('',#1756);
#1756=AXIS2_PLACEMENT_3D('',#1757,#1758,#1759);
#1757=CARTESIAN_POINT('',(18.5,-0.6,-36.3));
#1758=DIRECTION('',(-4.06024420434343E-15,0.,-1.));
#1759=DIRECTION('',(-1.,0.,4.06024420434343E-15));
#1760=FACE_BOUND('',#1761,.T.);
#1761=EDGE_LOOP('',(#4867,#4868,#4869,#4870));
#1762=CYLINDRICAL_SURFACE('',#1763,2.);
#1763=AXIS2_PLACEMENT_3D('',#1764,#1765,#1766);
#1764=CARTESIAN_POINT('',(33.5,-0.600000000000002,-34.3));
#1765=DIRECTION('',(0.,1.,6.12323399573677E-17));
#1766=DIRECTION('',(1.,-4.3883134295966E-31,7.16665969755837E-15));
#1767=FACE_BOUND('',#1768,.T.);
#1768=EDGE_LOOP('',(#4871,#4872,#4873,#4874));
#1769=PLANE('',#1770);
#1770=AXIS2_PLACEMENT_3D('',#1771,#1772,#1773);
#1771=CARTESIAN_POINT('',(35.5,-0.600000000000004,3.69999999999999));
#1772=DIRECTION('',(1.,0.,5.60954791389553E-16));
#1773=DIRECTION('',(5.60954791389553E-16,6.13544303082323E-17,-1.));
#1774=FACE_BOUND('',#1775,.T.);
#1775=EDGE_LOOP('',(#4875,#4876,#4877,#4878));
#1776=CYLINDRICAL_SURFACE('',#1777,2.);
#1777=AXIS2_PLACEMENT_3D('',#1778,#1779,#1780);
#1778=CARTESIAN_POINT('',(33.5,-0.600000000000004,3.7));
#1779=DIRECTION('',(0.,1.,6.12323399573677E-17));
#1780=DIRECTION('',(1.95560064598995E-13,-6.12323399573677E-17,1.));
#1781=FACE_BOUND('',#1782,.T.);
#1782=EDGE_LOOP('',(#4879,#4880,#4881,#4882));
#1783=PLANE('',#1784);
#1784=AXIS2_PLACEMENT_3D('',#1785,#1786,#1787);
#1785=CARTESIAN_POINT('',(26.5,-0.600000000000004,5.69999999999998));
#1786=DIRECTION('',(-6.34413156928627E-15,0.,1.));
#1787=DIRECTION('',(1.,0.,6.34413156928627E-15));
#1788=FACE_BOUND('',#1789,.T.);
#1789=EDGE_LOOP('',(#4883,#4884,#4885,#4886));
#1790=CYLINDRICAL_SURFACE('',#1791,2.);
#1791=AXIS2_PLACEMENT_3D('',#1792,#1793,#1794);
#1792=CARTESIAN_POINT('',(26.5000000000001,-0.600000000000004,3.69999999999999));
#1793=DIRECTION('',(0.,1.,6.12323399573677E-17));
#1794=DIRECTION('',(-1.,-3.36158368905068E-31,5.48988278316841E-15));
#1795=FACE_BOUND('',#1796,.T.);
#1796=EDGE_LOOP('',(#4887,#4888,#4889,#4890));
#1797=PLANE('',#1798);
#1798=AXIS2_PLACEMENT_3D('',#1799,#1800,#1801);
#1799=CARTESIAN_POINT('',(24.5,-0.600000000000002,-34.3));
#1800=DIRECTION('',(-1.,0.,1.47250632739758E-15));
#1801=DIRECTION('',(1.47250632739758E-15,-6.13544303082323E-17,1.));
#1802=FACE_BOUND('',#1803,.T.);
#1803=EDGE_LOOP('',(#4891,#4892,#4893,#4894));
#1804=CYLINDRICAL_SURFACE('',#1805,2.);
#1805=AXIS2_PLACEMENT_3D('',#1806,#1807,#1808);
#1806=CARTESIAN_POINT('',(26.5,-0.600000000000002,-34.3));
#1807=DIRECTION('',(0.,1.,6.12323399573677E-17));
#1808=DIRECTION('',(6.12323399573677E-17,6.12323399573677E-17,-1.));
#1809=FACE_BOUND('',#1810,.T.);
#1810=EDGE_LOOP('',(#4895,#4896,#4897,#4898));
#1811=PLANE('',#1812);
#1812=AXIS2_PLACEMENT_3D('',#1813,#1814,#1815);
#1813=CARTESIAN_POINT('',(33.5,-0.600000000000001,-36.3));
#1814=DIRECTION('',(-4.06024420434343E-15,0.,-1.));
#1815=DIRECTION('',(-1.,0.,4.06024420434343E-15));
#1816=FACE_BOUND('',#1817,.T.);
#1817=EDGE_LOOP('',(#4899,#4900,#4901,#4902));
#1818=PLANE('',#1819);
#1819=AXIS2_PLACEMENT_3D('',#1820,#1821,#1822);
#1820=CARTESIAN_POINT('',(-31.9046549232499,-0.800000000000002,26.4860848910262));
#1821=DIRECTION('',(-9.54892518326217E-16,0.,1.));
#1822=DIRECTION('',(1.,0.,9.54892518326217E-16));
#1823=FACE_BOUND('',#1824,.T.);
#1824=EDGE_LOOP('',(#4903,#4904,#4905,#4906));
#1825=PLANE('',#1826);
#1826=AXIS2_PLACEMENT_3D('',#1827,#1828,#1829);
#1827=CARTESIAN_POINT('',(-30.9314843579031,-0.800000000000002,27.3831877581328));
#1828=DIRECTION('',(0.677786988954563,0.,-0.735258320322802));
#1829=DIRECTION('',(-0.735258320322802,0.,-0.677786988954563));
#1830=FACE_BOUND('',#1831,.T.);
#1831=EDGE_LOOP('',(#4907,#4908,#4909,#4910));
#1832=PLANE('',#1833);
#1833=AXIS2_PLACEMENT_3D('',#1834,#1835,#1836);
#1834=CARTESIAN_POINT('',(-31.5162135245698,-0.800000000000002,27.9438563741395));
#1835=DIRECTION('',(0.692100412964241,0.,0.721801231901642));
#1836=DIRECTION('',(0.721801231901642,0.,-0.692100412964241));
#1837=FACE_BOUND('',#1838,.T.);
#1838=EDGE_LOOP('',(#4911,#4912,#4913,#4914));
#1839=PLANE('',#1840);
#1840=AXIS2_PLACEMENT_3D('',#1841,#1842,#1843);
#1841=CARTESIAN_POINT('',(-33.1221516743498,-0.800000000000002,26.4780647074728));
#1842=DIRECTION('',(-0.674144022058086,0.,0.738599917088641));
#1843=DIRECTION('',(0.738599917088641,0.,0.674144022058086));
#1844=FACE_BOUND('',#1845,.T.);
#1845=EDGE_LOOP('',(#4915,#4916,#4917,#4918));
#1846=PLANE('',#1847);
#1847=AXIS2_PLACEMENT_3D('',#1848,#1849,#1850);
#1848=CARTESIAN_POINT('',(-33.1221516743498,-0.800000000000002,25.3366769963897));
#1849=DIRECTION('',(-1.,0.,0.));
#1850=DIRECTION('',(0.,-9.72695792888463E-17,1.));
#1851=FACE_BOUND('',#1852,.T.);
#1852=EDGE_LOOP('',(#4919,#4920,#4921,#4922));
#1853=PLANE('',#1854);
#1854=AXIS2_PLACEMENT_3D('',#1855,#1856,#1857);
#1855=CARTESIAN_POINT('',(-28.1841171552633,-0.800000000000002,25.3366769963897));
#1856=DIRECTION('',(7.19459061103877E-16,0.,-1.));
#1857=DIRECTION('',(-1.,0.,-7.19459061103877E-16));
#1858=FACE_BOUND('',#1859,.T.);
#1859=EDGE_LOOP('',(#4923,#4924,#4925,#4926));
#1860=PLANE('',#1861);
#1861=AXIS2_PLACEMENT_3D('',#1862,#1863,#1864);
#1862=CARTESIAN_POINT('',(-28.1841171552633,-0.800000000000001,24.0150419247995));
#1863=DIRECTION('',(-1.,0.,0.));
#1864=DIRECTION('',(0.,-8.40037502401695E-17,1.));
#1865=FACE_BOUND('',#1866,.T.);
#1866=EDGE_LOOP('',(#4927,#4928,#4929,#4930));
#1867=PLANE('',#1868);
#1868=AXIS2_PLACEMENT_3D('',#1869,#1870,#1871);
#1869=CARTESIAN_POINT('',(-27.1428163513036,-0.800000000000001,24.0150419247995));
#1870=DIRECTION('',(0.,0.,-1.));
#1871=DIRECTION('',(-1.,0.,0.));
#1872=FACE_BOUND('',#1873,.T.);
#1873=EDGE_LOOP('',(#4931,#4932,#4933,#4934));
#1874=PLANE('',#1875);
#1875=AXIS2_PLACEMENT_3D('',#1876,#1877,#1878);
#1876=CARTESIAN_POINT('',(-27.1428163513036,-0.800000000000002,27.8076786208398));
#1877=DIRECTION('',(1.,0.,0.));
#1878=DIRECTION('',(0.,5.85462364894738E-17,-1.));
#1879=FACE_BOUND('',#1880,.T.);
#1880=EDGE_LOOP('',(#4935,#4936,#4937,#4938));
#1881=PLANE('',#1882);
#1882=AXIS2_PLACEMENT_3D('',#1883,#1884,#1885);
#1883=CARTESIAN_POINT('',(-28.1841171552633,-0.800000000000002,27.8076786208398));
#1884=DIRECTION('',(0.,0.,1.));
#1885=DIRECTION('',(1.,0.,0.));
#1886=FACE_BOUND('',#1887,.T.);
#1887=EDGE_LOOP('',(#4939,#4940,#4941,#4942));
#1888=PLANE('',#1889);
#1889=AXIS2_PLACEMENT_3D('',#1890,#1891,#1892);
#1890=CARTESIAN_POINT('',(-28.1841171552633,-0.800000000000002,26.4860848910262));
#1891=DIRECTION('',(-1.,0.,0.));
#1892=DIRECTION('',(0.,0.,1.));
#1893=FACE_BOUND('',#1894,.T.);
#1894=EDGE_LOOP('',(#4943,#4944,#4945,#4946));
#1895=SURFACE_OF_LINEAR_EXTRUSION('',#1896,#1897);
#1896=B_SPLINE_CURVE_WITH_KNOTS('',2,
(#4947,#4948,#4949),
.UNSPECIFIED.,.F.,.F.,
(3,3),
(0.,1.),
.UNSPECIFIED.);
#1897=VECTOR('',#1898,0.8);
#1898=DIRECTION('',(0.,1.,6.12323399573677E-17));
#1899=FACE_BOUND('',#1900,.T.);
#1900=EDGE_LOOP('',(#4950,#4951,#4952,#4953));
#1901=SURFACE_OF_LINEAR_EXTRUSION('',#1902,#1903);
#1902=B_SPLINE_CURVE_WITH_KNOTS('',2,
(#4954,#4955,#4956),
.UNSPECIFIED.,.F.,.F.,
(3,3),
(0.,1.),
.UNSPECIFIED.);
#1903=VECTOR('',#1904,0.8);
#1904=DIRECTION('',(0.,1.,6.12323399573677E-17));
#1905=FACE_BOUND('',#1906,.T.);
#1906=EDGE_LOOP('',(#4957,#4958,#4959,#4960));
#1907=SURFACE_OF_LINEAR_EXTRUSION('',#1908,#1909);
#1908=B_SPLINE_CURVE_WITH_KNOTS('',2,
(#4961,#4962,#4963),
.UNSPECIFIED.,.F.,.F.,
(3,3),
(0.,1.),
.UNSPECIFIED.);
#1909=VECTOR('',#1910,0.8);
#1910=DIRECTION('',(0.,1.,6.12323399573677E-17));
#1911=FACE_BOUND('',#1912,.T.);
#1912=EDGE_LOOP('',(#4964,#4965,#4966,#4967));
#1913=SURFACE_OF_LINEAR_EXTRUSION('',#1914,#1915);
#1914=B_SPLINE_CURVE_WITH_KNOTS('',2,
(#4968,#4969,#4970),
.UNSPECIFIED.,.F.,.F.,
(3,3),
(0.,1.),
.UNSPECIFIED.);
#1915=VECTOR('',#1916,0.8);
#1916=DIRECTION('',(0.,1.,6.12323399573677E-17));
#1917=FACE_BOUND('',#1918,.T.);
#1918=EDGE_LOOP('',(#4971,#4972,#4973,#4974));
#1919=SURFACE_OF_LINEAR_EXTRUSION('',#1920,#1921);
#1920=B_SPLINE_CURVE_WITH_KNOTS('',2,
(#4975,#4976,#4977),
.UNSPECIFIED.,.F.,.F.,
(3,3),
(0.,1.),
.UNSPECIFIED.);
#1921=VECTOR('',#1922,0.8);
#1922=DIRECTION('',(0.,1.,6.12323399573677E-17));
#1923=FACE_BOUND('',#1924,.T.);
#1924=EDGE_LOOP('',(#4978,#4979,#4980,#4981));
#1925=SURFACE_OF_LINEAR_EXTRUSION('',#1926,#1927);
#1926=B_SPLINE_CURVE_WITH_KNOTS('',2,
(#4982,#4983,#4984),
.UNSPECIFIED.,.F.,.F.,
(3,3),
(0.,1.),
.UNSPECIFIED.);
#1927=VECTOR('',#1928,0.8);
#1928=DIRECTION('',(0.,1.,6.12323399573677E-17));
#1929=FACE_BOUND('',#1930,.T.);
#1930=EDGE_LOOP('',(#4985,#4986,#4987,#4988));
#1931=SURFACE_OF_LINEAR_EXTRUSION('',#1932,#1933);
#1932=B_SPLINE_CURVE_WITH_KNOTS('',2,
(#4989,#4990,#4991),
.UNSPECIFIED.,.F.,.F.,
(3,3),
(0.,1.),
.UNSPECIFIED.);
#1933=VECTOR('',#1934,0.8);
#1934=DIRECTION('',(0.,1.,6.12323399573677E-17));
#1935=FACE_BOUND('',#1936,.T.);
#1936=EDGE_LOOP('',(#4992,#4993,#4994,#4995));
#1937=SURFACE_OF_LINEAR_EXTRUSION('',#1938,#1939);
#1938=B_SPLINE_CURVE_WITH_KNOTS('',2,
(#4996,#4997,#4998),
.UNSPECIFIED.,.F.,.F.,
(3,3),
(0.,1.),
.UNSPECIFIED.);
#1939=VECTOR('',#1940,0.8);
#1940=DIRECTION('',(0.,1.,6.12323399573677E-17));
#1941=FACE_BOUND('',#1942,.T.);
#1942=EDGE_LOOP('',(#4999,#5000,#5001,#5002));
#1943=SURFACE_OF_LINEAR_EXTRUSION('',#1944,#1945);
#1944=B_SPLINE_CURVE_WITH_KNOTS('',2,
(#5003,#5004,#5005),
.UNSPECIFIED.,.F.,.F.,
(3,3),
(0.,1.),
.UNSPECIFIED.);
#1945=VECTOR('',#1946,0.8);
#1946=DIRECTION('',(0.,1.,6.12323399573677E-17));
#1947=FACE_BOUND('',#1948,.T.);
#1948=EDGE_LOOP('',(#5006,#5007,#5008,#5009));
#1949=SURFACE_OF_LINEAR_EXTRUSION('',#1950,#1951);
#1950=B_SPLINE_CURVE_WITH_KNOTS('',2,
(#5010,#5011,#5012),
.UNSPECIFIED.,.F.,.F.,
(3,3),
(0.,1.),
.UNSPECIFIED.);
#1951=VECTOR('',#1952,0.8);
#1952=DIRECTION('',(0.,1.,6.12323399573677E-17));
#1953=FACE_BOUND('',#1954,.T.);
#1954=EDGE_LOOP('',(#5013,#5014,#5015,#5016));
#1955=SURFACE_OF_LINEAR_EXTRUSION('',#1956,#1957);
#1956=B_SPLINE_CURVE_WITH_KNOTS('',2,
(#5017,#5018,#5019),
.UNSPECIFIED.,.F.,.F.,
(3,3),
(0.,1.),
.UNSPECIFIED.);
#1957=VECTOR('',#1958,0.8);
#1958=DIRECTION('',(0.,1.,6.12323399573677E-17));
#1959=FACE_BOUND('',#1960,.T.);
#1960=EDGE_LOOP('',(#5020,#5021,#5022,#5023));
#1961=SURFACE_OF_LINEAR_EXTRUSION('',#1962,#1963);
#1962=B_SPLINE_CURVE_WITH_KNOTS('',2,
(#5024,#5025,#5026),
.UNSPECIFIED.,.F.,.F.,
(3,3),
(0.,1.),
.UNSPECIFIED.);
#1963=VECTOR('',#1964,0.8);
#1964=DIRECTION('',(0.,1.,6.12323399573677E-17));
#1965=FACE_BOUND('',#1966,.T.);
#1966=EDGE_LOOP('',(#5027,#5028,#5029,#5030));
#1967=SURFACE_OF_LINEAR_EXTRUSION('',#1968,#1969);
#1968=B_SPLINE_CURVE_WITH_KNOTS('',2,
(#5031,#5032,#5033),
.UNSPECIFIED.,.F.,.F.,
(3,3),
(0.,1.),
.UNSPECIFIED.);
#1969=VECTOR('',#1970,0.8);
#1970=DIRECTION('',(0.,1.,6.12323399573677E-17));
#1971=FACE_BOUND('',#1972,.T.);
#1972=EDGE_LOOP('',(#5034,#5035,#5036,#5037));
#1973=SURFACE_OF_LINEAR_EXTRUSION('',#1974,#1975);
#1974=B_SPLINE_CURVE_WITH_KNOTS('',2,
(#5038,#5039,#5040),
.UNSPECIFIED.,.F.,.F.,
(3,3),
(0.,1.),
.UNSPECIFIED.);
#1975=VECTOR('',#1976,0.8);
#1976=DIRECTION('',(0.,1.,6.12323399573677E-17));
#1977=FACE_BOUND('',#1978,.T.);
#1978=EDGE_LOOP('',(#5041,#5042,#5043,#5044));
#1979=PLANE('',#1980);
#1980=AXIS2_PLACEMENT_3D('',#1981,#1982,#1983);
#1981=CARTESIAN_POINT('',(-13.1629622821268,-0.800000000000001,24.3033964163561));
#1982=DIRECTION('',(-1.,0.,0.));
#1983=DIRECTION('',(0.,-8.4132702764168E-17,1.));
#1984=FACE_BOUND('',#1985,.T.);
#1985=EDGE_LOOP('',(#5045,#5046,#5047,#5048));
#1986=PLANE('',#1987);
#1987=AXIS2_PLACEMENT_3D('',#1988,#1989,#1990);
#1988=CARTESIAN_POINT('',(-12.1216614781671,-0.800000000000001,24.3033964163561));
#1989=DIRECTION('',(0.,0.,-1.));
#1990=DIRECTION('',(-1.,0.,0.));
#1991=FACE_BOUND('',#1992,.T.);
#1992=EDGE_LOOP('',(#5049,#5050,#5051,#5052));
#1993=PLANE('',#1994);
#1994=AXIS2_PLACEMENT_3D('',#1995,#1996,#1997);
#1995=CARTESIAN_POINT('',(-12.1216614781671,-0.800000000000002,28.1000432243595));
#1996=DIRECTION('',(1.,0.,0.));
#1997=DIRECTION('',(0.,5.8484398511065E-17,-1.));
#1998=FACE_BOUND('',#1999,.T.);
#1999=EDGE_LOOP('',(#5053,#5054,#5055,#5056));
#2000=PLANE('',#2001);
#2001=AXIS2_PLACEMENT_3D('',#2002,#2003,#2004);
#2002=CARTESIAN_POINT('',(-12.98672499321,-0.800000000000002,28.1000432243595));
#2003=DIRECTION('',(0.,0.,1.));
#2004=DIRECTION('',(1.,0.,0.));
#2005=FACE_BOUND('',#2006,.T.);
#2006=EDGE_LOOP('',(#5057,#5058,#5059,#5060));
#2007=SURFACE_OF_LINEAR_EXTRUSION('',#2008,#2009);
#2008=B_SPLINE_CURVE_WITH_KNOTS('',2,
(#5061,#5062,#5063),
.UNSPECIFIED.,.F.,.F.,
(3,3),
(0.,1.),
.UNSPECIFIED.);
#2009=VECTOR('',#2010,0.8);
#2010=DIRECTION('',(0.,1.,6.12323399573677E-17));
#2011=FACE_BOUND('',#2012,.T.);
#2012=EDGE_LOOP('',(#5064,#5065,#5066,#5067));
#2013=PLANE('',#2014);
#2014=AXIS2_PLACEMENT_3D('',#2015,#2016,#2017);
#2015=CARTESIAN_POINT('',(-13.8117288918901,-0.800000000000002,27.4592554563729));
#2016=DIRECTION('',(-0.68393763262624,0.,0.729540481863491));
#2017=DIRECTION('',(0.729540481863491,0.,0.68393763262624));
#2018=FACE_BOUND('',#2019,.T.);
#2019=EDGE_LOOP('',(#5068,#5069,#5070,#5071));
#2020=SURFACE_OF_LINEAR_EXTRUSION('',#2021,#2022);
#2021=B_SPLINE_CURVE_WITH_KNOTS('',2,
(#5072,#5073,#5074),
.UNSPECIFIED.,.F.,.F.,
(3,3),
(0.,1.),
.UNSPECIFIED.);
#2022=VECTOR('',#2023,0.8);
#2023=DIRECTION('',(0.,1.,6.12323399573677E-17));
#2024=FACE_BOUND('',#2025,.T.);
#2025=EDGE_LOOP('',(#5075,#5076,#5077,#5078));
#2026=SURFACE_OF_LINEAR_EXTRUSION('',#2027,#2028);
#2027=B_SPLINE_CURVE_WITH_KNOTS('',2,
(#5079,#5080,#5081),
.UNSPECIFIED.,.F.,.F.,
(3,3),
(0.,1.),
.UNSPECIFIED.);
#2028=VECTOR('',#2029,0.8);
#2029=DIRECTION('',(0.,1.,6.12323399573677E-17));
#2030=FACE_BOUND('',#2031,.T.);
#2031=EDGE_LOOP('',(#5082,#5083,#5084,#5085));
#2032=SURFACE_OF_LINEAR_EXTRUSION('',#2033,#2034);
#2033=B_SPLINE_CURVE_WITH_KNOTS('',2,
(#5086,#5087,#5088),
.UNSPECIFIED.,.F.,.F.,
(3,3),
(0.,1.),
.UNSPECIFIED.);
#2034=VECTOR('',#2035,0.8);
#2035=DIRECTION('',(0.,1.,6.12323399573677E-17));
#2036=FACE_BOUND('',#2037,.T.);
#2037=EDGE_LOOP('',(#5089,#5090,#5091,#5092));
#2038=SURFACE_OF_LINEAR_EXTRUSION('',#2039,#2040);
#2039=B_SPLINE_CURVE_WITH_KNOTS('',2,
(#5093,#5094,#5095),
.UNSPECIFIED.,.F.,.F.,
(3,3),
(0.,1.),
.UNSPECIFIED.);
#2040=VECTOR('',#2041,0.8);
#2041=DIRECTION('',(0.,1.,6.12323399573677E-17));
#2042=FACE_BOUND('',#2043,.T.);
#2043=EDGE_LOOP('',(#5096,#5097,#5098,#5099));
#2044=SURFACE_OF_LINEAR_EXTRUSION('',#2045,#2046);
#2045=B_SPLINE_CURVE_WITH_KNOTS('',2,
(#5100,#5101,#5102),
.UNSPECIFIED.,.F.,.F.,
(3,3),
(0.,1.),
.UNSPECIFIED.);
#2046=VECTOR('',#2047,0.8);
#2047=DIRECTION('',(0.,1.,6.12323399573677E-17));
#2048=FACE_BOUND('',#2049,.T.);
#2049=EDGE_LOOP('',(#5103,#5104,#5105,#5106));
#2050=SURFACE_OF_LINEAR_EXTRUSION('',#2051,#2052);
#2051=B_SPLINE_CURVE_WITH_KNOTS('',2,
(#5107,#5108,#5109),
.UNSPECIFIED.,.F.,.F.,
(3,3),
(0.,1.),
.UNSPECIFIED.);
#2052=VECTOR('',#2053,0.8);
#2053=DIRECTION('',(0.,1.,6.12323399573677E-17));
#2054=FACE_BOUND('',#2055,.T.);
#2055=EDGE_LOOP('',(#5110,#5111,#5112,#5113));
#2056=SURFACE_OF_LINEAR_EXTRUSION('',#2057,#2058);
#2057=B_SPLINE_CURVE_WITH_KNOTS('',2,
(#5114,#5115,#5116),
.UNSPECIFIED.,.F.,.F.,
(3,3),
(0.,1.),
.UNSPECIFIED.);
#2058=VECTOR('',#2059,0.8);
#2059=DIRECTION('',(0.,1.,6.12323399573677E-17));
#2060=FACE_BOUND('',#2061,.T.);
#2061=EDGE_LOOP('',(#5117,#5118,#5119,#5120));
#2062=SURFACE_OF_LINEAR_EXTRUSION('',#2063,#2064);
#2063=B_SPLINE_CURVE_WITH_KNOTS('',2,
(#5121,#5122,#5123),
.UNSPECIFIED.,.F.,.F.,
(3,3),
(0.,1.),
.UNSPECIFIED.);
#2064=VECTOR('',#2065,0.8);
#2065=DIRECTION('',(0.,1.,6.12323399573677E-17));
#2066=FACE_BOUND('',#2067,.T.);
#2067=EDGE_LOOP('',(#5124,#5125,#5126,#5127));
#2068=SURFACE_OF_LINEAR_EXTRUSION('',#2069,#2070);
#2069=B_SPLINE_CURVE_WITH_KNOTS('',2,
(#5128,#5129,#5130),
.UNSPECIFIED.,.F.,.F.,
(3,3),
(0.,1.),
.UNSPECIFIED.);
#2070=VECTOR('',#2071,0.8);
#2071=DIRECTION('',(0.,1.,6.12323399573677E-17));
#2072=FACE_BOUND('',#2073,.T.);
#2073=EDGE_LOOP('',(#5131,#5132,#5133,#5134));
#2074=SURFACE_OF_LINEAR_EXTRUSION('',#2075,#2076);
#2075=B_SPLINE_CURVE_WITH_KNOTS('',2,
(#5135,#5136,#5137),
.UNSPECIFIED.,.F.,.F.,
(3,3),
(0.,1.),
.UNSPECIFIED.);
#2076=VECTOR('',#2077,0.8);
#2077=DIRECTION('',(0.,1.,6.12323399573677E-17));
#2078=FACE_BOUND('',#2079,.T.);
#2079=EDGE_LOOP('',(#5138,#5139,#5140,#5141));
#2080=SURFACE_OF_LINEAR_EXTRUSION('',#2081,#2082);
#2081=B_SPLINE_CURVE_WITH_KNOTS('',2,
(#5142,#5143,#5144),
.UNSPECIFIED.,.F.,.F.,
(3,3),
(0.,1.),
.UNSPECIFIED.);
#2082=VECTOR('',#2083,0.8);
#2083=DIRECTION('',(0.,1.,6.12323399573677E-17));
#2084=FACE_BOUND('',#2085,.T.);
#2085=EDGE_LOOP('',(#5145,#5146,#5147,#5148));
#2086=PLANE('',#2087);
#2087=AXIS2_PLACEMENT_3D('',#2088,#2089,#2090);
#2088=CARTESIAN_POINT('',(-17.8887513496734,-0.800000000000002,27.9718856546131));
#2089=DIRECTION('',(0.,0.,1.));
#2090=DIRECTION('',(1.,0.,0.));
#2091=FACE_BOUND('',#2092,.T.);
#2092=EDGE_LOOP('',(#5149,#5150,#5151,#5152));
#2093=SURFACE_OF_LINEAR_EXTRUSION('',#2094,#2095);
#2094=B_SPLINE_CURVE_WITH_KNOTS('',2,
(#5153,#5154,#5155),
.UNSPECIFIED.,.F.,.F.,
(3,3),
(0.,1.),
.UNSPECIFIED.);
#2095=VECTOR('',#2096,0.8);
#2096=DIRECTION('',(0.,1.,6.12323399573677E-17));
#2097=FACE_BOUND('',#2098,.T.);
#2098=EDGE_LOOP('',(#5156,#5157,#5158,#5159));
#2099=PLANE('',#2100);
#2100=AXIS2_PLACEMENT_3D('',#2101,#2102,#2103);
#2101=CARTESIAN_POINT('',(0.213526912174041,-0.800000000000002,26.9947049773032));
#2102=DIRECTION('',(1.,0.,8.77275576984349E-17));
#2103=DIRECTION('',(8.77275576984349E-17,0.,-1.));
#2104=FACE_BOUND('',#2105,.T.);
#2105=EDGE_LOOP('',(#5160,#5161,#5162,#5163));
#2106=PLANE('',#2107);
#2107=AXIS2_PLACEMENT_3D('',#2108,#2109,#2110);
#2108=CARTESIAN_POINT('',(-0.827732550009017,-0.800000000000002,26.9947049773032));
#2109=DIRECTION('',(0.,0.,1.));
#2110=DIRECTION('',(1.,0.,0.));
#2111=FACE_BOUND('',#2112,.T.);
#2112=EDGE_LOOP('',(#5164,#5165,#5166,#5167));
#2113=PLANE('',#2114);
#2114=AXIS2_PLACEMENT_3D('',#2115,#2116,#2117);
#2115=CARTESIAN_POINT('',(-0.827732550009017,-0.800000000000002,26.3619374332428));
#2116=DIRECTION('',(-1.,0.,0.));
#2117=DIRECTION('',(0.,0.,1.));
#2118=FACE_BOUND('',#2119,.T.);
#2119=EDGE_LOOP('',(#5168,#5169,#5170,#5171));
#2120=SURFACE_OF_LINEAR_EXTRUSION('',#2121,#2122);
#2121=B_SPLINE_CURVE_WITH_KNOTS('',2,
(#5172,#5173,#5174),
.UNSPECIFIED.,.F.,.F.,
(3,3),
(0.,1.),
.UNSPECIFIED.);
#2122=VECTOR('',#2123,0.8);
#2123=DIRECTION('',(0.,1.,6.12323399573677E-17));
#2124=FACE_BOUND('',#2125,.T.);
#2125=EDGE_LOOP('',(#5175,#5176,#5177,#5178));
#2126=SURFACE_OF_LINEAR_EXTRUSION('',#2127,#2128);
#2127=B_SPLINE_CURVE_WITH_KNOTS('',2,
(#5179,#5180,#5181),
.UNSPECIFIED.,.F.,.F.,
(3,3),
(0.,1.),
.UNSPECIFIED.);
#2128=VECTOR('',#2129,0.8);
#2129=DIRECTION('',(0.,1.,6.12323399573677E-17));
#2130=FACE_BOUND('',#2131,.T.);
#2131=EDGE_LOOP('',(#5182,#5183,#5184,#5185));
#2132=SURFACE_OF_LINEAR_EXTRUSION('',#2133,#2134);
#2133=B_SPLINE_CURVE_WITH_KNOTS('',2,
(#5186,#5187,#5188),
.UNSPECIFIED.,.F.,.F.,
(3,3),
(0.,1.),
.UNSPECIFIED.);
#2134=VECTOR('',#2135,0.8);
#2135=DIRECTION('',(0.,1.,6.12323399573677E-17));
#2136=FACE_BOUND('',#2137,.T.);
#2137=EDGE_LOOP('',(#5189,#5190,#5191,#5192));
#2138=SURFACE_OF_LINEAR_EXTRUSION('',#2139,#2140);
#2139=B_SPLINE_CURVE_WITH_KNOTS('',2,
(#5193,#5194,#5195),
.UNSPECIFIED.,.F.,.F.,
(3,3),
(0.,1.),
.UNSPECIFIED.);
#2140=VECTOR('',#2141,0.8);
#2141=DIRECTION('',(0.,1.,6.12323399573677E-17));
#2142=FACE_BOUND('',#2143,.T.);
#2143=EDGE_LOOP('',(#5196,#5197,#5198,#5199));
#2144=SURFACE_OF_LINEAR_EXTRUSION('',#2145,#2146);
#2145=B_SPLINE_CURVE_WITH_KNOTS('',2,
(#5200,#5201,#5202),
.UNSPECIFIED.,.F.,.F.,
(3,3),
(0.,1.),
.UNSPECIFIED.);
#2146=VECTOR('',#2147,0.8);
#2147=DIRECTION('',(0.,1.,6.12323399573677E-17));
#2148=FACE_BOUND('',#2149,.T.);
#2149=EDGE_LOOP('',(#5203,#5204,#5205,#5206));
#2150=SURFACE_OF_LINEAR_EXTRUSION('',#2151,#2152);
#2151=B_SPLINE_CURVE_WITH_KNOTS('',2,
(#5207,#5208,#5209),
.UNSPECIFIED.,.F.,.F.,
(3,3),
(0.,1.),
.UNSPECIFIED.);
#2152=VECTOR('',#2153,0.8);
#2153=DIRECTION('',(0.,1.,6.12323399573677E-17));
#2154=FACE_BOUND('',#2155,.T.);
#2155=EDGE_LOOP('',(#5210,#5211,#5212,#5213));
#2156=SURFACE_OF_LINEAR_EXTRUSION('',#2157,#2158);
#2157=B_SPLINE_CURVE_WITH_KNOTS('',2,
(#5214,#5215,#5216),
.UNSPECIFIED.,.F.,.F.,
(3,3),
(0.,1.),
.UNSPECIFIED.);
#2158=VECTOR('',#2159,0.8);
#2159=DIRECTION('',(0.,1.,6.12323399573677E-17));
#2160=FACE_BOUND('',#2161,.T.);
#2161=EDGE_LOOP('',(#5217,#5218,#5219,#5220));
#2162=SURFACE_OF_LINEAR_EXTRUSION('',#2163,#2164);
#2163=B_SPLINE_CURVE_WITH_KNOTS('',2,
(#5221,#5222,#5223),
.UNSPECIFIED.,.F.,.F.,
(3,3),
(0.,1.),
.UNSPECIFIED.);
#2164=VECTOR('',#2165,0.8);
#2165=DIRECTION('',(0.,1.,6.12323399573677E-17));
#2166=FACE_BOUND('',#2167,.T.);
#2167=EDGE_LOOP('',(#5224,#5225,#5226,#5227));
#2168=PLANE('',#2169);
#2169=AXIS2_PLACEMENT_3D('',#2170,#2171,#2172);
#2170=CARTESIAN_POINT('',(-2.94233216821557,-0.800000000000002,27.8797775892663));
#2171=DIRECTION('',(0.,0.,1.));
#2172=DIRECTION('',(1.,0.,0.));
#2173=FACE_BOUND('',#2174,.T.);
#2174=EDGE_LOOP('',(#5228,#5229,#5230,#5231));
#2175=SURFACE_OF_LINEAR_EXTRUSION('',#2176,#2177);
#2176=B_SPLINE_CURVE_WITH_KNOTS('',2,
(#5232,#5233,#5234),
.UNSPECIFIED.,.F.,.F.,
(3,3),
(0.,1.),
.UNSPECIFIED.);
#2177=VECTOR('',#2178,0.8);
#2178=DIRECTION('',(0.,1.,6.12323399573677E-17));
#2179=FACE_BOUND('',#2180,.T.);
#2180=EDGE_LOOP('',(#5235,#5236,#5237,#5238));
#2181=SURFACE_OF_LINEAR_EXTRUSION('',#2182,#2183);
#2182=B_SPLINE_CURVE_WITH_KNOTS('',2,
(#5239,#5240,#5241),
.UNSPECIFIED.,.F.,.F.,
(3,3),
(0.,1.),
.UNSPECIFIED.);
#2183=VECTOR('',#2184,0.8);
#2184=DIRECTION('',(0.,1.,6.12323399573677E-17));
#2185=FACE_BOUND('',#2186,.T.);
#2186=EDGE_LOOP('',(#5242,#5243,#5244,#5245));
#2187=SURFACE_OF_LINEAR_EXTRUSION('',#2188,#2189);
#2188=B_SPLINE_CURVE_WITH_KNOTS('',2,
(#5246,#5247,#5248),
.UNSPECIFIED.,.F.,.F.,
(3,3),
(0.,1.),
.UNSPECIFIED.);
#2189=VECTOR('',#2190,0.8);
#2190=DIRECTION('',(0.,1.,6.12323399573677E-17));
#2191=FACE_BOUND('',#2192,.T.);
#2192=EDGE_LOOP('',(#5249,#5250,#5251,#5252));
#2193=SURFACE_OF_LINEAR_EXTRUSION('',#2194,#2195);
#2194=B_SPLINE_CURVE_WITH_KNOTS('',2,
(#5253,#5254,#5255),
.UNSPECIFIED.,.F.,.F.,
(3,3),
(0.,1.),
.UNSPECIFIED.);
#2195=VECTOR('',#2196,0.8);
#2196=DIRECTION('',(0.,1.,6.12323399573677E-17));
#2197=FACE_BOUND('',#2198,.T.);
#2198=EDGE_LOOP('',(#5256,#5257,#5258,#5259));
#2199=SURFACE_OF_LINEAR_EXTRUSION('',#2200,#2201);
#2200=B_SPLINE_CURVE_WITH_KNOTS('',2,
(#5260,#5261,#5262),
.UNSPECIFIED.,.F.,.F.,
(3,3),
(0.,1.),
.UNSPECIFIED.);
#2201=VECTOR('',#2202,0.8);
#2202=DIRECTION('',(0.,1.,6.12323399573677E-17));
#2203=FACE_BOUND('',#2204,.T.);
#2204=EDGE_LOOP('',(#5263,#5264,#5265,#5266));
#2205=SURFACE_OF_LINEAR_EXTRUSION('',#2206,#2207);
#2206=B_SPLINE_CURVE_WITH_KNOTS('',2,
(#5267,#5268,#5269),
.UNSPECIFIED.,.F.,.F.,
(3,3),
(0.,1.),
.UNSPECIFIED.);
#2207=VECTOR('',#2208,0.8);
#2208=DIRECTION('',(0.,1.,6.12323399573677E-17));
#2209=FACE_BOUND('',#2210,.T.);
#2210=EDGE_LOOP('',(#5270,#5271,#5272,#5273));
#2211=SURFACE_OF_LINEAR_EXTRUSION('',#2212,#2213);
#2212=B_SPLINE_CURVE_WITH_KNOTS('',2,
(#5274,#5275,#5276),
.UNSPECIFIED.,.F.,.F.,
(3,3),
(0.,1.),
.UNSPECIFIED.);
#2213=VECTOR('',#2214,0.8);
#2214=DIRECTION('',(0.,1.,6.12323399573677E-17));
#2215=FACE_BOUND('',#2216,.T.);
#2216=EDGE_LOOP('',(#5277,#5278,#5279,#5280));
#2217=SURFACE_OF_LINEAR_EXTRUSION('',#2218,#2219);
#2218=B_SPLINE_CURVE_WITH_KNOTS('',2,
(#5281,#5282,#5283),
.UNSPECIFIED.,.F.,.F.,
(3,3),
(0.,1.),
.UNSPECIFIED.);
#2219=VECTOR('',#2220,0.8);
#2220=DIRECTION('',(0.,1.,6.12323399573677E-17));
#2221=FACE_BOUND('',#2222,.T.);
#2222=EDGE_LOOP('',(#5284,#5285,#5286,#5287));
#2223=SURFACE_OF_LINEAR_EXTRUSION('',#2224,#2225);
#2224=B_SPLINE_CURVE_WITH_KNOTS('',2,
(#5288,#5289,#5290),
.UNSPECIFIED.,.F.,.F.,
(3,3),
(0.,1.),
.UNSPECIFIED.);
#2225=VECTOR('',#2226,0.8);
#2226=DIRECTION('',(0.,1.,6.12323399573677E-17));
#2227=FACE_BOUND('',#2228,.T.);
#2228=EDGE_LOOP('',(#5291,#5292,#5293,#5294));
#2229=SURFACE_OF_LINEAR_EXTRUSION('',#2230,#2231);
#2230=B_SPLINE_CURVE_WITH_KNOTS('',2,
(#5295,#5296,#5297),
.UNSPECIFIED.,.F.,.F.,
(3,3),
(0.,1.),
.UNSPECIFIED.);
#2231=VECTOR('',#2232,0.8);
#2232=DIRECTION('',(0.,1.,6.12323399573677E-17));
#2233=FACE_BOUND('',#2234,.T.);
#2234=EDGE_LOOP('',(#5298,#5299,#5300,#5301));
#2235=SURFACE_OF_LINEAR_EXTRUSION('',#2236,#2237);
#2236=B_SPLINE_CURVE_WITH_KNOTS('',2,
(#5302,#5303,#5304),
.UNSPECIFIED.,.F.,.F.,
(3,3),
(0.,1.),
.UNSPECIFIED.);
#2237=VECTOR('',#2238,0.8);
#2238=DIRECTION('',(0.,1.,6.12323399573677E-17));
#2239=FACE_BOUND('',#2240,.T.);
#2240=EDGE_LOOP('',(#5305,#5306,#5307,#5308));
#2241=SURFACE_OF_LINEAR_EXTRUSION('',#2242,#2243);
#2242=B_SPLINE_CURVE_WITH_KNOTS('',2,
(#5309,#5310,#5311),
.UNSPECIFIED.,.F.,.F.,
(3,3),
(0.,1.),
.UNSPECIFIED.);
#2243=VECTOR('',#2244,0.8);
#2244=DIRECTION('',(0.,1.,6.12323399573677E-17));
#2245=FACE_BOUND('',#2246,.T.);
#2246=EDGE_LOOP('',(#5312,#5313,#5314,#5315));
#2247=SURFACE_OF_LINEAR_EXTRUSION('',#2248,#2249);
#2248=B_SPLINE_CURVE_WITH_KNOTS('',2,
(#5316,#5317,#5318),
.UNSPECIFIED.,.F.,.F.,
(3,3),
(0.,1.),
.UNSPECIFIED.);
#2249=VECTOR('',#2250,0.8);
#2250=DIRECTION('',(0.,1.,6.12323399573677E-17));
#2251=FACE_BOUND('',#2252,.T.);
#2252=EDGE_LOOP('',(#5319,#5320,#5321,#5322));
#2253=SURFACE_OF_LINEAR_EXTRUSION('',#2254,#2255);
#2254=B_SPLINE_CURVE_WITH_KNOTS('',2,
(#5323,#5324,#5325),
.UNSPECIFIED.,.F.,.F.,
(3,3),
(0.,1.),
.UNSPECIFIED.);
#2255=VECTOR('',#2256,0.8);
#2256=DIRECTION('',(0.,1.,6.12323399573677E-17));
#2257=FACE_BOUND('',#2258,.T.);
#2258=EDGE_LOOP('',(#5326,#5327,#5328,#5329));
#2259=SURFACE_OF_LINEAR_EXTRUSION('',#2260,#2261);
#2260=B_SPLINE_CURVE_WITH_KNOTS('',2,
(#5330,#5331,#5332),
.UNSPECIFIED.,.F.,.F.,
(3,3),
(0.,1.),
.UNSPECIFIED.);
#2261=VECTOR('',#2262,0.8);
#2262=DIRECTION('',(0.,1.,6.12323399573677E-17));
#2263=FACE_BOUND('',#2264,.T.);
#2264=EDGE_LOOP('',(#5333,#5334,#5335,#5336));
#2265=PLANE('',#2266);
#2266=AXIS2_PLACEMENT_3D('',#2267,#2268,#2269);
#2267=CARTESIAN_POINT('',(1.61127102378107,-0.800000000000002,28.0600249901462));
#2268=DIRECTION('',(0.,0.,1.));
#2269=DIRECTION('',(1.,0.,0.));
#2270=FACE_BOUND('',#2271,.T.);
#2271=EDGE_LOOP('',(#5337,#5338,#5339,#5340));
#2272=SURFACE_OF_LINEAR_EXTRUSION('',#2273,#2274);
#2273=B_SPLINE_CURVE_WITH_KNOTS('',2,
(#5341,#5342,#5343),
.UNSPECIFIED.,.F.,.F.,
(3,3),
(0.,1.),
.UNSPECIFIED.);
#2274=VECTOR('',#2275,0.8);
#2275=DIRECTION('',(0.,1.,6.12323399573677E-17));
#2276=FACE_BOUND('',#2277,.T.);
#2277=EDGE_LOOP('',(#5344,#5345,#5346,#5347));
#2278=SURFACE_OF_LINEAR_EXTRUSION('',#2279,#2280);
#2279=B_SPLINE_CURVE_WITH_KNOTS('',2,
(#5348,#5349,#5350),
.UNSPECIFIED.,.F.,.F.,
(3,3),
(0.,1.),
.UNSPECIFIED.);
#2280=VECTOR('',#2281,0.8);
#2281=DIRECTION('',(0.,1.,6.12323399573677E-17));
#2282=FACE_BOUND('',#2283,.T.);
#2283=EDGE_LOOP('',(#5351,#5352,#5353,#5354));
#2284=SURFACE_OF_LINEAR_EXTRUSION('',#2285,#2286);
#2285=B_SPLINE_CURVE_WITH_KNOTS('',2,
(#5355,#5356,#5357),
.UNSPECIFIED.,.F.,.F.,
(3,3),
(0.,1.),
.UNSPECIFIED.);
#2286=VECTOR('',#2287,0.8);
#2287=DIRECTION('',(0.,1.,6.12323399573677E-17));
#2288=FACE_BOUND('',#2289,.T.);
#2289=EDGE_LOOP('',(#5358,#5359,#5360,#5361));
#2290=SURFACE_OF_LINEAR_EXTRUSION('',#2291,#2292);
#2291=B_SPLINE_CURVE_WITH_KNOTS('',2,
(#5362,#5363,#5364),
.UNSPECIFIED.,.F.,.F.,
(3,3),
(0.,1.),
.UNSPECIFIED.);
#2292=VECTOR('',#2293,0.8);
#2293=DIRECTION('',(0.,1.,6.12323399573677E-17));
#2294=FACE_BOUND('',#2295,.T.);
#2295=EDGE_LOOP('',(#5365,#5366,#5367,#5368));
#2296=SURFACE_OF_LINEAR_EXTRUSION('',#2297,#2298);
#2297=B_SPLINE_CURVE_WITH_KNOTS('',2,
(#5369,#5370,#5371),
.UNSPECIFIED.,.F.,.F.,
(3,3),
(0.,1.),
.UNSPECIFIED.);
#2298=VECTOR('',#2299,0.8);
#2299=DIRECTION('',(0.,1.,6.12323399573677E-17));
#2300=FACE_BOUND('',#2301,.T.);
#2301=EDGE_LOOP('',(#5372,#5373,#5374,#5375));
#2302=SURFACE_OF_LINEAR_EXTRUSION('',#2303,#2304);
#2303=B_SPLINE_CURVE_WITH_KNOTS('',2,
(#5376,#5377,#5378),
.UNSPECIFIED.,.F.,.F.,
(3,3),
(0.,1.),
.UNSPECIFIED.);
#2304=VECTOR('',#2305,0.8);
#2305=DIRECTION('',(0.,1.,6.12323399573677E-17));
#2306=FACE_BOUND('',#2307,.T.);
#2307=EDGE_LOOP('',(#5379,#5380,#5381,#5382));
#2308=SURFACE_OF_LINEAR_EXTRUSION('',#2309,#2310);
#2309=B_SPLINE_CURVE_WITH_KNOTS('',2,
(#5383,#5384,#5385),
.UNSPECIFIED.,.F.,.F.,
(3,3),
(0.,1.),
.UNSPECIFIED.);
#2310=VECTOR('',#2311,0.8);
#2311=DIRECTION('',(0.,1.,6.12323399573677E-17));
#2312=FACE_BOUND('',#2313,.T.);
#2313=EDGE_LOOP('',(#5386,#5387,#5388,#5389));
#2314=SURFACE_OF_LINEAR_EXTRUSION('',#2315,#2316);
#2315=B_SPLINE_CURVE_WITH_KNOTS('',2,
(#5390,#5391,#5392),
.UNSPECIFIED.,.F.,.F.,
(3,3),
(0.,1.),
.UNSPECIFIED.);
#2316=VECTOR('',#2317,0.8);
#2317=DIRECTION('',(0.,1.,6.12323399573677E-17));
#2318=FACE_BOUND('',#2319,.T.);
#2319=EDGE_LOOP('',(#5393,#5394,#5395,#5396));
#2320=PLANE('',#2321);
#2321=AXIS2_PLACEMENT_3D('',#2322,#2323,#2324);
#2322=CARTESIAN_POINT('',(16.5575597704096,-0.800000000000002,28.152133055493));
#2323=DIRECTION('',(1.,0.,0.));
#2324=DIRECTION('',(0.,9.36535605023376E-17,-1.));
#2325=FACE_BOUND('',#2326,.T.);
#2326=EDGE_LOOP('',(#5397,#5398,#5399,#5400));
#2327=PLANE('',#2328);
#2328=AXIS2_PLACEMENT_3D('',#2329,#2330,#2331);
#2329=CARTESIAN_POINT('',(15.4121619877362,-0.800000000000002,28.152133055493));
#2330=DIRECTION('',(0.,0.,1.));
#2331=DIRECTION('',(1.,0.,0.));
#2332=FACE_BOUND('',#2333,.T.);
#2333=EDGE_LOOP('',(#5401,#5402,#5403,#5404));
#2334=PLANE('',#2335);
#2335=AXIS2_PLACEMENT_3D('',#2336,#2337,#2338);
#2336=CARTESIAN_POINT('',(11.8678201668898,-0.800000000000002,25.8853153572529));
#2337=DIRECTION('',(-0.538790443986549,0.,0.842439824241932));
#2338=DIRECTION('',(0.842439824241932,-5.27768560150454E-17,0.538790443986549));
#2339=FACE_BOUND('',#2340,.T.);
#2340=EDGE_LOOP('',(#5405,#5406,#5407,#5408));
#2341=PLANE('',#2342);
#2342=AXIS2_PLACEMENT_3D('',#2343,#2344,#2345);
#2343=CARTESIAN_POINT('',(11.8678201668898,-0.800000000000002,24.6478094688599));
#2344=DIRECTION('',(-1.,0.,0.));
#2345=DIRECTION('',(0.,0.,1.));
#2346=FACE_BOUND('',#2347,.T.);
#2347=EDGE_LOOP('',(#5409,#5410,#5411,#5412));
#2348=PLANE('',#2349);
#2349=AXIS2_PLACEMENT_3D('',#2350,#2351,#2352);
#2350=CARTESIAN_POINT('',(15.5443296290729,-0.800000000000002,24.6478094688599));
#2351=DIRECTION('',(0.,0.,-1.));
#2352=DIRECTION('',(-1.,0.,0.));
#2353=FACE_BOUND('',#2354,.T.);
#2354=EDGE_LOOP('',(#5413,#5414,#5415,#5416));
#2355=PLANE('',#2356);
#2356=AXIS2_PLACEMENT_3D('',#2357,#2358,#2359);
#2357=CARTESIAN_POINT('',(15.5443296290729,-0.800000000000001,23.9910227159162));
#2358=DIRECTION('',(-1.,0.,0.));
#2359=DIRECTION('',(0.,-1.69038583626898E-16,1.));
#2360=FACE_BOUND('',#2361,.T.);
#2361=EDGE_LOOP('',(#5417,#5418,#5419,#5420));
#2362=PLANE('',#2363);
#2363=AXIS2_PLACEMENT_3D('',#2364,#2365,#2366);
#2364=CARTESIAN_POINT('',(16.5575597704096,-0.800000000000001,23.9910227159162));
#2365=DIRECTION('',(0.,0.,-1.));
#2366=DIRECTION('',(-1.,0.,0.));
#2367=FACE_BOUND('',#2368,.T.);
#2368=EDGE_LOOP('',(#5421,#5422,#5423,#5424));
#2369=PLANE('',#2370);
#2370=AXIS2_PLACEMENT_3D('',#2371,#2372,#2373);
#2371=CARTESIAN_POINT('',(16.5575597704096,-0.800000000000002,24.6478094688599));
#2372=DIRECTION('',(1.,0.,0.));
#2373=DIRECTION('',(0.,1.69038583626898E-16,-1.));
#2374=FACE_BOUND('',#2375,.T.);
#2375=EDGE_LOOP('',(#5425,#5426,#5427,#5428));
#2376=PLANE('',#2377);
#2377=AXIS2_PLACEMENT_3D('',#2378,#2379,#2380);
#2378=CARTESIAN_POINT('',(17.847155489936,-0.800000000000002,24.6478094688599));
#2379=DIRECTION('',(0.,0.,-1.));
#2380=DIRECTION('',(-1.,0.,0.));
#2381=FACE_BOUND('',#2382,.T.);
#2382=EDGE_LOOP('',(#5429,#5430,#5431,#5432));
#2383=PLANE('',#2384);
#2384=AXIS2_PLACEMENT_3D('',#2385,#2386,#2387);
#2385=CARTESIAN_POINT('',(17.847155489936,-0.800000000000002,25.7812183381664));
#2386=DIRECTION('',(1.,0.,0.));
#2387=DIRECTION('',(0.,0.,-1.));
#2388=FACE_BOUND('',#2389,.T.);
#2389=EDGE_LOOP('',(#5433,#5434,#5435,#5436));
#2390=PLANE('',#2391);
#2391=AXIS2_PLACEMENT_3D('',#2392,#2393,#2394);
#2392=CARTESIAN_POINT('',(16.5575597704096,-0.800000000000002,25.7812183381664));
#2393=DIRECTION('',(0.,0.,1.));
#2394=DIRECTION('',(1.,0.,0.));
#2395=FACE_BOUND('',#2396,.T.);
#2396=EDGE_LOOP('',(#5437,#5438,#5439,#5440));
#2397=SURFACE_OF_LINEAR_EXTRUSION('',#2398,#2399);
#2398=B_SPLINE_CURVE_WITH_KNOTS('',2,
(#5441,#5442,#5443),
.UNSPECIFIED.,.F.,.F.,
(3,3),
(0.,1.),
.UNSPECIFIED.);
#2399=VECTOR('',#2400,0.8);
#2400=DIRECTION('',(0.,1.,6.12323399573677E-17));
#2401=FACE_BOUND('',#2402,.T.);
#2402=EDGE_LOOP('',(#5444,#5445,#5446,#5447));
#2403=SURFACE_OF_LINEAR_EXTRUSION('',#2404,#2405);
#2404=B_SPLINE_CURVE_WITH_KNOTS('',2,
(#5448,#5449,#5450),
.UNSPECIFIED.,.F.,.F.,
(3,3),
(0.,1.),
.UNSPECIFIED.);
#2405=VECTOR('',#2406,0.8);
#2406=DIRECTION('',(0.,1.,6.12323399573677E-17));
#2407=FACE_BOUND('',#2408,.T.);
#2408=EDGE_LOOP('',(#5451,#5452,#5453,#5454));
#2409=SURFACE_OF_LINEAR_EXTRUSION('',#2410,#2411);
#2410=B_SPLINE_CURVE_WITH_KNOTS('',2,
(#5455,#5456,#5457),
.UNSPECIFIED.,.F.,.F.,
(3,3),
(0.,1.),
.UNSPECIFIED.);
#2411=VECTOR('',#2412,0.8);
#2412=DIRECTION('',(0.,1.,6.12323399573677E-17));
#2413=FACE_BOUND('',#2414,.T.);
#2414=EDGE_LOOP('',(#5458,#5459,#5460,#5461));
#2415=SURFACE_OF_LINEAR_EXTRUSION('',#2416,#2417);
#2416=B_SPLINE_CURVE_WITH_KNOTS('',2,
(#5462,#5463,#5464),
.UNSPECIFIED.,.F.,.F.,
(3,3),
(0.,1.),
.UNSPECIFIED.);
#2417=VECTOR('',#2418,0.8);
#2418=DIRECTION('',(0.,1.,6.12323399573677E-17));
#2419=FACE_BOUND('',#2420,.T.);
#2420=EDGE_LOOP('',(#5465,#5466,#5467,#5468));
#2421=PLANE('',#2422);
#2422=AXIS2_PLACEMENT_3D('',#2423,#2424,#2425);
#2423=CARTESIAN_POINT('',(31.7555859488063,-0.800000000000002,27.9879260217197));
#2424=DIRECTION('',(0.,0.,1.));
#2425=DIRECTION('',(1.,0.,0.));
#2426=FACE_BOUND('',#2427,.T.);
#2427=EDGE_LOOP('',(#5469,#5470,#5471,#5472));
#2428=SURFACE_OF_LINEAR_EXTRUSION('',#2429,#2430);
#2429=B_SPLINE_CURVE_WITH_KNOTS('',2,
(#5473,#5474,#5475),
.UNSPECIFIED.,.F.,.F.,
(3,3),
(0.,1.),
.UNSPECIFIED.);
#2430=VECTOR('',#2431,0.8);
#2431=DIRECTION('',(0.,1.,6.12323399573677E-17));
#2432=FACE_BOUND('',#2433,.T.);
#2433=EDGE_LOOP('',(#5476,#5477,#5478,#5479));
#2434=SURFACE_OF_LINEAR_EXTRUSION('',#2435,#2436);
#2435=B_SPLINE_CURVE_WITH_KNOTS('',2,
(#5480,#5481,#5482),
.UNSPECIFIED.,.F.,.F.,
(3,3),
(0.,1.),
.UNSPECIFIED.);
#2436=VECTOR('',#2437,0.8);
#2437=DIRECTION('',(0.,1.,6.12323399573677E-17));
#2438=FACE_BOUND('',#2439,.T.);
#2439=EDGE_LOOP('',(#5483,#5484,#5485,#5486));
#2440=SURFACE_OF_LINEAR_EXTRUSION('',#2441,#2442);
#2441=B_SPLINE_CURVE_WITH_KNOTS('',2,
(#5487,#5488,#5489),
.UNSPECIFIED.,.F.,.F.,
(3,3),
(0.,1.),
.UNSPECIFIED.);
#2442=VECTOR('',#2443,0.8);
#2443=DIRECTION('',(0.,1.,6.12323399573677E-17));
#2444=FACE_BOUND('',#2445,.T.);
#2445=EDGE_LOOP('',(#5490,#5491,#5492,#5493));
#2446=SURFACE_OF_LINEAR_EXTRUSION('',#2447,#2448);
#2447=B_SPLINE_CURVE_WITH_KNOTS('',2,
(#5494,#5495,#5496),
.UNSPECIFIED.,.F.,.F.,
(3,3),
(0.,1.),
.UNSPECIFIED.);
#2448=VECTOR('',#2449,0.8);
#2449=DIRECTION('',(0.,1.,6.12323399573677E-17));
#2450=FACE_BOUND('',#2451,.T.);
#2451=EDGE_LOOP('',(#5497,#5498,#5499,#5500));
#2452=SURFACE_OF_LINEAR_EXTRUSION('',#2453,#2454);
#2453=B_SPLINE_CURVE_WITH_KNOTS('',2,
(#5501,#5502,#5503),
.UNSPECIFIED.,.F.,.F.,
(3,3),
(0.,1.),
.UNSPECIFIED.);
#2454=VECTOR('',#2455,0.8);
#2455=DIRECTION('',(0.,1.,6.12323399573677E-17));
#2456=FACE_BOUND('',#2457,.T.);
#2457=EDGE_LOOP('',(#5504,#5505,#5506,#5507));
#2458=SURFACE_OF_LINEAR_EXTRUSION('',#2459,#2460);
#2459=B_SPLINE_CURVE_WITH_KNOTS('',2,
(#5508,#5509,#5510),
.UNSPECIFIED.,.F.,.F.,
(3,3),
(0.,1.),
.UNSPECIFIED.);
#2460=VECTOR('',#2461,0.8);
#2461=DIRECTION('',(0.,1.,6.12323399573677E-17));
#2462=FACE_BOUND('',#2463,.T.);
#2463=EDGE_LOOP('',(#5511,#5512,#5513,#5514));
#2464=SURFACE_OF_LINEAR_EXTRUSION('',#2465,#2466);
#2465=B_SPLINE_CURVE_WITH_KNOTS('',2,
(#5515,#5516,#5517),
.UNSPECIFIED.,.F.,.F.,
(3,3),
(0.,1.),
.UNSPECIFIED.);
#2466=VECTOR('',#2467,0.8);
#2467=DIRECTION('',(0.,1.,6.12323399573677E-17));
#2468=FACE_BOUND('',#2469,.T.);
#2469=EDGE_LOOP('',(#5518,#5519,#5520,#5521));
#2470=SURFACE_OF_LINEAR_EXTRUSION('',#2471,#2472);
#2471=B_SPLINE_CURVE_WITH_KNOTS('',2,
(#5522,#5523,#5524),
.UNSPECIFIED.,.F.,.F.,
(3,3),
(0.,1.),
.UNSPECIFIED.);
#2472=VECTOR('',#2473,0.8);
#2473=DIRECTION('',(0.,1.,6.12323399573677E-17));
#2474=FACE_BOUND('',#2475,.T.);
#2475=EDGE_LOOP('',(#5525,#5526,#5527,#5528));
#2476=SURFACE_OF_LINEAR_EXTRUSION('',#2477,#2478);
#2477=B_SPLINE_CURVE_WITH_KNOTS('',2,
(#5529,#5530,#5531),
.UNSPECIFIED.,.F.,.F.,
(3,3),
(0.,1.),
.UNSPECIFIED.);
#2478=VECTOR('',#2479,0.8);
#2479=DIRECTION('',(0.,1.,6.12323399573677E-17));
#2480=FACE_BOUND('',#2481,.T.);
#2481=EDGE_LOOP('',(#5532,#5533,#5534,#5535));
#2482=SURFACE_OF_LINEAR_EXTRUSION('',#2483,#2484);
#2483=B_SPLINE_CURVE_WITH_KNOTS('',2,
(#5536,#5537,#5538),
.UNSPECIFIED.,.F.,.F.,
(3,3),
(0.,1.),
.UNSPECIFIED.);
#2484=VECTOR('',#2485,0.8);
#2485=DIRECTION('',(0.,1.,6.12323399573677E-17));
#2486=FACE_BOUND('',#2487,.T.);
#2487=EDGE_LOOP('',(#5539,#5540,#5541,#5542));
#2488=SURFACE_OF_LINEAR_EXTRUSION('',#2489,#2490);
#2489=B_SPLINE_CURVE_WITH_KNOTS('',2,
(#5543,#5544,#5545),
.UNSPECIFIED.,.F.,.F.,
(3,3),
(0.,1.),
.UNSPECIFIED.);
#2490=VECTOR('',#2491,0.8);
#2491=DIRECTION('',(0.,1.,6.12323399573677E-17));
#2492=FACE_BOUND('',#2493,.T.);
#2493=EDGE_LOOP('',(#5546,#5547,#5548,#5549));
#2494=PLANE('',#2495);
#2495=AXIS2_PLACEMENT_3D('',#2496,#2497,#2498);
#2496=CARTESIAN_POINT('',(26.9817171217164,-0.800000000000002,27.7876695239195));
#2497=DIRECTION('',(-1.06366277831463E-15,0.,1.));
#2498=DIRECTION('',(1.,0.,1.06366277831463E-15));
#2499=FACE_BOUND('',#2500,.T.);
#2500=EDGE_LOOP('',(#5550,#5551,#5552,#5553));
#2501=PLANE('',#2502);
#2502=AXIS2_PLACEMENT_3D('',#2503,#2504,#2505);
#2503=CARTESIAN_POINT('',(26.9817171217164,-0.800000000000002,24.5396610364065));
#2504=DIRECTION('',(-1.,0.,0.));
#2505=DIRECTION('',(0.,-3.41816540471926E-17,1.));
#2506=FACE_BOUND('',#2507,.T.);
#2507=EDGE_LOOP('',(#5554,#5555,#5556,#5557));
#2508=PLANE('',#2509);
#2509=AXIS2_PLACEMENT_3D('',#2510,#2511,#2512);
#2510=CARTESIAN_POINT('',(28.0229765838995,-0.800000000000002,24.5396610364065));
#2511=DIRECTION('',(0.,0.,-1.));
#2512=DIRECTION('',(-1.,0.,0.));
#2513=FACE_BOUND('',#2514,.T.);
#2514=EDGE_LOOP('',(#5558,#5559,#5560,#5561));
#2515=PLANE('',#2516);
#2516=AXIS2_PLACEMENT_3D('',#2517,#2518,#2519);
#2517=CARTESIAN_POINT('',(28.0229765838995,-0.800000000000002,26.8304979435299));
#2518=DIRECTION('',(1.,0.,0.));
#2519=DIRECTION('',(0.,4.84636431852869E-17,-1.));
#2520=FACE_BOUND('',#2521,.T.);
#2521=EDGE_LOOP('',(#5562,#5563,#5564,#5565));
#2522=PLANE('',#2523);
#2523=AXIS2_PLACEMENT_3D('',#2524,#2525,#2526);
#2524=CARTESIAN_POINT('',(29.132324902546,-0.800000000000002,26.8304979435299));
#2525=DIRECTION('',(3.20252315623918E-15,0.,-1.));
#2526=DIRECTION('',(-1.,0.,-3.20252315623918E-15));
#2527=FACE_BOUND('',#2528,.T.);
#2528=EDGE_LOOP('',(#5566,#5567,#5568,#5569));
#2529=SURFACE_OF_LINEAR_EXTRUSION('',#2530,#2531);
#2530=B_SPLINE_CURVE_WITH_KNOTS('',2,
(#5570,#5571,#5572),
.UNSPECIFIED.,.F.,.F.,
(3,3),
(0.,1.),
.UNSPECIFIED.);
#2531=VECTOR('',#2532,0.8);
#2532=DIRECTION('',(0.,1.,6.12323399573677E-17));
#2533=FACE_BOUND('',#2534,.T.);
#2534=EDGE_LOOP('',(#5573,#5574,#5575,#5576));
#2535=SURFACE_OF_LINEAR_EXTRUSION('',#2536,#2537);
#2536=B_SPLINE_CURVE_WITH_KNOTS('',2,
(#5577,#5578,#5579),
.UNSPECIFIED.,.F.,.F.,
(3,3),
(0.,1.),
.UNSPECIFIED.);
#2537=VECTOR('',#2538,0.8);
#2538=DIRECTION('',(0.,1.,6.12323399573677E-17));
#2539=FACE_BOUND('',#2540,.T.);
#2540=EDGE_LOOP('',(#5580,#5581,#5582,#5583));
#2541=SURFACE_OF_LINEAR_EXTRUSION('',#2542,#2543);
#2542=B_SPLINE_CURVE_WITH_KNOTS('',2,
(#5584,#5585,#5586),
.UNSPECIFIED.,.F.,.F.,
(3,3),
(0.,1.),
.UNSPECIFIED.);
#2543=VECTOR('',#2544,0.8);
#2544=DIRECTION('',(0.,1.,6.12323399573677E-17));
#2545=FACE_BOUND('',#2546,.T.);
#2546=EDGE_LOOP('',(#5587,#5588,#5589,#5590));
#2547=SURFACE_OF_LINEAR_EXTRUSION('',#2548,#2549);
#2548=B_SPLINE_CURVE_WITH_KNOTS('',2,
(#5591,#5592,#5593),
.UNSPECIFIED.,.F.,.F.,
(3,3),
(0.,1.),
.UNSPECIFIED.);
#2549=VECTOR('',#2550,0.8);
#2550=DIRECTION('',(0.,1.,6.12323399573677E-17));
#2551=FACE_BOUND('',#2552,.T.);
#2552=EDGE_LOOP('',(#5594,#5595,#5596,#5597));
#2553=SURFACE_OF_LINEAR_EXTRUSION('',#2554,#2555);
#2554=B_SPLINE_CURVE_WITH_KNOTS('',2,
(#5598,#5599,#5600),
.UNSPECIFIED.,.F.,.F.,
(3,3),
(0.,1.),
.UNSPECIFIED.);
#2555=VECTOR('',#2556,0.8);
#2556=DIRECTION('',(0.,1.,6.12323399573677E-17));
#2557=FACE_BOUND('',#2558,.T.);
#2558=EDGE_LOOP('',(#5601,#5602,#5603,#5604));
#2559=SURFACE_OF_LINEAR_EXTRUSION('',#2560,#2561);
#2560=B_SPLINE_CURVE_WITH_KNOTS('',2,
(#5605,#5606,#5607),
.UNSPECIFIED.,.F.,.F.,
(3,3),
(0.,1.),
.UNSPECIFIED.);
#2561=VECTOR('',#2562,0.8);
#2562=DIRECTION('',(0.,1.,6.12323399573677E-17));
#2563=FACE_BOUND('',#2564,.T.);
#2564=EDGE_LOOP('',(#5608,#5609,#5610,#5611));
#2565=SURFACE_OF_LINEAR_EXTRUSION('',#2566,#2567);
#2566=B_SPLINE_CURVE_WITH_KNOTS('',2,
(#5612,#5613,#5614),
.UNSPECIFIED.,.F.,.F.,
(3,3),
(0.,1.),
.UNSPECIFIED.);
#2567=VECTOR('',#2568,0.8);
#2568=DIRECTION('',(0.,1.,6.12323399573677E-17));
#2569=FACE_BOUND('',#2570,.T.);
#2570=EDGE_LOOP('',(#5615,#5616,#5617,#5618));
#2571=SURFACE_OF_LINEAR_EXTRUSION('',#2572,#2573);
#2572=B_SPLINE_CURVE_WITH_KNOTS('',2,
(#5619,#5620,#5621),
.UNSPECIFIED.,.F.,.F.,
(3,3),
(0.,1.),
.UNSPECIFIED.);
#2573=VECTOR('',#2574,0.8);
#2574=DIRECTION('',(0.,1.,6.12323399573677E-17));
#2575=FACE_BOUND('',#2576,.T.);
#2576=EDGE_LOOP('',(#5622,#5623,#5624,#5625));
#2577=SURFACE_OF_LINEAR_EXTRUSION('',#2578,#2579);
#2578=B_SPLINE_CURVE_WITH_KNOTS('',2,
(#5626,#5627,#5628),
.UNSPECIFIED.,.F.,.F.,
(3,3),
(0.,1.),
.UNSPECIFIED.);
#2579=VECTOR('',#2580,0.8);
#2580=DIRECTION('',(0.,1.,6.12323399573677E-17));
#2581=FACE_BOUND('',#2582,.T.);
#2582=EDGE_LOOP('',(#5629,#5630,#5631,#5632));
#2583=SURFACE_OF_LINEAR_EXTRUSION('',#2584,#2585);
#2584=B_SPLINE_CURVE_WITH_KNOTS('',2,
(#5633,#5634,#5635),
.UNSPECIFIED.,.F.,.F.,
(3,3),
(0.,1.),
.UNSPECIFIED.);
#2585=VECTOR('',#2586,0.8);
#2586=DIRECTION('',(0.,1.,6.12323399573677E-17));
#2587=FACE_BOUND('',#2588,.T.);
#2588=EDGE_LOOP('',(#5636,#5637,#5638,#5639));
#2589=CYLINDRICAL_SURFACE('',#2590,2.);
#2590=AXIS2_PLACEMENT_3D('',#2591,#2592,#2593);
#2591=CARTESIAN_POINT('',(3.5,-0.599999999999998,-34.3));
#2592=DIRECTION('',(0.,1.,6.12323399573677E-17));
#2593=DIRECTION('',(1.,-4.3883134295966E-31,7.16665969755837E-15));
#2594=FACE_BOUND('',#2595,.T.);
#2595=EDGE_LOOP('',(#5640,#5641,#5642,#5643));
#2596=PLANE('',#2597);
#2597=AXIS2_PLACEMENT_3D('',#2598,#2599,#2600);
#2598=CARTESIAN_POINT('',(5.49999999999998,-0.6,3.7));
#2599=DIRECTION('',(1.,0.,5.60954791389553E-16));
#2600=DIRECTION('',(5.60954791389553E-16,6.13544303082323E-17,-1.));
#2601=FACE_BOUND('',#2602,.T.);
#2602=EDGE_LOOP('',(#5644,#5645,#5646,#5647));
#2603=CYLINDRICAL_SURFACE('',#2604,2.);
#2604=AXIS2_PLACEMENT_3D('',#2605,#2606,#2607);
#2605=CARTESIAN_POINT('',(3.49999999999998,-0.6,3.7));
#2606=DIRECTION('',(0.,1.,6.12323399573677E-17));
#2607=DIRECTION('',(1.95560064598995E-13,-6.12323399573677E-17,1.));
#2608=FACE_BOUND('',#2609,.T.);
#2609=EDGE_LOOP('',(#5648,#5649,#5650,#5651));
#2610=PLANE('',#2611);
#2611=AXIS2_PLACEMENT_3D('',#2612,#2613,#2614);
#2612=CARTESIAN_POINT('',(-3.5,-0.6,5.69999999999998));
#2613=DIRECTION('',(-6.34413156928627E-15,0.,1.));
#2614=DIRECTION('',(1.,0.,6.34413156928627E-15));
#2615=FACE_BOUND('',#2616,.T.);
#2616=EDGE_LOOP('',(#5652,#5653,#5654,#5655));
#2617=CYLINDRICAL_SURFACE('',#2618,2.);
#2618=AXIS2_PLACEMENT_3D('',#2619,#2620,#2621);
#2619=CARTESIAN_POINT('',(-3.49999999999995,-0.6,3.69999999999999));
#2620=DIRECTION('',(0.,1.,6.12323399573677E-17));
#2621=DIRECTION('',(-1.,-3.36158368905068E-31,5.48988278316841E-15));
#2622=FACE_BOUND('',#2623,.T.);
#2623=EDGE_LOOP('',(#5656,#5657,#5658,#5659));
#2624=PLANE('',#2625);
#2625=AXIS2_PLACEMENT_3D('',#2626,#2627,#2628);
#2626=CARTESIAN_POINT('',(-5.5,-0.599999999999998,-34.3));
#2627=DIRECTION('',(-1.,0.,1.47250632739758E-15));
#2628=DIRECTION('',(1.47250632739758E-15,-6.13544303082323E-17,1.));
#2629=FACE_BOUND('',#2630,.T.);
#2630=EDGE_LOOP('',(#5660,#5661,#5662,#5663));
#2631=CYLINDRICAL_SURFACE('',#2632,2.);
#2632=AXIS2_PLACEMENT_3D('',#2633,#2634,#2635);
#2633=CARTESIAN_POINT('',(-3.5,-0.599999999999998,-34.3));
#2634=DIRECTION('',(0.,1.,6.12323399573677E-17));
#2635=DIRECTION('',(6.12323399573677E-17,6.12323399573677E-17,-1.));
#2636=FACE_BOUND('',#2637,.T.);
#2637=EDGE_LOOP('',(#5664,#5665,#5666,#5667));
#2638=PLANE('',#2639);
#2639=AXIS2_PLACEMENT_3D('',#2640,#2641,#2642);
#2640=CARTESIAN_POINT('',(3.5,-0.599999999999998,-36.3));
#2641=DIRECTION('',(-4.06024420434343E-15,0.,-1.));
#2642=DIRECTION('',(-1.,0.,4.06024420434343E-15));
#2643=FACE_BOUND('',#2644,.T.);
#2644=EDGE_LOOP('',(#5668,#5669,#5670,#5671));
#2645=PLANE('',#2646);
#2646=AXIS2_PLACEMENT_3D('',#2647,#2648,#2649);
#2647=CARTESIAN_POINT('',(-41.2999999999974,-13.9999999989977,39.3000000000027));
#2648=DIRECTION('',(0.707106781422787,-0.707106780950308,-4.60076977423032E-14));
#2649=DIRECTION('',(-0.707106780950308,-0.707106781422787,4.35438975062823E-14));
#2650=FACE_BOUND('',#2651,.T.);
#2651=EDGE_LOOP('',(#5672,#5673,#5674,#5675));
#2652=(BOUNDED_SURFACE()B_SPLINE_SURFACE(3,2,(
(#2653,#2654,#2655),
(#2656,#2657,#2658),
(#2659,#2660,#2661),
(#2662,#2663,#2664),
(#2665,#2666,#2667),
(#2668,#2669,#2670)),
.UNSPECIFIED.,.F.,.F.,.F.)B_SPLINE_SURFACE_WITH_KNOTS((4,1,1,4),
(3,3),
(-3.45015666810627,-1.49087942462017,-0.585899189819284,1.00008611895603),
(0.,1.),
.UNSPECIFIED.)GEOMETRIC_REPRESENTATION_ITEM()RATIONAL_B_SPLINE_SURFACE((
(1.,0.734847554208939,1.),
(1.,0.731141162067911,1.),
(1.,0.725473874517137,1.),
(1.,0.716144917008601,1.),
(1.,0.710678364937791,1.),
(1.,0.707106199286916,1.)))REPRESENTATION_ITEM('')SURFACE());
#2653=CARTESIAN_POINT('',(-34.7000092792686,-2.,21.0000069594935));
#2654=CARTESIAN_POINT('',(-39.3,-2.36707120754116,21.0395144200591));
#2655=CARTESIAN_POINT('',(-39.3,-6.95535486201453,21.5333462211348));
#2656=CARTESIAN_POINT('',(-34.6461026055875,-2.,20.959574424064));
#2657=CARTESIAN_POINT('',(-39.3,-2.32116062954204,20.9908927864613));
#2658=CARTESIAN_POINT('',(-39.3,-6.96334961990645,21.4582522655318));
#2659=CARTESIAN_POINT('',(-34.5642288455118,-2.,20.9044058413598));
#2660=CARTESIAN_POINT('',(-39.3,-2.24916404335988,20.9233700587359));
#2661=CARTESIAN_POINT('',(-39.3,-6.97580221648862,21.3348143031843));
#2662=CARTESIAN_POINT('',(-34.4298970366914,-2.,20.8276677128602));
#2663=CARTESIAN_POINT('',(-39.3,-2.12554406883008,20.8318803545485));
#2664=CARTESIAN_POINT('',(-39.3,-6.99303342495813,21.0847299676616));
#2665=CARTESIAN_POINT('',(-34.3513744068723,-2.,20.7893902927863));
#2666=CARTESIAN_POINT('',(-39.3,-2.05027223561445,20.7889635844801));
#2667=CARTESIAN_POINT('',(-39.3,-6.9998223648958,20.906741862098));
#2668=CARTESIAN_POINT('',(-34.2999917706999,-2.,20.7669661304786));
#2669=CARTESIAN_POINT('',(-39.3,-1.99999177068746,20.7669661305097));
#2670=CARTESIAN_POINT('',(-39.3,-6.99999999995824,20.7669472745524));
#2671=FACE_BOUND('',#2672,.T.);
#2672=EDGE_LOOP('',(#5676,#5677,#5678,#5679));
#2673=PLANE('',#2674);
#2674=AXIS2_PLACEMENT_3D('',#2675,#2676,#2677);
#2675=CARTESIAN_POINT('',(-42.8,-2.,21.0000000000001));
#2676=DIRECTION('',(-1.,0.,0.));
#2677=DIRECTION('',(0.,6.21724893790088E-17,-1.));
#2678=FACE_BOUND('',#2679,.T.);
#2679=EDGE_LOOP('',(#5680,#5681,#5682,#5683));
#2680=PLANE('',#2681);
#2681=AXIS2_PLACEMENT_3D('',#2682,#2683,#2684);
#2682=CARTESIAN_POINT('',(-42.7999999999974,-18.3452994616208,39.3000000000028));
#2683=DIRECTION('',(0.499999999999994,0.866025403784442,-3.2420274284219E-14));
#2684=DIRECTION('',(0.866025403784442,-0.499999999999994,-5.53813253678468E-14));
#2685=FACE_BOUND('',#2686,.T.);
#2686=EDGE_LOOP('',(#5684,#5685,#5686,#5687));
#2687=PLANE('',#2688);
#2688=AXIS2_PLACEMENT_3D('',#2689,#2690,#2691);
#2689=CARTESIAN_POINT('',(0.,-19.5,-1.19403062916867E-15));
#2690=DIRECTION('',(0.,-1.,-6.12323399573677E-17));
#2691=DIRECTION('',(6.12323399573677E-17,-6.12323399573677E-17,1.));
#2692=FACE_BOUND('',#2693,.T.);
#2693=EDGE_LOOP('',(#5688,#5689,#5690,#5691,#5692,#5693,#5694));
#2694=PLANE('',#2695);
#2695=AXIS2_PLACEMENT_3D('',#2696,#2697,#2698);
#2696=CARTESIAN_POINT('',(-39.3,-2.,-4.00000000000011));
#2697=DIRECTION('',(1.,0.,0.));
#2698=DIRECTION('',(0.,-6.21724893790082E-17,1.));
#2699=FACE_BOUND('',#2700,.T.);
#2700=EDGE_LOOP('',(#5695,#5696,#5697,#5698));
#2701=(BOUNDED_SURFACE()B_SPLINE_SURFACE(3,2,(
(#2702,#2703,#2704),
(#2705,#2706,#2707),
(#2708,#2709,#2710),
(#2711,#2712,#2713),
(#2714,#2715,#2716),
(#2717,#2718,#2719),
(#2720,#2721,#2722),
(#2723,#2724,#2725),
(#2726,#2727,#2728),
(#2729,#2730,#2731),
(#2732,#2733,#2734),
(#2735,#2736,#2737),
(#2738,#2739,#2740),
(#2741,#2742,#2743),
(#2744,#2745,#2746),
(#2747,#2748,#2749),
(#2750,#2751,#2752),
(#2753,#2754,#2755),
(#2756,#2757,#2758),
(#2759,#2760,#2761),
(#2762,#2763,#2764),
(#2765,#2766,#2767),
(#2768,#2769,#2770),
(#2771,#2772,#2773),
(#2774,#2775,#2776),
(#2777,#2778,#2779),
(#2780,#2781,#2782),
(#2783,#2784,#2785),
(#2786,#2787,#2788),
(#2789,#2790,#2791),
(#2792,#2793,#2794),
(#2795,#2796,#2797),
(#2798,#2799,#2800),
(#2801,#2802,#2803),
(#2804,#2805,#2806),
(#2807,#2808,#2809),
(#2810,#2811,#2812),
(#2813,#2814,#2815),
(#2816,#2817,#2818),
(#2819,#2820,#2821),
(#2822,#2823,#2824),
(#2825,#2826,#2827),
(#2828,#2829,#2830),
(#2831,#2832,#2833),
(#2834,#2835,#2836),
(#2837,#2838,#2839),
(#2840,#2841,#2842),
(#2843,#2844,#2845),
(#2846,#2847,#2848),
(#2849,#2850,#2851),
(#2852,#2853,#2854),
(#2855,#2856,#2857),
(#2858,#2859,#2860),
(#2861,#2862,#2863),
(#2864,#2865,#2866)),
.UNSPECIFIED.,.F.,.F.,.F.)B_SPLINE_SURFACE_WITH_KNOTS((4,1,1,1,1,1,1,1,1,1,1,1,1,
1,1,1,1,1,1,1,1,1,1,1,1,1,1,1,1,1,1,1,1,1,1,1,1,1,1,1,1,1,1,1,1,1,1,1,1,1,1,1,4),
(3,3),
(-1.43875696587246E-6,0.169298635146085,0.237203856512828,0.287791613914285,0.332225117740314,
0.367703915872239,0.400382261885488,0.429856407033915,0.459330552182343,0.490054515201838,
0.5220282960924,0.558281043001098,0.592349527892059,0.62114382992611,0.646837717090048,
0.672531604253986,0.699974217587931,0.729855894237198,0.760343466052449,0.788559477289932,
0.820931680237143,0.853394943629517,0.887218667485369,0.918894636089458,0.952238861156517,
0.986420335096663,1.02029221971483,1.05248432526708,1.08329083129417,1.11442417580219,
1.14933683623427,1.18506749559079,1.21630124640978,1.24200276614663,1.26641282418249,
1.29082288221834,1.31680191506629,1.3445984293098,1.37950038731377,1.41564228439477,
1.45302412055279,1.48516040503264,1.5160991611222,1.54477490687597,1.57238517068423,
1.59856702404857,1.62438594891448,1.65036095690471,1.67685497651767,1.70439019313612,
1.73244759513732,1.7637444487448,1.8186332160851),
(0.,1.),
.UNSPECIFIED.)GEOMETRIC_REPRESENTATION_ITEM()RATIONAL_B_SPLINE_SURFACE((
(1.,0.707106219241353,1.),
(1.,0.729139344650995,1.),
(1.,0.7565775620791,1.),
(1.,0.784629408982234,1.),
(1.,0.799074525881945,1.),
(1.,0.809741362885953,1.),
(1.,0.818298836177552,1.),
(1.,0.825247098613086,1.),
(1.,0.831367499626887,1.),
(1.,0.836988299122247,1.),
(1.,0.842380967237673,1.),
(1.,0.847742650546677,1.),
(1.,0.852807359775351,1.),
(1.,0.857239883044945,1.),
(1.,0.860822824698985,1.),
(1.,0.863771822008935,1.),
(1.,0.866398255783485,1.),
(1.,0.86886784824686,1.),
(1.,0.871142661490763,1.),
(1.,0.873079878566457,1.),
(1.,0.874714692003073,1.),
(1.,0.8760091894245,1.),
(1.,0.876955878066513,1.),
(1.,0.877463974995116,1.),
(1.,0.877546228527861,1.),
(1.,0.877200001881616,1.),
(1.,0.876390810416106,1.),
(1.,0.87513682852117,1.),
(1.,0.873498687804454,1.),
(1.,0.871511156303233,1.),
(1.,0.869065149070028,1.),
(1.,0.866044411029634,1.),
(1.,0.862537039355741,1.),
(1.,0.858928232833432,1.),
(1.,0.855446738375509,1.),
(1.,0.8520035876358,1.),
(1.,0.848298633819459,1.),
(1.,0.844156262532918,1.),
(1.,0.839130086279503,1.),
(1.,0.833099418796765,1.),
(1.,0.825947291570791,1.),
(1.,0.81843162244407,1.),
(1.,0.810790166234707,1.),
(1.,0.803395928330853,1.),
(1.,0.795989593363273,1.),
(1.,0.788647144516473,1.),
(1.,0.781241798437436,1.),
(1.,0.773684674082705,1.),
(1.,0.7657896216237,1.),
(1.,0.757398649399511,1.),
(1.,0.748443064914874,1.),
(1.,0.738580038382742,1.),
(1.,0.725063612297686,1.),
(1.,0.714252233690895,1.),
(1.,0.707106219241353,1.)))REPRESENTATION_ITEM('')SURFACE());
#2702=CARTESIAN_POINT('',(-34.299992052898,-2.,18.7235919785058));
#2703=CARTESIAN_POINT('',(-39.3,-1.99999205290517,18.7235919784896));
#2704=CARTESIAN_POINT('',(-39.3,-6.99999999999316,18.7236021870244));
#2705=CARTESIAN_POINT('',(-34.6048851548142,-2.,18.4862944643869));
#2706=CARTESIAN_POINT('',(-39.3,-2.30375078843445,18.4844235242401));
#2707=CARTESIAN_POINT('',(-39.3,-6.99579478997245,18.0974911306299));
#2708=CARTESIAN_POINT('',(-35.0034237671732,-2.,18.1191730096803));
#2709=CARTESIAN_POINT('',(-39.3,-2.62903453862776,18.028938588122));
#2710=CARTESIAN_POINT('',(-39.3,-6.91095968120511,17.3935641453014));
#2711=CARTESIAN_POINT('',(-35.4386647889632,-2.,17.6136263989584));
#2712=CARTESIAN_POINT('',(-39.3,-2.89879458985817,17.4198893091793));
#2713=CARTESIAN_POINT('',(-39.3,-6.78177751910066,16.6827134957097));
#2714=CARTESIAN_POINT('',(-35.6700801588014,-2.,17.3096750471654));
#2715=CARTESIAN_POINT('',(-39.3,-3.02066822128286,17.0739209250019));
#2716=CARTESIAN_POINT('',(-39.3,-6.70580512862675,16.3129052406521));
#2717=CARTESIAN_POINT('',(-35.8489069415882,-2.,17.0493056465964));
#2718=CARTESIAN_POINT('',(-39.3,-3.1025214512077,16.7958954810052));
#2719=CARTESIAN_POINT('',(-39.3,-6.64395794992157,16.0277318884429));
#2720=CARTESIAN_POINT('',(-35.9899934019446,-2.,16.8249231128677));
#2721=CARTESIAN_POINT('',(-39.3,-3.16334283913505,16.5561598511668));
#2722=CARTESIAN_POINT('',(-39.3,-6.59358685275141,15.8007564084476));
#2723=CARTESIAN_POINT('',(-36.1079379626851,-2.,16.6218931841965));
#2724=CARTESIAN_POINT('',(-39.3,-3.20966092498073,16.3487846146162));
#2725=CARTESIAN_POINT('',(-39.3,-6.55058108372231,15.6079732791741));
#2726=CARTESIAN_POINT('',(-36.2109546042712,-2.,16.430937736197));
#2727=CARTESIAN_POINT('',(-39.3,-3.24822375735754,16.1547573085091));
#2728=CARTESIAN_POINT('',(-39.3,-6.51244105283983,15.4359959475146));
#2729=CARTESIAN_POINT('',(-36.3062521625038,-2.,16.240754780251));
#2730=CARTESIAN_POINT('',(-39.3,-3.28184204803327,15.9655562377966));
#2731=CARTESIAN_POINT('',(-39.3,-6.47673570938981,15.2725953415535));
#2732=CARTESIAN_POINT('',(-36.3981401486766,-2.,16.0426018291289));
#2733=CARTESIAN_POINT('',(-39.3,-3.31248988868672,15.7718333527495));
#2734=CARTESIAN_POINT('',(-39.3,-6.44196751641364,15.1096521967603));
#2735=CARTESIAN_POINT('',(-36.4875172039946,-2.,15.8325843943183));
#2736=CARTESIAN_POINT('',(-39.3,-3.34144464347918,15.5647850842628));
#2737=CARTESIAN_POINT('',(-39.3,-6.4078616233032,14.9441439909365));
#2738=CARTESIAN_POINT('',(-36.5717491341371,-2.,15.6146476730203));
#2739=CARTESIAN_POINT('',(-39.3,-3.36739518349243,15.3517069727592));
#2740=CARTESIAN_POINT('',(-39.3,-6.37548687180942,14.7792706157345));
#2741=CARTESIAN_POINT('',(-36.645958473164,-2.,15.4016437669619));
#2742=CARTESIAN_POINT('',(-39.3,-3.38900010779179,15.1461736164515));
#2743=CARTESIAN_POINT('',(-39.3,-6.34679925570039,14.623972654445));
#2744=CARTESIAN_POINT('',(-36.7083199482773,-2.,15.2028414693329));
#2745=CARTESIAN_POINT('',(-39.3,-3.40575141554745,14.963331921303));
#2746=CARTESIAN_POINT('',(-39.3,-6.32258706351002,14.4834448109999));
#2747=CARTESIAN_POINT('',(-36.7607680047617,-2.,15.017550402751));
#2748=CARTESIAN_POINT('',(-39.3,-3.41907928488429,14.7984149778948));
#2749=CARTESIAN_POINT('',(-39.3,-6.30215809983605,14.3557130115663));
#2750=CARTESIAN_POINT('',(-36.8072244042447,-2.,14.8351100087221));
#2751=CARTESIAN_POINT('',(-39.3,-3.43060132806975,14.6368211823358));
#2752=CARTESIAN_POINT('',(-39.3,-6.28401663000852,14.2326035376806));
#2753=CARTESIAN_POINT('',(-36.8500524631377,-2.,14.6456925387286));
#2754=CARTESIAN_POINT('',(-39.3,-3.44113401163744,14.4671685440646));
#2755=CARTESIAN_POINT('',(-39.3,-6.26725545032817,14.1072509585431));
#2756=CARTESIAN_POINT('',(-36.8889333309154,-2.,14.4476846992697));
#2757=CARTESIAN_POINT('',(-39.3,-3.45057494217349,14.2882386349176));
#2758=CARTESIAN_POINT('',(-39.3,-6.25201008379029,13.978559941284));
#2759=CARTESIAN_POINT('',(-36.9230033183095,-2.,14.2424360273816));
#2760=CARTESIAN_POINT('',(-39.3,-3.45841743364771,14.1082031253946));
#2761=CARTESIAN_POINT('',(-39.3,-6.23863001005898,13.8472771223792));
#2762=CARTESIAN_POINT('',(-36.9514599978297,-2.,14.0322191710125));
#2763=CARTESIAN_POINT('',(-39.3,-3.46490202910257,13.9235426047161));
#2764=CARTESIAN_POINT('',(-39.3,-6.2274402115613,13.7146257695672));
#2765=CARTESIAN_POINT('',(-36.9742657245893,-2.,13.8134330947607));
#2766=CARTESIAN_POINT('',(-39.3,-3.46994739332962,13.7352359573867));
#2767=CARTESIAN_POINT('',(-39.3,-6.21846362754721,13.5780825718399));
#2768=CARTESIAN_POINT('',(-36.9904555531446,-2.,13.5886832893204));
#2769=CARTESIAN_POINT('',(-39.3,-3.47358719741334,13.5358740582356));
#2770=CARTESIAN_POINT('',(-39.3,-6.21208642421621,13.4390029813021));
#2771=CARTESIAN_POINT('',(-36.999449166156,-2.,13.3590217469443));
#2772=CARTESIAN_POINT('',(-39.3,-3.4755233027964,13.338108535961));
#2773=CARTESIAN_POINT('',(-39.3,-6.20854222603176,13.2976572174101));
#2774=CARTESIAN_POINT('',(-37.0009088120466,-2.,13.128766265301));
#2775=CARTESIAN_POINT('',(-39.3,-3.47583566127863,13.1386472684382));
#2776=CARTESIAN_POINT('',(-39.3,-6.20796688616116,13.1562636022618));
#2777=CARTESIAN_POINT('',(-36.9946976155897,-2.,12.8959170141514));
#2778=CARTESIAN_POINT('',(-39.3,-3.47451893129253,12.9384253420186));
#2779=CARTESIAN_POINT('',(-39.3,-6.21041485855878,13.0131337088615));
#2780=CARTESIAN_POINT('',(-36.9806408703469,-2.,12.6623158083625));
#2781=CARTESIAN_POINT('',(-39.3,-3.47142018188803,12.733611470389));
#2782=CARTESIAN_POINT('',(-39.3,-6.21595295310494,12.8689179520591));
#2783=CARTESIAN_POINT('',(-36.9589126070173,-2.,12.4311250109498));
#2784=CARTESIAN_POINT('',(-39.3,-3.46655751881824,12.5308489849198));
#2785=CARTESIAN_POINT('',(-39.3,-6.22450781307815,12.7250762335927));
#2786=CARTESIAN_POINT('',(-36.9303158602855,-2.,12.2063813717203));
#2787=CARTESIAN_POINT('',(-39.3,-3.46009330894349,12.33454368318));
#2788=CARTESIAN_POINT('',(-39.3,-6.23575604151962,12.5837101654321));
#2789=CARTESIAN_POINT('',(-36.8949969513418,-2.,11.9852696595894));
#2790=CARTESIAN_POINT('',(-39.3,-3.45208194958155,12.1433373380104));
#2791=CARTESIAN_POINT('',(-39.3,-6.2496307143086,12.4427077543477));
#2792=CARTESIAN_POINT('',(-36.851937068692,-2.,11.7616448376657));
#2793=CARTESIAN_POINT('',(-39.3,-3.44197269393435,11.9460352927773));
#2794=CARTESIAN_POINT('',(-39.3,-6.26651873525164,12.2976887951464));
#2795=CARTESIAN_POINT('',(-36.8001639982108,-2.,11.5336895395584));
#2796=CARTESIAN_POINT('',(-39.3,-3.42910023635295,11.7379864979404));
#2797=CARTESIAN_POINT('',(-39.3,-6.28678030836322,12.1467576234927));
#2798=CARTESIAN_POINT('',(-36.7415135217739,-2.,11.3107719529443));
#2799=CARTESIAN_POINT('',(-39.3,-3.41358509022812,11.5289431960645));
#2800=CARTESIAN_POINT('',(-39.3,-6.30966891963433,11.9954350463136));
#2801=CARTESIAN_POINT('',(-36.6802089292506,-2.,11.1051090573825));
#2802=CARTESIAN_POINT('',(-39.3,-3.39696868696578,11.3380588130298));
#2803=CARTESIAN_POINT('',(-39.3,-6.33351224502133,11.8519530909446));
#2804=CARTESIAN_POINT('',(-36.6196353784164,-2.,10.9215228281439));
#2805=CARTESIAN_POINT('',(-39.3,-3.38032610515675,11.1698406901972));
#2806=CARTESIAN_POINT('',(-39.3,-6.35698368869339,11.7203148129526));
#2807=CARTESIAN_POINT('',(-36.5590104502795,-2.,10.7526546928087));
#2808=CARTESIAN_POINT('',(-39.3,-3.36328050901473,11.015156169048));
#2809=CARTESIAN_POINT('',(-39.3,-6.38038200562673,11.5959300839979));
#2810=CARTESIAN_POINT('',(-36.4950898702365,-2.,10.5876391747024));
#2811=CARTESIAN_POINT('',(-39.3,-3.34427210466307,10.8593344893048));
#2812=CARTESIAN_POINT('',(-39.3,-6.40494283724611,11.4709508352735));
#2813=CARTESIAN_POINT('',(-36.4227447993237,-2.,10.4141428432618));
#2814=CARTESIAN_POINT('',(-39.3,-3.32218647802552,10.6958553261598));
#2815=CARTESIAN_POINT('',(-39.3,-6.43259264486728,11.3354491550634));
#2816=CARTESIAN_POINT('',(-36.3379270029352,-2.,10.2256676236826));
#2817=CARTESIAN_POINT('',(-39.3,-3.29420836934668,10.509670614747));
#2818=CARTESIAN_POINT('',(-39.3,-6.46478758829714,11.1828461598732));
#2819=CARTESIAN_POINT('',(-36.2369396967808,-2.,10.0187908316395));
#2820=CARTESIAN_POINT('',(-39.3,-3.25886017647009,10.3012689583678));
#2821=CARTESIAN_POINT('',(-39.3,-6.50276368953879,11.0078386629397));
#2822=CARTESIAN_POINT('',(-36.1226628323664,-2.,9.80385513705271));
#2823=CARTESIAN_POINT('',(-39.3,-3.21429410428775,10.0717951220598));
#2824=CARTESIAN_POINT('',(-39.3,-6.54519064575497,10.8161813739928));
#2825=CARTESIAN_POINT('',(-36.0001626462695,-2.,9.59204609832411));
#2826=CARTESIAN_POINT('',(-39.3,-3.16427760240881,9.8475402008528));
#2827=CARTESIAN_POINT('',(-39.3,-6.58990925140556,10.6157566792374));
#2828=CARTESIAN_POINT('',(-35.8773377083629,-2.,9.39557135607644));
#2829=CARTESIAN_POINT('',(-39.3,-3.11000403357027,9.63402015483719));
#2830=CARTESIAN_POINT('',(-39.3,-6.63382816259011,10.417945626515));
#2831=CARTESIAN_POINT('',(-35.7562729890767,-2.,9.21504583892304));
#2832=CARTESIAN_POINT('',(-39.3,-3.05419121800291,9.43894960609549));
#2833=CARTESIAN_POINT('',(-39.3,-6.67607184485585,10.224502659083));
#2834=CARTESIAN_POINT('',(-35.6380162457551,-2.,9.04959729205837));
#2835=CARTESIAN_POINT('',(-39.3,-2.99491841511548,9.25385294411411));
#2836=CARTESIAN_POINT('',(-39.3,-6.71617870553171,10.0358758597899));
#2837=CARTESIAN_POINT('',(-35.5208356278317,-2.,8.89508475695239));
#2838=CARTESIAN_POINT('',(-39.3,-2.93276235869329,9.07952862257242));
#2839=CARTESIAN_POINT('',(-39.3,-6.75460695722985,9.84835313245522));
#2840=CARTESIAN_POINT('',(-35.4040257075761,-2.,8.74940734869784));
#2841=CARTESIAN_POINT('',(-39.3,-2.86657268474344,8.91229956063099));
#2842=CARTESIAN_POINT('',(-39.3,-6.79141485372711,9.66001610559405));
#2843=CARTESIAN_POINT('',(-35.2855306443971,-2.,8.60933057528126));
#2844=CARTESIAN_POINT('',(-39.3,-2.79534456590896,8.74996841846091));
#2845=CARTESIAN_POINT('',(-39.3,-6.82698879994196,9.46677837860135));
#2846=CARTESIAN_POINT('',(-35.1632243993477,-2.,8.47215865784977));
#2847=CARTESIAN_POINT('',(-39.3,-2.71687651371076,8.58905246436644));
#2848=CARTESIAN_POINT('',(-39.3,-6.86155242839947,9.26426896031286));
#2849=CARTESIAN_POINT('',(-35.035151540827,-2.,8.33593057002406));
#2850=CARTESIAN_POINT('',(-39.3,-2.62886639110572,8.42750536063651));
#2851=CARTESIAN_POINT('',(-39.3,-6.8950097049789,9.04805290456761));
#2852=CARTESIAN_POINT('',(-34.8987321475341,-2.,8.19846192379937));
#2853=CARTESIAN_POINT('',(-39.3,-2.52960936452196,8.26584840645869));
#2854=CARTESIAN_POINT('',(-39.3,-6.92704532469566,8.81212139179814));
#2855=CARTESIAN_POINT('',(-34.7509669625929,-2.,8.0577180626898));
#2856=CARTESIAN_POINT('',(-39.3,-2.41393385866327,8.10056857593788));
#2857=CARTESIAN_POINT('',(-39.3,-6.9567957284658,8.54885669896974));
#2858=CARTESIAN_POINT('',(-34.552788467566,-2.,7.87999898116252));
#2859=CARTESIAN_POINT('',(-39.3,-2.24517270522,7.8933343969737));
#2860=CARTESIAN_POINT('',(-39.3,-6.98790844743482,8.18246041048206));
#2861=CARTESIAN_POINT('',(-34.3993856490859,-2.,7.75378326124975));
#2862=CARTESIAN_POINT('',(-39.3,-2.10007066537443,7.75434273898986));
#2863=CARTESIAN_POINT('',(-39.3,-6.99993883871961,7.88141670338041));
#2864=CARTESIAN_POINT('',(-34.299992052898,-2.,7.67640802149417));
#2865=CARTESIAN_POINT('',(-39.3,-1.99999205290572,7.6764080215104));
#2866=CARTESIAN_POINT('',(-39.3,-6.99999999999344,7.67639781297558));
#2867=FACE_BOUND('',#2868,.T.);
#2868=EDGE_LOOP('',(#5699));
#2869=FACE_BOUND('',#2870,.T.);
#2870=EDGE_LOOP('',(#5700));
#2871=PLANE('',#2872);
#2872=AXIS2_PLACEMENT_3D('',#2873,#2874,#2875);
#2873=CARTESIAN_POINT('',(0.,-15.5,-9.49101269339199E-16));
#2874=DIRECTION('',(0.,-1.,-6.12323399573677E-17));
#2875=DIRECTION('',(6.12323399573677E-17,6.12323399573677E-17,-1.));
#2876=FACE_OUTER_BOUND('',#2877,.T.);
#2877=EDGE_LOOP('',(#5701));
#2878=FACE_OUTER_BOUND('',#2879,.T.);
#2879=EDGE_LOOP('',(#5702));
#2880=CYLINDRICAL_SURFACE('',#2881,3.);
#2881=AXIS2_PLACEMENT_3D('',#2882,#2883,#2884);
#2882=CARTESIAN_POINT('',(-15.,-2.,26.1));
#2883=DIRECTION('',(0.,-1.,-6.12323399573677E-17));
#2884=DIRECTION('',(6.12323399573676E-17,6.12323399573676E-17,-1.));
#2885=FACE_OUTER_BOUND('',#2886,.T.);
#2886=EDGE_LOOP('',(#5703));
#2887=FACE_OUTER_BOUND('',#2888,.T.);
#2888=EDGE_LOOP('',(#5704));
#2889=CYLINDRICAL_SURFACE('',#2890,3.);
#2890=AXIS2_PLACEMENT_3D('',#2891,#2892,#2893);
#2891=CARTESIAN_POINT('',(15.,-2.,26.1));
#2892=DIRECTION('',(0.,-1.,-6.12323399573677E-17));
#2893=DIRECTION('',(6.12323399573676E-17,6.12323399573676E-17,-1.));
#2894=FACE_BOUND('',#2895,.T.);
#2895=EDGE_LOOP('',(#5705));
#2896=FACE_BOUND('',#2897,.T.);
#2897=EDGE_LOOP('',(#5706));
#2898=PLANE('',#2899);
#2899=AXIS2_PLACEMENT_3D('',#2900,#2901,#2902);
#2900=CARTESIAN_POINT('',(0.,-15.5,-9.49101269339199E-16));
#2901=DIRECTION('',(0.,-1.,-6.12323399573677E-17));
#2902=DIRECTION('',(6.12323399573677E-17,6.12323399573677E-17,-1.));
#2903=FACE_BOUND('',#2904,.T.);
#2904=EDGE_LOOP('',(#5707));
#2905=FACE_BOUND('',#2906,.T.);
#2906=EDGE_LOOP('',(#5708));
#2907=PLANE('',#2908);
#2908=AXIS2_PLACEMENT_3D('',#2909,#2910,#2911);
#2909=CARTESIAN_POINT('',(0.,-15.5,-9.49101269339199E-16));
#2910=DIRECTION('',(0.,-1.,-6.12323399573677E-17));
#2911=DIRECTION('',(6.12323399573677E-17,6.12323399573677E-17,-1.));
#2912=FACE_BOUND('',#2913,.T.);
#2913=EDGE_LOOP('',(#5709));
#2914=FACE_BOUND('',#2915,.T.);
#2915=EDGE_LOOP('',(#5710));
#2916=PLANE('',#2917);
#2917=AXIS2_PLACEMENT_3D('',#2918,#2919,#2920);
#2918=CARTESIAN_POINT('',(0.,-15.5,-9.49101269339199E-16));
#2919=DIRECTION('',(0.,-1.,-6.12323399573677E-17));
#2920=DIRECTION('',(6.12323399573677E-17,6.12323399573677E-17,-1.));
#2921=FACE_BOUND('',#2922,.T.);
#2922=EDGE_LOOP('',(#5711));
#2923=FACE_BOUND('',#2924,.T.);
#2924=EDGE_LOOP('',(#5712));
#2925=PLANE('',#2926);
#2926=AXIS2_PLACEMENT_3D('',#2927,#2928,#2929);
#2927=CARTESIAN_POINT('',(0.,-15.5,-9.49101269339199E-16));
#2928=DIRECTION('',(0.,-1.,-6.12323399573677E-17));
#2929=DIRECTION('',(6.12323399573677E-17,6.12323399573677E-17,-1.));
#2930=FACE_OUTER_BOUND('',#2931,.T.);
#2931=EDGE_LOOP('',(#5713));
#2932=FACE_OUTER_BOUND('',#2933,.T.);
#2933=EDGE_LOOP('',(#5714));
#2934=CYLINDRICAL_SURFACE('',#2935,3.);
#2935=AXIS2_PLACEMENT_3D('',#2936,#2937,#2938);
#2936=CARTESIAN_POINT('',(30.,-2.,26.1));
#2937=DIRECTION('',(0.,-1.,-6.12323399573677E-17));
#2938=DIRECTION('',(6.12323399573676E-17,6.12323399573676E-17,-1.));
#2939=FACE_OUTER_BOUND('',#2940,.T.);
#2940=EDGE_LOOP('',(#5715));
#2941=FACE_OUTER_BOUND('',#2942,.T.);
#2942=EDGE_LOOP('',(#5716));
#2943=CYLINDRICAL_SURFACE('',#2944,3.);
#2944=AXIS2_PLACEMENT_3D('',#2945,#2946,#2947);
#2945=CARTESIAN_POINT('',(3.26980695372343E-15,-2.,26.1));
#2946=DIRECTION('',(0.,-1.,-6.12323399573677E-17));
#2947=DIRECTION('',(6.12323399573676E-17,6.12323399573676E-17,-1.));
#2948=FACE_OUTER_BOUND('',#2949,.T.);
#2949=EDGE_LOOP('',(#5717));
#2950=FACE_OUTER_BOUND('',#2951,.T.);
#2951=EDGE_LOOP('',(#5718));
#2952=CYLINDRICAL_SURFACE('',#2953,3.);
#2953=AXIS2_PLACEMENT_3D('',#2954,#2955,#2956);
#2954=CARTESIAN_POINT('',(-30.,-2.,26.1));
#2955=DIRECTION('',(0.,-1.,-6.12323399573677E-17));
#2956=DIRECTION('',(6.12323399573676E-17,6.12323399573676E-17,-1.));
#2957=FACE_BOUND('',#2958,.T.);
#2958=EDGE_LOOP('',(#5719,#5720,#5721,#5722,#5723,#5724,#5725,#5726));
#2959=FACE_BOUND('',#2960,.T.);
#2960=EDGE_LOOP('',(#5727,#5728,#5729,#5730,#5731,#5732,#5733,#5734));
#2961=PLANE('',#2962);
#2962=AXIS2_PLACEMENT_3D('',#2963,#2964,#2965);
#2963=CARTESIAN_POINT('',(-15.,-0.6,1.73961743542583E-15));
#2964=DIRECTION('',(0.,1.,6.12323399573677E-17));
#2965=DIRECTION('',(6.12323399573677E-17,6.12323399573677E-17,-1.));
#2966=FACE_BOUND('',#2967,.T.);
#2967=EDGE_LOOP('',(#5735,#5736,#5737,#5738,#5739,#5740,#5741,#5742));
#2968=FACE_BOUND('',#2969,.T.);
#2969=EDGE_LOOP('',(#5743,#5744,#5745,#5746,#5747,#5748,#5749,#5750));
#2970=PLANE('',#2971);
#2971=AXIS2_PLACEMENT_3D('',#2972,#2973,#2974);
#2972=CARTESIAN_POINT('',(-30.,-0.6,1.73961743542583E-15));
#2973=DIRECTION('',(0.,1.,6.12323399573677E-17));
#2974=DIRECTION('',(6.12323399573677E-17,6.12323399573677E-17,-1.));
#2975=FACE_BOUND('',#2976,.T.);
#2976=EDGE_LOOP('',(#5751,#5752,#5753,#5754,#5755,#5756,#5757,#5758));
#2977=FACE_BOUND('',#2978,.T.);
#2978=EDGE_LOOP('',(#5759,#5760,#5761,#5762,#5763,#5764,#5765,#5766));
#2979=PLANE('',#2980);
#2980=AXIS2_PLACEMENT_3D('',#2981,#2982,#2983);
#2981=CARTESIAN_POINT('',(15.,-0.600000000000002,-1.81309624337467E-15));
#2982=DIRECTION('',(0.,1.,6.12323399573677E-17));
#2983=DIRECTION('',(6.12323399573677E-17,6.12323399573677E-17,-1.));
#2984=FACE_BOUND('',#2985,.T.);
#2985=EDGE_LOOP('',(#5767,#5768,#5769,#5770,#5771,#5772,#5773,#5774));
#2986=FACE_BOUND('',#2987,.T.);
#2987=EDGE_LOOP('',(#5775,#5776,#5777,#5778,#5779,#5780,#5781,#5782));
#2988=PLANE('',#2989);
#2989=AXIS2_PLACEMENT_3D('',#2990,#2991,#2992);
#2990=CARTESIAN_POINT('',(30.,-0.600000000000004,-1.81309624337467E-15));
#2991=DIRECTION('',(0.,1.,6.12323399573677E-17));
#2992=DIRECTION('',(6.12323399573677E-17,6.12323399573677E-17,-1.));
#2993=FACE_BOUND('',#2994,.T.);
#2994=EDGE_LOOP('',(#5783,#5784,#5785,#5786,#5787,#5788,#5789,#5790,#5791,#5792,
#5793));
#2995=PLANE('',#2996);
#2996=AXIS2_PLACEMENT_3D('',#2997,#2998,#2999);
#2997=CARTESIAN_POINT('',(0.,-0.8,-4.89858719658941E-17));
#2998=DIRECTION('',(0.,1.,6.12323399573677E-17));
#2999=DIRECTION('',(6.12323399573677E-17,6.12323399573677E-17,-1.));
#3000=FACE_BOUND('',#3001,.T.);
#3001=EDGE_LOOP('',(#5794,#5795,#5796,#5797,#5798,#5799,#5800,#5801,#5802,#5803,
#5804,#5805,#5806,#5807,#5808,#5809,#5810,#5811,#5812,#5813,#5814,#5815,#5816,#5817,
#5818,#5819,#5820,#5821,#5822,#5823,#5824,#5825));
#3002=PLANE('',#3003);
#3003=AXIS2_PLACEMENT_3D('',#3004,#3005,#3006);
#3004=CARTESIAN_POINT('',(0.,-0.8,-4.89858719658941E-17));
#3005=DIRECTION('',(0.,1.,6.12323399573677E-17));
#3006=DIRECTION('',(6.12323399573677E-17,6.12323399573677E-17,-1.));
#3007=FACE_BOUND('',#3008,.T.);
#3008=EDGE_LOOP('',(#5826,#5827,#5828,#5829,#5830,#5831,#5832,#5833,#5834,#5835,
#5836,#5837,#5838,#5839,#5840,#5841,#5842,#5843,#5844,#5845,#5846,#5847,#5848,#5849,
#5850,#5851,#5852,#5853,#5854,#5855,#5856,#5857,#5858,#5859,#5860,#5861,#5862));
#3009=PLANE('',#3010);
#3010=AXIS2_PLACEMENT_3D('',#3011,#3012,#3013);
#3011=CARTESIAN_POINT('',(0.,-0.8,-4.89858719658941E-17));
#3012=DIRECTION('',(0.,1.,6.12323399573677E-17));
#3013=DIRECTION('',(6.12323399573677E-17,6.12323399573677E-17,-1.));
#3014=FACE_BOUND('',#3015,.T.);
#3015=EDGE_LOOP('',(#5863,#5864,#5865,#5866,#5867,#5868,#5869,#5870,#5871,#5872,
#5873));
#3016=FACE_BOUND('',#3017,.T.);
#3017=EDGE_LOOP('',(#5874,#5875,#5876));
#3018=PLANE('',#3019);
#3019=AXIS2_PLACEMENT_3D('',#3020,#3021,#3022);
#3020=CARTESIAN_POINT('',(0.,-0.8,-4.89858719658941E-17));
#3021=DIRECTION('',(0.,1.,6.12323399573677E-17));
#3022=DIRECTION('',(6.12323399573677E-17,6.12323399573677E-17,-1.));
#3023=FACE_BOUND('',#3024,.T.);
#3024=EDGE_LOOP('',(#5877,#5878,#5879,#5880,#5881,#5882,#5883,#5884,#5885,#5886,
#5887,#5888,#5889,#5890,#5891,#5892,#5893,#5894,#5895,#5896,#5897,#5898,#5899,#5900,
#5901,#5902,#5903,#5904,#5905,#5906,#5907));
#3025=PLANE('',#3026);
#3026=AXIS2_PLACEMENT_3D('',#3027,#3028,#3029);
#3027=CARTESIAN_POINT('',(0.,-0.8,-4.89858719658941E-17));
#3028=DIRECTION('',(0.,1.,6.12323399573677E-17));
#3029=DIRECTION('',(6.12323399573677E-17,6.12323399573677E-17,-1.));
#3030=FACE_BOUND('',#3031,.T.);
#3031=EDGE_LOOP('',(#5908,#5909,#5910,#5911,#5912,#5913,#5914,#5915));
#3032=FACE_BOUND('',#3033,.T.);
#3033=EDGE_LOOP('',(#5916,#5917,#5918,#5919,#5920,#5921,#5922,#5923));
#3034=PLANE('',#3035);
#3035=AXIS2_PLACEMENT_3D('',#3036,#3037,#3038);
#3036=CARTESIAN_POINT('',(0.,-0.6,-3.67394039744206E-17));
#3037=DIRECTION('',(0.,1.,6.12323399573677E-17));
#3038=DIRECTION('',(6.12323399573677E-17,6.12323399573677E-17,-1.));
#3039=FACE_OUTER_BOUND('',#3040,.T.);
#3040=EDGE_LOOP('',(#5924));
#3041=FACE_OUTER_BOUND('',#3042,.T.);
#3042=EDGE_LOOP('',(#5925));
#3043=CYLINDRICAL_SURFACE('',#3044,5.25);
#3044=AXIS2_PLACEMENT_3D('',#3045,#3046,#3047);
#3045=CARTESIAN_POINT('',(-30.,-2.,13.2));
#3046=DIRECTION('',(0.,-1.,-6.12323399573677E-17));
#3047=DIRECTION('',(6.12323399573677E-17,6.12323399573677E-17,-1.));
#3048=FACE_BOUND('',#3049,.T.);
#3049=EDGE_LOOP('',(#5926));
#3050=PLANE('',#3051);
#3051=AXIS2_PLACEMENT_3D('',#3052,#3053,#3054);
#3052=CARTESIAN_POINT('',(0.,-11.3,-6.91925441518255E-16));
#3053=DIRECTION('',(0.,-1.,-6.12323399573677E-17));
#3054=DIRECTION('',(6.12323399573677E-17,6.12323399573677E-17,-1.));
#3055=FACE_BOUND('',#3056,.T.);
#3056=EDGE_LOOP('',(#5927));
#3057=PLANE('',#3058);
#3058=AXIS2_PLACEMENT_3D('',#3059,#3060,#3061);
#3059=CARTESIAN_POINT('',(0.,-11.3,-6.91925441518255E-16));
#3060=DIRECTION('',(0.,-1.,-6.12323399573677E-17));
#3061=DIRECTION('',(6.12323399573677E-17,6.12323399573677E-17,-1.));
#3062=FACE_OUTER_BOUND('',#3063,.T.);
#3063=EDGE_LOOP('',(#5928));
#3064=FACE_OUTER_BOUND('',#3065,.T.);
#3065=EDGE_LOOP('',(#5929));
#3066=CYLINDRICAL_SURFACE('',#3067,5.25);
#3067=AXIS2_PLACEMENT_3D('',#3068,#3069,#3070);
#3068=CARTESIAN_POINT('',(-15.,-2.,13.2));
#3069=DIRECTION('',(0.,-1.,-6.12323399573677E-17));
#3070=DIRECTION('',(6.12323399573677E-17,6.12323399573677E-17,-1.));
#3071=FACE_OUTER_BOUND('',#3072,.T.);
#3072=EDGE_LOOP('',(#5930));
#3073=FACE_OUTER_BOUND('',#3074,.T.);
#3074=EDGE_LOOP('',(#5931));
#3075=CYLINDRICAL_SURFACE('',#3076,5.25);
#3076=AXIS2_PLACEMENT_3D('',#3077,#3078,#3079);
#3077=CARTESIAN_POINT('',(8.08266887437256E-16,-2.,13.2));
#3078=DIRECTION('',(0.,-1.,-6.12323399573677E-17));
#3079=DIRECTION('',(6.12323399573677E-17,6.12323399573677E-17,-1.));
#3080=FACE_OUTER_BOUND('',#3081,.T.);
#3081=EDGE_LOOP('',(#5932));
#3082=FACE_OUTER_BOUND('',#3083,.T.);
#3083=EDGE_LOOP('',(#5933));
#3084=CYLINDRICAL_SURFACE('',#3085,5.25);
#3085=AXIS2_PLACEMENT_3D('',#3086,#3087,#3088);
#3086=CARTESIAN_POINT('',(15.,-2.,13.2));
#3087=DIRECTION('',(0.,-1.,-6.12323399573677E-17));
#3088=DIRECTION('',(6.12323399573677E-17,6.12323399573677E-17,-1.));
#3089=FACE_OUTER_BOUND('',#3090,.T.);
#3090=EDGE_LOOP('',(#5934));
#3091=FACE_OUTER_BOUND('',#3092,.T.);
#3092=EDGE_LOOP('',(#5935));
#3093=CYLINDRICAL_SURFACE('',#3094,5.25);
#3094=AXIS2_PLACEMENT_3D('',#3095,#3096,#3097);
#3095=CARTESIAN_POINT('',(30.,-2.,13.2));
#3096=DIRECTION('',(0.,-1.,-6.12323399573677E-17));
#3097=DIRECTION('',(6.12323399573677E-17,6.12323399573677E-17,-1.));
#3098=FACE_BOUND('',#3099,.T.);
#3099=EDGE_LOOP('',(#5936));
#3100=PLANE('',#3101);
#3101=AXIS2_PLACEMENT_3D('',#3102,#3103,#3104);
#3102=CARTESIAN_POINT('',(0.,-11.3,-6.91925441518255E-16));
#3103=DIRECTION('',(0.,-1.,-6.12323399573677E-17));
#3104=DIRECTION('',(6.12323399573677E-17,6.12323399573677E-17,-1.));
#3105=FACE_BOUND('',#3106,.T.);
#3106=EDGE_LOOP('',(#5937));
#3107=PLANE('',#3108);
#3108=AXIS2_PLACEMENT_3D('',#3109,#3110,#3111);
#3109=CARTESIAN_POINT('',(0.,-11.3,-6.91925441518255E-16));
#3110=DIRECTION('',(0.,-1.,-6.12323399573677E-17));
#3111=DIRECTION('',(6.12323399573677E-17,6.12323399573677E-17,-1.));
#3112=FACE_BOUND('',#3113,.T.);
#3113=EDGE_LOOP('',(#5938));
#3114=PLANE('',#3115);
#3115=AXIS2_PLACEMENT_3D('',#3116,#3117,#3118);
#3116=CARTESIAN_POINT('',(0.,-11.3,-6.91925441518255E-16));
#3117=DIRECTION('',(0.,-1.,-6.12323399573677E-17));
#3118=DIRECTION('',(6.12323399573677E-17,6.12323399573677E-17,-1.));
#3119=FACE_BOUND('',#3120,.T.);
#3120=EDGE_LOOP('',(#5939,#5940,#5941,#5942));
#3121=PLANE('',#3122);
#3122=AXIS2_PLACEMENT_3D('',#3123,#3124,#3125);
#3123=CARTESIAN_POINT('',(-10.1,-0.599999999999998,-34.3));
#3124=DIRECTION('',(-1.,0.,-5.60954791389553E-16));
#3125=DIRECTION('',(-5.60954791389553E-16,-6.13544303082323E-17,1.));
#3126=FACE_BOUND('',#3127,.T.);
#3127=EDGE_LOOP('',(#5943,#5944,#5945,#5946));
#3128=CYLINDRICAL_SURFACE('',#3129,1.4);
#3129=AXIS2_PLACEMENT_3D('',#3130,#3131,#3132);
#3130=CARTESIAN_POINT('',(-11.5,-0.6,3.7));
#3131=DIRECTION('',(0.,-1.,-6.12323399573677E-17));
#3132=DIRECTION('',(1.,2.09906912085E-31,-3.42804002315027E-15));
#3133=FACE_BOUND('',#3134,.T.);
#3134=EDGE_LOOP('',(#5947,#5948,#5949,#5950));
#3135=PLANE('',#3136);
#3136=AXIS2_PLACEMENT_3D('',#3137,#3138,#3139);
#3137=CARTESIAN_POINT('',(-11.4999999999996,-0.6,5.10000000000003));
#3138=DIRECTION('',(6.34413156928627E-15,0.,-1.));
#3139=DIRECTION('',(-1.,0.,-6.34413156928627E-15));
#3140=FACE_BOUND('',#3141,.T.);
#3141=EDGE_LOOP('',(#5951,#5952,#5953,#5954));
#3142=CYLINDRICAL_SURFACE('',#3143,1.4);
#3143=AXIS2_PLACEMENT_3D('',#3144,#3145,#3146);
#3144=CARTESIAN_POINT('',(-18.4999999999999,-0.6,3.69999999999999));
#3145=DIRECTION('',(0.,-1.,-6.12323399573677E-17));
#3146=DIRECTION('',(-2.89270309802114E-14,-6.12323399573677E-17,1.));
#3147=FACE_BOUND('',#3148,.T.);
#3148=EDGE_LOOP('',(#5955,#5956,#5957,#5958));
#3149=PLANE('',#3150);
#3150=AXIS2_PLACEMENT_3D('',#3151,#3152,#3153);
#3151=CARTESIAN_POINT('',(-19.8999999999999,-0.6,3.7));
#3152=DIRECTION('',(1.,0.,-1.47250632739758E-15));
#3153=DIRECTION('',(-1.47250632739758E-15,6.13544303082323E-17,-1.));
#3154=FACE_BOUND('',#3155,.T.);
#3155=EDGE_LOOP('',(#5959,#5960,#5961,#5962));
#3156=CYLINDRICAL_SURFACE('',#3157,1.4);
#3157=AXIS2_PLACEMENT_3D('',#3158,#3159,#3160);
#3158=CARTESIAN_POINT('',(-18.5,-0.599999999999998,-34.3));
#3159=DIRECTION('',(0.,-1.,-6.12323399573677E-17));
#3160=DIRECTION('',(-1.,3.14522216244516E-31,-5.13653759538666E-15));
#3161=FACE_BOUND('',#3162,.T.);
#3162=EDGE_LOOP('',(#5963,#5964,#5965,#5966));
#3163=PLANE('',#3164);
#3164=AXIS2_PLACEMENT_3D('',#3165,#3166,#3167);
#3165=CARTESIAN_POINT('',(-18.5,-0.599999999999998,-35.7));
#3166=DIRECTION('',(4.06024420434343E-15,0.,1.));
#3167=DIRECTION('',(1.,0.,-4.06024420434343E-15));
#3168=FACE_BOUND('',#3169,.T.);
#3169=EDGE_LOOP('',(#5967,#5968,#5969,#5970));
#3170=CYLINDRICAL_SURFACE('',#3171,1.4);
#3171=AXIS2_PLACEMENT_3D('',#3172,#3173,#3174);
#3172=CARTESIAN_POINT('',(-11.5,-0.599999999999998,-34.3));
#3173=DIRECTION('',(0.,-1.,-6.12323399573677E-17));
#3174=DIRECTION('',(6.12323399573676E-17,6.12323399573676E-17,-1.));
#3175=FACE_BOUND('',#3176,.T.);
#3176=EDGE_LOOP('',(#5971,#5972,#5973,#5974));
#3177=PLANE('',#3178);
#3178=AXIS2_PLACEMENT_3D('',#3179,#3180,#3181);
#3179=CARTESIAN_POINT('',(-25.1,-0.599999999999998,-34.3));
#3180=DIRECTION('',(-1.,0.,-5.60954791389553E-16));
#3181=DIRECTION('',(-5.60954791389553E-16,-6.13544303082323E-17,1.));
#3182=FACE_BOUND('',#3183,.T.);
#3183=EDGE_LOOP('',(#5975,#5976,#5977,#5978));
#3184=CYLINDRICAL_SURFACE('',#3185,1.4);
#3185=AXIS2_PLACEMENT_3D('',#3186,#3187,#3188);
#3186=CARTESIAN_POINT('',(-26.5,-0.6,3.7));
#3187=DIRECTION('',(0.,-1.,-6.12323399573677E-17));
#3188=DIRECTION('',(1.,2.09906912085E-31,-3.42804002315027E-15));
#3189=FACE_BOUND('',#3190,.T.);
#3190=EDGE_LOOP('',(#5979,#5980,#5981,#5982));
#3191=PLANE('',#3192);
#3192=AXIS2_PLACEMENT_3D('',#3193,#3194,#3195);
#3193=CARTESIAN_POINT('',(-26.4999999999996,-0.6,5.10000000000003));
#3194=DIRECTION('',(6.34413156928627E-15,0.,-1.));
#3195=DIRECTION('',(-1.,0.,-6.34413156928627E-15));
#3196=FACE_BOUND('',#3197,.T.);
#3197=EDGE_LOOP('',(#5983,#5984,#5985,#5986));
#3198=CYLINDRICAL_SURFACE('',#3199,1.4);
#3199=AXIS2_PLACEMENT_3D('',#3200,#3201,#3202);
#3200=CARTESIAN_POINT('',(-33.4999999999999,-0.6,3.69999999999999));
#3201=DIRECTION('',(0.,-1.,-6.12323399573677E-17));
#3202=DIRECTION('',(-2.89270309802114E-14,-6.12323399573677E-17,1.));
#3203=FACE_BOUND('',#3204,.T.);
#3204=EDGE_LOOP('',(#5987,#5988,#5989,#5990));
#3205=PLANE('',#3206);
#3206=AXIS2_PLACEMENT_3D('',#3207,#3208,#3209);
#3207=CARTESIAN_POINT('',(-34.8999999999999,-0.6,3.7));
#3208=DIRECTION('',(1.,0.,-1.47250632739758E-15));
#3209=DIRECTION('',(-1.47250632739758E-15,6.13544303082323E-17,-1.));
#3210=FACE_BOUND('',#3211,.T.);
#3211=EDGE_LOOP('',(#5991,#5992,#5993,#5994));
#3212=CYLINDRICAL_SURFACE('',#3213,1.4);
#3213=AXIS2_PLACEMENT_3D('',#3214,#3215,#3216);
#3214=CARTESIAN_POINT('',(-33.5,-0.599999999999998,-34.3));
#3215=DIRECTION('',(0.,-1.,-6.12323399573677E-17));
#3216=DIRECTION('',(-1.,3.14522216244516E-31,-5.13653759538666E-15));
#3217=FACE_BOUND('',#3218,.T.);
#3218=EDGE_LOOP('',(#5995,#5996,#5997,#5998));
#3219=PLANE('',#3220);
#3220=AXIS2_PLACEMENT_3D('',#3221,#3222,#3223);
#3221=CARTESIAN_POINT('',(-33.5,-0.599999999999998,-35.7));
#3222=DIRECTION('',(4.06024420434343E-15,0.,1.));
#3223=DIRECTION('',(1.,0.,-4.06024420434343E-15));
#3224=FACE_BOUND('',#3225,.T.);
#3225=EDGE_LOOP('',(#5999,#6000,#6001,#6002));
#3226=CYLINDRICAL_SURFACE('',#3227,1.4);
#3227=AXIS2_PLACEMENT_3D('',#3228,#3229,#3230);
#3228=CARTESIAN_POINT('',(-26.5,-0.599999999999998,-34.3));
#3229=DIRECTION('',(0.,-1.,-6.12323399573677E-17));
#3230=DIRECTION('',(6.12323399573676E-17,6.12323399573676E-17,-1.));
#3231=FACE_BOUND('',#3232,.T.);
#3232=EDGE_LOOP('',(#6003,#6004,#6005,#6006));
#3233=PLANE('',#3234);
#3234=AXIS2_PLACEMENT_3D('',#3235,#3236,#3237);
#3235=CARTESIAN_POINT('',(19.9,-0.6,-34.3));
#3236=DIRECTION('',(-1.,0.,-5.60954791389553E-16));
#3237=DIRECTION('',(-5.60954791389553E-16,-6.13544303082323E-17,1.));
#3238=FACE_BOUND('',#3239,.T.);
#3239=EDGE_LOOP('',(#6007,#6008,#6009,#6010));
#3240=CYLINDRICAL_SURFACE('',#3241,1.4);
#3241=AXIS2_PLACEMENT_3D('',#3242,#3243,#3244);
#3242=CARTESIAN_POINT('',(18.5,-0.600000000000002,3.7));
#3243=DIRECTION('',(0.,-1.,-6.12323399573677E-17));
#3244=DIRECTION('',(1.,2.09906912085E-31,-3.42804002315027E-15));
#3245=FACE_BOUND('',#3246,.T.);
#3246=EDGE_LOOP('',(#6011,#6012,#6013,#6014));
#3247=PLANE('',#3248);
#3248=AXIS2_PLACEMENT_3D('',#3249,#3250,#3251);
#3249=CARTESIAN_POINT('',(18.5000000000004,-0.600000000000002,5.10000000000003));
#3250=DIRECTION('',(6.34413156928627E-15,0.,-1.));
#3251=DIRECTION('',(-1.,0.,-6.34413156928627E-15));
#3252=FACE_BOUND('',#3253,.T.);
#3253=EDGE_LOOP('',(#6015,#6016,#6017,#6018));
#3254=CYLINDRICAL_SURFACE('',#3255,1.4);
#3255=AXIS2_PLACEMENT_3D('',#3256,#3257,#3258);
#3256=CARTESIAN_POINT('',(11.5000000000001,-0.600000000000002,3.69999999999999));
#3257=DIRECTION('',(0.,-1.,-6.12323399573677E-17));
#3258=DIRECTION('',(-2.89270309802114E-14,-6.12323399573677E-17,1.));
#3259=FACE_BOUND('',#3260,.T.);
#3260=EDGE_LOOP('',(#6019,#6020,#6021,#6022));
#3261=PLANE('',#3262);
#3262=AXIS2_PLACEMENT_3D('',#3263,#3264,#3265);
#3263=CARTESIAN_POINT('',(10.1000000000001,-0.600000000000002,3.7));
#3264=DIRECTION('',(1.,0.,-1.47250632739758E-15));
#3265=DIRECTION('',(-1.47250632739758E-15,6.13544303082323E-17,-1.));
#3266=FACE_BOUND('',#3267,.T.);
#3267=EDGE_LOOP('',(#6023,#6024,#6025,#6026));
#3268=CYLINDRICAL_SURFACE('',#3269,1.4);
#3269=AXIS2_PLACEMENT_3D('',#3270,#3271,#3272);
#3270=CARTESIAN_POINT('',(11.5,-0.6,-34.3));
#3271=DIRECTION('',(0.,-1.,-6.12323399573677E-17));
#3272=DIRECTION('',(-1.,3.14522216244516E-31,-5.13653759538666E-15));
#3273=FACE_BOUND('',#3274,.T.);
#3274=EDGE_LOOP('',(#6027,#6028,#6029,#6030));
#3275=PLANE('',#3276);
#3276=AXIS2_PLACEMENT_3D('',#3277,#3278,#3279);
#3277=CARTESIAN_POINT('',(11.5,-0.6,-35.7));
#3278=DIRECTION('',(4.06024420434343E-15,0.,1.));
#3279=DIRECTION('',(1.,0.,-4.06024420434343E-15));
#3280=FACE_BOUND('',#3281,.T.);
#3281=EDGE_LOOP('',(#6031,#6032,#6033,#6034));
#3282=CYLINDRICAL_SURFACE('',#3283,1.4);
#3283=AXIS2_PLACEMENT_3D('',#3284,#3285,#3286);
#3284=CARTESIAN_POINT('',(18.5,-0.6,-34.3));
#3285=DIRECTION('',(0.,-1.,-6.12323399573677E-17));
#3286=DIRECTION('',(6.12323399573676E-17,6.12323399573676E-17,-1.));
#3287=FACE_BOUND('',#3288,.T.);
#3288=EDGE_LOOP('',(#6035,#6036,#6037,#6038));
#3289=PLANE('',#3290);
#3290=AXIS2_PLACEMENT_3D('',#3291,#3292,#3293);
#3291=CARTESIAN_POINT('',(34.9,-0.600000000000002,-34.3));
#3292=DIRECTION('',(-1.,0.,-5.60954791389553E-16));
#3293=DIRECTION('',(-5.60954791389553E-16,-6.13544303082323E-17,1.));
#3294=FACE_BOUND('',#3295,.T.);
#3295=EDGE_LOOP('',(#6039,#6040,#6041,#6042));
#3296=CYLINDRICAL_SURFACE('',#3297,1.4);
#3297=AXIS2_PLACEMENT_3D('',#3298,#3299,#3300);
#3298=CARTESIAN_POINT('',(33.5,-0.600000000000004,3.7));
#3299=DIRECTION('',(0.,-1.,-6.12323399573677E-17));
#3300=DIRECTION('',(1.,2.09906912085E-31,-3.42804002315027E-15));
#3301=FACE_BOUND('',#3302,.T.);
#3302=EDGE_LOOP('',(#6043,#6044,#6045,#6046));
#3303=PLANE('',#3304);
#3304=AXIS2_PLACEMENT_3D('',#3305,#3306,#3307);
#3305=CARTESIAN_POINT('',(33.5000000000004,-0.600000000000004,5.10000000000003));
#3306=DIRECTION('',(6.34413156928627E-15,0.,-1.));
#3307=DIRECTION('',(-1.,0.,-6.34413156928627E-15));
#3308=FACE_BOUND('',#3309,.T.);
#3309=EDGE_LOOP('',(#6047,#6048,#6049,#6050));
#3310=CYLINDRICAL_SURFACE('',#3311,1.4);
#3311=AXIS2_PLACEMENT_3D('',#3312,#3313,#3314);
#3312=CARTESIAN_POINT('',(26.5000000000001,-0.600000000000004,3.69999999999999));
#3313=DIRECTION('',(0.,-1.,-6.12323399573677E-17));
#3314=DIRECTION('',(-2.89270309802114E-14,-6.12323399573677E-17,1.));
#3315=FACE_BOUND('',#3316,.T.);
#3316=EDGE_LOOP('',(#6051,#6052,#6053,#6054));
#3317=PLANE('',#3318);
#3318=AXIS2_PLACEMENT_3D('',#3319,#3320,#3321);
#3319=CARTESIAN_POINT('',(25.1000000000001,-0.600000000000004,3.7));
#3320=DIRECTION('',(1.,0.,-1.47250632739758E-15));
#3321=DIRECTION('',(-1.47250632739758E-15,6.13544303082323E-17,-1.));
#3322=FACE_BOUND('',#3323,.T.);
#3323=EDGE_LOOP('',(#6055,#6056,#6057,#6058));
#3324=CYLINDRICAL_SURFACE('',#3325,1.4);
#3325=AXIS2_PLACEMENT_3D('',#3326,#3327,#3328);
#3326=CARTESIAN_POINT('',(26.5,-0.600000000000002,-34.3));
#3327=DIRECTION('',(0.,-1.,-6.12323399573677E-17));
#3328=DIRECTION('',(-1.,3.14522216244516E-31,-5.13653759538666E-15));
#3329=FACE_BOUND('',#3330,.T.);
#3330=EDGE_LOOP('',(#6059,#6060,#6061,#6062));
#3331=PLANE('',#3332);
#3332=AXIS2_PLACEMENT_3D('',#3333,#3334,#3335);
#3333=CARTESIAN_POINT('',(26.5,-0.600000000000001,-35.7));
#3334=DIRECTION('',(4.06024420434343E-15,0.,1.));
#3335=DIRECTION('',(1.,0.,-4.06024420434343E-15));
#3336=FACE_BOUND('',#3337,.T.);
#3337=EDGE_LOOP('',(#6063,#6064,#6065,#6066));
#3338=CYLINDRICAL_SURFACE('',#3339,1.4);
#3339=AXIS2_PLACEMENT_3D('',#3340,#3341,#3342);
#3340=CARTESIAN_POINT('',(33.5,-0.600000000000002,-34.3));
#3341=DIRECTION('',(0.,-1.,-6.12323399573677E-17));
#3342=DIRECTION('',(6.12323399573676E-17,6.12323399573676E-17,-1.));
#3343=FACE_BOUND('',#3344,.T.);
#3344=EDGE_LOOP('',(#6067,#6068,#6069,#6070));
#3345=PLANE('',#3346);
#3346=AXIS2_PLACEMENT_3D('',#3347,#3348,#3349);
#3347=CARTESIAN_POINT('',(13.1814350952996,-0.800000000000002,25.7812183381664));
#3348=DIRECTION('',(-0.538448599817206,0.,0.842658356248183));
#3349=DIRECTION('',(0.842658356248183,-3.9592910120519E-17,0.538448599817206));
#3350=FACE_BOUND('',#3351,.T.);
#3351=EDGE_LOOP('',(#6071,#6072,#6073,#6074));
#3352=PLANE('',#3353);
#3353=AXIS2_PLACEMENT_3D('',#3354,#3355,#3356);
#3354=CARTESIAN_POINT('',(15.5443296290729,-0.800000000000002,25.7812183381664));
#3355=DIRECTION('',(0.,0.,-1.));
#3356=DIRECTION('',(-1.,0.,0.));
#3357=FACE_BOUND('',#3358,.T.);
#3358=EDGE_LOOP('',(#6075,#6076,#6077,#6078));
#3359=PLANE('',#3360);
#3360=AXIS2_PLACEMENT_3D('',#3361,#3362,#3363);
#3361=CARTESIAN_POINT('',(15.5443296290729,-0.800000000000002,27.2910796524132));
#3362=DIRECTION('',(1.,0.,0.));
#3363=DIRECTION('',(0.,7.35314571046524E-17,-1.));
#3364=FACE_BOUND('',#3365,.T.);
#3365=EDGE_LOOP('',(#6079,#6080,#6081,#6082));
#3366=PLANE('',#3367);
#3367=AXIS2_PLACEMENT_3D('',#3368,#3369,#3370);
#3368=CARTESIAN_POINT('',(4.9,-0.599999999999998,-34.3));
#3369=DIRECTION('',(-1.,0.,-5.60954791389553E-16));
#3370=DIRECTION('',(-5.60954791389553E-16,-6.13544303082323E-17,1.));
#3371=FACE_BOUND('',#3372,.T.);
#3372=EDGE_LOOP('',(#6083,#6084,#6085,#6086));
#3373=CYLINDRICAL_SURFACE('',#3374,1.4);
#3374=AXIS2_PLACEMENT_3D('',#3375,#3376,#3377);
#3375=CARTESIAN_POINT('',(3.49999999999998,-0.6,3.7));
#3376=DIRECTION('',(0.,-1.,-6.12323399573677E-17));
#3377=DIRECTION('',(1.,2.09906912085E-31,-3.42804002315027E-15));
#3378=FACE_BOUND('',#3379,.T.);
#3379=EDGE_LOOP('',(#6087,#6088,#6089,#6090));
#3380=PLANE('',#3381);
#3381=AXIS2_PLACEMENT_3D('',#3382,#3383,#3384);
#3382=CARTESIAN_POINT('',(3.50000000000037,-0.6,5.10000000000003));
#3383=DIRECTION('',(6.34413156928627E-15,0.,-1.));
#3384=DIRECTION('',(-1.,0.,-6.34413156928627E-15));
#3385=FACE_BOUND('',#3386,.T.);
#3386=EDGE_LOOP('',(#6091,#6092,#6093,#6094));
#3387=CYLINDRICAL_SURFACE('',#3388,1.4);
#3388=AXIS2_PLACEMENT_3D('',#3389,#3390,#3391);
#3389=CARTESIAN_POINT('',(-3.49999999999995,-0.6,3.69999999999999));
#3390=DIRECTION('',(0.,-1.,-6.12323399573677E-17));
#3391=DIRECTION('',(-2.89270309802114E-14,-6.12323399573677E-17,1.));
#3392=FACE_BOUND('',#3393,.T.);
#3393=EDGE_LOOP('',(#6095,#6096,#6097,#6098));
#3394=PLANE('',#3395);
#3395=AXIS2_PLACEMENT_3D('',#3396,#3397,#3398);
#3396=CARTESIAN_POINT('',(-4.89999999999995,-0.6,3.7));
#3397=DIRECTION('',(1.,0.,-1.47250632739758E-15));
#3398=DIRECTION('',(-1.47250632739758E-15,6.13544303082323E-17,-1.));
#3399=FACE_BOUND('',#3400,.T.);
#3400=EDGE_LOOP('',(#6099,#6100,#6101,#6102));
#3401=CYLINDRICAL_SURFACE('',#3402,1.4);
#3402=AXIS2_PLACEMENT_3D('',#3403,#3404,#3405);
#3403=CARTESIAN_POINT('',(-3.5,-0.599999999999998,-34.3));
#3404=DIRECTION('',(0.,-1.,-6.12323399573677E-17));
#3405=DIRECTION('',(-1.,3.14522216244516E-31,-5.13653759538666E-15));
#3406=FACE_BOUND('',#3407,.T.);
#3407=EDGE_LOOP('',(#6103,#6104,#6105,#6106));
#3408=PLANE('',#3409);
#3409=AXIS2_PLACEMENT_3D('',#3410,#3411,#3412);
#3410=CARTESIAN_POINT('',(-3.49999999999999,-0.599999999999998,-35.7));
#3411=DIRECTION('',(4.06024420434343E-15,0.,1.));
#3412=DIRECTION('',(1.,0.,-4.06024420434343E-15));
#3413=FACE_BOUND('',#3414,.T.);
#3414=EDGE_LOOP('',(#6107,#6108,#6109,#6110));
#3415=CYLINDRICAL_SURFACE('',#3416,1.4);
#3416=AXIS2_PLACEMENT_3D('',#3417,#3418,#3419);
#3417=CARTESIAN_POINT('',(3.5,-0.599999999999998,-34.3));
#3418=DIRECTION('',(0.,-1.,-6.12323399573677E-17));
#3419=DIRECTION('',(6.12323399573676E-17,6.12323399573676E-17,-1.));
#3420=FACE_BOUND('',#3421,.T.);
#3421=EDGE_LOOP('',(#6111));
#3422=PLANE('',#3423);
#3423=AXIS2_PLACEMENT_3D('',#3424,#3425,#3426);
#3424=CARTESIAN_POINT('',(1.71056941445901E-49,-0.4,-2.44929359829471E-17));
#3425=DIRECTION('',(1.22464679914735E-16,-1.,-6.12323399573677E-17));
#3426=DIRECTION('',(-6.12323399573677E-17,6.12323399573676E-17,-1.));
#3427=FACE_BOUND('',#3428,.T.);
#3428=EDGE_LOOP('',(#6112));
#3429=PLANE('',#3430);
#3430=AXIS2_PLACEMENT_3D('',#3431,#3432,#3433);
#3431=CARTESIAN_POINT('',(1.71056941445901E-49,-0.4,-2.44929359829471E-17));
#3432=DIRECTION('',(1.22464679914735E-16,-1.,-6.12323399573677E-17));
#3433=DIRECTION('',(-6.12323399573677E-17,6.12323399573676E-17,-1.));
#3434=FACE_BOUND('',#3435,.T.);
#3435=EDGE_LOOP('',(#6113));
#3436=PLANE('',#3437);
#3437=AXIS2_PLACEMENT_3D('',#3438,#3439,#3440);
#3438=CARTESIAN_POINT('',(1.71056941445901E-49,-0.4,-2.44929359829471E-17));
#3439=DIRECTION('',(1.22464679914735E-16,-1.,-6.12323399573677E-17));
#3440=DIRECTION('',(-6.12323399573677E-17,6.12323399573676E-17,-1.));
#3441=FACE_BOUND('',#3442,.T.);
#3442=EDGE_LOOP('',(#6114));
#3443=PLANE('',#3444);
#3444=AXIS2_PLACEMENT_3D('',#3445,#3446,#3447);
#3445=CARTESIAN_POINT('',(1.71056941445901E-49,-0.4,-2.44929359829471E-17));
#3446=DIRECTION('',(1.22464679914735E-16,-1.,-6.12323399573677E-17));
#3447=DIRECTION('',(-6.12323399573677E-17,6.12323399573676E-17,-1.));
#3448=FACE_BOUND('',#3449,.T.);
#3449=EDGE_LOOP('',(#6115));
#3450=PLANE('',#3451);
#3451=AXIS2_PLACEMENT_3D('',#3452,#3453,#3454);
#3452=CARTESIAN_POINT('',(1.71056941445901E-49,-0.4,-2.44929359829471E-17));
#3453=DIRECTION('',(1.22464679914735E-16,-1.,-6.12323399573677E-17));
#3454=DIRECTION('',(-6.12323399573677E-17,6.12323399573676E-17,-1.));
#3455=FACE_BOUND('',#3456,.T.);
#3456=EDGE_LOOP('',(#6116,#6117,#6118,#6119,#6120,#6121,#6122,#6123));
#3457=PLANE('',#3458);
#3458=AXIS2_PLACEMENT_3D('',#3459,#3460,#3461);
#3459=CARTESIAN_POINT('',(0.,0.,0.));
#3460=DIRECTION('',(0.,1.,6.12323399573677E-17));
#3461=DIRECTION('',(6.12323399573677E-17,6.12323399573677E-17,-1.));
#3462=FACE_BOUND('',#3463,.T.);
#3463=EDGE_LOOP('',(#6124,#6125,#6126,#6127,#6128,#6129,#6130,#6131));
#3464=PLANE('',#3465);
#3465=AXIS2_PLACEMENT_3D('',#3466,#3467,#3468);
#3466=CARTESIAN_POINT('',(0.,0.,0.));
#3467=DIRECTION('',(0.,1.,6.12323399573677E-17));
#3468=DIRECTION('',(6.12323399573677E-17,6.12323399573677E-17,-1.));
#3469=FACE_BOUND('',#3470,.T.);
#3470=EDGE_LOOP('',(#6132,#6133,#6134,#6135,#6136,#6137,#6138,#6139));
#3471=PLANE('',#3472);
#3472=AXIS2_PLACEMENT_3D('',#3473,#3474,#3475);
#3473=CARTESIAN_POINT('',(0.,0.,0.));
#3474=DIRECTION('',(0.,1.,6.12323399573677E-17));
#3475=DIRECTION('',(6.12323399573677E-17,6.12323399573677E-17,-1.));
#3476=FACE_BOUND('',#3477,.T.);
#3477=EDGE_LOOP('',(#6140,#6141,#6142,#6143,#6144,#6145,#6146,#6147));
#3478=PLANE('',#3479);
#3479=AXIS2_PLACEMENT_3D('',#3480,#3481,#3482);
#3480=CARTESIAN_POINT('',(0.,0.,0.));
#3481=DIRECTION('',(0.,1.,6.12323399573677E-17));
#3482=DIRECTION('',(6.12323399573677E-17,6.12323399573677E-17,-1.));
#3483=FACE_BOUND('',#3484,.T.);
#3484=EDGE_LOOP('',(#6148,#6149,#6150));
#3485=PLANE('',#3486);
#3486=AXIS2_PLACEMENT_3D('',#3487,#3488,#3489);
#3487=CARTESIAN_POINT('',(0.,0.,0.));
#3488=DIRECTION('',(0.,1.,6.12323399573677E-17));
#3489=DIRECTION('',(6.12323399573677E-17,6.12323399573677E-17,-1.));
#3490=FACE_BOUND('',#3491,.T.);
#3491=EDGE_LOOP('',(#6151,#6152,#6153,#6154,#6155,#6156,#6157,#6158));
#3492=PLANE('',#3493);
#3493=AXIS2_PLACEMENT_3D('',#3494,#3495,#3496);
#3494=CARTESIAN_POINT('',(0.,0.,0.));
#3495=DIRECTION('',(0.,1.,6.12323399573677E-17));
#3496=DIRECTION('',(6.12323399573677E-17,6.12323399573677E-17,-1.));
#3497=FACE_BOUND('',#3498,.T.);
#3498=EDGE_LOOP('',(#6159,#6160,#6161,#6162));
#3499=(BOUNDED_SURFACE()B_SPLINE_SURFACE(3,2,(
(#3500,#3501,#3502),
(#3503,#3504,#3505),
(#3506,#3507,#3508),
(#3509,#3510,#3511),
(#3512,#3513,#3514),
(#3515,#3516,#3517)),
.UNSPECIFIED.,.F.,.F.,.F.)B_SPLINE_SURFACE_WITH_KNOTS((4,1,1,4),
(3,3),
(-3.45015666810639,-1.45015666810639,-0.450156668106391,1.00008611895603),
(0.,1.),
.UNSPECIFIED.)GEOMETRIC_REPRESENTATION_ITEM()RATIONAL_B_SPLINE_SURFACE((
(1.,0.73484755420894,1.),
(1.,0.731064128684195,1.),
(1.,0.7251228322771,1.),
(1.,0.715761941471792,1.),
(1.,0.710372620156048,1.),
(1.,0.707106199286916,1.)))REPRESENTATION_ITEM('')SURFACE());
#3500=CARTESIAN_POINT('',(34.7000092792686,-2.,21.0000069594935));
#3501=CARTESIAN_POINT('',(39.3,-2.36707120754117,21.0395144200591));
#3502=CARTESIAN_POINT('',(39.3,-6.95535486201452,21.5333462211348));
#3503=CARTESIAN_POINT('',(34.6444043783139,-2.,20.9583005279889));
#3504=CARTESIAN_POINT('',(39.3,-2.32020132980978,20.9898776179435));
#3505=CARTESIAN_POINT('',(39.3,-6.96359575207404,21.4558677022007));
#3506=CARTESIAN_POINT('',(34.5600469370441,-2.,20.9016537002383));
#3507=CARTESIAN_POINT('',(39.3,-2.24466136620021,20.9192084058058));
#3508=CARTESIAN_POINT('',(39.3,-6.97645155409812,21.3284440640253));
#3509=CARTESIAN_POINT('',(34.4254266679893,-2.,20.8254185490529));
#3510=CARTESIAN_POINT('',(39.3,-2.1203340544882,20.8286199592437));
#3511=CARTESIAN_POINT('',(39.3,-6.99349586274418,21.075135143854));
#3512=CARTESIAN_POINT('',(34.3487403192283,-2.,20.7882408829533));
#3513=CARTESIAN_POINT('',(39.3,-2.04598548561712,20.7870767212393));
#3514=CARTESIAN_POINT('',(39.3,-6.99985966845119,20.8996362308063));
#3515=CARTESIAN_POINT('',(34.2999917706999,-2.,20.7669661304786));
#3516=CARTESIAN_POINT('',(39.3,-1.99999177068746,20.7669661305097));
#3517=CARTESIAN_POINT('',(39.3,-6.99999999995824,20.7669472745524));
#3518=FACE_BOUND('',#3519,.T.);
#3519=EDGE_LOOP('',(#6163,#6164,#6165,#6166));
#3520=CYLINDRICAL_SURFACE('',#3521,5.);
#3521=AXIS2_PLACEMENT_3D('',#3522,#3523,#3524);
#3522=CARTESIAN_POINT('',(34.3,-7.,41.0000000000001));
#3523=DIRECTION('',(8.35932630305998E-17,-7.31441051517748E-17,1.));
#3524=DIRECTION('',(1.,6.11435442109016E-33,-8.35932630305998E-17));
#3525=FACE_BOUND('',#3526,.T.);
#3526=EDGE_LOOP('',(#6167,#6168,#6169,#6170));
#3527=(BOUNDED_SURFACE()B_SPLINE_SURFACE(3,2,(
(#3528,#3529,#3530),
(#3531,#3532,#3533),
(#3534,#3535,#3536),
(#3537,#3538,#3539),
(#3540,#3541,#3542),
(#3543,#3544,#3545),
(#3546,#3547,#3548),
(#3549,#3550,#3551),
(#3552,#3553,#3554),
(#3555,#3556,#3557),
(#3558,#3559,#3560),
(#3561,#3562,#3563),
(#3564,#3565,#3566),
(#3567,#3568,#3569),
(#3570,#3571,#3572),
(#3573,#3574,#3575),
(#3576,#3577,#3578),
(#3579,#3580,#3581),
(#3582,#3583,#3584),
(#3585,#3586,#3587),
(#3588,#3589,#3590),
(#3591,#3592,#3593),
(#3594,#3595,#3596),
(#3597,#3598,#3599),
(#3600,#3601,#3602),
(#3603,#3604,#3605),
(#3606,#3607,#3608),
(#3609,#3610,#3611),
(#3612,#3613,#3614),
(#3615,#3616,#3617),
(#3618,#3619,#3620),
(#3621,#3622,#3623),
(#3624,#3625,#3626),
(#3627,#3628,#3629),
(#3630,#3631,#3632),
(#3633,#3634,#3635),
(#3636,#3637,#3638),
(#3639,#3640,#3641),
(#3642,#3643,#3644),
(#3645,#3646,#3647),
(#3648,#3649,#3650),
(#3651,#3652,#3653),
(#3654,#3655,#3656),
(#3657,#3658,#3659),
(#3660,#3661,#3662),
(#3663,#3664,#3665),
(#3666,#3667,#3668),
(#3669,#3670,#3671),
(#3672,#3673,#3674),
(#3675,#3676,#3677),
(#3678,#3679,#3680),
(#3681,#3682,#3683),
(#3684,#3685,#3686),
(#3687,#3688,#3689),
(#3690,#3691,#3692)),
.UNSPECIFIED.,.F.,.F.,.F.)B_SPLINE_SURFACE_WITH_KNOTS((4,1,1,1,1,1,1,1,1,1,1,1,1,
1,1,1,1,1,1,1,1,1,1,1,1,1,1,1,1,1,1,1,1,1,1,1,1,1,1,1,1,1,1,1,1,1,1,1,1,1,1,1,4),
(3,3),
(-1.43875696587246E-6,0.169298635152203,0.237203856521445,0.287791613924645,0.332225117752031,
0.367703915884898,0.400382261899059,0.429856407048552,0.459330552198045,0.490054515219648,
0.522028296113361,0.558281043021179,0.592349527909588,0.621143829937592,0.64683771710102,
0.672531604264449,0.699974217598674,0.729855894248764,0.76034346606466,0.788559477302278,
0.820931680249459,0.853394943642191,0.887218667498821,0.918894636102767,0.952238861170154,
0.986420335110852,1.02029221972881,1.0524843252801,1.08329083130588,1.11442417581577,
1.14933683625164,1.18506749561126,1.21630124643151,1.24200276616824,1.2664128242042,
1.29082288224016,1.31680191508874,1.34459842933326,1.37950038733456,1.41564228441177,
1.45302412056489,1.48516040504311,1.51609916113136,1.54477490688429,1.57238517069189,
1.59856702405586,1.62438594892155,1.65036095691179,1.67685497652488,1.70439019314371,
1.73244759514543,1.76374444875366,1.81863321608509),
(0.,1.),
.UNSPECIFIED.)GEOMETRIC_REPRESENTATION_ITEM()RATIONAL_B_SPLINE_SURFACE((
(1.,0.707106219241354,1.),
(1.,0.729139344651794,1.),
(1.,0.756577562080769,1.),
(1.,0.784629408984594,1.),
(1.,0.799074525884573,1.),
(1.,0.809741362888704,1.),
(1.,0.81829883618035,1.),
(1.,0.825247098615911,1.),
(1.,0.831367499629735,1.),
(1.,0.836988299125171,1.),
(1.,0.842380967240754,1.),
(1.,0.84774265054973,1.),
(1.,0.852807359778105,1.),
(1.,0.85723988304702,1.),
(1.,0.860822824700519,1.),
(1.,0.863771822010088,1.),
(1.,0.866398255784498,1.),
(1.,0.868867848247774,1.),
(1.,0.871142661491591,1.),
(1.,0.873079878567179,1.),
(1.,0.874714692003659,1.),
(1.,0.876009189424941,1.),
(1.,0.876955878066799,1.),
(1.,0.877463974995236,1.),
(1.,0.877546228527807,1.),
(1.,0.877200001881381,1.),
(1.,0.876390810415678,1.),
(1.,0.875136828520562,1.),
(1.,0.873498687803713,1.),
(1.,0.871511156302346,1.),
(1.,0.869065149068867,1.),
(1.,0.866044411028001,1.),
(1.,0.862537039353567,1.),
(1.,0.85892823283083,1.),
(1.,0.855446738372614,1.),
(1.,0.852003587632682,1.),
(1.,0.848298633816077,1.),
(1.,0.844156262529206,1.),
(1.,0.839130086275567,1.),
(1.,0.833099418792858,1.),
(1.,0.825947291567346,1.),
(1.,0.818431622441142,1.),
(1.,0.810790166232215,1.),
(1.,0.803395928328536,1.),
(1.,0.795989593361084,1.),
(1.,0.788647144514354,1.),
(1.,0.781241798435341,1.),
(1.,0.773684674080584,1.),
(1.,0.765789621621503,1.),
(1.,0.757398649397168,1.),
(1.,0.748443064912324,1.),
(1.,0.738580038379896,1.),
(1.,0.72506361229558,1.),
(1.,0.714252233689741,1.),
(1.,0.707106219241355,1.)))REPRESENTATION_ITEM('')SURFACE());
#3528=CARTESIAN_POINT('',(34.299992052898,-2.,18.7235919785058));
#3529=CARTESIAN_POINT('',(39.3,-1.99999205290519,18.7235919784896));
#3530=CARTESIAN_POINT('',(39.3,-6.99999999999316,18.7236021870244));
#3531=CARTESIAN_POINT('',(34.6048851548253,-2.,18.4862944643783));
#3532=CARTESIAN_POINT('',(39.3,-2.30375078844522,18.4844235242313));
#3533=CARTESIAN_POINT('',(39.3,-6.99579478997196,18.0974911306075));
#3534=CARTESIAN_POINT('',(35.0034237671976,-2.,18.1191730096571));
#3535=CARTESIAN_POINT('',(39.3,-2.62903453864641,18.0289385880936));
#3536=CARTESIAN_POINT('',(39.3,-6.91095968119938,17.3935641452592));
#3537=CARTESIAN_POINT('',(35.4386647889997,-2.,17.613626398914));
#3538=CARTESIAN_POINT('',(39.3,-2.8987945898794,17.4198893091267));
#3539=CARTESIAN_POINT('',(39.3,-6.7817775190893,16.6827134956509));
#3540=CARTESIAN_POINT('',(35.6700801588429,-2.,17.3096750471084));
#3541=CARTESIAN_POINT('',(39.3,-3.02066822130402,17.0739209249367));
#3542=CARTESIAN_POINT('',(39.3,-6.70580512861277,16.312905240586));
#3543=CARTESIAN_POINT('',(35.8489069416325,-2.,17.0493056465293));
#3544=CARTESIAN_POINT('',(39.3,-3.10252145122803,16.7958954809313));
#3545=CARTESIAN_POINT('',(39.3,-6.64395794990599,16.027731888372));
#3546=CARTESIAN_POINT('',(35.9899934019904,-2.,16.8249231127921));
#3547=CARTESIAN_POINT('',(39.3,-3.16334283915432,16.5561598510861));
#3548=CARTESIAN_POINT('',(39.3,-6.59358685273487,15.8007564083734));
#3549=CARTESIAN_POINT('',(36.1079379627319,-2.,16.6218931841132));
#3550=CARTESIAN_POINT('',(39.3,-3.20966092499905,16.3487846145296));
#3551=CARTESIAN_POINT('',(39.3,-6.55058108370514,15.607973279097));
#3552=CARTESIAN_POINT('',(36.210954604319,-2.,16.4309377361053));
#3553=CARTESIAN_POINT('',(39.3,-3.24822375737502,16.1547573084163));
#3554=CARTESIAN_POINT('',(39.3,-6.51244105282202,15.4359959474339));
#3555=CARTESIAN_POINT('',(36.3062521625534,-2.,16.2407547801484));
#3556=CARTESIAN_POINT('',(39.3,-3.28184204805032,15.9655562376952));
#3557=CARTESIAN_POINT('',(39.3,-6.47673570937112,15.2725953414671));
#3558=CARTESIAN_POINT('',(36.3981401487277,-2.,16.0426018290142));
#3559=CARTESIAN_POINT('',(39.3,-3.31248988870381,15.7718333526352));
#3560=CARTESIAN_POINT('',(39.3,-6.44196751639421,15.1096521966679));
#3561=CARTESIAN_POINT('',(36.487517204045,-2.,15.8325843941944));
#3562=CARTESIAN_POINT('',(39.3,-3.34144464349522,15.5647850841399));
#3563=CARTESIAN_POINT('',(39.3,-6.40786162328392,14.9441439908409));
#3564=CARTESIAN_POINT('',(36.5717491341816,-2.,15.6146476728987));
#3565=CARTESIAN_POINT('',(39.3,-3.36739518350615,15.3517069726375));
#3566=CARTESIAN_POINT('',(39.3,-6.37548687179222,14.7792706156443));
#3567=CARTESIAN_POINT('',(36.6459584731999,-2.,15.4016437668528));
#3568=CARTESIAN_POINT('',(39.3,-3.38900010780167,15.1461736163498));
#3569=CARTESIAN_POINT('',(39.3,-6.34679925568647,14.6239726543668));
#3570=CARTESIAN_POINT('',(36.7083199483043,-2.,15.2028414692419));
#3571=CARTESIAN_POINT('',(39.3,-3.40575141555448,14.9633319212206));
#3572=CARTESIAN_POINT('',(39.3,-6.32258706349952,14.4834448109365));
#3573=CARTESIAN_POINT('',(36.7607680047829,-2.,15.0175504026721));
#3574=CARTESIAN_POINT('',(39.3,-3.41907928488942,14.7984149778271));
#3575=CARTESIAN_POINT('',(39.3,-6.30215809982781,14.3557130115125));
#3576=CARTESIAN_POINT('',(36.8072244042624,-2.,14.8351100086481));
#3577=CARTESIAN_POINT('',(39.3,-3.43060132807413,14.6368211822699));
#3578=CARTESIAN_POINT('',(39.3,-6.28401663000157,14.2326035376312));
#3579=CARTESIAN_POINT('',(36.8500524631537,-2.,14.6456925386528));
#3580=CARTESIAN_POINT('',(39.3,-3.44113401164129,14.4671685439977));
#3581=CARTESIAN_POINT('',(39.3,-6.26725545032189,14.1072509584935));
#3582=CARTESIAN_POINT('',(36.8889333309298,-2.,14.4476846991905));
#3583=CARTESIAN_POINT('',(39.3,-3.45057494217688,14.2882386348474));
#3584=CARTESIAN_POINT('',(39.3,-6.25201008378465,13.978559941233));
#3585=CARTESIAN_POINT('',(36.923003318322,-2.,14.2424360272989));
#3586=CARTESIAN_POINT('',(39.3,-3.4584174336506,14.1082031253213));
#3587=CARTESIAN_POINT('',(39.3,-6.23863001005407,13.8472771223266));
#3588=CARTESIAN_POINT('',(36.9514599978399,-2.,14.0322191709273));
#3589=CARTESIAN_POINT('',(39.3,-3.46490202910487,13.9235426046414));
#3590=CARTESIAN_POINT('',(39.3,-6.22744021155728,13.7146257695137));
#3591=CARTESIAN_POINT('',(36.974265724597,-2.,13.8134330946733));
#3592=CARTESIAN_POINT('',(39.3,-3.46994739333132,13.7352359573112));
#3593=CARTESIAN_POINT('',(39.3,-6.21846362754417,13.5780825717857));
#3594=CARTESIAN_POINT('',(36.9904555531497,-2.,13.5886832892309));
#3595=CARTESIAN_POINT('',(39.3,-3.47358719741444,13.5358740581579));
#3596=CARTESIAN_POINT('',(39.3,-6.21208642421424,13.4390029812469));
#3597=CARTESIAN_POINT('',(36.999449166158,-2.,13.3590217468523));
#3598=CARTESIAN_POINT('',(39.3,-3.47552330279686,13.3381085358814));
#3599=CARTESIAN_POINT('',(39.3,-6.20854222603093,13.2976572173536));
#3600=CARTESIAN_POINT('',(37.0009088120457,-2.,13.1287662652069));
#3601=CARTESIAN_POINT('',(39.3,-3.47583566127842,13.1386472683567));
#3602=CARTESIAN_POINT('',(39.3,-6.20796688616152,13.156263602204));
#3603=CARTESIAN_POINT('',(36.9946976155856,-2.,12.8959170140555));
#3604=CARTESIAN_POINT('',(39.3,-3.47451893129164,12.9384253419356));
#3605=CARTESIAN_POINT('',(39.3,-6.21041485856042,13.0131337088025));
#3606=CARTESIAN_POINT('',(36.9806408703395,-2.,12.6623158082661));
#3607=CARTESIAN_POINT('',(39.3,-3.47142018188639,12.7336114703044));
#3608=CARTESIAN_POINT('',(39.3,-6.21595295310786,12.8689179519994));
#3609=CARTESIAN_POINT('',(36.9589126070069,-2.,12.4311250108556));
#3610=CARTESIAN_POINT('',(39.3,-3.46655751881586,12.5308489848364));
#3611=CARTESIAN_POINT('',(39.3,-6.22450781308226,12.7250762335338));
#3612=CARTESIAN_POINT('',(36.9303158602724,-2.,12.2063813716292));
#3613=CARTESIAN_POINT('',(39.3,-3.46009330894054,12.3345436831015));
#3614=CARTESIAN_POINT('',(39.3,-6.23575604152477,12.5837101653744));
#3615=CARTESIAN_POINT('',(36.8949969513257,-2.,11.9852696594977));
#3616=CARTESIAN_POINT('',(39.3,-3.45208194957793,12.1433373379325));
#3617=CARTESIAN_POINT('',(39.3,-6.24963071431493,12.4427077542888));
#3618=CARTESIAN_POINT('',(36.851937068671,-2.,11.7616448375648));
#3619=CARTESIAN_POINT('',(39.3,-3.44197269392949,11.9460352926902));
#3620=CARTESIAN_POINT('',(39.3,-6.26651873525986,12.2976887950804));
#3621=CARTESIAN_POINT('',(36.8001639981826,-2.,11.5336895394423));
#3622=CARTESIAN_POINT('',(39.3,-3.42910023634588,11.7379864978351));
#3623=CARTESIAN_POINT('',(39.3,-6.28678030837425,12.146757623415));
#3624=CARTESIAN_POINT('',(36.7415135217373,-2.,11.3107719528133));
#3625=CARTESIAN_POINT('',(39.3,-3.41358509021834,11.5289431959419));
#3626=CARTESIAN_POINT('',(39.3,-6.30966891964858,11.9954350462236));
#3627=CARTESIAN_POINT('',(36.6802089292068,-2.,11.1051090572426));
#3628=CARTESIAN_POINT('',(39.3,-3.39696868695359,11.338058812898));
#3629=CARTESIAN_POINT('',(39.3,-6.33351224503834,11.8519530908458));
#3630=CARTESIAN_POINT('',(36.6196353783673,-2.,10.9215228280012));
#3631=CARTESIAN_POINT('',(39.3,-3.38032610514268,11.1698406900624));
#3632=CARTESIAN_POINT('',(39.3,-6.35698368871238,11.720314812849));
#3633=CARTESIAN_POINT('',(36.5590104502261,-2.,10.7526546926657));
#3634=CARTESIAN_POINT('',(39.3,-3.36328050899902,11.0151561689126));
#3635=CARTESIAN_POINT('',(39.3,-6.38038200564728,11.5959300838911));
#3636=CARTESIAN_POINT('',(36.4950898701788,-2.,10.5876391745588));
#3637=CARTESIAN_POINT('',(39.3,-3.34427210464539,10.8593344891671));
#3638=CARTESIAN_POINT('',(39.3,-6.40494283726822,11.4709508351632));
#3639=CARTESIAN_POINT('',(36.4227447992617,-2.,10.4141428431188));
#3640=CARTESIAN_POINT('',(39.3,-3.32218647800533,10.695855326018));
#3641=CARTESIAN_POINT('',(39.3,-6.43259264489092,11.3354491549497));
#3642=CARTESIAN_POINT('',(36.3379270028705,-2.,10.2256676235448));
#3643=CARTESIAN_POINT('',(39.3,-3.2942083693242,10.5096706146067));
#3644=CARTESIAN_POINT('',(39.3,-6.46478758832162,11.1828461597591));
#3645=CARTESIAN_POINT('',(36.2369396967177,-2.,10.0187908315163));
#3646=CARTESIAN_POINT('',(39.3,-3.25886017644646,10.3012689582385));
#3647=CARTESIAN_POINT('',(39.3,-6.50276368956236,11.0078386628325));
#3648=CARTESIAN_POINT('',(36.1226628323092,-2.,9.80385513695028));
#3649=CARTESIAN_POINT('',(39.3,-3.21429410426549,10.0717951219541));
#3650=CARTESIAN_POINT('',(39.3,-6.54519064577601,10.8161813738984));
#3651=CARTESIAN_POINT('',(36.0001626462207,-2.,9.59204609824341));
#3652=CARTESIAN_POINT('',(39.3,-3.16427760238863,9.84754020076877));
#3653=CARTESIAN_POINT('',(39.3,-6.58990925142319,10.6157566791584));
#3654=CARTESIAN_POINT('',(35.8773377083208,-2.,9.39557135601166));
#3655=CARTESIAN_POINT('',(39.3,-3.11000403355198,9.6340201547697));
#3656=CARTESIAN_POINT('',(39.3,-6.63382816260497,10.4179456264476));
#3657=CARTESIAN_POINT('',(35.7562729890391,-2.,9.21504583886882));
#3658=CARTESIAN_POINT('',(39.3,-3.05419121798489,9.43894960603611));
#3659=CARTESIAN_POINT('',(39.3,-6.6760718448688,10.224502659023));
#3660=CARTESIAN_POINT('',(35.6380162457198,-2.,9.04959729201055));
#3661=CARTESIAN_POINT('',(39.3,-2.99491841509745,9.25385294406087));
#3662=CARTESIAN_POINT('',(39.3,-6.71617870554348,10.0358758597336));
#3663=CARTESIAN_POINT('',(35.520835627798,-2.,8.89508475690919));
#3664=CARTESIAN_POINT('',(39.3,-2.93276235867484,9.07952862252336));
#3665=CARTESIAN_POINT('',(39.3,-6.75460695724069,9.8483531324011));
#3666=CARTESIAN_POINT('',(35.404025707543,-2.,8.74940734865778));
#3667=CARTESIAN_POINT('',(39.3,-2.86657268472422,8.91229956058492));
#3668=CARTESIAN_POINT('',(39.3,-6.79141485373729,9.66001610554052));
#3669=CARTESIAN_POINT('',(35.285530644364,-2.,8.60933057524317));
#3670=CARTESIAN_POINT('',(39.3,-2.79534456588843,8.74996841841651));
#3671=CARTESIAN_POINT('',(39.3,-6.82698879995161,9.46677837854703));
#3672=CARTESIAN_POINT('',(35.1632243993137,-2.,8.47215865781266));
#3673=CARTESIAN_POINT('',(39.3,-2.71687651368834,8.58905246432288));
#3674=CARTESIAN_POINT('',(39.3,-6.86155242840875,9.26426896025607));
#3675=CARTESIAN_POINT('',(35.0351515407912,-2.,8.33593056998701));
#3676=CARTESIAN_POINT('',(39.3,-2.62886639108048,8.42750536059278));
#3677=CARTESIAN_POINT('',(39.3,-6.89500970498781,9.04805290450656));
#3678=CARTESIAN_POINT('',(34.8987321474955,-2.,8.19846192376158));
#3679=CARTESIAN_POINT('',(39.3,-2.52960936449293,8.26584840641421));
#3680=CARTESIAN_POINT('',(39.3,-6.92704532470413,8.81212139173058));
#3681=CARTESIAN_POINT('',(34.7509669625505,-2.,8.05771806265059));
#3682=CARTESIAN_POINT('',(39.3,-2.41393385862891,8.10056857589215));
#3683=CARTESIAN_POINT('',(39.3,-6.9567957284735,8.54885669889296));
#3684=CARTESIAN_POINT('',(34.5527884675354,-2.,7.8799989811369));
#3685=CARTESIAN_POINT('',(39.3,-2.24517270519234,7.89333439694561));
#3686=CARTESIAN_POINT('',(39.3,-6.98790844743789,8.18246041042288));
#3687=CARTESIAN_POINT('',(34.3993856490695,-2.,7.753783261237));
#3688=CARTESIAN_POINT('',(39.3,-2.10007066535841,7.75434273897737));
#3689=CARTESIAN_POINT('',(39.3,-6.99993883871967,7.88141670334663));
#3690=CARTESIAN_POINT('',(34.299992052898,-2.,7.67640802149419));
#3691=CARTESIAN_POINT('',(39.3,-1.99999205290574,7.67640802151042));
#3692=CARTESIAN_POINT('',(39.3,-6.99999999999344,7.67639781297563));
#3693=FACE_BOUND('',#3694,.T.);
#3694=EDGE_LOOP('',(#6171,#6172,#6173,#6174));
#3695=CYLINDRICAL_SURFACE('',#3696,5.);
#3696=AXIS2_PLACEMENT_3D('',#3697,#3698,#3699);
#3697=CARTESIAN_POINT('',(34.3,-7.,41.0000000000001));
#3698=DIRECTION('',(8.35932630305998E-17,-7.31441051517748E-17,1.));
#3699=DIRECTION('',(1.,6.11435442109016E-33,-8.35932630305998E-17));
#3700=FACE_BOUND('',#3701,.T.);
#3701=EDGE_LOOP('',(#6175,#6176,#6177,#6178));
#3702=PLANE('',#3703);
#3703=AXIS2_PLACEMENT_3D('',#3704,#3705,#3706);
#3704=CARTESIAN_POINT('',(39.3,-15.7679491924311,-13.4641016151379));
#3705=DIRECTION('',(0.965925826289068,0.258819045102521,-1.56239392618668E-16));
#3706=DIRECTION('',(1.61750921619846E-16,0.,1.));
#3707=FACE_BOUND('',#3708,.T.);
#3708=EDGE_LOOP('',(#6179,#6180,#6181,#6182));
#3709=PLANE('',#3710);
#3710=AXIS2_PLACEMENT_3D('',#3711,#3712,#3713);
#3711=CARTESIAN_POINT('',(-39.3,-15.7679491924311,-13.4641016151379));
#3712=DIRECTION('',(0.965925826289068,-0.258819045102521,0.));
#3713=DIRECTION('',(0.,0.,1.));
#3714=ORIENTED_EDGE('',*,*,#6183,.T.);
#3715=ORIENTED_EDGE('',*,*,#6184,.T.);
#3716=ORIENTED_EDGE('',*,*,#6185,.F.);
#3717=ORIENTED_EDGE('',*,*,#6186,.F.);
#3718=ORIENTED_EDGE('',*,*,#6187,.T.);
#3719=ORIENTED_EDGE('',*,*,#6188,.F.);
#3720=ORIENTED_EDGE('',*,*,#6189,.T.);
#3721=ORIENTED_EDGE('',*,*,#6190,.F.);
#3722=ORIENTED_EDGE('',*,*,#6191,.F.);
#3723=ORIENTED_EDGE('',*,*,#6192,.F.);
#3724=ORIENTED_EDGE('',*,*,#6193,.T.);
#3725=ORIENTED_EDGE('',*,*,#6194,.F.);
#3726=ORIENTED_EDGE('',*,*,#6195,.T.);
#3727=ORIENTED_EDGE('',*,*,#6196,.T.);
#3728=ORIENTED_EDGE('',*,*,#6197,.T.);
#3729=ORIENTED_EDGE('',*,*,#6198,.F.);
#3730=ORIENTED_EDGE('',*,*,#6199,.F.);
#3731=ORIENTED_EDGE('',*,*,#6200,.F.);
#3732=ORIENTED_EDGE('',*,*,#6201,.F.);
#3733=ORIENTED_EDGE('',*,*,#6202,.T.);
#3734=ORIENTED_EDGE('',*,*,#6190,.T.);
#3735=ORIENTED_EDGE('',*,*,#6203,.T.);
#3736=ORIENTED_EDGE('',*,*,#6198,.T.);
#3737=ORIENTED_EDGE('',*,*,#6204,.T.);
#3738=ORIENTED_EDGE('',*,*,#6192,.T.);
#3739=ORIENTED_EDGE('',*,*,#6205,.F.);
#3740=ORIENTED_EDGE('',*,*,#6194,.T.);
#3741=ORIENTED_EDGE('',*,*,#6206,.T.);
#3742=ORIENTED_EDGE('',*,*,#6196,.F.);
#3743=ORIENTED_EDGE('',*,*,#6207,.T.);
#3744=ORIENTED_EDGE('',*,*,#6188,.T.);
#3745=ORIENTED_EDGE('',*,*,#6208,.T.);
#3746=ORIENTED_EDGE('',*,*,#6209,.F.);
#3747=ORIENTED_EDGE('',*,*,#6210,.T.);
#3748=ORIENTED_EDGE('',*,*,#6206,.F.);
#3749=ORIENTED_EDGE('',*,*,#6193,.F.);
#3750=ORIENTED_EDGE('',*,*,#6204,.F.);
#3751=ORIENTED_EDGE('',*,*,#6197,.F.);
#3752=ORIENTED_EDGE('',*,*,#6207,.F.);
#3753=ORIENTED_EDGE('',*,*,#6195,.F.);
#3754=ORIENTED_EDGE('',*,*,#6203,.F.);
#3755=ORIENTED_EDGE('',*,*,#6189,.F.);
#3756=ORIENTED_EDGE('',*,*,#6211,.F.);
#3757=ORIENTED_EDGE('',*,*,#6212,.T.);
#3758=ORIENTED_EDGE('',*,*,#6213,.T.);
#3759=ORIENTED_EDGE('',*,*,#6214,.T.);
#3760=ORIENTED_EDGE('',*,*,#6215,.T.);
#3761=ORIENTED_EDGE('',*,*,#6216,.T.);
#3762=ORIENTED_EDGE('',*,*,#6217,.T.);
#3763=ORIENTED_EDGE('',*,*,#6218,.T.);
#3764=ORIENTED_EDGE('',*,*,#6219,.T.);
#3765=ORIENTED_EDGE('',*,*,#6220,.T.);
#3766=ORIENTED_EDGE('',*,*,#6221,.T.);
#3767=ORIENTED_EDGE('',*,*,#6222,.T.);
#3768=ORIENTED_EDGE('',*,*,#6223,.T.);
#3769=ORIENTED_EDGE('',*,*,#6224,.T.);
#3770=ORIENTED_EDGE('',*,*,#6225,.T.);
#3771=ORIENTED_EDGE('',*,*,#6226,.T.);
#3772=ORIENTED_EDGE('',*,*,#6227,.T.);
#3773=ORIENTED_EDGE('',*,*,#6228,.T.);
#3774=ORIENTED_EDGE('',*,*,#6229,.T.);
#3775=ORIENTED_EDGE('',*,*,#6230,.T.);
#3776=ORIENTED_EDGE('',*,*,#6231,.T.);
#3777=ORIENTED_EDGE('',*,*,#6232,.T.);
#3778=ORIENTED_EDGE('',*,*,#6233,.T.);
#3779=ORIENTED_EDGE('',*,*,#6234,.T.);
#3780=ORIENTED_EDGE('',*,*,#6235,.T.);
#3781=ORIENTED_EDGE('',*,*,#6236,.T.);
#3782=ORIENTED_EDGE('',*,*,#6208,.F.);
#3783=ORIENTED_EDGE('',*,*,#6187,.F.);
#3784=ORIENTED_EDGE('',*,*,#6237,.F.);
#3785=ORIENTED_EDGE('',*,*,#6238,.F.);
#3786=ORIENTED_EDGE('',*,*,#6239,.F.);
#3787=ORIENTED_EDGE('',*,*,#6240,.F.);
#3788=ORIENTED_EDGE('',*,*,#6241,.F.);
#3789=ORIENTED_EDGE('',*,*,#6242,.T.);
#3790=ORIENTED_EDGE('',*,*,#6243,.T.);
#3791=ORIENTED_EDGE('',*,*,#6244,.T.);
#3792=ORIENTED_EDGE('',*,*,#6245,.T.);
#3793=ORIENTED_EDGE('',*,*,#6246,.T.);
#3794=ORIENTED_EDGE('',*,*,#6247,.T.);
#3795=ORIENTED_EDGE('',*,*,#6248,.T.);
#3796=ORIENTED_EDGE('',*,*,#6249,.T.);
#3797=ORIENTED_EDGE('',*,*,#6250,.T.);
#3798=ORIENTED_EDGE('',*,*,#6251,.T.);
#3799=ORIENTED_EDGE('',*,*,#6252,.T.);
#3800=ORIENTED_EDGE('',*,*,#6253,.T.);
#3801=ORIENTED_EDGE('',*,*,#6254,.T.);
#3802=ORIENTED_EDGE('',*,*,#6255,.T.);
#3803=ORIENTED_EDGE('',*,*,#6256,.T.);
#3804=ORIENTED_EDGE('',*,*,#6257,.T.);
#3805=ORIENTED_EDGE('',*,*,#6258,.T.);
#3806=ORIENTED_EDGE('',*,*,#6259,.T.);
#3807=ORIENTED_EDGE('',*,*,#6260,.T.);
#3808=ORIENTED_EDGE('',*,*,#6261,.T.);
#3809=ORIENTED_EDGE('',*,*,#6262,.T.);
#3810=ORIENTED_EDGE('',*,*,#6263,.T.);
#3811=ORIENTED_EDGE('',*,*,#6264,.T.);
#3812=ORIENTED_EDGE('',*,*,#6265,.T.);
#3813=ORIENTED_EDGE('',*,*,#6266,.T.);
#3814=ORIENTED_EDGE('',*,*,#6267,.F.);
#3815=ORIENTED_EDGE('',*,*,#6268,.F.);
#3816=ORIENTED_EDGE('',*,*,#6269,.F.);
#3817=ORIENTED_EDGE('',*,*,#6270,.F.);
#3818=ORIENTED_EDGE('',*,*,#6271,.F.);
#3819=ORIENTED_EDGE('',*,*,#6272,.F.);
#3820=ORIENTED_EDGE('',*,*,#6273,.F.);
#3821=ORIENTED_EDGE('',*,*,#6274,.F.);
#3822=ORIENTED_EDGE('',*,*,#6275,.F.);
#3823=ORIENTED_EDGE('',*,*,#6183,.F.);
#3824=ORIENTED_EDGE('',*,*,#6202,.F.);
#3825=ORIENTED_EDGE('',*,*,#6276,.F.);
#3826=ORIENTED_EDGE('',*,*,#6277,.F.);
#3827=ORIENTED_EDGE('',*,*,#6278,.F.);
#3828=ORIENTED_EDGE('',*,*,#6279,.F.);
#3829=ORIENTED_EDGE('',*,*,#6280,.F.);
#3830=ORIENTED_EDGE('',*,*,#6281,.F.);
#3831=ORIENTED_EDGE('',*,*,#6282,.T.);
#3832=ORIENTED_EDGE('',*,*,#6283,.T.);
#3833=ORIENTED_EDGE('',*,*,#6284,.T.);
#3834=ORIENTED_EDGE('',*,*,#6285,.T.);
#3835=ORIENTED_EDGE('',*,*,#6286,.T.);
#3836=ORIENTED_EDGE('',*,*,#6287,.T.);
#3837=ORIENTED_EDGE('',*,*,#6288,.T.);
#3838=ORIENTED_EDGE('',*,*,#6289,.T.);
#3839=ORIENTED_EDGE('',*,*,#6290,.T.);
#3840=ORIENTED_EDGE('',*,*,#6291,.T.);
#3841=ORIENTED_EDGE('',*,*,#6292,.T.);
#3842=ORIENTED_EDGE('',*,*,#6293,.T.);
#3843=ORIENTED_EDGE('',*,*,#6294,.T.);
#3844=ORIENTED_EDGE('',*,*,#6295,.T.);
#3845=ORIENTED_EDGE('',*,*,#6296,.T.);
#3846=ORIENTED_EDGE('',*,*,#6297,.T.);
#3847=ORIENTED_EDGE('',*,*,#6298,.T.);
#3848=ORIENTED_EDGE('',*,*,#6299,.T.);
#3849=ORIENTED_EDGE('',*,*,#6300,.T.);
#3850=ORIENTED_EDGE('',*,*,#6301,.T.);
#3851=ORIENTED_EDGE('',*,*,#6302,.T.);
#3852=ORIENTED_EDGE('',*,*,#6303,.T.);
#3853=ORIENTED_EDGE('',*,*,#6304,.T.);
#3854=ORIENTED_EDGE('',*,*,#6305,.T.);
#3855=ORIENTED_EDGE('',*,*,#6306,.F.);
#3856=ORIENTED_EDGE('',*,*,#6307,.F.);
#3857=ORIENTED_EDGE('',*,*,#6308,.F.);
#3858=ORIENTED_EDGE('',*,*,#6309,.T.);
#3859=ORIENTED_EDGE('',*,*,#6310,.T.);
#3860=ORIENTED_EDGE('',*,*,#6311,.T.);
#3861=ORIENTED_EDGE('',*,*,#6312,.T.);
#3862=ORIENTED_EDGE('',*,*,#6313,.T.);
#3863=ORIENTED_EDGE('',*,*,#6314,.T.);
#3864=ORIENTED_EDGE('',*,*,#6315,.T.);
#3865=ORIENTED_EDGE('',*,*,#6316,.T.);
#3866=ORIENTED_EDGE('',*,*,#6317,.T.);
#3867=ORIENTED_EDGE('',*,*,#6318,.T.);
#3868=ORIENTED_EDGE('',*,*,#6319,.T.);
#3869=ORIENTED_EDGE('',*,*,#6320,.T.);
#3870=ORIENTED_EDGE('',*,*,#6321,.T.);
#3871=ORIENTED_EDGE('',*,*,#6322,.T.);
#3872=ORIENTED_EDGE('',*,*,#6323,.T.);
#3873=ORIENTED_EDGE('',*,*,#6324,.T.);
#3874=ORIENTED_EDGE('',*,*,#6325,.T.);
#3875=ORIENTED_EDGE('',*,*,#6326,.T.);
#3876=ORIENTED_EDGE('',*,*,#6327,.T.);
#3877=ORIENTED_EDGE('',*,*,#6328,.T.);
#3878=ORIENTED_EDGE('',*,*,#6329,.T.);
#3879=ORIENTED_EDGE('',*,*,#6330,.T.);
#3880=ORIENTED_EDGE('',*,*,#6331,.T.);
#3881=ORIENTED_EDGE('',*,*,#6332,.T.);
#3882=ORIENTED_EDGE('',*,*,#6333,.T.);
#3883=ORIENTED_EDGE('',*,*,#6334,.T.);
#3884=ORIENTED_EDGE('',*,*,#6335,.T.);
#3885=ORIENTED_EDGE('',*,*,#6336,.T.);
#3886=ORIENTED_EDGE('',*,*,#6337,.T.);
#3887=ORIENTED_EDGE('',*,*,#6338,.T.);
#3888=ORIENTED_EDGE('',*,*,#6339,.T.);
#3889=ORIENTED_EDGE('',*,*,#6340,.T.);
#3890=ORIENTED_EDGE('',*,*,#6341,.T.);
#3891=ORIENTED_EDGE('',*,*,#6342,.T.);
#3892=ORIENTED_EDGE('',*,*,#6343,.T.);
#3893=ORIENTED_EDGE('',*,*,#6344,.T.);
#3894=ORIENTED_EDGE('',*,*,#6345,.T.);
#3895=ORIENTED_EDGE('',*,*,#6346,.T.);
#3896=ORIENTED_EDGE('',*,*,#6347,.T.);
#3897=ORIENTED_EDGE('',*,*,#6348,.T.);
#3898=ORIENTED_EDGE('',*,*,#6349,.T.);
#3899=ORIENTED_EDGE('',*,*,#6350,.T.);
#3900=ORIENTED_EDGE('',*,*,#6351,.T.);
#3901=ORIENTED_EDGE('',*,*,#6352,.T.);
#3902=ORIENTED_EDGE('',*,*,#6353,.T.);
#3903=ORIENTED_EDGE('',*,*,#6354,.T.);
#3904=ORIENTED_EDGE('',*,*,#6355,.T.);
#3905=ORIENTED_EDGE('',*,*,#6356,.T.);
#3906=ORIENTED_EDGE('',*,*,#6357,.F.);
#3907=ORIENTED_EDGE('',*,*,#6358,.F.);
#3908=ORIENTED_EDGE('',*,*,#6184,.F.);
#3909=ORIENTED_EDGE('',*,*,#6275,.T.);
#3910=ORIENTED_EDGE('',*,*,#6359,.T.);
#3911=ORIENTED_EDGE('',*,*,#6360,.T.);
#3912=ORIENTED_EDGE('',*,*,#6360,.F.);
#3913=ORIENTED_EDGE('',*,*,#6361,.T.);
#3914=ORIENTED_EDGE('',*,*,#6362,.F.);
#3915=ORIENTED_EDGE('',*,*,#6363,.T.);
#3916=ORIENTED_EDGE('',*,*,#6364,.F.);
#3917=ORIENTED_EDGE('',*,*,#6365,.T.);
#3918=ORIENTED_EDGE('',*,*,#6366,.F.);
#3919=ORIENTED_EDGE('',*,*,#6185,.T.);
#3920=ORIENTED_EDGE('',*,*,#6367,.T.);
#3921=ORIENTED_EDGE('',*,*,#6368,.T.);
#3922=ORIENTED_EDGE('',*,*,#6369,.T.);
#3923=ORIENTED_EDGE('',*,*,#6370,.T.);
#3924=ORIENTED_EDGE('',*,*,#6371,.T.);
#3925=ORIENTED_EDGE('',*,*,#6372,.T.);
#3926=ORIENTED_EDGE('',*,*,#6373,.T.);
#3927=ORIENTED_EDGE('',*,*,#6374,.T.);
#3928=ORIENTED_EDGE('',*,*,#6375,.T.);
#3929=ORIENTED_EDGE('',*,*,#6376,.T.);
#3930=ORIENTED_EDGE('',*,*,#6377,.T.);
#3931=ORIENTED_EDGE('',*,*,#6378,.T.);
#3932=ORIENTED_EDGE('',*,*,#6379,.T.);
#3933=ORIENTED_EDGE('',*,*,#6380,.T.);
#3934=ORIENTED_EDGE('',*,*,#6381,.T.);
#3935=ORIENTED_EDGE('',*,*,#6382,.T.);
#3936=ORIENTED_EDGE('',*,*,#6383,.T.);
#3937=ORIENTED_EDGE('',*,*,#6384,.T.);
#3938=ORIENTED_EDGE('',*,*,#6385,.T.);
#3939=ORIENTED_EDGE('',*,*,#6386,.T.);
#3940=ORIENTED_EDGE('',*,*,#6387,.T.);
#3941=ORIENTED_EDGE('',*,*,#6388,.T.);
#3942=ORIENTED_EDGE('',*,*,#6389,.T.);
#3943=ORIENTED_EDGE('',*,*,#6390,.T.);
#3944=ORIENTED_EDGE('',*,*,#6391,.T.);
#3945=ORIENTED_EDGE('',*,*,#6392,.T.);
#3946=ORIENTED_EDGE('',*,*,#6393,.T.);
#3947=ORIENTED_EDGE('',*,*,#6394,.T.);
#3948=ORIENTED_EDGE('',*,*,#6395,.T.);
#3949=ORIENTED_EDGE('',*,*,#6396,.T.);
#3950=ORIENTED_EDGE('',*,*,#6397,.T.);
#3951=ORIENTED_EDGE('',*,*,#6398,.T.);
#3952=ORIENTED_EDGE('',*,*,#6399,.T.);
#3953=ORIENTED_EDGE('',*,*,#6400,.T.);
#3954=ORIENTED_EDGE('',*,*,#6401,.T.);
#3955=ORIENTED_EDGE('',*,*,#6402,.T.);
#3956=ORIENTED_EDGE('',*,*,#6403,.T.);
#3957=ORIENTED_EDGE('',*,*,#6404,.T.);
#3958=ORIENTED_EDGE('',*,*,#6405,.T.);
#3959=ORIENTED_EDGE('',*,*,#6406,.T.);
#3960=ORIENTED_EDGE('',*,*,#6407,.T.);
#3961=ORIENTED_EDGE('',*,*,#6408,.T.);
#3962=ORIENTED_EDGE('',*,*,#6409,.T.);
#3963=ORIENTED_EDGE('',*,*,#6410,.T.);
#3964=ORIENTED_EDGE('',*,*,#6411,.T.);
#3965=ORIENTED_EDGE('',*,*,#6412,.T.);
#3966=ORIENTED_EDGE('',*,*,#6413,.T.);
#3967=ORIENTED_EDGE('',*,*,#6414,.T.);
#3968=ORIENTED_EDGE('',*,*,#6415,.T.);
#3969=ORIENTED_EDGE('',*,*,#6416,.T.);
#3970=ORIENTED_EDGE('',*,*,#6417,.T.);
#3971=ORIENTED_EDGE('',*,*,#6418,.T.);
#3972=ORIENTED_EDGE('',*,*,#6419,.T.);
#3973=ORIENTED_EDGE('',*,*,#6420,.T.);
#3974=ORIENTED_EDGE('',*,*,#6421,.T.);
#3975=ORIENTED_EDGE('',*,*,#6422,.T.);
#3976=ORIENTED_EDGE('',*,*,#6423,.T.);
#3977=ORIENTED_EDGE('',*,*,#6424,.T.);
#3978=ORIENTED_EDGE('',*,*,#6425,.T.);
#3979=ORIENTED_EDGE('',*,*,#6426,.T.);
#3980=ORIENTED_EDGE('',*,*,#6427,.T.);
#3981=ORIENTED_EDGE('',*,*,#6428,.T.);
#3982=ORIENTED_EDGE('',*,*,#6429,.T.);
#3983=ORIENTED_EDGE('',*,*,#6430,.T.);
#3984=ORIENTED_EDGE('',*,*,#6431,.T.);
#3985=ORIENTED_EDGE('',*,*,#6432,.T.);
#3986=ORIENTED_EDGE('',*,*,#6433,.T.);
#3987=ORIENTED_EDGE('',*,*,#6434,.T.);
#3988=ORIENTED_EDGE('',*,*,#6435,.T.);
#3989=ORIENTED_EDGE('',*,*,#6436,.T.);
#3990=ORIENTED_EDGE('',*,*,#6437,.T.);
#3991=ORIENTED_EDGE('',*,*,#6438,.T.);
#3992=ORIENTED_EDGE('',*,*,#6439,.T.);
#3993=ORIENTED_EDGE('',*,*,#6440,.T.);
#3994=ORIENTED_EDGE('',*,*,#6441,.T.);
#3995=ORIENTED_EDGE('',*,*,#6442,.T.);
#3996=ORIENTED_EDGE('',*,*,#6443,.T.);
#3997=ORIENTED_EDGE('',*,*,#6444,.T.);
#3998=ORIENTED_EDGE('',*,*,#6445,.T.);
#3999=ORIENTED_EDGE('',*,*,#6446,.T.);
#4000=ORIENTED_EDGE('',*,*,#6447,.T.);
#4001=ORIENTED_EDGE('',*,*,#6448,.T.);
#4002=ORIENTED_EDGE('',*,*,#6449,.T.);
#4003=ORIENTED_EDGE('',*,*,#6450,.T.);
#4004=ORIENTED_EDGE('',*,*,#6451,.T.);
#4005=ORIENTED_EDGE('',*,*,#6452,.T.);
#4006=ORIENTED_EDGE('',*,*,#6453,.T.);
#4007=ORIENTED_EDGE('',*,*,#6454,.T.);
#4008=ORIENTED_EDGE('',*,*,#6455,.T.);
#4009=ORIENTED_EDGE('',*,*,#6456,.T.);
#4010=ORIENTED_EDGE('',*,*,#6457,.T.);
#4011=ORIENTED_EDGE('',*,*,#6458,.T.);
#4012=ORIENTED_EDGE('',*,*,#6459,.T.);
#4013=ORIENTED_EDGE('',*,*,#6460,.T.);
#4014=ORIENTED_EDGE('',*,*,#6461,.T.);
#4015=ORIENTED_EDGE('',*,*,#6462,.T.);
#4016=ORIENTED_EDGE('',*,*,#6463,.T.);
#4017=ORIENTED_EDGE('',*,*,#6464,.T.);
#4018=ORIENTED_EDGE('',*,*,#6465,.T.);
#4019=ORIENTED_EDGE('',*,*,#6466,.T.);
#4020=ORIENTED_EDGE('',*,*,#6467,.T.);
#4021=ORIENTED_EDGE('',*,*,#6468,.T.);
#4022=ORIENTED_EDGE('',*,*,#6469,.T.);
#4023=ORIENTED_EDGE('',*,*,#6470,.T.);
#4024=ORIENTED_EDGE('',*,*,#6471,.T.);
#4025=ORIENTED_EDGE('',*,*,#6472,.T.);
#4026=ORIENTED_EDGE('',*,*,#6473,.T.);
#4027=ORIENTED_EDGE('',*,*,#6474,.T.);
#4028=ORIENTED_EDGE('',*,*,#6475,.T.);
#4029=ORIENTED_EDGE('',*,*,#6476,.T.);
#4030=ORIENTED_EDGE('',*,*,#6477,.T.);
#4031=ORIENTED_EDGE('',*,*,#6478,.T.);
#4032=ORIENTED_EDGE('',*,*,#6479,.T.);
#4033=ORIENTED_EDGE('',*,*,#6480,.T.);
#4034=ORIENTED_EDGE('',*,*,#6481,.T.);
#4035=ORIENTED_EDGE('',*,*,#6482,.T.);
#4036=ORIENTED_EDGE('',*,*,#6483,.T.);
#4037=ORIENTED_EDGE('',*,*,#6484,.T.);
#4038=ORIENTED_EDGE('',*,*,#6485,.T.);
#4039=ORIENTED_EDGE('',*,*,#6486,.T.);
#4040=ORIENTED_EDGE('',*,*,#6487,.T.);
#4041=ORIENTED_EDGE('',*,*,#6488,.T.);
#4042=ORIENTED_EDGE('',*,*,#6489,.T.);
#4043=ORIENTED_EDGE('',*,*,#6490,.T.);
#4044=ORIENTED_EDGE('',*,*,#6491,.T.);
#4045=ORIENTED_EDGE('',*,*,#6492,.T.);
#4046=ORIENTED_EDGE('',*,*,#6493,.T.);
#4047=ORIENTED_EDGE('',*,*,#6494,.T.);
#4048=ORIENTED_EDGE('',*,*,#6495,.T.);
#4049=ORIENTED_EDGE('',*,*,#6496,.T.);
#4050=ORIENTED_EDGE('',*,*,#6497,.T.);
#4051=ORIENTED_EDGE('',*,*,#6498,.T.);
#4052=ORIENTED_EDGE('',*,*,#6499,.T.);
#4053=ORIENTED_EDGE('',*,*,#6500,.T.);
#4054=ORIENTED_EDGE('',*,*,#6501,.T.);
#4055=ORIENTED_EDGE('',*,*,#6502,.T.);
#4056=ORIENTED_EDGE('',*,*,#6503,.T.);
#4057=ORIENTED_EDGE('',*,*,#6504,.T.);
#4058=ORIENTED_EDGE('',*,*,#6505,.T.);
#4059=ORIENTED_EDGE('',*,*,#6506,.T.);
#4060=ORIENTED_EDGE('',*,*,#6507,.T.);
#4061=ORIENTED_EDGE('',*,*,#6508,.T.);
#4062=ORIENTED_EDGE('',*,*,#6509,.T.);
#4063=ORIENTED_EDGE('',*,*,#6510,.T.);
#4064=ORIENTED_EDGE('',*,*,#6511,.T.);
#4065=ORIENTED_EDGE('',*,*,#6512,.T.);
#4066=ORIENTED_EDGE('',*,*,#6513,.T.);
#4067=ORIENTED_EDGE('',*,*,#6514,.T.);
#4068=ORIENTED_EDGE('',*,*,#6515,.T.);
#4069=ORIENTED_EDGE('',*,*,#6516,.T.);
#4070=ORIENTED_EDGE('',*,*,#6517,.T.);
#4071=ORIENTED_EDGE('',*,*,#6518,.T.);
#4072=ORIENTED_EDGE('',*,*,#6519,.T.);
#4073=ORIENTED_EDGE('',*,*,#6520,.T.);
#4074=ORIENTED_EDGE('',*,*,#6521,.T.);
#4075=ORIENTED_EDGE('',*,*,#6522,.T.);
#4076=ORIENTED_EDGE('',*,*,#6523,.T.);
#4077=ORIENTED_EDGE('',*,*,#6524,.T.);
#4078=ORIENTED_EDGE('',*,*,#6525,.T.);
#4079=ORIENTED_EDGE('',*,*,#6526,.T.);
#4080=ORIENTED_EDGE('',*,*,#6527,.T.);
#4081=ORIENTED_EDGE('',*,*,#6528,.T.);
#4082=ORIENTED_EDGE('',*,*,#6529,.T.);
#4083=ORIENTED_EDGE('',*,*,#6530,.T.);
#4084=ORIENTED_EDGE('',*,*,#6531,.T.);
#4085=ORIENTED_EDGE('',*,*,#6532,.T.);
#4086=ORIENTED_EDGE('',*,*,#6533,.T.);
#4087=ORIENTED_EDGE('',*,*,#6534,.T.);
#4088=ORIENTED_EDGE('',*,*,#6535,.T.);
#4089=ORIENTED_EDGE('',*,*,#6536,.T.);
#4090=ORIENTED_EDGE('',*,*,#6537,.T.);
#4091=ORIENTED_EDGE('',*,*,#6538,.T.);
#4092=ORIENTED_EDGE('',*,*,#6539,.T.);
#4093=ORIENTED_EDGE('',*,*,#6540,.T.);
#4094=ORIENTED_EDGE('',*,*,#6541,.T.);
#4095=ORIENTED_EDGE('',*,*,#6542,.T.);
#4096=ORIENTED_EDGE('',*,*,#6543,.T.);
#4097=ORIENTED_EDGE('',*,*,#6544,.T.);
#4098=ORIENTED_EDGE('',*,*,#6545,.T.);
#4099=ORIENTED_EDGE('',*,*,#6546,.T.);
#4100=ORIENTED_EDGE('',*,*,#6547,.T.);
#4101=ORIENTED_EDGE('',*,*,#6548,.T.);
#4102=ORIENTED_EDGE('',*,*,#6549,.T.);
#4103=ORIENTED_EDGE('',*,*,#6550,.T.);
#4104=ORIENTED_EDGE('',*,*,#6551,.T.);
#4105=ORIENTED_EDGE('',*,*,#6552,.T.);
#4106=ORIENTED_EDGE('',*,*,#6553,.T.);
#4107=ORIENTED_EDGE('',*,*,#6554,.T.);
#4108=ORIENTED_EDGE('',*,*,#6555,.T.);
#4109=ORIENTED_EDGE('',*,*,#6556,.T.);
#4110=ORIENTED_EDGE('',*,*,#6557,.T.);
#4111=ORIENTED_EDGE('',*,*,#6558,.T.);
#4112=ORIENTED_EDGE('',*,*,#6559,.T.);
#4113=ORIENTED_EDGE('',*,*,#6560,.T.);
#4114=ORIENTED_EDGE('',*,*,#6561,.T.);
#4115=ORIENTED_EDGE('',*,*,#6562,.T.);
#4116=ORIENTED_EDGE('',*,*,#6563,.T.);
#4117=ORIENTED_EDGE('',*,*,#6564,.T.);
#4118=ORIENTED_EDGE('',*,*,#6565,.T.);
#4119=ORIENTED_EDGE('',*,*,#6566,.T.);
#4120=ORIENTED_EDGE('',*,*,#6567,.T.);
#4121=ORIENTED_EDGE('',*,*,#6568,.T.);
#4122=ORIENTED_EDGE('',*,*,#6569,.T.);
#4123=ORIENTED_EDGE('',*,*,#6570,.T.);
#4124=ORIENTED_EDGE('',*,*,#6571,.T.);
#4125=ORIENTED_EDGE('',*,*,#6572,.T.);
#4126=ORIENTED_EDGE('',*,*,#6573,.T.);
#4127=ORIENTED_EDGE('',*,*,#6574,.T.);
#4128=ORIENTED_EDGE('',*,*,#6575,.T.);
#4129=ORIENTED_EDGE('',*,*,#6576,.T.);
#4130=ORIENTED_EDGE('',*,*,#6577,.T.);
#4131=ORIENTED_EDGE('',*,*,#6578,.T.);
#4132=ORIENTED_EDGE('',*,*,#6579,.T.);
#4133=ORIENTED_EDGE('',*,*,#6580,.T.);
#4134=ORIENTED_EDGE('',*,*,#6581,.T.);
#4135=ORIENTED_EDGE('',*,*,#6582,.T.);
#4136=ORIENTED_EDGE('',*,*,#6583,.T.);
#4137=ORIENTED_EDGE('',*,*,#6584,.T.);
#4138=ORIENTED_EDGE('',*,*,#6585,.T.);
#4139=ORIENTED_EDGE('',*,*,#6586,.T.);
#4140=ORIENTED_EDGE('',*,*,#6587,.T.);
#4141=ORIENTED_EDGE('',*,*,#6588,.T.);
#4142=ORIENTED_EDGE('',*,*,#6589,.T.);
#4143=ORIENTED_EDGE('',*,*,#6590,.T.);
#4144=ORIENTED_EDGE('',*,*,#6591,.T.);
#4145=ORIENTED_EDGE('',*,*,#6592,.T.);
#4146=ORIENTED_EDGE('',*,*,#6593,.T.);
#4147=ORIENTED_EDGE('',*,*,#6594,.T.);
#4148=ORIENTED_EDGE('',*,*,#6595,.T.);
#4149=ORIENTED_EDGE('',*,*,#6596,.T.);
#4150=ORIENTED_EDGE('',*,*,#6597,.T.);
#4151=ORIENTED_EDGE('',*,*,#6598,.T.);
#4152=ORIENTED_EDGE('',*,*,#6599,.T.);
#4153=ORIENTED_EDGE('',*,*,#6600,.T.);
#4154=ORIENTED_EDGE('',*,*,#6601,.T.);
#4155=ORIENTED_EDGE('',*,*,#6602,.T.);
#4156=ORIENTED_EDGE('',*,*,#6603,.T.);
#4157=ORIENTED_EDGE('',*,*,#6604,.T.);
#4158=ORIENTED_EDGE('',*,*,#6605,.T.);
#4159=ORIENTED_EDGE('',*,*,#6606,.T.);
#4160=ORIENTED_EDGE('',*,*,#6607,.T.);
#4161=ORIENTED_EDGE('',*,*,#6608,.T.);
#4162=ORIENTED_EDGE('',*,*,#6609,.T.);
#4163=ORIENTED_EDGE('',*,*,#6610,.T.);
#4164=ORIENTED_EDGE('',*,*,#6611,.T.);
#4165=ORIENTED_EDGE('',*,*,#6612,.T.);
#4166=ORIENTED_EDGE('',*,*,#6613,.T.);
#4167=ORIENTED_EDGE('',*,*,#6614,.T.);
#4168=ORIENTED_EDGE('',*,*,#6615,.T.);
#4169=ORIENTED_EDGE('',*,*,#6616,.T.);
#4170=ORIENTED_EDGE('',*,*,#6617,.T.);
#4171=ORIENTED_EDGE('',*,*,#6618,.T.);
#4172=ORIENTED_EDGE('',*,*,#6619,.T.);
#4173=ORIENTED_EDGE('',*,*,#6620,.T.);
#4174=ORIENTED_EDGE('',*,*,#6621,.T.);
#4175=ORIENTED_EDGE('',*,*,#6622,.T.);
#4176=ORIENTED_EDGE('',*,*,#6623,.T.);
#4177=ORIENTED_EDGE('',*,*,#6624,.T.);
#4178=ORIENTED_EDGE('',*,*,#6625,.T.);
#4179=ORIENTED_EDGE('',*,*,#6626,.T.);
#4180=ORIENTED_EDGE('',*,*,#6627,.T.);
#4181=ORIENTED_EDGE('',*,*,#6628,.T.);
#4182=ORIENTED_EDGE('',*,*,#6629,.T.);
#4183=ORIENTED_EDGE('',*,*,#6630,.T.);
#4184=ORIENTED_EDGE('',*,*,#6631,.T.);
#4185=ORIENTED_EDGE('',*,*,#6632,.T.);
#4186=ORIENTED_EDGE('',*,*,#6633,.T.);
#4187=ORIENTED_EDGE('',*,*,#6634,.T.);
#4188=ORIENTED_EDGE('',*,*,#6635,.T.);
#4189=ORIENTED_EDGE('',*,*,#6636,.T.);
#4190=ORIENTED_EDGE('',*,*,#6637,.T.);
#4191=ORIENTED_EDGE('',*,*,#6638,.T.);
#4192=ORIENTED_EDGE('',*,*,#6639,.T.);
#4193=ORIENTED_EDGE('',*,*,#6640,.T.);
#4194=ORIENTED_EDGE('',*,*,#6641,.T.);
#4195=ORIENTED_EDGE('',*,*,#6642,.T.);
#4196=ORIENTED_EDGE('',*,*,#6643,.T.);
#4197=ORIENTED_EDGE('',*,*,#6644,.T.);
#4198=ORIENTED_EDGE('',*,*,#6645,.T.);
#4199=ORIENTED_EDGE('',*,*,#6646,.T.);
#4200=ORIENTED_EDGE('',*,*,#6647,.T.);
#4201=ORIENTED_EDGE('',*,*,#6648,.T.);
#4202=ORIENTED_EDGE('',*,*,#6649,.F.);
#4203=ORIENTED_EDGE('',*,*,#6237,.T.);
#4204=ORIENTED_EDGE('',*,*,#6186,.T.);
#4205=ORIENTED_EDGE('',*,*,#6366,.T.);
#4206=ORIENTED_EDGE('',*,*,#6650,.T.);
#4207=ORIENTED_EDGE('',*,*,#6210,.F.);
#4208=ORIENTED_EDGE('',*,*,#6651,.T.);
#4209=ORIENTED_EDGE('',*,*,#6652,.T.);
#4210=ORIENTED_EDGE('',*,*,#6653,.T.);
#4211=ORIENTED_EDGE('',*,*,#6654,.T.);
#4212=ORIENTED_EDGE('',*,*,#6200,.T.);
#4213=ORIENTED_EDGE('',*,*,#6649,.T.);
#4214=ORIENTED_EDGE('',*,*,#6365,.F.);
#4215=ORIENTED_EDGE('',*,*,#6655,.F.);
#4216=ORIENTED_EDGE('',*,*,#6238,.T.);
#4217=ORIENTED_EDGE('',*,*,#6656,.F.);
#4218=ORIENTED_EDGE('',*,*,#6239,.T.);
#4219=ORIENTED_EDGE('',*,*,#6655,.T.);
#4220=ORIENTED_EDGE('',*,*,#6364,.T.);
#4221=ORIENTED_EDGE('',*,*,#6240,.T.);
#4222=ORIENTED_EDGE('',*,*,#6656,.T.);
#4223=ORIENTED_EDGE('',*,*,#6363,.F.);
#4224=ORIENTED_EDGE('',*,*,#6657,.F.);
#4225=ORIENTED_EDGE('',*,*,#6272,.T.);
#4226=ORIENTED_EDGE('',*,*,#6658,.F.);
#4227=ORIENTED_EDGE('',*,*,#6659,.F.);
#4228=ORIENTED_EDGE('',*,*,#6660,.F.);
#4229=ORIENTED_EDGE('',*,*,#6661,.F.);
#4230=ORIENTED_EDGE('',*,*,#6662,.F.);
#4231=ORIENTED_EDGE('',*,*,#6663,.F.);
#4232=ORIENTED_EDGE('',*,*,#6241,.T.);
#4233=ORIENTED_EDGE('',*,*,#6660,.T.);
#4234=ORIENTED_EDGE('',*,*,#6664,.T.);
#4235=ORIENTED_EDGE('',*,*,#6665,.T.);
#4236=ORIENTED_EDGE('',*,*,#6666,.T.);
#4237=ORIENTED_EDGE('',*,*,#6667,.F.);
#4238=ORIENTED_EDGE('',*,*,#6668,.F.);
#4239=ORIENTED_EDGE('',*,*,#6266,.F.);
#4240=ORIENTED_EDGE('',*,*,#6669,.F.);
#4241=ORIENTED_EDGE('',*,*,#6561,.F.);
#4242=ORIENTED_EDGE('',*,*,#6670,.T.);
#4243=ORIENTED_EDGE('',*,*,#6242,.F.);
#4244=ORIENTED_EDGE('',*,*,#6560,.F.);
#4245=ORIENTED_EDGE('',*,*,#6671,.T.);
#4246=ORIENTED_EDGE('',*,*,#6243,.F.);
#4247=ORIENTED_EDGE('',*,*,#6670,.F.);
#4248=ORIENTED_EDGE('',*,*,#6559,.F.);
#4249=ORIENTED_EDGE('',*,*,#6672,.T.);
#4250=ORIENTED_EDGE('',*,*,#6244,.F.);
#4251=ORIENTED_EDGE('',*,*,#6671,.F.);
#4252=ORIENTED_EDGE('',*,*,#6558,.F.);
#4253=ORIENTED_EDGE('',*,*,#6673,.T.);
#4254=ORIENTED_EDGE('',*,*,#6245,.F.);
#4255=ORIENTED_EDGE('',*,*,#6672,.F.);
#4256=ORIENTED_EDGE('',*,*,#6557,.F.);
#4257=ORIENTED_EDGE('',*,*,#6674,.T.);
#4258=ORIENTED_EDGE('',*,*,#6246,.F.);
#4259=ORIENTED_EDGE('',*,*,#6673,.F.);
#4260=ORIENTED_EDGE('',*,*,#6556,.F.);
#4261=ORIENTED_EDGE('',*,*,#6675,.T.);
#4262=ORIENTED_EDGE('',*,*,#6247,.F.);
#4263=ORIENTED_EDGE('',*,*,#6674,.F.);
#4264=ORIENTED_EDGE('',*,*,#6555,.F.);
#4265=ORIENTED_EDGE('',*,*,#6676,.T.);
#4266=ORIENTED_EDGE('',*,*,#6248,.F.);
#4267=ORIENTED_EDGE('',*,*,#6675,.F.);
#4268=ORIENTED_EDGE('',*,*,#6554,.F.);
#4269=ORIENTED_EDGE('',*,*,#6677,.T.);
#4270=ORIENTED_EDGE('',*,*,#6249,.F.);
#4271=ORIENTED_EDGE('',*,*,#6676,.F.);
#4272=ORIENTED_EDGE('',*,*,#6553,.F.);
#4273=ORIENTED_EDGE('',*,*,#6678,.T.);
#4274=ORIENTED_EDGE('',*,*,#6250,.F.);
#4275=ORIENTED_EDGE('',*,*,#6677,.F.);
#4276=ORIENTED_EDGE('',*,*,#6552,.F.);
#4277=ORIENTED_EDGE('',*,*,#6679,.T.);
#4278=ORIENTED_EDGE('',*,*,#6251,.F.);
#4279=ORIENTED_EDGE('',*,*,#6678,.F.);
#4280=ORIENTED_EDGE('',*,*,#6551,.F.);
#4281=ORIENTED_EDGE('',*,*,#6680,.T.);
#4282=ORIENTED_EDGE('',*,*,#6252,.F.);
#4283=ORIENTED_EDGE('',*,*,#6679,.F.);
#4284=ORIENTED_EDGE('',*,*,#6550,.F.);
#4285=ORIENTED_EDGE('',*,*,#6681,.T.);
#4286=ORIENTED_EDGE('',*,*,#6253,.F.);
#4287=ORIENTED_EDGE('',*,*,#6680,.F.);
#4288=ORIENTED_EDGE('',*,*,#6549,.F.);
#4289=ORIENTED_EDGE('',*,*,#6682,.T.);
#4290=ORIENTED_EDGE('',*,*,#6254,.F.);
#4291=ORIENTED_EDGE('',*,*,#6681,.F.);
#4292=ORIENTED_EDGE('',*,*,#6548,.F.);
#4293=ORIENTED_EDGE('',*,*,#6683,.T.);
#4294=ORIENTED_EDGE('',*,*,#6255,.F.);
#4295=ORIENTED_EDGE('',*,*,#6682,.F.);
#4296=ORIENTED_EDGE('',*,*,#6547,.F.);
#4297=ORIENTED_EDGE('',*,*,#6684,.T.);
#4298=ORIENTED_EDGE('',*,*,#6256,.F.);
#4299=ORIENTED_EDGE('',*,*,#6683,.F.);
#4300=ORIENTED_EDGE('',*,*,#6546,.F.);
#4301=ORIENTED_EDGE('',*,*,#6685,.T.);
#4302=ORIENTED_EDGE('',*,*,#6257,.F.);
#4303=ORIENTED_EDGE('',*,*,#6684,.F.);
#4304=ORIENTED_EDGE('',*,*,#6545,.F.);
#4305=ORIENTED_EDGE('',*,*,#6686,.T.);
#4306=ORIENTED_EDGE('',*,*,#6258,.F.);
#4307=ORIENTED_EDGE('',*,*,#6685,.F.);
#4308=ORIENTED_EDGE('',*,*,#6568,.F.);
#4309=ORIENTED_EDGE('',*,*,#6687,.T.);
#4310=ORIENTED_EDGE('',*,*,#6259,.F.);
#4311=ORIENTED_EDGE('',*,*,#6686,.F.);
#4312=ORIENTED_EDGE('',*,*,#6567,.F.);
#4313=ORIENTED_EDGE('',*,*,#6688,.T.);
#4314=ORIENTED_EDGE('',*,*,#6260,.F.);
#4315=ORIENTED_EDGE('',*,*,#6687,.F.);
#4316=ORIENTED_EDGE('',*,*,#6566,.F.);
#4317=ORIENTED_EDGE('',*,*,#6689,.T.);
#4318=ORIENTED_EDGE('',*,*,#6261,.F.);
#4319=ORIENTED_EDGE('',*,*,#6688,.F.);
#4320=ORIENTED_EDGE('',*,*,#6565,.F.);
#4321=ORIENTED_EDGE('',*,*,#6690,.T.);
#4322=ORIENTED_EDGE('',*,*,#6262,.F.);
#4323=ORIENTED_EDGE('',*,*,#6689,.F.);
#4324=ORIENTED_EDGE('',*,*,#6564,.F.);
#4325=ORIENTED_EDGE('',*,*,#6691,.T.);
#4326=ORIENTED_EDGE('',*,*,#6263,.F.);
#4327=ORIENTED_EDGE('',*,*,#6690,.F.);
#4328=ORIENTED_EDGE('',*,*,#6563,.F.);
#4329=ORIENTED_EDGE('',*,*,#6692,.T.);
#4330=ORIENTED_EDGE('',*,*,#6264,.F.);
#4331=ORIENTED_EDGE('',*,*,#6691,.F.);
#4332=ORIENTED_EDGE('',*,*,#6562,.F.);
#4333=ORIENTED_EDGE('',*,*,#6669,.T.);
#4334=ORIENTED_EDGE('',*,*,#6265,.F.);
#4335=ORIENTED_EDGE('',*,*,#6692,.F.);
#4336=ORIENTED_EDGE('',*,*,#6267,.T.);
#4337=ORIENTED_EDGE('',*,*,#6693,.T.);
#4338=ORIENTED_EDGE('',*,*,#6694,.F.);
#4339=ORIENTED_EDGE('',*,*,#6695,.F.);
#4340=ORIENTED_EDGE('',*,*,#6268,.T.);
#4341=ORIENTED_EDGE('',*,*,#6696,.F.);
#4342=ORIENTED_EDGE('',*,*,#6269,.T.);
#4343=ORIENTED_EDGE('',*,*,#6697,.F.);
#4344=ORIENTED_EDGE('',*,*,#6270,.T.);
#4345=ORIENTED_EDGE('',*,*,#6698,.T.);
#4346=ORIENTED_EDGE('',*,*,#6699,.F.);
#4347=ORIENTED_EDGE('',*,*,#6700,.T.);
#4348=ORIENTED_EDGE('',*,*,#6701,.F.);
#4349=ORIENTED_EDGE('',*,*,#6702,.F.);
#4350=ORIENTED_EDGE('',*,*,#6703,.T.);
#4351=ORIENTED_EDGE('',*,*,#6704,.F.);
#4352=ORIENTED_EDGE('',*,*,#6705,.T.);
#4353=ORIENTED_EDGE('',*,*,#6658,.T.);
#4354=ORIENTED_EDGE('',*,*,#6271,.T.);
#4355=ORIENTED_EDGE('',*,*,#6700,.F.);
#4356=ORIENTED_EDGE('',*,*,#6706,.T.);
#4357=ORIENTED_EDGE('',*,*,#6707,.F.);
#4358=ORIENTED_EDGE('',*,*,#6273,.T.);
#4359=ORIENTED_EDGE('',*,*,#6657,.T.);
#4360=ORIENTED_EDGE('',*,*,#6362,.T.);
#4361=ORIENTED_EDGE('',*,*,#6359,.F.);
#4362=ORIENTED_EDGE('',*,*,#6274,.T.);
#4363=ORIENTED_EDGE('',*,*,#6707,.T.);
#4364=ORIENTED_EDGE('',*,*,#6361,.F.);
#4365=ORIENTED_EDGE('',*,*,#6358,.T.);
#4366=ORIENTED_EDGE('',*,*,#6708,.F.);
#4367=ORIENTED_EDGE('',*,*,#6357,.T.);
#4368=ORIENTED_EDGE('',*,*,#6709,.F.);
#4369=ORIENTED_EDGE('',*,*,#6617,.F.);
#4370=ORIENTED_EDGE('',*,*,#6710,.T.);
#4371=ORIENTED_EDGE('',*,*,#6333,.F.);
#4372=ORIENTED_EDGE('',*,*,#6711,.F.);
#4373=ORIENTED_EDGE('',*,*,#6640,.F.);
#4374=ORIENTED_EDGE('',*,*,#6712,.T.);
#4375=ORIENTED_EDGE('',*,*,#6334,.F.);
#4376=ORIENTED_EDGE('',*,*,#6710,.F.);
#4377=ORIENTED_EDGE('',*,*,#6639,.F.);
#4378=ORIENTED_EDGE('',*,*,#6713,.T.);
#4379=ORIENTED_EDGE('',*,*,#6335,.F.);
#4380=ORIENTED_EDGE('',*,*,#6712,.F.);
#4381=ORIENTED_EDGE('',*,*,#6638,.F.);
#4382=ORIENTED_EDGE('',*,*,#6714,.T.);
#4383=ORIENTED_EDGE('',*,*,#6336,.F.);
#4384=ORIENTED_EDGE('',*,*,#6713,.F.);
#4385=ORIENTED_EDGE('',*,*,#6637,.F.);
#4386=ORIENTED_EDGE('',*,*,#6715,.T.);
#4387=ORIENTED_EDGE('',*,*,#6337,.F.);
#4388=ORIENTED_EDGE('',*,*,#6714,.F.);
#4389=ORIENTED_EDGE('',*,*,#6636,.F.);
#4390=ORIENTED_EDGE('',*,*,#6716,.T.);
#4391=ORIENTED_EDGE('',*,*,#6338,.F.);
#4392=ORIENTED_EDGE('',*,*,#6715,.F.);
#4393=ORIENTED_EDGE('',*,*,#6635,.F.);
#4394=ORIENTED_EDGE('',*,*,#6717,.T.);
#4395=ORIENTED_EDGE('',*,*,#6339,.F.);
#4396=ORIENTED_EDGE('',*,*,#6716,.F.);
#4397=ORIENTED_EDGE('',*,*,#6634,.F.);
#4398=ORIENTED_EDGE('',*,*,#6718,.T.);
#4399=ORIENTED_EDGE('',*,*,#6340,.F.);
#4400=ORIENTED_EDGE('',*,*,#6717,.F.);
#4401=ORIENTED_EDGE('',*,*,#6633,.F.);
#4402=ORIENTED_EDGE('',*,*,#6719,.T.);
#4403=ORIENTED_EDGE('',*,*,#6341,.F.);
#4404=ORIENTED_EDGE('',*,*,#6718,.F.);
#4405=ORIENTED_EDGE('',*,*,#6632,.F.);
#4406=ORIENTED_EDGE('',*,*,#6720,.T.);
#4407=ORIENTED_EDGE('',*,*,#6342,.F.);
#4408=ORIENTED_EDGE('',*,*,#6719,.F.);
#4409=ORIENTED_EDGE('',*,*,#6631,.F.);
#4410=ORIENTED_EDGE('',*,*,#6721,.T.);
#4411=ORIENTED_EDGE('',*,*,#6343,.F.);
#4412=ORIENTED_EDGE('',*,*,#6720,.F.);
#4413=ORIENTED_EDGE('',*,*,#6630,.F.);
#4414=ORIENTED_EDGE('',*,*,#6722,.T.);
#4415=ORIENTED_EDGE('',*,*,#6344,.F.);
#4416=ORIENTED_EDGE('',*,*,#6721,.F.);
#4417=ORIENTED_EDGE('',*,*,#6629,.F.);
#4418=ORIENTED_EDGE('',*,*,#6723,.T.);
#4419=ORIENTED_EDGE('',*,*,#6345,.F.);
#4420=ORIENTED_EDGE('',*,*,#6722,.F.);
#4421=ORIENTED_EDGE('',*,*,#6628,.F.);
#4422=ORIENTED_EDGE('',*,*,#6724,.T.);
#4423=ORIENTED_EDGE('',*,*,#6346,.F.);
#4424=ORIENTED_EDGE('',*,*,#6723,.F.);
#4425=ORIENTED_EDGE('',*,*,#6627,.F.);
#4426=ORIENTED_EDGE('',*,*,#6725,.T.);
#4427=ORIENTED_EDGE('',*,*,#6347,.F.);
#4428=ORIENTED_EDGE('',*,*,#6724,.F.);
#4429=ORIENTED_EDGE('',*,*,#6626,.F.);
#4430=ORIENTED_EDGE('',*,*,#6726,.T.);
#4431=ORIENTED_EDGE('',*,*,#6348,.F.);
#4432=ORIENTED_EDGE('',*,*,#6725,.F.);
#4433=ORIENTED_EDGE('',*,*,#6625,.F.);
#4434=ORIENTED_EDGE('',*,*,#6727,.T.);
#4435=ORIENTED_EDGE('',*,*,#6349,.F.);
#4436=ORIENTED_EDGE('',*,*,#6726,.F.);
#4437=ORIENTED_EDGE('',*,*,#6624,.F.);
#4438=ORIENTED_EDGE('',*,*,#6728,.T.);
#4439=ORIENTED_EDGE('',*,*,#6350,.F.);
#4440=ORIENTED_EDGE('',*,*,#6727,.F.);
#4441=ORIENTED_EDGE('',*,*,#6623,.F.);
#4442=ORIENTED_EDGE('',*,*,#6729,.T.);
#4443=ORIENTED_EDGE('',*,*,#6351,.F.);
#4444=ORIENTED_EDGE('',*,*,#6728,.F.);
#4445=ORIENTED_EDGE('',*,*,#6622,.F.);
#4446=ORIENTED_EDGE('',*,*,#6730,.T.);
#4447=ORIENTED_EDGE('',*,*,#6352,.F.);
#4448=ORIENTED_EDGE('',*,*,#6729,.F.);
#4449=ORIENTED_EDGE('',*,*,#6621,.F.);
#4450=ORIENTED_EDGE('',*,*,#6731,.T.);
#4451=ORIENTED_EDGE('',*,*,#6353,.F.);
#4452=ORIENTED_EDGE('',*,*,#6730,.F.);
#4453=ORIENTED_EDGE('',*,*,#6620,.F.);
#4454=ORIENTED_EDGE('',*,*,#6732,.T.);
#4455=ORIENTED_EDGE('',*,*,#6354,.F.);
#4456=ORIENTED_EDGE('',*,*,#6731,.F.);
#4457=ORIENTED_EDGE('',*,*,#6619,.F.);
#4458=ORIENTED_EDGE('',*,*,#6733,.T.);
#4459=ORIENTED_EDGE('',*,*,#6355,.F.);
#4460=ORIENTED_EDGE('',*,*,#6732,.F.);
#4461=ORIENTED_EDGE('',*,*,#6618,.F.);
#4462=ORIENTED_EDGE('',*,*,#6711,.T.);
#4463=ORIENTED_EDGE('',*,*,#6356,.F.);
#4464=ORIENTED_EDGE('',*,*,#6733,.F.);
#4465=ORIENTED_EDGE('',*,*,#6593,.F.);
#4466=ORIENTED_EDGE('',*,*,#6734,.T.);
#4467=ORIENTED_EDGE('',*,*,#6230,.F.);
#4468=ORIENTED_EDGE('',*,*,#6735,.F.);
#4469=ORIENTED_EDGE('',*,*,#6616,.F.);
#4470=ORIENTED_EDGE('',*,*,#6736,.T.);
#4471=ORIENTED_EDGE('',*,*,#6231,.F.);
#4472=ORIENTED_EDGE('',*,*,#6734,.F.);
#4473=ORIENTED_EDGE('',*,*,#6615,.F.);
#4474=ORIENTED_EDGE('',*,*,#6737,.T.);
#4475=ORIENTED_EDGE('',*,*,#6232,.F.);
#4476=ORIENTED_EDGE('',*,*,#6736,.F.);
#4477=ORIENTED_EDGE('',*,*,#6614,.F.);
#4478=ORIENTED_EDGE('',*,*,#6738,.T.);
#4479=ORIENTED_EDGE('',*,*,#6233,.F.);
#4480=ORIENTED_EDGE('',*,*,#6737,.F.);
#4481=ORIENTED_EDGE('',*,*,#6613,.F.);
#4482=ORIENTED_EDGE('',*,*,#6739,.T.);
#4483=ORIENTED_EDGE('',*,*,#6234,.F.);
#4484=ORIENTED_EDGE('',*,*,#6738,.F.);
#4485=ORIENTED_EDGE('',*,*,#6612,.F.);
#4486=ORIENTED_EDGE('',*,*,#6740,.T.);
#4487=ORIENTED_EDGE('',*,*,#6235,.F.);
#4488=ORIENTED_EDGE('',*,*,#6739,.F.);
#4489=ORIENTED_EDGE('',*,*,#6741,.F.);
#4490=ORIENTED_EDGE('',*,*,#6236,.F.);
#4491=ORIENTED_EDGE('',*,*,#6740,.F.);
#4492=ORIENTED_EDGE('',*,*,#6611,.F.);
#4493=ORIENTED_EDGE('',*,*,#6742,.T.);
#4494=ORIENTED_EDGE('',*,*,#6212,.F.);
#4495=ORIENTED_EDGE('',*,*,#6610,.F.);
#4496=ORIENTED_EDGE('',*,*,#6743,.T.);
#4497=ORIENTED_EDGE('',*,*,#6213,.F.);
#4498=ORIENTED_EDGE('',*,*,#6742,.F.);
#4499=ORIENTED_EDGE('',*,*,#6609,.F.);
#4500=ORIENTED_EDGE('',*,*,#6744,.T.);
#4501=ORIENTED_EDGE('',*,*,#6214,.F.);
#4502=ORIENTED_EDGE('',*,*,#6743,.F.);
#4503=ORIENTED_EDGE('',*,*,#6608,.F.);
#4504=ORIENTED_EDGE('',*,*,#6745,.T.);
#4505=ORIENTED_EDGE('',*,*,#6215,.F.);
#4506=ORIENTED_EDGE('',*,*,#6744,.F.);
#4507=ORIENTED_EDGE('',*,*,#6607,.F.);
#4508=ORIENTED_EDGE('',*,*,#6746,.T.);
#4509=ORIENTED_EDGE('',*,*,#6216,.F.);
#4510=ORIENTED_EDGE('',*,*,#6745,.F.);
#4511=ORIENTED_EDGE('',*,*,#6606,.F.);
#4512=ORIENTED_EDGE('',*,*,#6747,.T.);
#4513=ORIENTED_EDGE('',*,*,#6217,.F.);
#4514=ORIENTED_EDGE('',*,*,#6746,.F.);
#4515=ORIENTED_EDGE('',*,*,#6605,.F.);
#4516=ORIENTED_EDGE('',*,*,#6748,.T.);
#4517=ORIENTED_EDGE('',*,*,#6218,.F.);
#4518=ORIENTED_EDGE('',*,*,#6747,.F.);
#4519=ORIENTED_EDGE('',*,*,#6604,.F.);
#4520=ORIENTED_EDGE('',*,*,#6749,.T.);
#4521=ORIENTED_EDGE('',*,*,#6219,.F.);
#4522=ORIENTED_EDGE('',*,*,#6748,.F.);
#4523=ORIENTED_EDGE('',*,*,#6603,.F.);
#4524=ORIENTED_EDGE('',*,*,#6750,.T.);
#4525=ORIENTED_EDGE('',*,*,#6220,.F.);
#4526=ORIENTED_EDGE('',*,*,#6749,.F.);
#4527=ORIENTED_EDGE('',*,*,#6602,.F.);
#4528=ORIENTED_EDGE('',*,*,#6751,.T.);
#4529=ORIENTED_EDGE('',*,*,#6221,.F.);
#4530=ORIENTED_EDGE('',*,*,#6750,.F.);
#4531=ORIENTED_EDGE('',*,*,#6601,.F.);
#4532=ORIENTED_EDGE('',*,*,#6752,.T.);
#4533=ORIENTED_EDGE('',*,*,#6222,.F.);
#4534=ORIENTED_EDGE('',*,*,#6751,.F.);
#4535=ORIENTED_EDGE('',*,*,#6600,.F.);
#4536=ORIENTED_EDGE('',*,*,#6753,.T.);
#4537=ORIENTED_EDGE('',*,*,#6223,.F.);
#4538=ORIENTED_EDGE('',*,*,#6752,.F.);
#4539=ORIENTED_EDGE('',*,*,#6599,.F.);
#4540=ORIENTED_EDGE('',*,*,#6754,.T.);
#4541=ORIENTED_EDGE('',*,*,#6224,.F.);
#4542=ORIENTED_EDGE('',*,*,#6753,.F.);
#4543=ORIENTED_EDGE('',*,*,#6598,.F.);
#4544=ORIENTED_EDGE('',*,*,#6755,.T.);
#4545=ORIENTED_EDGE('',*,*,#6225,.F.);
#4546=ORIENTED_EDGE('',*,*,#6754,.F.);
#4547=ORIENTED_EDGE('',*,*,#6597,.F.);
#4548=ORIENTED_EDGE('',*,*,#6756,.T.);
#4549=ORIENTED_EDGE('',*,*,#6226,.F.);
#4550=ORIENTED_EDGE('',*,*,#6755,.F.);
#4551=ORIENTED_EDGE('',*,*,#6596,.F.);
#4552=ORIENTED_EDGE('',*,*,#6757,.T.);
#4553=ORIENTED_EDGE('',*,*,#6227,.F.);
#4554=ORIENTED_EDGE('',*,*,#6756,.F.);
#4555=ORIENTED_EDGE('',*,*,#6595,.F.);
#4556=ORIENTED_EDGE('',*,*,#6758,.T.);
#4557=ORIENTED_EDGE('',*,*,#6228,.F.);
#4558=ORIENTED_EDGE('',*,*,#6757,.F.);
#4559=ORIENTED_EDGE('',*,*,#6594,.F.);
#4560=ORIENTED_EDGE('',*,*,#6735,.T.);
#4561=ORIENTED_EDGE('',*,*,#6229,.F.);
#4562=ORIENTED_EDGE('',*,*,#6758,.F.);
#4563=ORIENTED_EDGE('',*,*,#6569,.F.);
#4564=ORIENTED_EDGE('',*,*,#6759,.T.);
#4565=ORIENTED_EDGE('',*,*,#6309,.F.);
#4566=ORIENTED_EDGE('',*,*,#6760,.F.);
#4567=ORIENTED_EDGE('',*,*,#6592,.F.);
#4568=ORIENTED_EDGE('',*,*,#6761,.T.);
#4569=ORIENTED_EDGE('',*,*,#6310,.F.);
#4570=ORIENTED_EDGE('',*,*,#6759,.F.);
#4571=ORIENTED_EDGE('',*,*,#6591,.F.);
#4572=ORIENTED_EDGE('',*,*,#6762,.T.);
#4573=ORIENTED_EDGE('',*,*,#6311,.F.);
#4574=ORIENTED_EDGE('',*,*,#6761,.F.);
#4575=ORIENTED_EDGE('',*,*,#6590,.F.);
#4576=ORIENTED_EDGE('',*,*,#6763,.T.);
#4577=ORIENTED_EDGE('',*,*,#6312,.F.);
#4578=ORIENTED_EDGE('',*,*,#6762,.F.);
#4579=ORIENTED_EDGE('',*,*,#6589,.F.);
#4580=ORIENTED_EDGE('',*,*,#6764,.T.);
#4581=ORIENTED_EDGE('',*,*,#6313,.F.);
#4582=ORIENTED_EDGE('',*,*,#6763,.F.);
#4583=ORIENTED_EDGE('',*,*,#6588,.F.);
#4584=ORIENTED_EDGE('',*,*,#6765,.T.);
#4585=ORIENTED_EDGE('',*,*,#6314,.F.);
#4586=ORIENTED_EDGE('',*,*,#6764,.F.);
#4587=ORIENTED_EDGE('',*,*,#6587,.F.);
#4588=ORIENTED_EDGE('',*,*,#6766,.T.);
#4589=ORIENTED_EDGE('',*,*,#6315,.F.);
#4590=ORIENTED_EDGE('',*,*,#6765,.F.);
#4591=ORIENTED_EDGE('',*,*,#6586,.F.);
#4592=ORIENTED_EDGE('',*,*,#6767,.T.);
#4593=ORIENTED_EDGE('',*,*,#6316,.F.);
#4594=ORIENTED_EDGE('',*,*,#6766,.F.);
#4595=ORIENTED_EDGE('',*,*,#6585,.F.);
#4596=ORIENTED_EDGE('',*,*,#6768,.T.);
#4597=ORIENTED_EDGE('',*,*,#6317,.F.);
#4598=ORIENTED_EDGE('',*,*,#6767,.F.);
#4599=ORIENTED_EDGE('',*,*,#6584,.F.);
#4600=ORIENTED_EDGE('',*,*,#6769,.T.);
#4601=ORIENTED_EDGE('',*,*,#6318,.F.);
#4602=ORIENTED_EDGE('',*,*,#6768,.F.);
#4603=ORIENTED_EDGE('',*,*,#6583,.F.);
#4604=ORIENTED_EDGE('',*,*,#6770,.T.);
#4605=ORIENTED_EDGE('',*,*,#6319,.F.);
#4606=ORIENTED_EDGE('',*,*,#6769,.F.);
#4607=ORIENTED_EDGE('',*,*,#6582,.F.);
#4608=ORIENTED_EDGE('',*,*,#6771,.T.);
#4609=ORIENTED_EDGE('',*,*,#6320,.F.);
#4610=ORIENTED_EDGE('',*,*,#6770,.F.);
#4611=ORIENTED_EDGE('',*,*,#6581,.F.);
#4612=ORIENTED_EDGE('',*,*,#6772,.T.);
#4613=ORIENTED_EDGE('',*,*,#6321,.F.);
#4614=ORIENTED_EDGE('',*,*,#6771,.F.);
#4615=ORIENTED_EDGE('',*,*,#6580,.F.);
#4616=ORIENTED_EDGE('',*,*,#6773,.T.);
#4617=ORIENTED_EDGE('',*,*,#6322,.F.);
#4618=ORIENTED_EDGE('',*,*,#6772,.F.);
#4619=ORIENTED_EDGE('',*,*,#6579,.F.);
#4620=ORIENTED_EDGE('',*,*,#6774,.T.);
#4621=ORIENTED_EDGE('',*,*,#6323,.F.);
#4622=ORIENTED_EDGE('',*,*,#6773,.F.);
#4623=ORIENTED_EDGE('',*,*,#6578,.F.);
#4624=ORIENTED_EDGE('',*,*,#6775,.T.);
#4625=ORIENTED_EDGE('',*,*,#6324,.F.);
#4626=ORIENTED_EDGE('',*,*,#6774,.F.);
#4627=ORIENTED_EDGE('',*,*,#6577,.F.);
#4628=ORIENTED_EDGE('',*,*,#6776,.T.);
#4629=ORIENTED_EDGE('',*,*,#6325,.F.);
#4630=ORIENTED_EDGE('',*,*,#6775,.F.);
#4631=ORIENTED_EDGE('',*,*,#6576,.F.);
#4632=ORIENTED_EDGE('',*,*,#6777,.T.);
#4633=ORIENTED_EDGE('',*,*,#6326,.F.);
#4634=ORIENTED_EDGE('',*,*,#6776,.F.);
#4635=ORIENTED_EDGE('',*,*,#6575,.F.);
#4636=ORIENTED_EDGE('',*,*,#6778,.T.);
#4637=ORIENTED_EDGE('',*,*,#6327,.F.);
#4638=ORIENTED_EDGE('',*,*,#6777,.F.);
#4639=ORIENTED_EDGE('',*,*,#6574,.F.);
#4640=ORIENTED_EDGE('',*,*,#6779,.T.);
#4641=ORIENTED_EDGE('',*,*,#6328,.F.);
#4642=ORIENTED_EDGE('',*,*,#6778,.F.);
#4643=ORIENTED_EDGE('',*,*,#6573,.F.);
#4644=ORIENTED_EDGE('',*,*,#6780,.T.);
#4645=ORIENTED_EDGE('',*,*,#6329,.F.);
#4646=ORIENTED_EDGE('',*,*,#6779,.F.);
#4647=ORIENTED_EDGE('',*,*,#6572,.F.);
#4648=ORIENTED_EDGE('',*,*,#6781,.T.);
#4649=ORIENTED_EDGE('',*,*,#6330,.F.);
#4650=ORIENTED_EDGE('',*,*,#6780,.F.);
#4651=ORIENTED_EDGE('',*,*,#6571,.F.);
#4652=ORIENTED_EDGE('',*,*,#6782,.T.);
#4653=ORIENTED_EDGE('',*,*,#6331,.F.);
#4654=ORIENTED_EDGE('',*,*,#6781,.F.);
#4655=ORIENTED_EDGE('',*,*,#6570,.F.);
#4656=ORIENTED_EDGE('',*,*,#6760,.T.);
#4657=ORIENTED_EDGE('',*,*,#6332,.F.);
#4658=ORIENTED_EDGE('',*,*,#6782,.F.);
#4659=ORIENTED_EDGE('',*,*,#6308,.T.);
#4660=ORIENTED_EDGE('',*,*,#6783,.F.);
#4661=ORIENTED_EDGE('',*,*,#6307,.T.);
#4662=ORIENTED_EDGE('',*,*,#6784,.F.);
#4663=ORIENTED_EDGE('',*,*,#6306,.T.);
#4664=ORIENTED_EDGE('',*,*,#6785,.F.);
#4665=ORIENTED_EDGE('',*,*,#6278,.T.);
#4666=ORIENTED_EDGE('',*,*,#6277,.T.);
#4667=ORIENTED_EDGE('',*,*,#6786,.F.);
#4668=ORIENTED_EDGE('',*,*,#6787,.F.);
#4669=ORIENTED_EDGE('',*,*,#6282,.F.);
#4670=ORIENTED_EDGE('',*,*,#6788,.F.);
#4671=ORIENTED_EDGE('',*,*,#6521,.F.);
#4672=ORIENTED_EDGE('',*,*,#6789,.T.);
#4673=ORIENTED_EDGE('',*,*,#6283,.F.);
#4674=ORIENTED_EDGE('',*,*,#6789,.F.);
#4675=ORIENTED_EDGE('',*,*,#6544,.F.);
#4676=ORIENTED_EDGE('',*,*,#6790,.T.);
#4677=ORIENTED_EDGE('',*,*,#6284,.F.);
#4678=ORIENTED_EDGE('',*,*,#6790,.F.);
#4679=ORIENTED_EDGE('',*,*,#6543,.F.);
#4680=ORIENTED_EDGE('',*,*,#6791,.T.);
#4681=ORIENTED_EDGE('',*,*,#6285,.F.);
#4682=ORIENTED_EDGE('',*,*,#6791,.F.);
#4683=ORIENTED_EDGE('',*,*,#6542,.F.);
#4684=ORIENTED_EDGE('',*,*,#6792,.T.);
#4685=ORIENTED_EDGE('',*,*,#6286,.F.);
#4686=ORIENTED_EDGE('',*,*,#6792,.F.);
#4687=ORIENTED_EDGE('',*,*,#6541,.F.);
#4688=ORIENTED_EDGE('',*,*,#6793,.T.);
#4689=ORIENTED_EDGE('',*,*,#6287,.F.);
#4690=ORIENTED_EDGE('',*,*,#6793,.F.);
#4691=ORIENTED_EDGE('',*,*,#6540,.F.);
#4692=ORIENTED_EDGE('',*,*,#6794,.T.);
#4693=ORIENTED_EDGE('',*,*,#6288,.F.);
#4694=ORIENTED_EDGE('',*,*,#6794,.F.);
#4695=ORIENTED_EDGE('',*,*,#6539,.F.);
#4696=ORIENTED_EDGE('',*,*,#6795,.T.);
#4697=ORIENTED_EDGE('',*,*,#6289,.F.);
#4698=ORIENTED_EDGE('',*,*,#6795,.F.);
#4699=ORIENTED_EDGE('',*,*,#6538,.F.);
#4700=ORIENTED_EDGE('',*,*,#6796,.T.);
#4701=ORIENTED_EDGE('',*,*,#6290,.F.);
#4702=ORIENTED_EDGE('',*,*,#6796,.F.);
#4703=ORIENTED_EDGE('',*,*,#6537,.F.);
#4704=ORIENTED_EDGE('',*,*,#6797,.T.);
#4705=ORIENTED_EDGE('',*,*,#6291,.F.);
#4706=ORIENTED_EDGE('',*,*,#6797,.F.);
#4707=ORIENTED_EDGE('',*,*,#6536,.F.);
#4708=ORIENTED_EDGE('',*,*,#6798,.T.);
#4709=ORIENTED_EDGE('',*,*,#6292,.F.);
#4710=ORIENTED_EDGE('',*,*,#6798,.F.);
#4711=ORIENTED_EDGE('',*,*,#6535,.F.);
#4712=ORIENTED_EDGE('',*,*,#6799,.T.);
#4713=ORIENTED_EDGE('',*,*,#6293,.F.);
#4714=ORIENTED_EDGE('',*,*,#6799,.F.);
#4715=ORIENTED_EDGE('',*,*,#6534,.F.);
#4716=ORIENTED_EDGE('',*,*,#6800,.T.);
#4717=ORIENTED_EDGE('',*,*,#6294,.F.);
#4718=ORIENTED_EDGE('',*,*,#6800,.F.);
#4719=ORIENTED_EDGE('',*,*,#6533,.F.);
#4720=ORIENTED_EDGE('',*,*,#6801,.T.);
#4721=ORIENTED_EDGE('',*,*,#6295,.F.);
#4722=ORIENTED_EDGE('',*,*,#6801,.F.);
#4723=ORIENTED_EDGE('',*,*,#6532,.F.);
#4724=ORIENTED_EDGE('',*,*,#6802,.T.);
#4725=ORIENTED_EDGE('',*,*,#6296,.F.);
#4726=ORIENTED_EDGE('',*,*,#6802,.F.);
#4727=ORIENTED_EDGE('',*,*,#6531,.F.);
#4728=ORIENTED_EDGE('',*,*,#6803,.T.);
#4729=ORIENTED_EDGE('',*,*,#6297,.F.);
#4730=ORIENTED_EDGE('',*,*,#6803,.F.);
#4731=ORIENTED_EDGE('',*,*,#6530,.F.);
#4732=ORIENTED_EDGE('',*,*,#6804,.T.);
#4733=ORIENTED_EDGE('',*,*,#6298,.F.);
#4734=ORIENTED_EDGE('',*,*,#6804,.F.);
#4735=ORIENTED_EDGE('',*,*,#6529,.F.);
#4736=ORIENTED_EDGE('',*,*,#6805,.T.);
#4737=ORIENTED_EDGE('',*,*,#6299,.F.);
#4738=ORIENTED_EDGE('',*,*,#6805,.F.);
#4739=ORIENTED_EDGE('',*,*,#6528,.F.);
#4740=ORIENTED_EDGE('',*,*,#6806,.T.);
#4741=ORIENTED_EDGE('',*,*,#6300,.F.);
#4742=ORIENTED_EDGE('',*,*,#6806,.F.);
#4743=ORIENTED_EDGE('',*,*,#6527,.F.);
#4744=ORIENTED_EDGE('',*,*,#6807,.T.);
#4745=ORIENTED_EDGE('',*,*,#6301,.F.);
#4746=ORIENTED_EDGE('',*,*,#6807,.F.);
#4747=ORIENTED_EDGE('',*,*,#6526,.F.);
#4748=ORIENTED_EDGE('',*,*,#6808,.T.);
#4749=ORIENTED_EDGE('',*,*,#6302,.F.);
#4750=ORIENTED_EDGE('',*,*,#6808,.F.);
#4751=ORIENTED_EDGE('',*,*,#6525,.F.);
#4752=ORIENTED_EDGE('',*,*,#6809,.T.);
#4753=ORIENTED_EDGE('',*,*,#6303,.F.);
#4754=ORIENTED_EDGE('',*,*,#6809,.F.);
#4755=ORIENTED_EDGE('',*,*,#6524,.F.);
#4756=ORIENTED_EDGE('',*,*,#6810,.T.);
#4757=ORIENTED_EDGE('',*,*,#6304,.F.);
#4758=ORIENTED_EDGE('',*,*,#6810,.F.);
#4759=ORIENTED_EDGE('',*,*,#6523,.F.);
#4760=ORIENTED_EDGE('',*,*,#6811,.T.);
#4761=ORIENTED_EDGE('',*,*,#6305,.F.);
#4762=ORIENTED_EDGE('',*,*,#6811,.F.);
#4763=ORIENTED_EDGE('',*,*,#6522,.F.);
#4764=ORIENTED_EDGE('',*,*,#6788,.T.);
#4765=ORIENTED_EDGE('',*,*,#6281,.T.);
#4766=ORIENTED_EDGE('',*,*,#6812,.F.);
#4767=ORIENTED_EDGE('',*,*,#6280,.T.);
#4768=ORIENTED_EDGE('',*,*,#6813,.F.);
#4769=ORIENTED_EDGE('',*,*,#6279,.T.);
#4770=ORIENTED_EDGE('',*,*,#6814,.F.);
#4771=ORIENTED_EDGE('',*,*,#6367,.F.);
#4772=ORIENTED_EDGE('',*,*,#6815,.F.);
#4773=ORIENTED_EDGE('',*,*,#6816,.F.);
#4774=ORIENTED_EDGE('',*,*,#6817,.T.);
#4775=ORIENTED_EDGE('',*,*,#6368,.F.);
#4776=ORIENTED_EDGE('',*,*,#6817,.F.);
#4777=ORIENTED_EDGE('',*,*,#6818,.F.);
#4778=ORIENTED_EDGE('',*,*,#6819,.T.);
#4779=ORIENTED_EDGE('',*,*,#6369,.F.);
#4780=ORIENTED_EDGE('',*,*,#6819,.F.);
#4781=ORIENTED_EDGE('',*,*,#6820,.F.);
#4782=ORIENTED_EDGE('',*,*,#6821,.T.);
#4783=ORIENTED_EDGE('',*,*,#6370,.F.);
#4784=ORIENTED_EDGE('',*,*,#6821,.F.);
#4785=ORIENTED_EDGE('',*,*,#6822,.F.);
#4786=ORIENTED_EDGE('',*,*,#6823,.T.);
#4787=ORIENTED_EDGE('',*,*,#6371,.F.);
#4788=ORIENTED_EDGE('',*,*,#6823,.F.);
#4789=ORIENTED_EDGE('',*,*,#6824,.F.);
#4790=ORIENTED_EDGE('',*,*,#6825,.T.);
#4791=ORIENTED_EDGE('',*,*,#6372,.F.);
#4792=ORIENTED_EDGE('',*,*,#6825,.F.);
#4793=ORIENTED_EDGE('',*,*,#6826,.F.);
#4794=ORIENTED_EDGE('',*,*,#6827,.T.);
#4795=ORIENTED_EDGE('',*,*,#6373,.F.);
#4796=ORIENTED_EDGE('',*,*,#6827,.F.);
#4797=ORIENTED_EDGE('',*,*,#6828,.F.);
#4798=ORIENTED_EDGE('',*,*,#6829,.T.);
#4799=ORIENTED_EDGE('',*,*,#6374,.F.);
#4800=ORIENTED_EDGE('',*,*,#6829,.F.);
#4801=ORIENTED_EDGE('',*,*,#6830,.F.);
#4802=ORIENTED_EDGE('',*,*,#6815,.T.);
#4803=ORIENTED_EDGE('',*,*,#6375,.F.);
#4804=ORIENTED_EDGE('',*,*,#6831,.F.);
#4805=ORIENTED_EDGE('',*,*,#6832,.F.);
#4806=ORIENTED_EDGE('',*,*,#6833,.T.);
#4807=ORIENTED_EDGE('',*,*,#6376,.F.);
#4808=ORIENTED_EDGE('',*,*,#6833,.F.);
#4809=ORIENTED_EDGE('',*,*,#6834,.F.);
#4810=ORIENTED_EDGE('',*,*,#6835,.T.);
#4811=ORIENTED_EDGE('',*,*,#6377,.F.);
#4812=ORIENTED_EDGE('',*,*,#6835,.F.);
#4813=ORIENTED_EDGE('',*,*,#6836,.F.);
#4814=ORIENTED_EDGE('',*,*,#6837,.T.);
#4815=ORIENTED_EDGE('',*,*,#6378,.F.);
#4816=ORIENTED_EDGE('',*,*,#6837,.F.);
#4817=ORIENTED_EDGE('',*,*,#6838,.F.);
#4818=ORIENTED_EDGE('',*,*,#6839,.T.);
#4819=ORIENTED_EDGE('',*,*,#6379,.F.);
#4820=ORIENTED_EDGE('',*,*,#6839,.F.);
#4821=ORIENTED_EDGE('',*,*,#6840,.F.);
#4822=ORIENTED_EDGE('',*,*,#6841,.T.);
#4823=ORIENTED_EDGE('',*,*,#6380,.F.);
#4824=ORIENTED_EDGE('',*,*,#6841,.F.);
#4825=ORIENTED_EDGE('',*,*,#6842,.F.);
#4826=ORIENTED_EDGE('',*,*,#6843,.T.);
#4827=ORIENTED_EDGE('',*,*,#6381,.F.);
#4828=ORIENTED_EDGE('',*,*,#6843,.F.);
#4829=ORIENTED_EDGE('',*,*,#6844,.F.);
#4830=ORIENTED_EDGE('',*,*,#6845,.T.);
#4831=ORIENTED_EDGE('',*,*,#6382,.F.);
#4832=ORIENTED_EDGE('',*,*,#6845,.F.);
#4833=ORIENTED_EDGE('',*,*,#6846,.F.);
#4834=ORIENTED_EDGE('',*,*,#6831,.T.);
#4835=ORIENTED_EDGE('',*,*,#6383,.F.);
#4836=ORIENTED_EDGE('',*,*,#6847,.F.);
#4837=ORIENTED_EDGE('',*,*,#6848,.F.);
#4838=ORIENTED_EDGE('',*,*,#6849,.T.);
#4839=ORIENTED_EDGE('',*,*,#6384,.F.);
#4840=ORIENTED_EDGE('',*,*,#6849,.F.);
#4841=ORIENTED_EDGE('',*,*,#6850,.F.);
#4842=ORIENTED_EDGE('',*,*,#6851,.T.);
#4843=ORIENTED_EDGE('',*,*,#6385,.F.);
#4844=ORIENTED_EDGE('',*,*,#6851,.F.);
#4845=ORIENTED_EDGE('',*,*,#6852,.F.);
#4846=ORIENTED_EDGE('',*,*,#6853,.T.);
#4847=ORIENTED_EDGE('',*,*,#6386,.F.);
#4848=ORIENTED_EDGE('',*,*,#6853,.F.);
#4849=ORIENTED_EDGE('',*,*,#6854,.F.);
#4850=ORIENTED_EDGE('',*,*,#6855,.T.);
#4851=ORIENTED_EDGE('',*,*,#6387,.F.);
#4852=ORIENTED_EDGE('',*,*,#6855,.F.);
#4853=ORIENTED_EDGE('',*,*,#6856,.F.);
#4854=ORIENTED_EDGE('',*,*,#6857,.T.);
#4855=ORIENTED_EDGE('',*,*,#6388,.F.);
#4856=ORIENTED_EDGE('',*,*,#6857,.F.);
#4857=ORIENTED_EDGE('',*,*,#6858,.F.);
#4858=ORIENTED_EDGE('',*,*,#6859,.T.);
#4859=ORIENTED_EDGE('',*,*,#6389,.F.);
#4860=ORIENTED_EDGE('',*,*,#6859,.F.);
#4861=ORIENTED_EDGE('',*,*,#6860,.F.);
#4862=ORIENTED_EDGE('',*,*,#6861,.T.);
#4863=ORIENTED_EDGE('',*,*,#6390,.F.);
#4864=ORIENTED_EDGE('',*,*,#6861,.F.);
#4865=ORIENTED_EDGE('',*,*,#6862,.F.);
#4866=ORIENTED_EDGE('',*,*,#6847,.T.);
#4867=ORIENTED_EDGE('',*,*,#6391,.F.);
#4868=ORIENTED_EDGE('',*,*,#6863,.F.);
#4869=ORIENTED_EDGE('',*,*,#6864,.F.);
#4870=ORIENTED_EDGE('',*,*,#6865,.T.);
#4871=ORIENTED_EDGE('',*,*,#6392,.F.);
#4872=ORIENTED_EDGE('',*,*,#6865,.F.);
#4873=ORIENTED_EDGE('',*,*,#6866,.F.);
#4874=ORIENTED_EDGE('',*,*,#6867,.T.);
#4875=ORIENTED_EDGE('',*,*,#6393,.F.);
#4876=ORIENTED_EDGE('',*,*,#6867,.F.);
#4877=ORIENTED_EDGE('',*,*,#6868,.F.);
#4878=ORIENTED_EDGE('',*,*,#6869,.T.);
#4879=ORIENTED_EDGE('',*,*,#6394,.F.);
#4880=ORIENTED_EDGE('',*,*,#6869,.F.);
#4881=ORIENTED_EDGE('',*,*,#6870,.F.);
#4882=ORIENTED_EDGE('',*,*,#6871,.T.);
#4883=ORIENTED_EDGE('',*,*,#6395,.F.);
#4884=ORIENTED_EDGE('',*,*,#6871,.F.);
#4885=ORIENTED_EDGE('',*,*,#6872,.F.);
#4886=ORIENTED_EDGE('',*,*,#6873,.T.);
#4887=ORIENTED_EDGE('',*,*,#6396,.F.);
#4888=ORIENTED_EDGE('',*,*,#6873,.F.);
#4889=ORIENTED_EDGE('',*,*,#6874,.F.);
#4890=ORIENTED_EDGE('',*,*,#6875,.T.);
#4891=ORIENTED_EDGE('',*,*,#6397,.F.);
#4892=ORIENTED_EDGE('',*,*,#6875,.F.);
#4893=ORIENTED_EDGE('',*,*,#6876,.F.);
#4894=ORIENTED_EDGE('',*,*,#6877,.T.);
#4895=ORIENTED_EDGE('',*,*,#6398,.F.);
#4896=ORIENTED_EDGE('',*,*,#6877,.F.);
#4897=ORIENTED_EDGE('',*,*,#6878,.F.);
#4898=ORIENTED_EDGE('',*,*,#6863,.T.);
#4899=ORIENTED_EDGE('',*,*,#6399,.F.);
#4900=ORIENTED_EDGE('',*,*,#6879,.F.);
#4901=ORIENTED_EDGE('',*,*,#6880,.F.);
#4902=ORIENTED_EDGE('',*,*,#6881,.T.);
#4903=ORIENTED_EDGE('',*,*,#6400,.F.);
#4904=ORIENTED_EDGE('',*,*,#6881,.F.);
#4905=ORIENTED_EDGE('',*,*,#6882,.F.);
#4906=ORIENTED_EDGE('',*,*,#6883,.T.);
#4907=ORIENTED_EDGE('',*,*,#6401,.F.);
#4908=ORIENTED_EDGE('',*,*,#6883,.F.);
#4909=ORIENTED_EDGE('',*,*,#6884,.F.);
#4910=ORIENTED_EDGE('',*,*,#6885,.T.);
#4911=ORIENTED_EDGE('',*,*,#6402,.F.);
#4912=ORIENTED_EDGE('',*,*,#6885,.F.);
#4913=ORIENTED_EDGE('',*,*,#6886,.F.);
#4914=ORIENTED_EDGE('',*,*,#6887,.T.);
#4915=ORIENTED_EDGE('',*,*,#6403,.F.);
#4916=ORIENTED_EDGE('',*,*,#6887,.F.);
#4917=ORIENTED_EDGE('',*,*,#6888,.F.);
#4918=ORIENTED_EDGE('',*,*,#6889,.T.);
#4919=ORIENTED_EDGE('',*,*,#6404,.F.);
#4920=ORIENTED_EDGE('',*,*,#6889,.F.);
#4921=ORIENTED_EDGE('',*,*,#6890,.F.);
#4922=ORIENTED_EDGE('',*,*,#6891,.T.);
#4923=ORIENTED_EDGE('',*,*,#6405,.F.);
#4924=ORIENTED_EDGE('',*,*,#6891,.F.);
#4925=ORIENTED_EDGE('',*,*,#6892,.F.);
#4926=ORIENTED_EDGE('',*,*,#6893,.T.);
#4927=ORIENTED_EDGE('',*,*,#6406,.F.);
#4928=ORIENTED_EDGE('',*,*,#6893,.F.);
#4929=ORIENTED_EDGE('',*,*,#6894,.F.);
#4930=ORIENTED_EDGE('',*,*,#6895,.T.);
#4931=ORIENTED_EDGE('',*,*,#6407,.F.);
#4932=ORIENTED_EDGE('',*,*,#6895,.F.);
#4933=ORIENTED_EDGE('',*,*,#6896,.F.);
#4934=ORIENTED_EDGE('',*,*,#6897,.T.);
#4935=ORIENTED_EDGE('',*,*,#6408,.F.);
#4936=ORIENTED_EDGE('',*,*,#6897,.F.);
#4937=ORIENTED_EDGE('',*,*,#6898,.F.);
#4938=ORIENTED_EDGE('',*,*,#6899,.T.);
#4939=ORIENTED_EDGE('',*,*,#6409,.F.);
#4940=ORIENTED_EDGE('',*,*,#6899,.F.);
#4941=ORIENTED_EDGE('',*,*,#6900,.F.);
#4942=ORIENTED_EDGE('',*,*,#6879,.T.);
#4943=ORIENTED_EDGE('',*,*,#6410,.F.);
#4944=ORIENTED_EDGE('',*,*,#6901,.F.);
#4945=ORIENTED_EDGE('',*,*,#6902,.F.);
#4946=ORIENTED_EDGE('',*,*,#6903,.T.);
#4947=CARTESIAN_POINT('',(-18.0369386872284,-0.800000000000002,27.5153347285812));
#4948=CARTESIAN_POINT('',(-17.9768493434299,-0.800000000000002,27.7316109225996));
#4949=CARTESIAN_POINT('',(-17.8887513496734,-0.800000000000002,27.9718856546131));
#4950=ORIENTED_EDGE('',*,*,#6411,.F.);
#4951=ORIENTED_EDGE('',*,*,#6903,.F.);
#4952=ORIENTED_EDGE('',*,*,#6904,.F.);
#4953=ORIENTED_EDGE('',*,*,#6905,.T.);
#4954=CARTESIAN_POINT('',(-18.1290674234635,-0.800000000000002,27.130882730603));
#4955=CARTESIAN_POINT('',(-18.0970280310269,-0.800000000000002,27.2990584941899));
#4956=CARTESIAN_POINT('',(-18.0369386872284,-0.800000000000002,27.5153347285812));
#4957=ORIENTED_EDGE('',*,*,#6412,.F.);
#4958=ORIENTED_EDGE('',*,*,#6905,.F.);
#4959=ORIENTED_EDGE('',*,*,#6906,.F.);
#4960=ORIENTED_EDGE('',*,*,#6907,.T.);
#4961=CARTESIAN_POINT('',(-18.2091452336667,-0.800000000000002,26.3298980408062));
#4962=CARTESIAN_POINT('',(-18.2091452336667,-0.800000000000002,26.7183394394863));
#4963=CARTESIAN_POINT('',(-18.1290674234635,-0.800000000000002,27.130882730603));
#4964=ORIENTED_EDGE('',*,*,#6413,.F.);
#4965=ORIENTED_EDGE('',*,*,#6907,.F.);
#4966=ORIENTED_EDGE('',*,*,#6908,.F.);
#4967=ORIENTED_EDGE('',*,*,#6909,.T.);
#4968=CARTESIAN_POINT('',(-18.1030225078968,-0.800000000000002,25.5148780196979));
#4969=CARTESIAN_POINT('',(-18.2091452336667,-0.800000000000002,25.8933355408062));
#4970=CARTESIAN_POINT('',(-18.2091452336667,-0.800000000000002,26.3298980408062));
#4971=ORIENTED_EDGE('',*,*,#6414,.F.);
#4972=ORIENTED_EDGE('',*,*,#6909,.F.);
#4973=ORIENTED_EDGE('',*,*,#6910,.F.);
#4974=ORIENTED_EDGE('',*,*,#6911,.T.);
#4975=CARTESIAN_POINT('',(-17.7686139634803,-0.800000000000002,24.8520760786231));
#4976=CARTESIAN_POINT('',(-17.9968997821268,-0.800000000000002,25.1364204985896));
#4977=CARTESIAN_POINT('',(-18.1030225078968,-0.800000000000002,25.5148780196979));
#4978=ORIENTED_EDGE('',*,*,#6415,.F.);
#4979=ORIENTED_EDGE('',*,*,#6911,.F.);
#4980=ORIENTED_EDGE('',*,*,#6912,.F.);
#4981=ORIENTED_EDGE('',*,*,#6913,.T.);
#4982=CARTESIAN_POINT('',(-17.2599731659421,-0.800000000000001,24.4535887897063));
#4983=CARTESIAN_POINT('',(-17.5603372821268,-0.800000000000002,24.5957609795031));
#4984=CARTESIAN_POINT('',(-17.7686139634803,-0.800000000000002,24.8520760786231));
#4985=ORIENTED_EDGE('',*,*,#6416,.F.);
#4986=ORIENTED_EDGE('',*,*,#6913,.F.);
#4987=ORIENTED_EDGE('',*,*,#6914,.F.);
#4988=ORIENTED_EDGE('',*,*,#6915,.T.);
#4989=CARTESIAN_POINT('',(-16.5430970288271,-0.800000000000001,24.3114165999095));
#4990=CARTESIAN_POINT('',(-16.9596090901302,-0.800000000000001,24.3114165999095));
#4991=CARTESIAN_POINT('',(-17.2599731659421,-0.800000000000001,24.4535887897063));
#4992=ORIENTED_EDGE('',*,*,#6417,.F.);
#4993=ORIENTED_EDGE('',*,*,#6915,.F.);
#4994=ORIENTED_EDGE('',*,*,#6916,.F.);
#4995=ORIENTED_EDGE('',*,*,#6917,.T.);
#4996=CARTESIAN_POINT('',(-15.8982991892502,-0.800000000000001,24.4315539457298));
#4997=CARTESIAN_POINT('',(-16.2146830016533,-0.800000000000001,24.3114165999095));
#4998=CARTESIAN_POINT('',(-16.5430970288271,-0.800000000000001,24.3114165999095));
#4999=ORIENTED_EDGE('',*,*,#6418,.F.);
#5000=ORIENTED_EDGE('',*,*,#6917,.F.);
#5001=ORIENTED_EDGE('',*,*,#6918,.F.);
#5002=ORIENTED_EDGE('',*,*,#6919,.T.);
#5003=CARTESIAN_POINT('',(-15.2134831154602,-0.800000000000002,24.8360357115165));
#5004=CARTESIAN_POINT('',(-15.5418558412301,-0.800000000000002,24.5797206123964));
#5005=CARTESIAN_POINT('',(-15.8982991892502,-0.800000000000001,24.4315539457298));
#5006=ORIENTED_EDGE('',*,*,#6419,.F.);
#5007=ORIENTED_EDGE('',*,*,#6919,.F.);
#5008=ORIENTED_EDGE('',*,*,#6920,.F.);
#5009=ORIENTED_EDGE('',*,*,#6921,.T.);
#5010=CARTESIAN_POINT('',(-14.7569114781671,-0.800000000000002,25.2445482601546));
#5011=CARTESIAN_POINT('',(-15.0372458265433,-0.800000000000002,24.9762235364065));
#5012=CARTESIAN_POINT('',(-15.2134831154602,-0.800000000000002,24.8360357115165));
#5013=ORIENTED_EDGE('',*,*,#6420,.F.);
#5014=ORIENTED_EDGE('',*,*,#6921,.F.);
#5015=ORIENTED_EDGE('',*,*,#6922,.F.);
#5016=ORIENTED_EDGE('',*,*,#6923,.T.);
#5017=CARTESIAN_POINT('',(-13.9879661808069,-0.800000000000002,26.0014839732596));
#5018=CARTESIAN_POINT('',(-14.4765771701638,-0.800000000000002,25.5128729435299));
#5019=CARTESIAN_POINT('',(-14.7569114781671,-0.800000000000002,25.2445482601546));
#5020=ORIENTED_EDGE('',*,*,#6421,.F.);
#5021=ORIENTED_EDGE('',*,*,#6923,.F.);
#5022=ORIENTED_EDGE('',*,*,#6924,.F.);
#5023=ORIENTED_EDGE('',*,*,#6925,.T.);
#5024=CARTESIAN_POINT('',(-13.5534293874904,-0.800000000000002,26.4620450112545));
#5025=CARTESIAN_POINT('',(-13.6915915056969,-0.800000000000002,26.2938485364065));
#5026=CARTESIAN_POINT('',(-13.9879661808069,-0.800000000000002,26.0014839732596));
#5027=ORIENTED_EDGE('',*,*,#6422,.F.);
#5028=ORIENTED_EDGE('',*,*,#6925,.F.);
#5029=ORIENTED_EDGE('',*,*,#6926,.F.);
#5030=ORIENTED_EDGE('',*,*,#6927,.T.);
#5031=CARTESIAN_POINT('',(-13.3431683412301,-0.800000000000002,26.7343798065929));
#5032=CARTESIAN_POINT('',(-13.4152673096566,-0.800000000000002,26.6302414457298));
#5033=CARTESIAN_POINT('',(-13.5534293874904,-0.800000000000002,26.4620450112545));
#5034=ORIENTED_EDGE('',*,*,#6423,.F.);
#5035=ORIENTED_EDGE('',*,*,#6927,.F.);
#5036=ORIENTED_EDGE('',*,*,#6928,.F.);
#5037=ORIENTED_EDGE('',*,*,#6929,.T.);
#5038=CARTESIAN_POINT('',(-13.1629622821268,-0.800000000000002,26.9426151461697));
#5039=CARTESIAN_POINT('',(-13.2710693728036,-0.800000000000002,26.8385181270832));
#5040=CARTESIAN_POINT('',(-13.3431683412301,-0.800000000000002,26.7343798065929));
#5041=ORIENTED_EDGE('',*,*,#6424,.F.);
#5042=ORIENTED_EDGE('',*,*,#6929,.F.);
#5043=ORIENTED_EDGE('',*,*,#6930,.F.);
#5044=ORIENTED_EDGE('',*,*,#6931,.T.);
#5045=ORIENTED_EDGE('',*,*,#6425,.F.);
#5046=ORIENTED_EDGE('',*,*,#6931,.F.);
#5047=ORIENTED_EDGE('',*,*,#6932,.F.);
#5048=ORIENTED_EDGE('',*,*,#6933,.T.);
#5049=ORIENTED_EDGE('',*,*,#6426,.F.);
#5050=ORIENTED_EDGE('',*,*,#6933,.F.);
#5051=ORIENTED_EDGE('',*,*,#6934,.F.);
#5052=ORIENTED_EDGE('',*,*,#6935,.T.);
#5053=ORIENTED_EDGE('',*,*,#6427,.F.);
#5054=ORIENTED_EDGE('',*,*,#6935,.F.);
#5055=ORIENTED_EDGE('',*,*,#6936,.F.);
#5056=ORIENTED_EDGE('',*,*,#6937,.T.);
#5057=ORIENTED_EDGE('',*,*,#6428,.F.);
#5058=ORIENTED_EDGE('',*,*,#6937,.F.);
#5059=ORIENTED_EDGE('',*,*,#6938,.F.);
#5060=ORIENTED_EDGE('',*,*,#6939,.T.);
#5061=CARTESIAN_POINT('',(-13.2350199087767,-0.800000000000002,27.9999149350866));
#5062=CARTESIAN_POINT('',(-13.1229027061369,-0.800000000000002,28.1000432243595));
#5063=CARTESIAN_POINT('',(-12.98672499321,-0.800000000000002,28.1000432243595));
#5064=ORIENTED_EDGE('',*,*,#6429,.F.);
#5065=ORIENTED_EDGE('',*,*,#6939,.F.);
#5066=ORIENTED_EDGE('',*,*,#6940,.F.);
#5067=ORIENTED_EDGE('',*,*,#6941,.T.);
#5068=ORIENTED_EDGE('',*,*,#6430,.F.);
#5069=ORIENTED_EDGE('',*,*,#6941,.F.);
#5070=ORIENTED_EDGE('',*,*,#6942,.F.);
#5071=ORIENTED_EDGE('',*,*,#6943,.T.);
#5072=CARTESIAN_POINT('',(-14.568664604995,-0.800000000000002,26.7543889035131));
#5073=CARTESIAN_POINT('',(-14.2923196976936,-0.800000000000002,27.0147141145963));
#5074=CARTESIAN_POINT('',(-13.8117288918901,-0.800000000000002,27.4592554563729));
#5075=ORIENTED_EDGE('',*,*,#6431,.F.);
#5076=ORIENTED_EDGE('',*,*,#6943,.F.);
#5077=ORIENTED_EDGE('',*,*,#6944,.F.);
#5078=ORIENTED_EDGE('',*,*,#6945,.T.);
#5079=CARTESIAN_POINT('',(-15.0092165056969,-0.800000000000002,26.3458970661362));
#5080=CARTESIAN_POINT('',(-14.8450094719236,-0.800000000000002,26.4940637328028));
#5081=CARTESIAN_POINT('',(-14.568664604995,-0.800000000000002,26.7543889035131));
#5082=ORIENTED_EDGE('',*,*,#6432,.F.);
#5083=ORIENTED_EDGE('',*,*,#6945,.F.);
#5084=ORIENTED_EDGE('',*,*,#6946,.F.);
#5085=ORIENTED_EDGE('',*,*,#6947,.T.);
#5086=CARTESIAN_POINT('',(-15.30960129277,-0.800000000000002,26.0735829013133));
#5087=CARTESIAN_POINT('',(-15.1734235394702,-0.800000000000002,26.1977303994695));
#5088=CARTESIAN_POINT('',(-15.0092165056969,-0.800000000000002,26.3458970661362));
#5089=ORIENTED_EDGE('',*,*,#6433,.F.);
#5090=ORIENTED_EDGE('',*,*,#6947,.F.);
#5091=ORIENTED_EDGE('',*,*,#6948,.F.);
#5092=ORIENTED_EDGE('',*,*,#6949,.T.);
#5093=CARTESIAN_POINT('',(-15.6239593581168,-0.800000000000002,25.8172471313049));
#5094=CARTESIAN_POINT('',(-15.48178716832,-0.800000000000002,25.9253749332428));
#5095=CARTESIAN_POINT('',(-15.30960129277,-0.800000000000002,26.0735829013133));
#5096=ORIENTED_EDGE('',*,*,#6434,.F.);
#5097=ORIENTED_EDGE('',*,*,#6949,.F.);
#5098=ORIENTED_EDGE('',*,*,#6950,.F.);
#5099=ORIENTED_EDGE('',*,*,#6951,.T.);
#5100=CARTESIAN_POINT('',(-15.9143395563569,-0.800000000000002,25.6410305132764));
#5101=CARTESIAN_POINT('',(-15.7661315479136,-0.800000000000002,25.7091193697398));
#5102=CARTESIAN_POINT('',(-15.6239593581168,-0.800000000000002,25.8172471313049));
#5103=ORIENTED_EDGE('',*,*,#6435,.F.);
#5104=ORIENTED_EDGE('',*,*,#6951,.F.);
#5105=ORIENTED_EDGE('',*,*,#6952,.F.);
#5106=ORIENTED_EDGE('',*,*,#6953,.T.);
#5107=CARTESIAN_POINT('',(-16.4549990754434,-0.800000000000002,25.5088628719397));
#5108=CARTESIAN_POINT('',(-16.1826436092167,-0.800000000000002,25.5088628719397));
#5109=CARTESIAN_POINT('',(-15.9143395563569,-0.800000000000002,25.6410305132764));
#5110=ORIENTED_EDGE('',*,*,#6436,.F.);
#5111=ORIENTED_EDGE('',*,*,#6953,.F.);
#5112=ORIENTED_EDGE('',*,*,#6954,.F.);
#5113=ORIENTED_EDGE('',*,*,#6955,.T.);
#5114=CARTESIAN_POINT('',(-17.0597373390303,-0.800000000000002,25.7531683868045));
#5115=CARTESIAN_POINT('',(-16.8394717039371,-0.800000000000002,25.5088628719397));
#5116=CARTESIAN_POINT('',(-16.4549990754434,-0.800000000000002,25.5088628719397));
#5117=ORIENTED_EDGE('',*,*,#6437,.F.);
#5118=ORIENTED_EDGE('',*,*,#6955,.F.);
#5119=ORIENTED_EDGE('',*,*,#6956,.F.);
#5120=ORIENTED_EDGE('',*,*,#6957,.T.);
#5121=CARTESIAN_POINT('',(-17.2800029741235,-0.800000000000002,26.4380051314829));
#5122=CARTESIAN_POINT('',(-17.2800029741235,-0.800000000000002,25.9974738612965));
#5123=CARTESIAN_POINT('',(-17.0597373390303,-0.800000000000002,25.7531683868045));
#5124=ORIENTED_EDGE('',*,*,#6438,.F.);
#5125=ORIENTED_EDGE('',*,*,#6957,.F.);
#5126=ORIENTED_EDGE('',*,*,#6958,.F.);
#5127=ORIENTED_EDGE('',*,*,#6959,.T.);
#5128=CARTESIAN_POINT('',(-17.1558555163401,-0.800000000000002,27.146881755933));
#5129=CARTESIAN_POINT('',(-17.2800029741235,-0.800000000000002,26.7704292706198));
#5130=CARTESIAN_POINT('',(-17.2800029741235,-0.800000000000002,26.4380051314829));
#5131=ORIENTED_EDGE('',*,*,#6439,.F.);
#5132=ORIENTED_EDGE('',*,*,#6959,.F.);
#5133=ORIENTED_EDGE('',*,*,#6960,.F.);
#5134=ORIENTED_EDGE('',*,*,#6961,.T.);
#5135=CARTESIAN_POINT('',(-17.0016737019152,-0.800000000000002,27.5493791568129));
#5136=CARTESIAN_POINT('',(-17.0917767314669,-0.800000000000002,27.3431281821429));
#5137=CARTESIAN_POINT('',(-17.1558555163401,-0.800000000000002,27.146881755933));
#5138=ORIENTED_EDGE('',*,*,#6440,.F.);
#5139=ORIENTED_EDGE('',*,*,#6961,.F.);
#5140=ORIENTED_EDGE('',*,*,#6962,.F.);
#5141=ORIENTED_EDGE('',*,*,#6963,.T.);
#5142=CARTESIAN_POINT('',(-16.7873818728036,-0.800000000000002,27.9718856546131));
#5143=CARTESIAN_POINT('',(-16.9115706723636,-0.800000000000002,27.7556301314829));
#5144=CARTESIAN_POINT('',(-17.0016737019152,-0.800000000000002,27.5493791568129));
#5145=ORIENTED_EDGE('',*,*,#6441,.F.);
#5146=ORIENTED_EDGE('',*,*,#6963,.F.);
#5147=ORIENTED_EDGE('',*,*,#6964,.F.);
#5148=ORIENTED_EDGE('',*,*,#6901,.T.);
#5149=ORIENTED_EDGE('',*,*,#6442,.F.);
#5150=ORIENTED_EDGE('',*,*,#6965,.F.);
#5151=ORIENTED_EDGE('',*,*,#6966,.F.);
#5152=ORIENTED_EDGE('',*,*,#6967,.T.);
#5153=CARTESIAN_POINT('',(0.213526912174041,-0.800000000000002,26.3619374332428));
#5154=CARTESIAN_POINT('',(0.213526912174041,-0.800000000000002,26.0976021101966));
#5155=CARTESIAN_POINT('',(0.279610732842386,-0.800000000000002,25.8993506481916));
#5156=ORIENTED_EDGE('',*,*,#6443,.F.);
#5157=ORIENTED_EDGE('',*,*,#6967,.F.);
#5158=ORIENTED_EDGE('',*,*,#6968,.F.);
#5159=ORIENTED_EDGE('',*,*,#6969,.T.);
#5160=ORIENTED_EDGE('',*,*,#6444,.F.);
#5161=ORIENTED_EDGE('',*,*,#6969,.F.);
#5162=ORIENTED_EDGE('',*,*,#6970,.F.);
#5163=ORIENTED_EDGE('',*,*,#6971,.T.);
#5164=ORIENTED_EDGE('',*,*,#6445,.F.);
#5165=ORIENTED_EDGE('',*,*,#6971,.F.);
#5166=ORIENTED_EDGE('',*,*,#6972,.F.);
#5167=ORIENTED_EDGE('',*,*,#6973,.T.);
#5168=ORIENTED_EDGE('',*,*,#6446,.F.);
#5169=ORIENTED_EDGE('',*,*,#6973,.F.);
#5170=ORIENTED_EDGE('',*,*,#6974,.F.);
#5171=ORIENTED_EDGE('',*,*,#6975,.T.);
#5172=CARTESIAN_POINT('',(-1.00396983892588,-0.800000000000002,25.6770799773032));
#5173=CARTESIAN_POINT('',(-0.827732550009016,-0.800000000000002,25.9253749332428));
#5174=CARTESIAN_POINT('',(-0.827732550009017,-0.800000000000002,26.3619374332428));
#5175=ORIENTED_EDGE('',*,*,#6447,.F.);
#5176=ORIENTED_EDGE('',*,*,#6975,.F.);
#5177=ORIENTED_EDGE('',*,*,#6976,.F.);
#5178=ORIENTED_EDGE('',*,*,#6977,.T.);
#5179=CARTESIAN_POINT('',(-1.49654959846913,-0.800000000000002,25.4367639035131));
#5180=CARTESIAN_POINT('',(-1.17615571447584,-0.800000000000002,25.4367639035131));
#5181=CARTESIAN_POINT('',(-1.00396983892588,-0.800000000000002,25.6770799773032));
#5182=ORIENTED_EDGE('',*,*,#6448,.F.);
#5183=ORIENTED_EDGE('',*,*,#6977,.F.);
#5184=ORIENTED_EDGE('',*,*,#6978,.F.);
#5185=ORIENTED_EDGE('',*,*,#6979,.T.);
#5186=CARTESIAN_POINT('',(-2.01318990867233,-0.800000000000002,25.6770799773032));
#5187=CARTESIAN_POINT('',(-1.82897373760597,-0.800000000000002,25.4367639035131));
#5188=CARTESIAN_POINT('',(-1.49654959846913,-0.800000000000002,25.4367639035131));
#5189=ORIENTED_EDGE('',*,*,#6449,.F.);
#5190=ORIENTED_EDGE('',*,*,#6979,.F.);
#5191=ORIENTED_EDGE('',*,*,#6980,.F.);
#5192=ORIENTED_EDGE('',*,*,#6981,.T.);
#5193=CARTESIAN_POINT('',(-2.19740603936585,-0.800000000000002,26.3699162346466));
#5194=CARTESIAN_POINT('',(-2.19740603936585,-0.800000000000002,25.9093759079128));
#5195=CARTESIAN_POINT('',(-2.01318990867233,-0.800000000000002,25.6770799773032));
#5196=ORIENTED_EDGE('',*,*,#6450,.F.);
#5197=ORIENTED_EDGE('',*,*,#6981,.F.);
#5198=ORIENTED_EDGE('',*,*,#6982,.F.);
#5199=ORIENTED_EDGE('',*,*,#6983,.T.);
#5200=CARTESIAN_POINT('',(-2.17739694244563,-0.800000000000002,26.7083348910262));
#5201=CARTESIAN_POINT('',(-2.19740603936585,-0.800000000000002,26.5261030848666));
#5202=CARTESIAN_POINT('',(-2.19740603936585,-0.800000000000002,26.3699162346466));
#5203=ORIENTED_EDGE('',*,*,#6451,.F.);
#5204=ORIENTED_EDGE('',*,*,#6983,.F.);
#5205=ORIENTED_EDGE('',*,*,#6984,.F.);
#5206=ORIENTED_EDGE('',*,*,#6985,.T.);
#5207=CARTESIAN_POINT('',(-2.11331815757241,-0.800000000000002,27.0828029710597));
#5208=CARTESIAN_POINT('',(-2.15738780515258,-0.800000000000002,26.8905666568129));
#5209=CARTESIAN_POINT('',(-2.17739694244563,-0.800000000000002,26.7083348910262));
#5210=ORIENTED_EDGE('',*,*,#6452,.F.);
#5211=ORIENTED_EDGE('',*,*,#6985,.F.);
#5212=ORIENTED_EDGE('',*,*,#6986,.F.);
#5213=ORIENTED_EDGE('',*,*,#6987,.T.);
#5214=CARTESIAN_POINT('',(-2.0111848728772,-0.800000000000002,27.4672756399262));
#5215=CARTESIAN_POINT('',(-2.07325858158248,-0.800000000000002,27.263009030163));
#5216=CARTESIAN_POINT('',(-2.11331815757241,-0.800000000000002,27.0828029710597));
#5217=ORIENTED_EDGE('',*,*,#6453,.F.);
#5218=ORIENTED_EDGE('',*,*,#6987,.F.);
#5219=ORIENTED_EDGE('',*,*,#6988,.F.);
#5220=ORIENTED_EDGE('',*,*,#6989,.T.);
#5221=CARTESIAN_POINT('',(-1.8690333135959,-0.800000000000002,27.8797775892663));
#5222=CARTESIAN_POINT('',(-1.9491111237991,-0.800000000000002,27.6715422496895));
#5223=CARTESIAN_POINT('',(-2.0111848728772,-0.800000000000002,27.4672756399262));
#5224=ORIENTED_EDGE('',*,*,#6454,.F.);
#5225=ORIENTED_EDGE('',*,*,#6989,.F.);
#5226=ORIENTED_EDGE('',*,*,#6990,.F.);
#5227=ORIENTED_EDGE('',*,*,#6991,.T.);
#5228=ORIENTED_EDGE('',*,*,#6455,.F.);
#5229=ORIENTED_EDGE('',*,*,#6991,.F.);
#5230=ORIENTED_EDGE('',*,*,#6992,.F.);
#5231=ORIENTED_EDGE('',*,*,#6993,.T.);
#5232=CARTESIAN_POINT('',(-3.13456848246241,-0.800000000000002,27.0668039457298));
#5233=CARTESIAN_POINT('',(-3.06647962599895,-0.800000000000002,27.4632655279632));
#5234=CARTESIAN_POINT('',(-2.94233216821557,-0.800000000000002,27.8797775892663));
#5235=ORIENTED_EDGE('',*,*,#6456,.F.);
#5236=ORIENTED_EDGE('',*,*,#6993,.F.);
#5237=ORIENTED_EDGE('',*,*,#6994,.F.);
#5238=ORIENTED_EDGE('',*,*,#6995,.T.);
#5239=CARTESIAN_POINT('',(-3.19864726733564,-0.800000000000002,26.3018273781832));
#5240=CARTESIAN_POINT('',(-3.19864726733564,-0.800000000000002,26.6703010217197));
#5241=CARTESIAN_POINT('',(-3.13456848246241,-0.800000000000002,27.0668039457298));
#5242=ORIENTED_EDGE('',*,*,#6457,.F.);
#5243=ORIENTED_EDGE('',*,*,#6995,.F.);
#5244=ORIENTED_EDGE('',*,*,#6996,.F.);
#5245=ORIENTED_EDGE('',*,*,#6997,.T.);
#5246=CARTESIAN_POINT('',(-2.78614531799559,-0.800000000000002,24.8240467981496));
#5247=CARTESIAN_POINT('',(-3.19864726733564,-0.800000000000002,25.3446558381664));
#5248=CARTESIAN_POINT('',(-3.19864726733564,-0.800000000000002,26.3018273781832));
#5249=ORIENTED_EDGE('',*,*,#6458,.F.);
#5250=ORIENTED_EDGE('',*,*,#6997,.F.);
#5251=ORIENTED_EDGE('',*,*,#6998,.F.);
#5252=ORIENTED_EDGE('',*,*,#6999,.T.);
#5253=CARTESIAN_POINT('',(-1.64872637709887,-0.800000000000001,24.2953762328028));
#5254=CARTESIAN_POINT('',(-2.37364336865554,-0.800000000000001,24.2953762328028));
#5255=CARTESIAN_POINT('',(-2.78614531799559,-0.800000000000002,24.8240467981496));
#5256=ORIENTED_EDGE('',*,*,#6459,.F.);
#5257=ORIENTED_EDGE('',*,*,#6999,.F.);
#5258=ORIENTED_EDGE('',*,*,#7000,.F.);
#5259=ORIENTED_EDGE('',*,*,#7001,.T.);
#5260=CARTESIAN_POINT('',(-1.17615571447584,-0.800000000000001,24.3654701250614));
#5261=CARTESIAN_POINT('',(-1.39241123760597,-0.800000000000001,24.2953762328028));
#5262=CARTESIAN_POINT('',(-1.64872637709887,-0.800000000000001,24.2953762328028));
#5263=ORIENTED_EDGE('',*,*,#6460,.F.);
#5264=ORIENTED_EDGE('',*,*,#7001,.F.);
#5265=ORIENTED_EDGE('',*,*,#7002,.F.);
#5266=ORIENTED_EDGE('',*,*,#7003,.T.);
#5267=CARTESIAN_POINT('',(-0.779694132242428,-0.800000000000002,24.5997710914661));
#5268=CARTESIAN_POINT('',(-0.959900191345706,-0.800000000000001,24.4355640576928));
#5269=CARTESIAN_POINT('',(-1.17615571447584,-0.800000000000001,24.3654701250614));
#5270=ORIENTED_EDGE('',*,*,#6461,.F.);
#5271=ORIENTED_EDGE('',*,*,#7003,.F.);
#5272=ORIENTED_EDGE('',*,*,#7004,.F.);
#5273=ORIENTED_EDGE('',*,*,#7005,.T.);
#5274=CARTESIAN_POINT('',(-0.335111448689111,-0.800000000000002,25.4688032959497));
#5275=CARTESIAN_POINT('',(-0.439249809552263,-0.800000000000002,24.90412456798));
#5276=CARTESIAN_POINT('',(-0.779694132242428,-0.800000000000002,24.5997710914661));
#5277=ORIENTED_EDGE('',*,*,#6462,.F.);
#5278=ORIENTED_EDGE('',*,*,#7005,.F.);
#5279=ORIENTED_EDGE('',*,*,#7006,.F.);
#5280=ORIENTED_EDGE('',*,*,#7007,.T.);
#5281=CARTESIAN_POINT('',(0.173508677960771,-0.800000000000002,24.4916226186399));
#5282=CARTESIAN_POINT('',(-0.2229942460493,-0.800000000000002,24.8280155279632));
#5283=CARTESIAN_POINT('',(-0.335111448689111,-0.800000000000002,25.4688032959497));
#5284=ORIENTED_EDGE('',*,*,#6463,.F.);
#5285=ORIENTED_EDGE('',*,*,#7007,.F.);
#5286=ORIENTED_EDGE('',*,*,#7008,.F.);
#5287=ORIENTED_EDGE('',*,*,#7009,.T.);
#5288=CARTESIAN_POINT('',(1.23080846687763,-0.800000000000001,24.1551884079128));
#5289=CARTESIAN_POINT('',(0.56596014823111,-0.800000000000001,24.1551884079128));
#5290=CARTESIAN_POINT('',(0.173508677960771,-0.800000000000002,24.4916226186399));
#5291=ORIENTED_EDGE('',*,*,#6464,.F.);
#5292=ORIENTED_EDGE('',*,*,#7009,.F.);
#5293=ORIENTED_EDGE('',*,*,#7010,.F.);
#5294=ORIENTED_EDGE('',*,*,#7011,.T.);
#5295=CARTESIAN_POINT('',(2.54640776019418,-0.800000000000002,24.7078781821429));
#5296=CARTESIAN_POINT('',(2.08785175799434,-0.800000000000001,24.1551884079128));
#5297=CARTESIAN_POINT('',(1.23080846687763,-0.800000000000001,24.1551884079128));
#5298=ORIENTED_EDGE('',*,*,#6465,.F.);
#5299=ORIENTED_EDGE('',*,*,#7011,.F.);
#5300=ORIENTED_EDGE('',*,*,#7012,.F.);
#5301=ORIENTED_EDGE('',*,*,#7013,.T.);
#5302=CARTESIAN_POINT('',(3.00496376239403,-0.800000000000002,26.3378768825828));
#5303=CARTESIAN_POINT('',(3.00496376239403,-0.800000000000002,25.2605679563729));
#5304=CARTESIAN_POINT('',(2.54640776019418,-0.800000000000002,24.7078781821429));
#5305=ORIENTED_EDGE('',*,*,#6466,.F.);
#5306=ORIENTED_EDGE('',*,*,#7013,.F.);
#5307=ORIENTED_EDGE('',*,*,#7014,.F.);
#5308=ORIENTED_EDGE('',*,*,#7015,.T.);
#5309=CARTESIAN_POINT('',(2.9869596608961,-0.800000000000002,26.7744393825828));
#5310=CARTESIAN_POINT('',(3.00496376239403,-0.800000000000002,26.5501636355266));
#5311=CARTESIAN_POINT('',(3.00496376239403,-0.800000000000002,26.3378768825828));
#5312=ORIENTED_EDGE('',*,*,#6467,.F.);
#5313=ORIENTED_EDGE('',*,*,#7015,.F.);
#5314=ORIENTED_EDGE('',*,*,#7016,.F.);
#5315=ORIENTED_EDGE('',*,*,#7017,.T.);
#5316=CARTESIAN_POINT('',(2.92889602378107,-0.800000000000002,27.2189807243595));
#5317=CARTESIAN_POINT('',(2.968955599771,-0.800000000000002,26.9987150892663));
#5318=CARTESIAN_POINT('',(2.9869596608961,-0.800000000000002,26.7744393825828));
#5319=ORIENTED_EDGE('',*,*,#6468,.F.);
#5320=ORIENTED_EDGE('',*,*,#7017,.F.);
#5321=ORIENTED_EDGE('',*,*,#7018,.F.);
#5322=ORIENTED_EDGE('',*,*,#7019,.T.);
#5323=CARTESIAN_POINT('',(2.8387723233411,-0.800000000000002,27.6354720744015));
#5324=CARTESIAN_POINT('',(2.89284655975421,-0.800000000000002,27.4232059519732));
#5325=CARTESIAN_POINT('',(2.92889602378107,-0.800000000000002,27.2189807243595));
#5326=ORIENTED_EDGE('',*,*,#6469,.F.);
#5327=ORIENTED_EDGE('',*,*,#7019,.F.);
#5328=ORIENTED_EDGE('',*,*,#7020,.F.);
#5329=ORIENTED_EDGE('',*,*,#7021,.T.);
#5330=CARTESIAN_POINT('',(2.70863042906069,-0.800000000000002,28.0600249901462));
#5331=CARTESIAN_POINT('',(2.78469812730082,-0.800000000000002,27.8477381968297));
#5332=CARTESIAN_POINT('',(2.8387723233411,-0.800000000000002,27.6354720744015));
#5333=ORIENTED_EDGE('',*,*,#6470,.F.);
#5334=ORIENTED_EDGE('',*,*,#7021,.F.);
#5335=ORIENTED_EDGE('',*,*,#7022,.F.);
#5336=ORIENTED_EDGE('',*,*,#7023,.T.);
#5337=ORIENTED_EDGE('',*,*,#6471,.F.);
#5338=ORIENTED_EDGE('',*,*,#7023,.F.);
#5339=ORIENTED_EDGE('',*,*,#7024,.F.);
#5340=ORIENTED_EDGE('',*,*,#7025,.T.);
#5341=CARTESIAN_POINT('',(1.8956154437475,-0.800000000000002,27.247010004833));
#5342=CARTESIAN_POINT('',(1.80350737840074,-0.800000000000002,27.6835311630564));
#5343=CARTESIAN_POINT('',(1.61127102378107,-0.800000000000002,28.0600249901462));
#5344=ORIENTED_EDGE('',*,*,#6472,.F.);
#5345=ORIENTED_EDGE('',*,*,#7025,.F.);
#5346=ORIENTED_EDGE('',*,*,#7026,.F.);
#5347=ORIENTED_EDGE('',*,*,#7027,.T.);
#5348=CARTESIAN_POINT('',(1.97170381287596,-0.800000000000002,26.7984585914661));
#5349=CARTESIAN_POINT('',(1.94766393310433,-0.800000000000002,27.0187241861865));
#5350=CARTESIAN_POINT('',(1.8956154437475,-0.800000000000002,27.247010004833));
#5351=ORIENTED_EDGE('',*,*,#6473,.F.);
#5352=ORIENTED_EDGE('',*,*,#7027,.F.);
#5353=ORIENTED_EDGE('',*,*,#7028,.F.);
#5354=ORIENTED_EDGE('',*,*,#7029,.T.);
#5355=CARTESIAN_POINT('',(1.99574369264758,-0.800000000000002,26.3939767853066));
#5356=CARTESIAN_POINT('',(1.99574369264758,-0.800000000000002,26.5781929563729));
#5357=CARTESIAN_POINT('',(1.97170381287596,-0.800000000000002,26.7984585914661));
#5358=ORIENTED_EDGE('',*,*,#6474,.F.);
#5359=ORIENTED_EDGE('',*,*,#7029,.F.);
#5360=ORIENTED_EDGE('',*,*,#7030,.F.);
#5361=ORIENTED_EDGE('',*,*,#7031,.T.);
#5362=CARTESIAN_POINT('',(1.94367453240242,-0.800000000000002,25.9213854921681));
#5363=CARTESIAN_POINT('',(1.99574369264758,-0.800000000000002,26.1296415026332));
#5364=CARTESIAN_POINT('',(1.99574369264758,-0.800000000000002,26.3939767853066));
#5365=ORIENTED_EDGE('',*,*,#6475,.F.);
#5366=ORIENTED_EDGE('',*,*,#7031,.F.);
#5367=ORIENTED_EDGE('',*,*,#7032,.F.);
#5368=ORIENTED_EDGE('',*,*,#7033,.T.);
#5369=CARTESIAN_POINT('',(1.77547805755437,-0.800000000000002,25.5649214732596));
#5370=CARTESIAN_POINT('',(1.89160533178443,-0.800000000000002,25.7131294817029));
#5371=CARTESIAN_POINT('',(1.94367453240242,-0.800000000000002,25.9213854921681));
#5372=ORIENTED_EDGE('',*,*,#6476,.F.);
#5373=ORIENTED_EDGE('',*,*,#7033,.F.);
#5374=ORIENTED_EDGE('',*,*,#7034,.F.);
#5375=ORIENTED_EDGE('',*,*,#7035,.T.);
#5376=CARTESIAN_POINT('',(1.14667924330753,-0.800000000000002,25.2885972368465));
#5377=CARTESIAN_POINT('',(1.55120235087092,-0.800000000000002,25.2885972368465));
#5378=CARTESIAN_POINT('',(1.77547805755437,-0.800000000000002,25.5649214732596));
#5379=ORIENTED_EDGE('',*,*,#6477,.F.);
#5380=ORIENTED_EDGE('',*,*,#7035,.F.);
#5381=ORIENTED_EDGE('',*,*,#7036,.F.);
#5382=ORIENTED_EDGE('',*,*,#7037,.T.);
#5383=CARTESIAN_POINT('',(0.461863169517446,-0.800000000000002,25.5689315448498));
#5384=CARTESIAN_POINT('',(0.718178268637509,-0.800000000000002,25.2885972368465));
#5385=CARTESIAN_POINT('',(1.14667924330753,-0.800000000000002,25.2885972368465));
#5386=ORIENTED_EDGE('',*,*,#6478,.F.);
#5387=ORIENTED_EDGE('',*,*,#7037,.F.);
#5388=ORIENTED_EDGE('',*,*,#7038,.F.);
#5389=ORIENTED_EDGE('',*,*,#6965,.T.);
#5390=CARTESIAN_POINT('',(0.279610732842386,-0.800000000000002,25.8993506481916));
#5391=CARTESIAN_POINT('',(0.345694553510731,-0.800000000000002,25.7010991861865));
#5392=CARTESIAN_POINT('',(0.461863169517446,-0.800000000000002,25.5689315448498));
#5393=ORIENTED_EDGE('',*,*,#6479,.F.);
#5394=ORIENTED_EDGE('',*,*,#7039,.F.);
#5395=ORIENTED_EDGE('',*,*,#7040,.F.);
#5396=ORIENTED_EDGE('',*,*,#7041,.T.);
#5397=ORIENTED_EDGE('',*,*,#6480,.F.);
#5398=ORIENTED_EDGE('',*,*,#7041,.F.);
#5399=ORIENTED_EDGE('',*,*,#7042,.F.);
#5400=ORIENTED_EDGE('',*,*,#7043,.T.);
#5401=ORIENTED_EDGE('',*,*,#6481,.F.);
#5402=ORIENTED_EDGE('',*,*,#7043,.F.);
#5403=ORIENTED_EDGE('',*,*,#7044,.F.);
#5404=ORIENTED_EDGE('',*,*,#7045,.T.);
#5405=ORIENTED_EDGE('',*,*,#6482,.F.);
#5406=ORIENTED_EDGE('',*,*,#7045,.F.);
#5407=ORIENTED_EDGE('',*,*,#7046,.F.);
#5408=ORIENTED_EDGE('',*,*,#7047,.T.);
#5409=ORIENTED_EDGE('',*,*,#6483,.F.);
#5410=ORIENTED_EDGE('',*,*,#7047,.F.);
#5411=ORIENTED_EDGE('',*,*,#7048,.F.);
#5412=ORIENTED_EDGE('',*,*,#7049,.T.);
#5413=ORIENTED_EDGE('',*,*,#6484,.F.);
#5414=ORIENTED_EDGE('',*,*,#7049,.F.);
#5415=ORIENTED_EDGE('',*,*,#7050,.F.);
#5416=ORIENTED_EDGE('',*,*,#7051,.T.);
#5417=ORIENTED_EDGE('',*,*,#6485,.F.);
#5418=ORIENTED_EDGE('',*,*,#7051,.F.);
#5419=ORIENTED_EDGE('',*,*,#7052,.F.);
#5420=ORIENTED_EDGE('',*,*,#7053,.T.);
#5421=ORIENTED_EDGE('',*,*,#6486,.F.);
#5422=ORIENTED_EDGE('',*,*,#7053,.F.);
#5423=ORIENTED_EDGE('',*,*,#7054,.F.);
#5424=ORIENTED_EDGE('',*,*,#7055,.T.);
#5425=ORIENTED_EDGE('',*,*,#6487,.F.);
#5426=ORIENTED_EDGE('',*,*,#7055,.F.);
#5427=ORIENTED_EDGE('',*,*,#7056,.F.);
#5428=ORIENTED_EDGE('',*,*,#7057,.T.);
#5429=ORIENTED_EDGE('',*,*,#6488,.F.);
#5430=ORIENTED_EDGE('',*,*,#7057,.F.);
#5431=ORIENTED_EDGE('',*,*,#7058,.F.);
#5432=ORIENTED_EDGE('',*,*,#7059,.T.);
#5433=ORIENTED_EDGE('',*,*,#6489,.F.);
#5434=ORIENTED_EDGE('',*,*,#7059,.F.);
#5435=ORIENTED_EDGE('',*,*,#7060,.F.);
#5436=ORIENTED_EDGE('',*,*,#7039,.T.);
#5437=ORIENTED_EDGE('',*,*,#6490,.F.);
#5438=ORIENTED_EDGE('',*,*,#7061,.F.);
#5439=ORIENTED_EDGE('',*,*,#7062,.F.);
#5440=ORIENTED_EDGE('',*,*,#7063,.T.);
#5441=CARTESIAN_POINT('',(33.0611600227744,-0.800000000000002,26.7944484795031));
#5442=CARTESIAN_POINT('',(33.0771797189927,-0.800000000000002,26.5982020532932));
#5443=CARTESIAN_POINT('',(33.0771797189927,-0.800000000000002,26.4260161777432));
#5444=ORIENTED_EDGE('',*,*,#6491,.F.);
#5445=ORIENTED_EDGE('',*,*,#7063,.F.);
#5446=ORIENTED_EDGE('',*,*,#7064,.F.);
#5447=ORIENTED_EDGE('',*,*,#7065,.T.);
#5448=CARTESIAN_POINT('',(33.0131009341195,-0.800000000000002,27.1869413319229));
#5449=CARTESIAN_POINT('',(33.0451403265561,-0.800000000000002,26.990694905713));
#5450=CARTESIAN_POINT('',(33.0611600227744,-0.800000000000002,26.7944484795031));
#5451=ORIENTED_EDGE('',*,*,#6492,.F.);
#5452=ORIENTED_EDGE('',*,*,#7065,.F.);
#5453=ORIENTED_EDGE('',*,*,#7066,.F.);
#5454=ORIENTED_EDGE('',*,*,#7067,.T.);
#5455=CARTESIAN_POINT('',(32.9309974172328,-0.800000000000002,27.5894387328028));
#5456=CARTESIAN_POINT('',(32.9810615416828,-0.800000000000002,27.387197829723));
#5457=CARTESIAN_POINT('',(33.0131009341195,-0.800000000000002,27.1869413319229));
#5458=ORIENTED_EDGE('',*,*,#6493,.F.);
#5459=ORIENTED_EDGE('',*,*,#7067,.F.);
#5460=ORIENTED_EDGE('',*,*,#7068,.F.);
#5461=ORIENTED_EDGE('',*,*,#7069,.T.);
#5462=CARTESIAN_POINT('',(32.8208645794998,-0.800000000000002,27.9879260217197));
#5463=CARTESIAN_POINT('',(32.8809332927828,-0.800000000000002,27.7916795955098));
#5464=CARTESIAN_POINT('',(32.9309974172328,-0.800000000000002,27.5894387328028));
#5465=ORIENTED_EDGE('',*,*,#6494,.F.);
#5466=ORIENTED_EDGE('',*,*,#7069,.F.);
#5467=ORIENTED_EDGE('',*,*,#7070,.F.);
#5468=ORIENTED_EDGE('',*,*,#7071,.T.);
#5469=ORIENTED_EDGE('',*,*,#6495,.F.);
#5470=ORIENTED_EDGE('',*,*,#7071,.F.);
#5471=ORIENTED_EDGE('',*,*,#7072,.F.);
#5472=ORIENTED_EDGE('',*,*,#7073,.T.);
#5473=CARTESIAN_POINT('',(31.8997425438827,-0.800000000000002,27.6474816990295));
#5474=CARTESIAN_POINT('',(31.8436839425628,-0.800000000000002,27.8076786208398));
#5475=CARTESIAN_POINT('',(31.7555859488063,-0.800000000000002,27.9879260217197));
#5476=ORIENTED_EDGE('',*,*,#6496,.F.);
#5477=ORIENTED_EDGE('',*,*,#7073,.F.);
#5478=ORIENTED_EDGE('',*,*,#7074,.F.);
#5479=ORIENTED_EDGE('',*,*,#7075,.T.);
#5480=CARTESIAN_POINT('',(31.9998707927828,-0.800000000000002,27.3030686061529));
#5481=CARTESIAN_POINT('',(31.9558011048298,-0.800000000000002,27.4872847368465));
#5482=CARTESIAN_POINT('',(31.8997425438827,-0.800000000000002,27.6474816990295));
#5483=ORIENTED_EDGE('',*,*,#6497,.F.);
#5484=ORIENTED_EDGE('',*,*,#7075,.F.);
#5485=ORIENTED_EDGE('',*,*,#7076,.F.);
#5486=ORIENTED_EDGE('',*,*,#7077,.T.);
#5487=CARTESIAN_POINT('',(32.0839586745762,-0.800000000000002,26.6062222368465));
#5488=CARTESIAN_POINT('',(32.0839586745762,-0.800000000000002,26.9666756968297));
#5489=CARTESIAN_POINT('',(31.9998707927828,-0.800000000000002,27.3030686061529));
#5490=ORIENTED_EDGE('',*,*,#6498,.F.);
#5491=ORIENTED_EDGE('',*,*,#7077,.F.);
#5492=ORIENTED_EDGE('',*,*,#7078,.F.);
#5493=ORIENTED_EDGE('',*,*,#7079,.T.);
#5494=CARTESIAN_POINT('',(31.8156546217164,-0.800000000000002,25.6530607684199));
#5495=CARTESIAN_POINT('',(32.0839586745762,-0.800000000000002,25.969444580823));
#5496=CARTESIAN_POINT('',(32.0839586745762,-0.800000000000002,26.6062222368465));
#5497=ORIENTED_EDGE('',*,*,#6499,.F.);
#5498=ORIENTED_EDGE('',*,*,#7079,.F.);
#5499=ORIENTED_EDGE('',*,*,#7080,.F.);
#5500=ORIENTED_EDGE('',*,*,#7081,.T.);
#5501=CARTESIAN_POINT('',(31.058698278096,-0.800000000000002,25.3286568128364));
#5502=CARTESIAN_POINT('',(31.5432991554897,-0.800000000000002,25.3286568128364));
#5503=CARTESIAN_POINT('',(31.8156546217164,-0.800000000000002,25.6530607684199));
#5504=ORIENTED_EDGE('',*,*,#6500,.F.);
#5505=ORIENTED_EDGE('',*,*,#7081,.F.);
#5506=ORIENTED_EDGE('',*,*,#7082,.F.);
#5507=ORIENTED_EDGE('',*,*,#7083,.T.);
#5508=CARTESIAN_POINT('',(30.2797483919028,-0.800000000000002,25.6430355490715));
#5509=CARTESIAN_POINT('',(30.5500781514461,-0.800000000000002,25.3286568128364));
#5510=CARTESIAN_POINT('',(31.058698278096,-0.800000000000002,25.3286568128364));
#5511=ORIENTED_EDGE('',*,*,#6501,.F.);
#5512=ORIENTED_EDGE('',*,*,#7083,.F.);
#5513=ORIENTED_EDGE('',*,*,#7084,.F.);
#5514=ORIENTED_EDGE('',*,*,#7085,.T.);
#5515=CARTESIAN_POINT('',(30.0094186323596,-0.800000000000002,26.5261030848666));
#5516=CARTESIAN_POINT('',(30.0094186323596,-0.800000000000002,25.9574142853066));
#5517=CARTESIAN_POINT('',(30.2797483919028,-0.800000000000002,25.6430355490715));
#5518=ORIENTED_EDGE('',*,*,#6502,.F.);
#5519=ORIENTED_EDGE('',*,*,#7085,.F.);
#5520=ORIENTED_EDGE('',*,*,#7086,.F.);
#5521=ORIENTED_EDGE('',*,*,#7087,.T.);
#5522=CARTESIAN_POINT('',(30.027443364373,-0.800000000000002,26.8244828361446));
#5523=CARTESIAN_POINT('',(30.0094186323596,-0.800000000000002,26.6662909097566));
#5524=CARTESIAN_POINT('',(30.0094186323596,-0.800000000000002,26.5261030848666));
#5525=ORIENTED_EDGE('',*,*,#6503,.F.);
#5526=ORIENTED_EDGE('',*,*,#7087,.F.);
#5527=ORIENTED_EDGE('',*,*,#7088,.F.);
#5528=ORIENTED_EDGE('',*,*,#7089,.T.);
#5529=CARTESIAN_POINT('',(30.0855276723764,-0.800000000000002,27.1428716439699));
#5530=CARTESIAN_POINT('',(30.0454680963864,-0.800000000000002,26.9826747221597));
#5531=CARTESIAN_POINT('',(30.027443364373,-0.800000000000002,26.8244828361446));
#5532=ORIENTED_EDGE('',*,*,#6504,.F.);
#5533=ORIENTED_EDGE('',*,*,#7089,.F.);
#5534=ORIENTED_EDGE('',*,*,#7090,.F.);
#5535=ORIENTED_EDGE('',*,*,#7091,.T.);
#5536=CARTESIAN_POINT('',(30.1896246914629,-0.800000000000002,27.4772801883864));
#5537=CARTESIAN_POINT('',(30.1255459065896,-0.800000000000002,27.3070786777432));
#5538=CARTESIAN_POINT('',(30.0855276723764,-0.800000000000002,27.1428716439699));
#5539=ORIENTED_EDGE('',*,*,#6505,.F.);
#5540=ORIENTED_EDGE('',*,*,#7091,.F.);
#5541=ORIENTED_EDGE('',*,*,#7092,.F.);
#5542=ORIENTED_EDGE('',*,*,#7093,.T.);
#5543=CARTESIAN_POINT('',(30.3217923327996,-0.800000000000002,27.7876695239195));
#5544=CARTESIAN_POINT('',(30.2537034763361,-0.800000000000002,27.6474816990295));
#5545=CARTESIAN_POINT('',(30.1896246914629,-0.800000000000002,27.4772801883864));
#5546=ORIENTED_EDGE('',*,*,#6506,.F.);
#5547=ORIENTED_EDGE('',*,*,#7093,.F.);
#5548=ORIENTED_EDGE('',*,*,#7094,.F.);
#5549=ORIENTED_EDGE('',*,*,#7095,.T.);
#5550=ORIENTED_EDGE('',*,*,#6507,.F.);
#5551=ORIENTED_EDGE('',*,*,#7095,.F.);
#5552=ORIENTED_EDGE('',*,*,#7096,.F.);
#5553=ORIENTED_EDGE('',*,*,#7097,.T.);
#5554=ORIENTED_EDGE('',*,*,#6508,.F.);
#5555=ORIENTED_EDGE('',*,*,#7097,.F.);
#5556=ORIENTED_EDGE('',*,*,#7098,.F.);
#5557=ORIENTED_EDGE('',*,*,#7099,.T.);
#5558=ORIENTED_EDGE('',*,*,#6509,.F.);
#5559=ORIENTED_EDGE('',*,*,#7099,.F.);
#5560=ORIENTED_EDGE('',*,*,#7100,.F.);
#5561=ORIENTED_EDGE('',*,*,#7101,.T.);
#5562=ORIENTED_EDGE('',*,*,#6510,.F.);
#5563=ORIENTED_EDGE('',*,*,#7101,.F.);
#5564=ORIENTED_EDGE('',*,*,#7102,.F.);
#5565=ORIENTED_EDGE('',*,*,#7103,.T.);
#5566=ORIENTED_EDGE('',*,*,#6511,.F.);
#5567=ORIENTED_EDGE('',*,*,#7103,.F.);
#5568=ORIENTED_EDGE('',*,*,#7104,.F.);
#5569=ORIENTED_EDGE('',*,*,#7105,.T.);
#5570=CARTESIAN_POINT('',(29.0903015921648,-0.800000000000002,26.7023404141563));
#5571=CARTESIAN_POINT('',(29.116325877216,-0.800000000000002,26.7904384079128));
#5572=CARTESIAN_POINT('',(29.132324902546,-0.800000000000002,26.8304979435299));
#5573=ORIENTED_EDGE('',*,*,#6512,.F.);
#5574=ORIENTED_EDGE('',*,*,#7105,.F.);
#5575=ORIENTED_EDGE('',*,*,#7106,.F.);
#5576=ORIENTED_EDGE('',*,*,#7107,.T.);
#5577=CARTESIAN_POINT('',(29.0482369803797,-0.800000000000002,26.522134355053));
#5578=CARTESIAN_POINT('',(29.0642773474864,-0.800000000000002,26.6142424203998));
#5579=CARTESIAN_POINT('',(29.0903015921648,-0.800000000000002,26.7023404141563));
#5580=ORIENTED_EDGE('',*,*,#6513,.F.);
#5581=ORIENTED_EDGE('',*,*,#7107,.F.);
#5582=ORIENTED_EDGE('',*,*,#7108,.F.);
#5583=ORIENTED_EDGE('',*,*,#7109,.T.);
#5584=CARTESIAN_POINT('',(29.0302122483663,-0.800000000000002,26.3499071377264));
#5585=CARTESIAN_POINT('',(29.0362067252362,-0.800000000000002,26.4500353866265));
#5586=CARTESIAN_POINT('',(29.0482369803797,-0.800000000000002,26.522134355053));
#5587=ORIENTED_EDGE('',*,*,#6514,.F.);
#5588=ORIENTED_EDGE('',*,*,#7109,.F.);
#5589=ORIENTED_EDGE('',*,*,#7110,.F.);
#5590=ORIENTED_EDGE('',*,*,#7111,.T.);
#5591=CARTESIAN_POINT('',(29.0242177714964,-0.800000000000002,26.1656910070329));
#5592=CARTESIAN_POINT('',(29.0242177714964,-0.800000000000002,26.2497788888263));
#5593=CARTESIAN_POINT('',(29.0302122483663,-0.800000000000002,26.3499071377264));
#5594=ORIENTED_EDGE('',*,*,#6515,.F.);
#5595=ORIENTED_EDGE('',*,*,#7111,.F.);
#5596=ORIENTED_EDGE('',*,*,#7112,.F.);
#5597=ORIENTED_EDGE('',*,*,#7113,.T.);
#5598=CARTESIAN_POINT('',(29.1663900016661,-0.800000000000002,25.368695717938));
#5599=CARTESIAN_POINT('',(29.0242177714964,-0.800000000000002,25.7411587621764));
#5600=CARTESIAN_POINT('',(29.0242177714964,-0.800000000000002,26.1656910070329));
#5601=ORIENTED_EDGE('',*,*,#6516,.F.);
#5602=ORIENTED_EDGE('',*,*,#7113,.F.);
#5603=ORIENTED_EDGE('',*,*,#7114,.F.);
#5604=ORIENTED_EDGE('',*,*,#7115,.T.);
#5605=CARTESIAN_POINT('',(29.5808763159129,-0.800000000000002,24.7279286208398));
#5606=CARTESIAN_POINT('',(29.3085621914629,-0.800000000000002,24.9962326736995));
#5607=CARTESIAN_POINT('',(29.1663900016661,-0.800000000000002,25.368695717938));
#5608=ORIENTED_EDGE('',*,*,#6517,.F.);
#5609=ORIENTED_EDGE('',*,*,#7115,.F.);
#5610=ORIENTED_EDGE('',*,*,#7116,.F.);
#5611=ORIENTED_EDGE('',*,*,#7117,.T.);
#5612=CARTESIAN_POINT('',(30.2176746428247,-0.800000000000001,24.3234261841647));
#5613=CARTESIAN_POINT('',(29.8452115985863,-0.800000000000001,24.4676034097566));
#5614=CARTESIAN_POINT('',(29.5808763159129,-0.800000000000002,24.7279286208398));
#5615=ORIENTED_EDGE('',*,*,#6518,.F.);
#5616=ORIENTED_EDGE('',*,*,#7117,.F.);
#5617=ORIENTED_EDGE('',*,*,#7118,.F.);
#5618=ORIENTED_EDGE('',*,*,#7119,.T.);
#5619=CARTESIAN_POINT('',(31.0507194363193,-0.800000000000001,24.1792489181999));
#5620=CARTESIAN_POINT('',(30.590137727436,-0.800000000000001,24.1792489181999));
#5621=CARTESIAN_POINT('',(30.2176746428247,-0.800000000000001,24.3234261841647));
#5622=ORIENTED_EDGE('',*,*,#6519,.F.);
#5623=ORIENTED_EDGE('',*,*,#7119,.F.);
#5624=ORIENTED_EDGE('',*,*,#7120,.F.);
#5625=ORIENTED_EDGE('',*,*,#7121,.T.);
#5626=CARTESIAN_POINT('',(32.5345151641111,-0.800000000000002,24.7699725617365));
#5627=CARTESIAN_POINT('',(31.9918506092295,-0.800000000000001,24.1792489181999));
#5628=CARTESIAN_POINT('',(31.0507194363193,-0.800000000000001,24.1792489181999));
#5629=ORIENTED_EDGE('',*,*,#6520,.F.);
#5630=ORIENTED_EDGE('',*,*,#7121,.F.);
#5631=ORIENTED_EDGE('',*,*,#7122,.F.);
#5632=ORIENTED_EDGE('',*,*,#7061,.T.);
#5633=CARTESIAN_POINT('',(33.0771797189927,-0.800000000000002,26.4260161777432));
#5634=CARTESIAN_POINT('',(33.0771797189927,-0.800000000000002,25.360696205273));
#5635=CARTESIAN_POINT('',(32.5345151641111,-0.800000000000002,24.7699725617365));
#5636=ORIENTED_EDGE('',*,*,#6641,.F.);
#5637=ORIENTED_EDGE('',*,*,#7123,.F.);
#5638=ORIENTED_EDGE('',*,*,#7124,.F.);
#5639=ORIENTED_EDGE('',*,*,#7125,.T.);
#5640=ORIENTED_EDGE('',*,*,#6642,.F.);
#5641=ORIENTED_EDGE('',*,*,#7125,.F.);
#5642=ORIENTED_EDGE('',*,*,#7126,.F.);
#5643=ORIENTED_EDGE('',*,*,#7127,.T.);
#5644=ORIENTED_EDGE('',*,*,#6643,.F.);
#5645=ORIENTED_EDGE('',*,*,#7127,.F.);
#5646=ORIENTED_EDGE('',*,*,#7128,.F.);
#5647=ORIENTED_EDGE('',*,*,#7129,.T.);
#5648=ORIENTED_EDGE('',*,*,#6644,.F.);
#5649=ORIENTED_EDGE('',*,*,#7129,.F.);
#5650=ORIENTED_EDGE('',*,*,#7130,.F.);
#5651=ORIENTED_EDGE('',*,*,#7131,.T.);
#5652=ORIENTED_EDGE('',*,*,#6645,.F.);
#5653=ORIENTED_EDGE('',*,*,#7131,.F.);
#5654=ORIENTED_EDGE('',*,*,#7132,.F.);
#5655=ORIENTED_EDGE('',*,*,#7133,.T.);
#5656=ORIENTED_EDGE('',*,*,#6646,.F.);
#5657=ORIENTED_EDGE('',*,*,#7133,.F.);
#5658=ORIENTED_EDGE('',*,*,#7134,.F.);
#5659=ORIENTED_EDGE('',*,*,#7135,.T.);
#5660=ORIENTED_EDGE('',*,*,#6647,.F.);
#5661=ORIENTED_EDGE('',*,*,#7135,.F.);
#5662=ORIENTED_EDGE('',*,*,#7136,.F.);
#5663=ORIENTED_EDGE('',*,*,#7137,.T.);
#5664=ORIENTED_EDGE('',*,*,#6648,.F.);
#5665=ORIENTED_EDGE('',*,*,#7137,.F.);
#5666=ORIENTED_EDGE('',*,*,#7138,.F.);
#5667=ORIENTED_EDGE('',*,*,#7123,.T.);
#5668=ORIENTED_EDGE('',*,*,#6664,.F.);
#5669=ORIENTED_EDGE('',*,*,#6659,.T.);
#5670=ORIENTED_EDGE('',*,*,#6705,.F.);
#5671=ORIENTED_EDGE('',*,*,#7139,.F.);
#5672=ORIENTED_EDGE('',*,*,#6668,.T.);
#5673=ORIENTED_EDGE('',*,*,#6663,.T.);
#5674=ORIENTED_EDGE('',*,*,#7140,.F.);
#5675=ORIENTED_EDGE('',*,*,#6693,.F.);
#5676=ORIENTED_EDGE('',*,*,#7139,.T.);
#5677=ORIENTED_EDGE('',*,*,#6704,.T.);
#5678=ORIENTED_EDGE('',*,*,#7141,.T.);
#5679=ORIENTED_EDGE('',*,*,#6665,.F.);
#5680=ORIENTED_EDGE('',*,*,#6666,.F.);
#5681=ORIENTED_EDGE('',*,*,#7141,.F.);
#5682=ORIENTED_EDGE('',*,*,#6703,.F.);
#5683=ORIENTED_EDGE('',*,*,#7142,.F.);
#5684=ORIENTED_EDGE('',*,*,#7143,.T.);
#5685=ORIENTED_EDGE('',*,*,#6667,.T.);
#5686=ORIENTED_EDGE('',*,*,#7142,.T.);
#5687=ORIENTED_EDGE('',*,*,#6702,.T.);
#5688=ORIENTED_EDGE('',*,*,#7144,.F.);
#5689=ORIENTED_EDGE('',*,*,#6706,.F.);
#5690=ORIENTED_EDGE('',*,*,#6699,.T.);
#5691=ORIENTED_EDGE('',*,*,#7145,.T.);
#5692=ORIENTED_EDGE('',*,*,#6694,.T.);
#5693=ORIENTED_EDGE('',*,*,#7140,.T.);
#5694=ORIENTED_EDGE('',*,*,#6662,.T.);
#5695=ORIENTED_EDGE('',*,*,#6696,.T.);
#5696=ORIENTED_EDGE('',*,*,#6695,.T.);
#5697=ORIENTED_EDGE('',*,*,#7145,.F.);
#5698=ORIENTED_EDGE('',*,*,#6698,.F.);
#5699=ORIENTED_EDGE('',*,*,#6697,.T.);
#5700=ORIENTED_EDGE('',*,*,#7146,.T.);
#5701=ORIENTED_EDGE('',*,*,#6708,.T.);
#5702=ORIENTED_EDGE('',*,*,#7147,.F.);
#5703=ORIENTED_EDGE('',*,*,#6709,.T.);
#5704=ORIENTED_EDGE('',*,*,#7148,.F.);
#5705=ORIENTED_EDGE('',*,*,#6783,.T.);
#5706=ORIENTED_EDGE('',*,*,#7149,.T.);
#5707=ORIENTED_EDGE('',*,*,#6784,.T.);
#5708=ORIENTED_EDGE('',*,*,#7150,.T.);
#5709=ORIENTED_EDGE('',*,*,#6785,.T.);
#5710=ORIENTED_EDGE('',*,*,#7151,.T.);
#5711=ORIENTED_EDGE('',*,*,#6787,.T.);
#5712=ORIENTED_EDGE('',*,*,#7152,.T.);
#5713=ORIENTED_EDGE('',*,*,#6812,.T.);
#5714=ORIENTED_EDGE('',*,*,#7153,.F.);
#5715=ORIENTED_EDGE('',*,*,#6813,.T.);
#5716=ORIENTED_EDGE('',*,*,#7154,.F.);
#5717=ORIENTED_EDGE('',*,*,#6814,.T.);
#5718=ORIENTED_EDGE('',*,*,#7155,.F.);
#5719=ORIENTED_EDGE('',*,*,#6816,.T.);
#5720=ORIENTED_EDGE('',*,*,#6830,.T.);
#5721=ORIENTED_EDGE('',*,*,#6828,.T.);
#5722=ORIENTED_EDGE('',*,*,#6826,.T.);
#5723=ORIENTED_EDGE('',*,*,#6824,.T.);
#5724=ORIENTED_EDGE('',*,*,#6822,.T.);
#5725=ORIENTED_EDGE('',*,*,#6820,.T.);
#5726=ORIENTED_EDGE('',*,*,#6818,.T.);
#5727=ORIENTED_EDGE('',*,*,#7156,.T.);
#5728=ORIENTED_EDGE('',*,*,#7157,.T.);
#5729=ORIENTED_EDGE('',*,*,#7158,.T.);
#5730=ORIENTED_EDGE('',*,*,#7159,.T.);
#5731=ORIENTED_EDGE('',*,*,#7160,.T.);
#5732=ORIENTED_EDGE('',*,*,#7161,.T.);
#5733=ORIENTED_EDGE('',*,*,#7162,.T.);
#5734=ORIENTED_EDGE('',*,*,#7163,.T.);
#5735=ORIENTED_EDGE('',*,*,#6832,.T.);
#5736=ORIENTED_EDGE('',*,*,#6846,.T.);
#5737=ORIENTED_EDGE('',*,*,#6844,.T.);
#5738=ORIENTED_EDGE('',*,*,#6842,.T.);
#5739=ORIENTED_EDGE('',*,*,#6840,.T.);
#5740=ORIENTED_EDGE('',*,*,#6838,.T.);
#5741=ORIENTED_EDGE('',*,*,#6836,.T.);
#5742=ORIENTED_EDGE('',*,*,#6834,.T.);
#5743=ORIENTED_EDGE('',*,*,#7164,.T.);
#5744=ORIENTED_EDGE('',*,*,#7165,.T.);
#5745=ORIENTED_EDGE('',*,*,#7166,.T.);
#5746=ORIENTED_EDGE('',*,*,#7167,.T.);
#5747=ORIENTED_EDGE('',*,*,#7168,.T.);
#5748=ORIENTED_EDGE('',*,*,#7169,.T.);
#5749=ORIENTED_EDGE('',*,*,#7170,.T.);
#5750=ORIENTED_EDGE('',*,*,#7171,.T.);
#5751=ORIENTED_EDGE('',*,*,#6848,.T.);
#5752=ORIENTED_EDGE('',*,*,#6862,.T.);
#5753=ORIENTED_EDGE('',*,*,#6860,.T.);
#5754=ORIENTED_EDGE('',*,*,#6858,.T.);
#5755=ORIENTED_EDGE('',*,*,#6856,.T.);
#5756=ORIENTED_EDGE('',*,*,#6854,.T.);
#5757=ORIENTED_EDGE('',*,*,#6852,.T.);
#5758=ORIENTED_EDGE('',*,*,#6850,.T.);
#5759=ORIENTED_EDGE('',*,*,#7172,.T.);
#5760=ORIENTED_EDGE('',*,*,#7173,.T.);
#5761=ORIENTED_EDGE('',*,*,#7174,.T.);
#5762=ORIENTED_EDGE('',*,*,#7175,.T.);
#5763=ORIENTED_EDGE('',*,*,#7176,.T.);
#5764=ORIENTED_EDGE('',*,*,#7177,.T.);
#5765=ORIENTED_EDGE('',*,*,#7178,.T.);
#5766=ORIENTED_EDGE('',*,*,#7179,.T.);
#5767=ORIENTED_EDGE('',*,*,#6864,.T.);
#5768=ORIENTED_EDGE('',*,*,#6878,.T.);
#5769=ORIENTED_EDGE('',*,*,#6876,.T.);
#5770=ORIENTED_EDGE('',*,*,#6874,.T.);
#5771=ORIENTED_EDGE('',*,*,#6872,.T.);
#5772=ORIENTED_EDGE('',*,*,#6870,.T.);
#5773=ORIENTED_EDGE('',*,*,#6868,.T.);
#5774=ORIENTED_EDGE('',*,*,#6866,.T.);
#5775=ORIENTED_EDGE('',*,*,#7180,.T.);
#5776=ORIENTED_EDGE('',*,*,#7181,.T.);
#5777=ORIENTED_EDGE('',*,*,#7182,.T.);
#5778=ORIENTED_EDGE('',*,*,#7183,.T.);
#5779=ORIENTED_EDGE('',*,*,#7184,.T.);
#5780=ORIENTED_EDGE('',*,*,#7185,.T.);
#5781=ORIENTED_EDGE('',*,*,#7186,.T.);
#5782=ORIENTED_EDGE('',*,*,#7187,.T.);
#5783=ORIENTED_EDGE('',*,*,#6880,.T.);
#5784=ORIENTED_EDGE('',*,*,#6900,.T.);
#5785=ORIENTED_EDGE('',*,*,#6898,.T.);
#5786=ORIENTED_EDGE('',*,*,#6896,.T.);
#5787=ORIENTED_EDGE('',*,*,#6894,.T.);
#5788=ORIENTED_EDGE('',*,*,#6892,.T.);
#5789=ORIENTED_EDGE('',*,*,#6890,.T.);
#5790=ORIENTED_EDGE('',*,*,#6888,.T.);
#5791=ORIENTED_EDGE('',*,*,#6886,.T.);
#5792=ORIENTED_EDGE('',*,*,#6884,.T.);
#5793=ORIENTED_EDGE('',*,*,#6882,.T.);
#5794=ORIENTED_EDGE('',*,*,#6902,.T.);
#5795=ORIENTED_EDGE('',*,*,#6964,.T.);
#5796=ORIENTED_EDGE('',*,*,#6962,.T.);
#5797=ORIENTED_EDGE('',*,*,#6960,.T.);
#5798=ORIENTED_EDGE('',*,*,#6958,.T.);
#5799=ORIENTED_EDGE('',*,*,#6956,.T.);
#5800=ORIENTED_EDGE('',*,*,#6954,.T.);
#5801=ORIENTED_EDGE('',*,*,#6952,.T.);
#5802=ORIENTED_EDGE('',*,*,#6950,.T.);
#5803=ORIENTED_EDGE('',*,*,#6948,.T.);
#5804=ORIENTED_EDGE('',*,*,#6946,.T.);
#5805=ORIENTED_EDGE('',*,*,#6944,.T.);
#5806=ORIENTED_EDGE('',*,*,#6942,.T.);
#5807=ORIENTED_EDGE('',*,*,#6940,.T.);
#5808=ORIENTED_EDGE('',*,*,#6938,.T.);
#5809=ORIENTED_EDGE('',*,*,#6936,.T.);
#5810=ORIENTED_EDGE('',*,*,#6934,.T.);
#5811=ORIENTED_EDGE('',*,*,#6932,.T.);
#5812=ORIENTED_EDGE('',*,*,#6930,.T.);
#5813=ORIENTED_EDGE('',*,*,#6928,.T.);
#5814=ORIENTED_EDGE('',*,*,#6926,.T.);
#5815=ORIENTED_EDGE('',*,*,#6924,.T.);
#5816=ORIENTED_EDGE('',*,*,#6922,.T.);
#5817=ORIENTED_EDGE('',*,*,#6920,.T.);
#5818=ORIENTED_EDGE('',*,*,#6918,.T.);
#5819=ORIENTED_EDGE('',*,*,#6916,.T.);
#5820=ORIENTED_EDGE('',*,*,#6914,.T.);
#5821=ORIENTED_EDGE('',*,*,#6912,.T.);
#5822=ORIENTED_EDGE('',*,*,#6910,.T.);
#5823=ORIENTED_EDGE('',*,*,#6908,.T.);
#5824=ORIENTED_EDGE('',*,*,#6906,.T.);
#5825=ORIENTED_EDGE('',*,*,#6904,.T.);
#5826=ORIENTED_EDGE('',*,*,#6966,.T.);
#5827=ORIENTED_EDGE('',*,*,#7038,.T.);
#5828=ORIENTED_EDGE('',*,*,#7036,.T.);
#5829=ORIENTED_EDGE('',*,*,#7034,.T.);
#5830=ORIENTED_EDGE('',*,*,#7032,.T.);
#5831=ORIENTED_EDGE('',*,*,#7030,.T.);
#5832=ORIENTED_EDGE('',*,*,#7028,.T.);
#5833=ORIENTED_EDGE('',*,*,#7026,.T.);
#5834=ORIENTED_EDGE('',*,*,#7024,.T.);
#5835=ORIENTED_EDGE('',*,*,#7022,.T.);
#5836=ORIENTED_EDGE('',*,*,#7020,.T.);
#5837=ORIENTED_EDGE('',*,*,#7018,.T.);
#5838=ORIENTED_EDGE('',*,*,#7016,.T.);
#5839=ORIENTED_EDGE('',*,*,#7014,.T.);
#5840=ORIENTED_EDGE('',*,*,#7012,.T.);
#5841=ORIENTED_EDGE('',*,*,#7010,.T.);
#5842=ORIENTED_EDGE('',*,*,#7008,.T.);
#5843=ORIENTED_EDGE('',*,*,#7006,.T.);
#5844=ORIENTED_EDGE('',*,*,#7004,.T.);
#5845=ORIENTED_EDGE('',*,*,#7002,.T.);
#5846=ORIENTED_EDGE('',*,*,#7000,.T.);
#5847=ORIENTED_EDGE('',*,*,#6998,.T.);
#5848=ORIENTED_EDGE('',*,*,#6996,.T.);
#5849=ORIENTED_EDGE('',*,*,#6994,.T.);
#5850=ORIENTED_EDGE('',*,*,#6992,.T.);
#5851=ORIENTED_EDGE('',*,*,#6990,.T.);
#5852=ORIENTED_EDGE('',*,*,#6988,.T.);
#5853=ORIENTED_EDGE('',*,*,#6986,.T.);
#5854=ORIENTED_EDGE('',*,*,#6984,.T.);
#5855=ORIENTED_EDGE('',*,*,#6982,.T.);
#5856=ORIENTED_EDGE('',*,*,#6980,.T.);
#5857=ORIENTED_EDGE('',*,*,#6978,.T.);
#5858=ORIENTED_EDGE('',*,*,#6976,.T.);
#5859=ORIENTED_EDGE('',*,*,#6974,.T.);
#5860=ORIENTED_EDGE('',*,*,#6972,.T.);
#5861=ORIENTED_EDGE('',*,*,#6970,.T.);
#5862=ORIENTED_EDGE('',*,*,#6968,.T.);
#5863=ORIENTED_EDGE('',*,*,#7060,.T.);
#5864=ORIENTED_EDGE('',*,*,#7058,.T.);
#5865=ORIENTED_EDGE('',*,*,#7056,.T.);
#5866=ORIENTED_EDGE('',*,*,#7054,.T.);
#5867=ORIENTED_EDGE('',*,*,#7052,.T.);
#5868=ORIENTED_EDGE('',*,*,#7050,.T.);
#5869=ORIENTED_EDGE('',*,*,#7048,.T.);
#5870=ORIENTED_EDGE('',*,*,#7046,.T.);
#5871=ORIENTED_EDGE('',*,*,#7044,.T.);
#5872=ORIENTED_EDGE('',*,*,#7042,.T.);
#5873=ORIENTED_EDGE('',*,*,#7040,.T.);
#5874=ORIENTED_EDGE('',*,*,#7188,.F.);
#5875=ORIENTED_EDGE('',*,*,#7189,.F.);
#5876=ORIENTED_EDGE('',*,*,#7190,.F.);
#5877=ORIENTED_EDGE('',*,*,#7062,.T.);
#5878=ORIENTED_EDGE('',*,*,#7122,.T.);
#5879=ORIENTED_EDGE('',*,*,#7120,.T.);
#5880=ORIENTED_EDGE('',*,*,#7118,.T.);
#5881=ORIENTED_EDGE('',*,*,#7116,.T.);
#5882=ORIENTED_EDGE('',*,*,#7114,.T.);
#5883=ORIENTED_EDGE('',*,*,#7112,.T.);
#5884=ORIENTED_EDGE('',*,*,#7110,.T.);
#5885=ORIENTED_EDGE('',*,*,#7108,.T.);
#5886=ORIENTED_EDGE('',*,*,#7106,.T.);
#5887=ORIENTED_EDGE('',*,*,#7104,.T.);
#5888=ORIENTED_EDGE('',*,*,#7102,.T.);
#5889=ORIENTED_EDGE('',*,*,#7100,.T.);
#5890=ORIENTED_EDGE('',*,*,#7098,.T.);
#5891=ORIENTED_EDGE('',*,*,#7096,.T.);
#5892=ORIENTED_EDGE('',*,*,#7094,.T.);
#5893=ORIENTED_EDGE('',*,*,#7092,.T.);
#5894=ORIENTED_EDGE('',*,*,#7090,.T.);
#5895=ORIENTED_EDGE('',*,*,#7088,.T.);
#5896=ORIENTED_EDGE('',*,*,#7086,.T.);
#5897=ORIENTED_EDGE('',*,*,#7084,.T.);
#5898=ORIENTED_EDGE('',*,*,#7082,.T.);
#5899=ORIENTED_EDGE('',*,*,#7080,.T.);
#5900=ORIENTED_EDGE('',*,*,#7078,.T.);
#5901=ORIENTED_EDGE('',*,*,#7076,.T.);
#5902=ORIENTED_EDGE('',*,*,#7074,.T.);
#5903=ORIENTED_EDGE('',*,*,#7072,.T.);
#5904=ORIENTED_EDGE('',*,*,#7070,.T.);
#5905=ORIENTED_EDGE('',*,*,#7068,.T.);
#5906=ORIENTED_EDGE('',*,*,#7066,.T.);
#5907=ORIENTED_EDGE('',*,*,#7064,.T.);
#5908=ORIENTED_EDGE('',*,*,#7124,.T.);
#5909=ORIENTED_EDGE('',*,*,#7138,.T.);
#5910=ORIENTED_EDGE('',*,*,#7136,.T.);
#5911=ORIENTED_EDGE('',*,*,#7134,.T.);
#5912=ORIENTED_EDGE('',*,*,#7132,.T.);
#5913=ORIENTED_EDGE('',*,*,#7130,.T.);
#5914=ORIENTED_EDGE('',*,*,#7128,.T.);
#5915=ORIENTED_EDGE('',*,*,#7126,.T.);
#5916=ORIENTED_EDGE('',*,*,#7191,.T.);
#5917=ORIENTED_EDGE('',*,*,#7192,.T.);
#5918=ORIENTED_EDGE('',*,*,#7193,.T.);
#5919=ORIENTED_EDGE('',*,*,#7194,.T.);
#5920=ORIENTED_EDGE('',*,*,#7195,.T.);
#5921=ORIENTED_EDGE('',*,*,#7196,.T.);
#5922=ORIENTED_EDGE('',*,*,#7197,.T.);
#5923=ORIENTED_EDGE('',*,*,#7198,.T.);
#5924=ORIENTED_EDGE('',*,*,#7199,.F.);
#5925=ORIENTED_EDGE('',*,*,#7146,.F.);
#5926=ORIENTED_EDGE('',*,*,#7147,.T.);
#5927=ORIENTED_EDGE('',*,*,#7148,.T.);
#5928=ORIENTED_EDGE('',*,*,#7200,.F.);
#5929=ORIENTED_EDGE('',*,*,#7149,.F.);
#5930=ORIENTED_EDGE('',*,*,#7201,.F.);
#5931=ORIENTED_EDGE('',*,*,#7150,.F.);
#5932=ORIENTED_EDGE('',*,*,#7202,.F.);
#5933=ORIENTED_EDGE('',*,*,#7151,.F.);
#5934=ORIENTED_EDGE('',*,*,#7203,.F.);
#5935=ORIENTED_EDGE('',*,*,#7152,.F.);
#5936=ORIENTED_EDGE('',*,*,#7153,.T.);
#5937=ORIENTED_EDGE('',*,*,#7154,.T.);
#5938=ORIENTED_EDGE('',*,*,#7155,.T.);
#5939=ORIENTED_EDGE('',*,*,#7204,.F.);
#5940=ORIENTED_EDGE('',*,*,#7205,.F.);
#5941=ORIENTED_EDGE('',*,*,#7156,.F.);
#5942=ORIENTED_EDGE('',*,*,#7206,.T.);
#5943=ORIENTED_EDGE('',*,*,#7207,.F.);
#5944=ORIENTED_EDGE('',*,*,#7208,.F.);
#5945=ORIENTED_EDGE('',*,*,#7157,.F.);
#5946=ORIENTED_EDGE('',*,*,#7205,.T.);
#5947=ORIENTED_EDGE('',*,*,#7209,.F.);
#5948=ORIENTED_EDGE('',*,*,#7210,.F.);
#5949=ORIENTED_EDGE('',*,*,#7158,.F.);
#5950=ORIENTED_EDGE('',*,*,#7208,.T.);
#5951=ORIENTED_EDGE('',*,*,#7211,.F.);
#5952=ORIENTED_EDGE('',*,*,#7212,.F.);
#5953=ORIENTED_EDGE('',*,*,#7159,.F.);
#5954=ORIENTED_EDGE('',*,*,#7210,.T.);
#5955=ORIENTED_EDGE('',*,*,#7213,.F.);
#5956=ORIENTED_EDGE('',*,*,#7214,.F.);
#5957=ORIENTED_EDGE('',*,*,#7160,.F.);
#5958=ORIENTED_EDGE('',*,*,#7212,.T.);
#5959=ORIENTED_EDGE('',*,*,#7215,.F.);
#5960=ORIENTED_EDGE('',*,*,#7216,.F.);
#5961=ORIENTED_EDGE('',*,*,#7161,.F.);
#5962=ORIENTED_EDGE('',*,*,#7214,.T.);
#5963=ORIENTED_EDGE('',*,*,#7217,.F.);
#5964=ORIENTED_EDGE('',*,*,#7218,.F.);
#5965=ORIENTED_EDGE('',*,*,#7162,.F.);
#5966=ORIENTED_EDGE('',*,*,#7216,.T.);
#5967=ORIENTED_EDGE('',*,*,#7219,.F.);
#5968=ORIENTED_EDGE('',*,*,#7206,.F.);
#5969=ORIENTED_EDGE('',*,*,#7163,.F.);
#5970=ORIENTED_EDGE('',*,*,#7218,.T.);
#5971=ORIENTED_EDGE('',*,*,#7220,.F.);
#5972=ORIENTED_EDGE('',*,*,#7221,.F.);
#5973=ORIENTED_EDGE('',*,*,#7164,.F.);
#5974=ORIENTED_EDGE('',*,*,#7222,.T.);
#5975=ORIENTED_EDGE('',*,*,#7223,.F.);
#5976=ORIENTED_EDGE('',*,*,#7224,.F.);
#5977=ORIENTED_EDGE('',*,*,#7165,.F.);
#5978=ORIENTED_EDGE('',*,*,#7221,.T.);
#5979=ORIENTED_EDGE('',*,*,#7225,.F.);
#5980=ORIENTED_EDGE('',*,*,#7226,.F.);
#5981=ORIENTED_EDGE('',*,*,#7166,.F.);
#5982=ORIENTED_EDGE('',*,*,#7224,.T.);
#5983=ORIENTED_EDGE('',*,*,#7227,.F.);
#5984=ORIENTED_EDGE('',*,*,#7228,.F.);
#5985=ORIENTED_EDGE('',*,*,#7167,.F.);
#5986=ORIENTED_EDGE('',*,*,#7226,.T.);
#5987=ORIENTED_EDGE('',*,*,#7229,.F.);
#5988=ORIENTED_EDGE('',*,*,#7230,.F.);
#5989=ORIENTED_EDGE('',*,*,#7168,.F.);
#5990=ORIENTED_EDGE('',*,*,#7228,.T.);
#5991=ORIENTED_EDGE('',*,*,#7231,.F.);
#5992=ORIENTED_EDGE('',*,*,#7232,.F.);
#5993=ORIENTED_EDGE('',*,*,#7169,.F.);
#5994=ORIENTED_EDGE('',*,*,#7230,.T.);
#5995=ORIENTED_EDGE('',*,*,#7233,.F.);
#5996=ORIENTED_EDGE('',*,*,#7234,.F.);
#5997=ORIENTED_EDGE('',*,*,#7170,.F.);
#5998=ORIENTED_EDGE('',*,*,#7232,.T.);
#5999=ORIENTED_EDGE('',*,*,#7235,.F.);
#6000=ORIENTED_EDGE('',*,*,#7222,.F.);
#6001=ORIENTED_EDGE('',*,*,#7171,.F.);
#6002=ORIENTED_EDGE('',*,*,#7234,.T.);
#6003=ORIENTED_EDGE('',*,*,#7236,.F.);
#6004=ORIENTED_EDGE('',*,*,#7237,.F.);
#6005=ORIENTED_EDGE('',*,*,#7172,.F.);
#6006=ORIENTED_EDGE('',*,*,#7238,.T.);
#6007=ORIENTED_EDGE('',*,*,#7239,.F.);
#6008=ORIENTED_EDGE('',*,*,#7240,.F.);
#6009=ORIENTED_EDGE('',*,*,#7173,.F.);
#6010=ORIENTED_EDGE('',*,*,#7237,.T.);
#6011=ORIENTED_EDGE('',*,*,#7241,.F.);
#6012=ORIENTED_EDGE('',*,*,#7242,.F.);
#6013=ORIENTED_EDGE('',*,*,#7174,.F.);
#6014=ORIENTED_EDGE('',*,*,#7240,.T.);
#6015=ORIENTED_EDGE('',*,*,#7243,.F.);
#6016=ORIENTED_EDGE('',*,*,#7244,.F.);
#6017=ORIENTED_EDGE('',*,*,#7175,.F.);
#6018=ORIENTED_EDGE('',*,*,#7242,.T.);
#6019=ORIENTED_EDGE('',*,*,#7245,.F.);
#6020=ORIENTED_EDGE('',*,*,#7246,.F.);
#6021=ORIENTED_EDGE('',*,*,#7176,.F.);
#6022=ORIENTED_EDGE('',*,*,#7244,.T.);
#6023=ORIENTED_EDGE('',*,*,#7247,.F.);
#6024=ORIENTED_EDGE('',*,*,#7248,.F.);
#6025=ORIENTED_EDGE('',*,*,#7177,.F.);
#6026=ORIENTED_EDGE('',*,*,#7246,.T.);
#6027=ORIENTED_EDGE('',*,*,#7249,.F.);
#6028=ORIENTED_EDGE('',*,*,#7250,.F.);
#6029=ORIENTED_EDGE('',*,*,#7178,.F.);
#6030=ORIENTED_EDGE('',*,*,#7248,.T.);
#6031=ORIENTED_EDGE('',*,*,#7251,.F.);
#6032=ORIENTED_EDGE('',*,*,#7238,.F.);
#6033=ORIENTED_EDGE('',*,*,#7179,.F.);
#6034=ORIENTED_EDGE('',*,*,#7250,.T.);
#6035=ORIENTED_EDGE('',*,*,#7252,.F.);
#6036=ORIENTED_EDGE('',*,*,#7253,.F.);
#6037=ORIENTED_EDGE('',*,*,#7180,.F.);
#6038=ORIENTED_EDGE('',*,*,#7254,.T.);
#6039=ORIENTED_EDGE('',*,*,#7255,.F.);
#6040=ORIENTED_EDGE('',*,*,#7256,.F.);
#6041=ORIENTED_EDGE('',*,*,#7181,.F.);
#6042=ORIENTED_EDGE('',*,*,#7253,.T.);
#6043=ORIENTED_EDGE('',*,*,#7257,.F.);
#6044=ORIENTED_EDGE('',*,*,#7258,.F.);
#6045=ORIENTED_EDGE('',*,*,#7182,.F.);
#6046=ORIENTED_EDGE('',*,*,#7256,.T.);
#6047=ORIENTED_EDGE('',*,*,#7259,.F.);
#6048=ORIENTED_EDGE('',*,*,#7260,.F.);
#6049=ORIENTED_EDGE('',*,*,#7183,.F.);
#6050=ORIENTED_EDGE('',*,*,#7258,.T.);
#6051=ORIENTED_EDGE('',*,*,#7261,.F.);
#6052=ORIENTED_EDGE('',*,*,#7262,.F.);
#6053=ORIENTED_EDGE('',*,*,#7184,.F.);
#6054=ORIENTED_EDGE('',*,*,#7260,.T.);
#6055=ORIENTED_EDGE('',*,*,#7263,.F.);
#6056=ORIENTED_EDGE('',*,*,#7264,.F.);
#6057=ORIENTED_EDGE('',*,*,#7185,.F.);
#6058=ORIENTED_EDGE('',*,*,#7262,.T.);
#6059=ORIENTED_EDGE('',*,*,#7265,.F.);
#6060=ORIENTED_EDGE('',*,*,#7266,.F.);
#6061=ORIENTED_EDGE('',*,*,#7186,.F.);
#6062=ORIENTED_EDGE('',*,*,#7264,.T.);
#6063=ORIENTED_EDGE('',*,*,#7267,.F.);
#6064=ORIENTED_EDGE('',*,*,#7254,.F.);
#6065=ORIENTED_EDGE('',*,*,#7187,.F.);
#6066=ORIENTED_EDGE('',*,*,#7266,.T.);
#6067=ORIENTED_EDGE('',*,*,#7268,.F.);
#6068=ORIENTED_EDGE('',*,*,#7269,.F.);
#6069=ORIENTED_EDGE('',*,*,#7188,.T.);
#6070=ORIENTED_EDGE('',*,*,#7270,.T.);
#6071=ORIENTED_EDGE('',*,*,#7271,.F.);
#6072=ORIENTED_EDGE('',*,*,#7272,.F.);
#6073=ORIENTED_EDGE('',*,*,#7189,.T.);
#6074=ORIENTED_EDGE('',*,*,#7269,.T.);
#6075=ORIENTED_EDGE('',*,*,#7273,.F.);
#6076=ORIENTED_EDGE('',*,*,#7270,.F.);
#6077=ORIENTED_EDGE('',*,*,#7190,.T.);
#6078=ORIENTED_EDGE('',*,*,#7272,.T.);
#6079=ORIENTED_EDGE('',*,*,#7274,.F.);
#6080=ORIENTED_EDGE('',*,*,#7275,.F.);
#6081=ORIENTED_EDGE('',*,*,#7191,.F.);
#6082=ORIENTED_EDGE('',*,*,#7276,.T.);
#6083=ORIENTED_EDGE('',*,*,#7277,.F.);
#6084=ORIENTED_EDGE('',*,*,#7278,.F.);
#6085=ORIENTED_EDGE('',*,*,#7192,.F.);
#6086=ORIENTED_EDGE('',*,*,#7275,.T.);
#6087=ORIENTED_EDGE('',*,*,#7279,.F.);
#6088=ORIENTED_EDGE('',*,*,#7280,.F.);
#6089=ORIENTED_EDGE('',*,*,#7193,.F.);
#6090=ORIENTED_EDGE('',*,*,#7278,.T.);
#6091=ORIENTED_EDGE('',*,*,#7281,.F.);
#6092=ORIENTED_EDGE('',*,*,#7282,.F.);
#6093=ORIENTED_EDGE('',*,*,#7194,.F.);
#6094=ORIENTED_EDGE('',*,*,#7280,.T.);
#6095=ORIENTED_EDGE('',*,*,#7283,.F.);
#6096=ORIENTED_EDGE('',*,*,#7284,.F.);
#6097=ORIENTED_EDGE('',*,*,#7195,.F.);
#6098=ORIENTED_EDGE('',*,*,#7282,.T.);
#6099=ORIENTED_EDGE('',*,*,#7285,.F.);
#6100=ORIENTED_EDGE('',*,*,#7286,.F.);
#6101=ORIENTED_EDGE('',*,*,#7196,.F.);
#6102=ORIENTED_EDGE('',*,*,#7284,.T.);
#6103=ORIENTED_EDGE('',*,*,#7287,.F.);
#6104=ORIENTED_EDGE('',*,*,#7288,.F.);
#6105=ORIENTED_EDGE('',*,*,#7197,.F.);
#6106=ORIENTED_EDGE('',*,*,#7286,.T.);
#6107=ORIENTED_EDGE('',*,*,#7289,.F.);
#6108=ORIENTED_EDGE('',*,*,#7276,.F.);
#6109=ORIENTED_EDGE('',*,*,#7198,.F.);
#6110=ORIENTED_EDGE('',*,*,#7288,.T.);
#6111=ORIENTED_EDGE('',*,*,#7199,.T.);
#6112=ORIENTED_EDGE('',*,*,#7200,.T.);
#6113=ORIENTED_EDGE('',*,*,#7201,.T.);
#6114=ORIENTED_EDGE('',*,*,#7202,.T.);
#6115=ORIENTED_EDGE('',*,*,#7203,.T.);
#6116=ORIENTED_EDGE('',*,*,#7204,.T.);
#6117=ORIENTED_EDGE('',*,*,#7219,.T.);
#6118=ORIENTED_EDGE('',*,*,#7217,.T.);
#6119=ORIENTED_EDGE('',*,*,#7215,.T.);
#6120=ORIENTED_EDGE('',*,*,#7213,.T.);
#6121=ORIENTED_EDGE('',*,*,#7211,.T.);
#6122=ORIENTED_EDGE('',*,*,#7209,.T.);
#6123=ORIENTED_EDGE('',*,*,#7207,.T.);
#6124=ORIENTED_EDGE('',*,*,#7220,.T.);
#6125=ORIENTED_EDGE('',*,*,#7235,.T.);
#6126=ORIENTED_EDGE('',*,*,#7233,.T.);
#6127=ORIENTED_EDGE('',*,*,#7231,.T.);
#6128=ORIENTED_EDGE('',*,*,#7229,.T.);
#6129=ORIENTED_EDGE('',*,*,#7227,.T.);
#6130=ORIENTED_EDGE('',*,*,#7225,.T.);
#6131=ORIENTED_EDGE('',*,*,#7223,.T.);
#6132=ORIENTED_EDGE('',*,*,#7236,.T.);
#6133=ORIENTED_EDGE('',*,*,#7251,.T.);
#6134=ORIENTED_EDGE('',*,*,#7249,.T.);
#6135=ORIENTED_EDGE('',*,*,#7247,.T.);
#6136=ORIENTED_EDGE('',*,*,#7245,.T.);
#6137=ORIENTED_EDGE('',*,*,#7243,.T.);
#6138=ORIENTED_EDGE('',*,*,#7241,.T.);
#6139=ORIENTED_EDGE('',*,*,#7239,.T.);
#6140=ORIENTED_EDGE('',*,*,#7252,.T.);
#6141=ORIENTED_EDGE('',*,*,#7267,.T.);
#6142=ORIENTED_EDGE('',*,*,#7265,.T.);
#6143=ORIENTED_EDGE('',*,*,#7263,.T.);
#6144=ORIENTED_EDGE('',*,*,#7261,.T.);
#6145=ORIENTED_EDGE('',*,*,#7259,.T.);
#6146=ORIENTED_EDGE('',*,*,#7257,.T.);
#6147=ORIENTED_EDGE('',*,*,#7255,.T.);
#6148=ORIENTED_EDGE('',*,*,#7268,.T.);
#6149=ORIENTED_EDGE('',*,*,#7273,.T.);
#6150=ORIENTED_EDGE('',*,*,#7271,.T.);
#6151=ORIENTED_EDGE('',*,*,#7274,.T.);
#6152=ORIENTED_EDGE('',*,*,#7289,.T.);
#6153=ORIENTED_EDGE('',*,*,#7287,.T.);
#6154=ORIENTED_EDGE('',*,*,#7285,.T.);
#6155=ORIENTED_EDGE('',*,*,#7283,.T.);
#6156=ORIENTED_EDGE('',*,*,#7281,.T.);
#6157=ORIENTED_EDGE('',*,*,#7279,.T.);
#6158=ORIENTED_EDGE('',*,*,#7277,.T.);
#6159=ORIENTED_EDGE('',*,*,#6741,.T.);
#6160=ORIENTED_EDGE('',*,*,#7290,.T.);
#6161=ORIENTED_EDGE('',*,*,#6651,.F.);
#6162=ORIENTED_EDGE('',*,*,#6209,.T.);
#6163=ORIENTED_EDGE('',*,*,#6211,.T.);
#6164=ORIENTED_EDGE('',*,*,#7291,.T.);
#6165=ORIENTED_EDGE('',*,*,#6652,.F.);
#6166=ORIENTED_EDGE('',*,*,#7290,.F.);
#6167=ORIENTED_EDGE('',*,*,#6786,.T.);
#6168=ORIENTED_EDGE('',*,*,#7292,.T.);
#6169=ORIENTED_EDGE('',*,*,#6653,.F.);
#6170=ORIENTED_EDGE('',*,*,#7291,.F.);
#6171=ORIENTED_EDGE('',*,*,#6276,.T.);
#6172=ORIENTED_EDGE('',*,*,#6201,.T.);
#6173=ORIENTED_EDGE('',*,*,#6654,.F.);
#6174=ORIENTED_EDGE('',*,*,#7292,.F.);
#6175=ORIENTED_EDGE('',*,*,#6650,.F.);
#6176=ORIENTED_EDGE('',*,*,#6199,.T.);
#6177=ORIENTED_EDGE('',*,*,#6191,.T.);
#6178=ORIENTED_EDGE('',*,*,#6205,.T.);
#6179=ORIENTED_EDGE('',*,*,#7144,.T.);
#6180=ORIENTED_EDGE('',*,*,#6661,.T.);
#6181=ORIENTED_EDGE('',*,*,#7143,.F.);
#6182=ORIENTED_EDGE('',*,*,#6701,.T.);
#6183=EDGE_CURVE('',#7293,#7294,#7295,.T.);
#6184=EDGE_CURVE('',#7294,#7296,#7297,.T.);
#6185=EDGE_CURVE('',#7298,#7296,#7299,.T.);
#6186=EDGE_CURVE('',#7300,#7298,#7301,.T.);
#6187=EDGE_CURVE('',#7300,#7302,#7303,.T.);
#6188=EDGE_CURVE('',#7304,#7302,#7305,.T.);
#6189=EDGE_CURVE('',#7304,#7306,#7307,.T.);
#6190=EDGE_CURVE('',#7293,#7306,#7308,.T.);
#6191=EDGE_CURVE('',#7309,#7310,#7311,.T.);
#6192=EDGE_CURVE('',#7312,#7309,#7313,.T.);
#6193=EDGE_CURVE('',#7312,#7314,#7315,.T.);
#6194=EDGE_CURVE('',#7310,#7314,#7316,.T.);
#6195=EDGE_CURVE('',#7317,#7318,#7319,.T.);
#6196=EDGE_CURVE('',#7318,#7320,#7321,.T.);
#6197=EDGE_CURVE('',#7320,#7322,#7323,.T.);
#6198=EDGE_CURVE('',#7317,#7322,#7324,.T.);
#6199=EDGE_CURVE('',#7325,#7309,#7326,.F.);
#6200=EDGE_CURVE('',#7327,#7325,#7328,.T.);
#6201=EDGE_CURVE('',#7329,#7327,#7330,.F.);
#6202=EDGE_CURVE('',#7329,#7293,#7331,.T.);
#6203=EDGE_CURVE('',#7306,#7317,#7332,.T.);
#6204=EDGE_CURVE('',#7322,#7312,#7333,.T.);
#6205=EDGE_CURVE('',#7310,#7334,#7335,.F.);
#6206=EDGE_CURVE('',#7314,#7320,#7336,.T.);
#6207=EDGE_CURVE('',#7318,#7304,#7337,.T.);
#6208=EDGE_CURVE('',#7302,#7338,#7339,.T.);
#6209=EDGE_CURVE('',#7340,#7338,#7341,.T.);
#6210=EDGE_CURVE('',#7340,#7334,#7342,.T.);
#6211=EDGE_CURVE('',#7343,#7344,#7345,.T.);
#6212=EDGE_CURVE('',#7343,#7346,#7347,.F.);
#6213=EDGE_CURVE('',#7346,#7348,#7349,.T.);
#6214=EDGE_CURVE('',#7348,#7350,#7351,.F.);
#6215=EDGE_CURVE('',#7350,#7352,#7353,.T.);
#6216=EDGE_CURVE('',#7352,#7354,#7355,.F.);
#6217=EDGE_CURVE('',#7354,#7356,#7357,.T.);
#6218=EDGE_CURVE('',#7356,#7358,#7359,.T.);
#6219=EDGE_CURVE('',#7358,#7360,#7361,.T.);
#6220=EDGE_CURVE('',#7360,#7362,#7363,.T.);
#6221=EDGE_CURVE('',#7362,#7364,#7365,.T.);
#6222=EDGE_CURVE('',#7364,#7366,#7367,.F.);
#6223=EDGE_CURVE('',#7366,#7368,#7369,.T.);
#6224=EDGE_CURVE('',#7368,#7370,#7371,.F.);
#6225=EDGE_CURVE('',#7370,#7372,#7373,.T.);
#6226=EDGE_CURVE('',#7372,#7374,#7375,.F.);
#6227=EDGE_CURVE('',#7374,#7376,#7377,.T.);
#6228=EDGE_CURVE('',#7376,#7378,#7379,.F.);
#6229=EDGE_CURVE('',#7378,#7380,#7381,.T.);
#6230=EDGE_CURVE('',#7380,#7382,#7383,.T.);
#6231=EDGE_CURVE('',#7382,#7384,#7385,.T.);
#6232=EDGE_CURVE('',#7384,#7386,#7387,.T.);
#6233=EDGE_CURVE('',#7386,#7388,#7389,.T.);
#6234=EDGE_CURVE('',#7388,#7390,#7391,.F.);
#6235=EDGE_CURVE('',#7390,#7392,#7393,.T.);
#6236=EDGE_CURVE('',#7392,#7338,#7394,.F.);
#6237=EDGE_CURVE('',#7395,#7300,#7396,.F.);
#6238=EDGE_CURVE('',#7397,#7395,#7398,.T.);
#6239=EDGE_CURVE('',#7399,#7397,#7400,.F.);
#6240=EDGE_CURVE('',#7401,#7399,#7402,.T.);
#6241=EDGE_CURVE('',#7403,#7401,#7404,.F.);
#6242=EDGE_CURVE('',#7403,#7405,#7406,.F.);
#6243=EDGE_CURVE('',#7405,#7407,#7408,.T.);
#6244=EDGE_CURVE('',#7407,#7409,#7410,.F.);
#6245=EDGE_CURVE('',#7409,#7411,#7412,.T.);
#6246=EDGE_CURVE('',#7411,#7413,#7414,.T.);
#6247=EDGE_CURVE('',#7413,#7415,#7416,.T.);
#6248=EDGE_CURVE('',#7415,#7417,#7418,.T.);
#6249=EDGE_CURVE('',#7417,#7419,#7420,.T.);
#6250=EDGE_CURVE('',#7419,#7421,#7422,.F.);
#6251=EDGE_CURVE('',#7421,#7423,#7424,.T.);
#6252=EDGE_CURVE('',#7423,#7425,#7426,.F.);
#6253=EDGE_CURVE('',#7425,#7427,#7428,.T.);
#6254=EDGE_CURVE('',#7427,#7429,#7430,.F.);
#6255=EDGE_CURVE('',#7429,#7431,#7432,.T.);
#6256=EDGE_CURVE('',#7431,#7433,#7434,.F.);
#6257=EDGE_CURVE('',#7433,#7435,#7436,.T.);
#6258=EDGE_CURVE('',#7435,#7437,#7438,.T.);
#6259=EDGE_CURVE('',#7437,#7439,#7440,.T.);
#6260=EDGE_CURVE('',#7439,#7441,#7442,.T.);
#6261=EDGE_CURVE('',#7441,#7443,#7444,.T.);
#6262=EDGE_CURVE('',#7443,#7445,#7446,.F.);
#6263=EDGE_CURVE('',#7445,#7447,#7448,.T.);
#6264=EDGE_CURVE('',#7447,#7449,#7450,.F.);
#6265=EDGE_CURVE('',#7449,#7451,#7452,.T.);
#6266=EDGE_CURVE('',#7451,#7453,#7454,.F.);
#6267=EDGE_CURVE('',#7455,#7453,#7456,.F.);
#6268=EDGE_CURVE('',#7457,#7455,#7458,.T.);
#6269=EDGE_CURVE('',#7459,#7457,#7460,.T.);
#6270=EDGE_CURVE('',#7461,#7459,#7462,.F.);
#6271=EDGE_CURVE('',#7463,#7461,#7464,.F.);
#6272=EDGE_CURVE('',#7465,#7463,#7466,.T.);
#6273=EDGE_CURVE('',#7467,#7465,#7468,.F.);
#6274=EDGE_CURVE('',#7469,#7467,#7470,.T.);
#6275=EDGE_CURVE('',#7294,#7469,#7471,.F.);
#6276=EDGE_CURVE('',#7472,#7329,#7473,.T.);
#6277=EDGE_CURVE('',#7474,#7472,#7475,.T.);
#6278=EDGE_CURVE('',#7344,#7474,#7476,.T.);
#6279=EDGE_CURVE('',#7477,#7477,#7478,.T.);
#6280=EDGE_CURVE('',#7479,#7479,#7480,.T.);
#6281=EDGE_CURVE('',#7481,#7481,#7482,.T.);
#6282=EDGE_CURVE('',#7483,#7484,#7485,.T.);
#6283=EDGE_CURVE('',#7484,#7486,#7487,.T.);
#6284=EDGE_CURVE('',#7486,#7488,#7489,.T.);
#6285=EDGE_CURVE('',#7488,#7490,#7491,.T.);
#6286=EDGE_CURVE('',#7490,#7492,#7493,.F.);
#6287=EDGE_CURVE('',#7492,#7494,#7495,.T.);
#6288=EDGE_CURVE('',#7494,#7496,#7497,.F.);
#6289=EDGE_CURVE('',#7496,#7498,#7499,.T.);
#6290=EDGE_CURVE('',#7498,#7500,#7501,.F.);
#6291=EDGE_CURVE('',#7500,#7502,#7503,.T.);
#6292=EDGE_CURVE('',#7502,#7504,#7505,.F.);
#6293=EDGE_CURVE('',#7504,#7506,#7507,.T.);
#6294=EDGE_CURVE('',#7506,#7508,#7509,.T.);
#6295=EDGE_CURVE('',#7508,#7510,#7511,.T.);
#6296=EDGE_CURVE('',#7510,#7512,#7513,.T.);
#6297=EDGE_CURVE('',#7512,#7514,#7515,.T.);
#6298=EDGE_CURVE('',#7514,#7516,#7517,.F.);
#6299=EDGE_CURVE('',#7516,#7518,#7519,.T.);
#6300=EDGE_CURVE('',#7518,#7520,#7521,.F.);
#6301=EDGE_CURVE('',#7520,#7522,#7523,.T.);
#6302=EDGE_CURVE('',#7522,#7524,#7525,.F.);
#6303=EDGE_CURVE('',#7524,#7526,#7527,.T.);
#6304=EDGE_CURVE('',#7526,#7528,#7529,.F.);
#6305=EDGE_CURVE('',#7528,#7483,#7530,.T.);
#6306=EDGE_CURVE('',#7531,#7531,#7532,.T.);
#6307=EDGE_CURVE('',#7533,#7533,#7534,.T.);
#6308=EDGE_CURVE('',#7535,#7535,#7536,.T.);
#6309=EDGE_CURVE('',#7537,#7538,#7539,.T.);
#6310=EDGE_CURVE('',#7538,#7540,#7541,.T.);
#6311=EDGE_CURVE('',#7540,#7542,#7543,.T.);
#6312=EDGE_CURVE('',#7542,#7544,#7545,.T.);
#6313=EDGE_CURVE('',#7544,#7546,#7547,.F.);
#6314=EDGE_CURVE('',#7546,#7548,#7549,.T.);
#6315=EDGE_CURVE('',#7548,#7550,#7551,.F.);
#6316=EDGE_CURVE('',#7550,#7552,#7553,.T.);
#6317=EDGE_CURVE('',#7552,#7554,#7555,.F.);
#6318=EDGE_CURVE('',#7554,#7556,#7557,.T.);
#6319=EDGE_CURVE('',#7556,#7558,#7559,.F.);
#6320=EDGE_CURVE('',#7558,#7560,#7561,.T.);
#6321=EDGE_CURVE('',#7560,#7562,#7563,.T.);
#6322=EDGE_CURVE('',#7562,#7564,#7565,.T.);
#6323=EDGE_CURVE('',#7564,#7566,#7567,.T.);
#6324=EDGE_CURVE('',#7566,#7568,#7569,.T.);
#6325=EDGE_CURVE('',#7568,#7570,#7571,.F.);
#6326=EDGE_CURVE('',#7570,#7572,#7573,.T.);
#6327=EDGE_CURVE('',#7572,#7574,#7575,.F.);
#6328=EDGE_CURVE('',#7574,#7576,#7577,.T.);
#6329=EDGE_CURVE('',#7576,#7578,#7579,.F.);
#6330=EDGE_CURVE('',#7578,#7580,#7581,.T.);
#6331=EDGE_CURVE('',#7580,#7582,#7583,.F.);
#6332=EDGE_CURVE('',#7582,#7537,#7584,.T.);
#6333=EDGE_CURVE('',#7585,#7586,#7587,.T.);
#6334=EDGE_CURVE('',#7586,#7588,#7589,.T.);
#6335=EDGE_CURVE('',#7588,#7590,#7591,.T.);
#6336=EDGE_CURVE('',#7590,#7592,#7593,.T.);
#6337=EDGE_CURVE('',#7592,#7594,#7595,.F.);
#6338=EDGE_CURVE('',#7594,#7596,#7597,.T.);
#6339=EDGE_CURVE('',#7596,#7598,#7599,.F.);
#6340=EDGE_CURVE('',#7598,#7600,#7601,.T.);
#6341=EDGE_CURVE('',#7600,#7602,#7603,.F.);
#6342=EDGE_CURVE('',#7602,#7604,#7605,.T.);
#6343=EDGE_CURVE('',#7604,#7606,#7607,.F.);
#6344=EDGE_CURVE('',#7606,#7608,#7609,.T.);
#6345=EDGE_CURVE('',#7608,#7610,#7611,.T.);
#6346=EDGE_CURVE('',#7610,#7612,#7613,.T.);
#6347=EDGE_CURVE('',#7612,#7614,#7615,.T.);
#6348=EDGE_CURVE('',#7614,#7616,#7617,.T.);
#6349=EDGE_CURVE('',#7616,#7618,#7619,.F.);
#6350=EDGE_CURVE('',#7618,#7620,#7621,.T.);
#6351=EDGE_CURVE('',#7620,#7622,#7623,.F.);
#6352=EDGE_CURVE('',#7622,#7624,#7625,.T.);
#6353=EDGE_CURVE('',#7624,#7626,#7627,.F.);
#6354=EDGE_CURVE('',#7626,#7628,#7629,.T.);
#6355=EDGE_CURVE('',#7628,#7630,#7631,.F.);
#6356=EDGE_CURVE('',#7630,#7585,#7632,.T.);
#6357=EDGE_CURVE('',#7633,#7633,#7634,.T.);
#6358=EDGE_CURVE('',#7635,#7635,#7636,.T.);
#6359=EDGE_CURVE('',#7469,#7637,#7638,.T.);
#6360=EDGE_CURVE('',#7637,#7296,#7639,.F.);
#6361=EDGE_CURVE('',#7637,#7640,#7641,.T.);
#6362=EDGE_CURVE('',#7642,#7640,#7643,.F.);
#6363=EDGE_CURVE('',#7642,#7644,#7645,.T.);
#6364=EDGE_CURVE('',#7646,#7644,#7647,.F.);
#6365=EDGE_CURVE('',#7646,#7648,#7649,.T.);
#6366=EDGE_CURVE('',#7298,#7648,#7650,.F.);
#6367=EDGE_CURVE('',#7651,#7652,#7653,.F.);
#6368=EDGE_CURVE('',#7652,#7654,#7655,.F.);
#6369=EDGE_CURVE('',#7654,#7656,#7657,.F.);
#6370=EDGE_CURVE('',#7656,#7658,#7659,.F.);
#6371=EDGE_CURVE('',#7658,#7660,#7661,.F.);
#6372=EDGE_CURVE('',#7660,#7662,#7663,.F.);
#6373=EDGE_CURVE('',#7662,#7664,#7665,.F.);
#6374=EDGE_CURVE('',#7664,#7651,#7666,.F.);
#6375=EDGE_CURVE('',#7667,#7668,#7669,.F.);
#6376=EDGE_CURVE('',#7668,#7670,#7671,.F.);
#6377=EDGE_CURVE('',#7670,#7672,#7673,.F.);
#6378=EDGE_CURVE('',#7672,#7674,#7675,.F.);
#6379=EDGE_CURVE('',#7674,#7676,#7677,.F.);
#6380=EDGE_CURVE('',#7676,#7678,#7679,.F.);
#6381=EDGE_CURVE('',#7678,#7680,#7681,.F.);
#6382=EDGE_CURVE('',#7680,#7667,#7682,.F.);
#6383=EDGE_CURVE('',#7683,#7684,#7685,.F.);
#6384=EDGE_CURVE('',#7684,#7686,#7687,.F.);
#6385=EDGE_CURVE('',#7686,#7688,#7689,.F.);
#6386=EDGE_CURVE('',#7688,#7690,#7691,.F.);
#6387=EDGE_CURVE('',#7690,#7692,#7693,.F.);
#6388=EDGE_CURVE('',#7692,#7694,#7695,.F.);
#6389=EDGE_CURVE('',#7694,#7696,#7697,.F.);
#6390=EDGE_CURVE('',#7696,#7683,#7698,.F.);
#6391=EDGE_CURVE('',#7699,#7700,#7701,.F.);
#6392=EDGE_CURVE('',#7700,#7702,#7703,.F.);
#6393=EDGE_CURVE('',#7702,#7704,#7705,.F.);
#6394=EDGE_CURVE('',#7704,#7706,#7707,.F.);
#6395=EDGE_CURVE('',#7706,#7708,#7709,.F.);
#6396=EDGE_CURVE('',#7708,#7710,#7711,.F.);
#6397=EDGE_CURVE('',#7710,#7712,#7713,.F.);
#6398=EDGE_CURVE('',#7712,#7699,#7714,.F.);
#6399=EDGE_CURVE('',#7715,#7716,#7717,.F.);
#6400=EDGE_CURVE('',#7716,#7718,#7719,.F.);
#6401=EDGE_CURVE('',#7718,#7720,#7721,.F.);
#6402=EDGE_CURVE('',#7720,#7722,#7723,.F.);
#6403=EDGE_CURVE('',#7722,#7724,#7725,.F.);
#6404=EDGE_CURVE('',#7724,#7726,#7727,.F.);
#6405=EDGE_CURVE('',#7726,#7728,#7729,.F.);
#6406=EDGE_CURVE('',#7728,#7730,#7731,.F.);
#6407=EDGE_CURVE('',#7730,#7732,#7733,.F.);
#6408=EDGE_CURVE('',#7732,#7734,#7735,.F.);
#6409=EDGE_CURVE('',#7734,#7715,#7736,.F.);
#6410=EDGE_CURVE('',#7737,#7738,#7739,.F.);
#6411=EDGE_CURVE('',#7738,#7740,#7741,.F.);
#6412=EDGE_CURVE('',#7740,#7742,#7743,.F.);
#6413=EDGE_CURVE('',#7742,#7744,#7745,.F.);
#6414=EDGE_CURVE('',#7744,#7746,#7747,.F.);
#6415=EDGE_CURVE('',#7746,#7748,#7749,.F.);
#6416=EDGE_CURVE('',#7748,#7750,#7751,.F.);
#6417=EDGE_CURVE('',#7750,#7752,#7753,.F.);
#6418=EDGE_CURVE('',#7752,#7754,#7755,.F.);
#6419=EDGE_CURVE('',#7754,#7756,#7757,.F.);
#6420=EDGE_CURVE('',#7756,#7758,#7759,.F.);
#6421=EDGE_CURVE('',#7758,#7760,#7761,.F.);
#6422=EDGE_CURVE('',#7760,#7762,#7763,.F.);
#6423=EDGE_CURVE('',#7762,#7764,#7765,.F.);
#6424=EDGE_CURVE('',#7764,#7766,#7767,.F.);
#6425=EDGE_CURVE('',#7766,#7768,#7769,.F.);
#6426=EDGE_CURVE('',#7768,#7770,#7771,.F.);
#6427=EDGE_CURVE('',#7770,#7772,#7773,.F.);
#6428=EDGE_CURVE('',#7772,#7774,#7775,.F.);
#6429=EDGE_CURVE('',#7774,#7776,#7777,.F.);
#6430=EDGE_CURVE('',#7776,#7778,#7779,.F.);
#6431=EDGE_CURVE('',#7778,#7780,#7781,.F.);
#6432=EDGE_CURVE('',#7780,#7782,#7783,.F.);
#6433=EDGE_CURVE('',#7782,#7784,#7785,.F.);
#6434=EDGE_CURVE('',#7784,#7786,#7787,.F.);
#6435=EDGE_CURVE('',#7786,#7788,#7789,.F.);
#6436=EDGE_CURVE('',#7788,#7790,#7791,.F.);
#6437=EDGE_CURVE('',#7790,#7792,#7793,.F.);
#6438=EDGE_CURVE('',#7792,#7794,#7795,.F.);
#6439=EDGE_CURVE('',#7794,#7796,#7797,.F.);
#6440=EDGE_CURVE('',#7796,#7798,#7799,.F.);
#6441=EDGE_CURVE('',#7798,#7737,#7800,.F.);
#6442=EDGE_CURVE('',#7801,#7802,#7803,.F.);
#6443=EDGE_CURVE('',#7802,#7804,#7805,.F.);
#6444=EDGE_CURVE('',#7804,#7806,#7807,.F.);
#6445=EDGE_CURVE('',#7806,#7808,#7809,.F.);
#6446=EDGE_CURVE('',#7808,#7810,#7811,.F.);
#6447=EDGE_CURVE('',#7810,#7812,#7813,.F.);
#6448=EDGE_CURVE('',#7812,#7814,#7815,.F.);
#6449=EDGE_CURVE('',#7814,#7816,#7817,.F.);
#6450=EDGE_CURVE('',#7816,#7818,#7819,.F.);
#6451=EDGE_CURVE('',#7818,#7820,#7821,.F.);
#6452=EDGE_CURVE('',#7820,#7822,#7823,.F.);
#6453=EDGE_CURVE('',#7822,#7824,#7825,.F.);
#6454=EDGE_CURVE('',#7824,#7826,#7827,.F.);
#6455=EDGE_CURVE('',#7826,#7828,#7829,.F.);
#6456=EDGE_CURVE('',#7828,#7830,#7831,.F.);
#6457=EDGE_CURVE('',#7830,#7832,#7833,.F.);
#6458=EDGE_CURVE('',#7832,#7834,#7835,.F.);
#6459=EDGE_CURVE('',#7834,#7836,#7837,.F.);
#6460=EDGE_CURVE('',#7836,#7838,#7839,.F.);
#6461=EDGE_CURVE('',#7838,#7840,#7841,.F.);
#6462=EDGE_CURVE('',#7840,#7842,#7843,.F.);
#6463=EDGE_CURVE('',#7842,#7844,#7845,.F.);
#6464=EDGE_CURVE('',#7844,#7846,#7847,.F.);
#6465=EDGE_CURVE('',#7846,#7848,#7849,.F.);
#6466=EDGE_CURVE('',#7848,#7850,#7851,.F.);
#6467=EDGE_CURVE('',#7850,#7852,#7853,.F.);
#6468=EDGE_CURVE('',#7852,#7854,#7855,.F.);
#6469=EDGE_CURVE('',#7854,#7856,#7857,.F.);
#6470=EDGE_CURVE('',#7856,#7858,#7859,.F.);
#6471=EDGE_CURVE('',#7858,#7860,#7861,.F.);
#6472=EDGE_CURVE('',#7860,#7862,#7863,.F.);
#6473=EDGE_CURVE('',#7862,#7864,#7865,.F.);
#6474=EDGE_CURVE('',#7864,#7866,#7867,.F.);
#6475=EDGE_CURVE('',#7866,#7868,#7869,.F.);
#6476=EDGE_CURVE('',#7868,#7870,#7871,.F.);
#6477=EDGE_CURVE('',#7870,#7872,#7873,.F.);
#6478=EDGE_CURVE('',#7872,#7801,#7874,.F.);
#6479=EDGE_CURVE('',#7875,#7876,#7877,.F.);
#6480=EDGE_CURVE('',#7876,#7878,#7879,.F.);
#6481=EDGE_CURVE('',#7878,#7880,#7881,.F.);
#6482=EDGE_CURVE('',#7880,#7882,#7883,.F.);
#6483=EDGE_CURVE('',#7882,#7884,#7885,.F.);
#6484=EDGE_CURVE('',#7884,#7886,#7887,.F.);
#6485=EDGE_CURVE('',#7886,#7888,#7889,.F.);
#6486=EDGE_CURVE('',#7888,#7890,#7891,.F.);
#6487=EDGE_CURVE('',#7890,#7892,#7893,.F.);
#6488=EDGE_CURVE('',#7892,#7894,#7895,.F.);
#6489=EDGE_CURVE('',#7894,#7875,#7896,.F.);
#6490=EDGE_CURVE('',#7897,#7898,#7899,.F.);
#6491=EDGE_CURVE('',#7898,#7900,#7901,.F.);
#6492=EDGE_CURVE('',#7900,#7902,#7903,.F.);
#6493=EDGE_CURVE('',#7902,#7904,#7905,.F.);
#6494=EDGE_CURVE('',#7904,#7906,#7907,.F.);
#6495=EDGE_CURVE('',#7906,#7908,#7909,.F.);
#6496=EDGE_CURVE('',#7908,#7910,#7911,.F.);
#6497=EDGE_CURVE('',#7910,#7912,#7913,.F.);
#6498=EDGE_CURVE('',#7912,#7914,#7915,.F.);
#6499=EDGE_CURVE('',#7914,#7916,#7917,.F.);
#6500=EDGE_CURVE('',#7916,#7918,#7919,.F.);
#6501=EDGE_CURVE('',#7918,#7920,#7921,.F.);
#6502=EDGE_CURVE('',#7920,#7922,#7923,.F.);
#6503=EDGE_CURVE('',#7922,#7924,#7925,.F.);
#6504=EDGE_CURVE('',#7924,#7926,#7927,.F.);
#6505=EDGE_CURVE('',#7926,#7928,#7929,.F.);
#6506=EDGE_CURVE('',#7928,#7930,#7931,.F.);
#6507=EDGE_CURVE('',#7930,#7932,#7933,.F.);
#6508=EDGE_CURVE('',#7932,#7934,#7935,.F.);
#6509=EDGE_CURVE('',#7934,#7936,#7937,.F.);
#6510=EDGE_CURVE('',#7936,#7938,#7939,.F.);
#6511=EDGE_CURVE('',#7938,#7940,#7941,.F.);
#6512=EDGE_CURVE('',#7940,#7942,#7943,.F.);
#6513=EDGE_CURVE('',#7942,#7944,#7945,.F.);
#6514=EDGE_CURVE('',#7944,#7946,#7947,.F.);
#6515=EDGE_CURVE('',#7946,#7948,#7949,.F.);
#6516=EDGE_CURVE('',#7948,#7950,#7951,.F.);
#6517=EDGE_CURVE('',#7950,#7952,#7953,.F.);
#6518=EDGE_CURVE('',#7952,#7954,#7955,.F.);
#6519=EDGE_CURVE('',#7954,#7956,#7957,.F.);
#6520=EDGE_CURVE('',#7956,#7897,#7958,.F.);
#6521=EDGE_CURVE('',#7959,#7960,#7961,.F.);
#6522=EDGE_CURVE('',#7960,#7962,#7963,.F.);
#6523=EDGE_CURVE('',#7962,#7964,#7965,.T.);
#6524=EDGE_CURVE('',#7964,#7966,#7967,.F.);
#6525=EDGE_CURVE('',#7966,#7968,#7969,.T.);
#6526=EDGE_CURVE('',#7968,#7970,#7971,.F.);
#6527=EDGE_CURVE('',#7970,#7972,#7973,.T.);
#6528=EDGE_CURVE('',#7972,#7974,#7975,.F.);
#6529=EDGE_CURVE('',#7974,#7976,#7977,.T.);
#6530=EDGE_CURVE('',#7976,#7978,#7979,.F.);
#6531=EDGE_CURVE('',#7978,#7980,#7981,.F.);
#6532=EDGE_CURVE('',#7980,#7982,#7983,.F.);
#6533=EDGE_CURVE('',#7982,#7984,#7985,.F.);
#6534=EDGE_CURVE('',#7984,#7986,#7987,.F.);
#6535=EDGE_CURVE('',#7986,#7988,#7989,.T.);
#6536=EDGE_CURVE('',#7988,#7990,#7991,.F.);
#6537=EDGE_CURVE('',#7990,#7992,#7993,.T.);
#6538=EDGE_CURVE('',#7992,#7994,#7995,.F.);
#6539=EDGE_CURVE('',#7994,#7996,#7997,.T.);
#6540=EDGE_CURVE('',#7996,#7998,#7999,.F.);
#6541=EDGE_CURVE('',#7998,#8000,#8001,.T.);
#6542=EDGE_CURVE('',#8000,#8002,#8003,.F.);
#6543=EDGE_CURVE('',#8002,#8004,#8005,.F.);
#6544=EDGE_CURVE('',#8004,#7959,#8006,.F.);
#6545=EDGE_CURVE('',#8007,#8008,#8009,.F.);
#6546=EDGE_CURVE('',#8008,#8010,#8011,.F.);
#6547=EDGE_CURVE('',#8010,#8012,#8013,.T.);
#6548=EDGE_CURVE('',#8012,#8014,#8015,.F.);
#6549=EDGE_CURVE('',#8014,#8016,#8017,.T.);
#6550=EDGE_CURVE('',#8016,#8018,#8019,.F.);
#6551=EDGE_CURVE('',#8018,#8020,#8021,.T.);
#6552=EDGE_CURVE('',#8020,#8022,#8023,.F.);
#6553=EDGE_CURVE('',#8022,#8024,#8025,.T.);
#6554=EDGE_CURVE('',#8024,#8026,#8027,.F.);
#6555=EDGE_CURVE('',#8026,#8028,#8029,.F.);
#6556=EDGE_CURVE('',#8028,#8030,#8031,.F.);
#6557=EDGE_CURVE('',#8030,#8032,#8033,.F.);
#6558=EDGE_CURVE('',#8032,#8034,#8035,.F.);
#6559=EDGE_CURVE('',#8034,#8036,#8037,.T.);
#6560=EDGE_CURVE('',#8036,#8038,#8039,.F.);
#6561=EDGE_CURVE('',#8038,#8040,#8041,.T.);
#6562=EDGE_CURVE('',#8040,#8042,#8043,.F.);
#6563=EDGE_CURVE('',#8042,#8044,#8045,.T.);
#6564=EDGE_CURVE('',#8044,#8046,#8047,.F.);
#6565=EDGE_CURVE('',#8046,#8048,#8049,.T.);
#6566=EDGE_CURVE('',#8048,#8050,#8051,.F.);
#6567=EDGE_CURVE('',#8050,#8052,#8053,.F.);
#6568=EDGE_CURVE('',#8052,#8007,#8054,.F.);
#6569=EDGE_CURVE('',#8055,#8056,#8057,.F.);
#6570=EDGE_CURVE('',#8056,#8058,#8059,.F.);
#6571=EDGE_CURVE('',#8058,#8060,#8061,.T.);
#6572=EDGE_CURVE('',#8060,#8062,#8063,.F.);
#6573=EDGE_CURVE('',#8062,#8064,#8065,.T.);
#6574=EDGE_CURVE('',#8064,#8066,#8067,.F.);
#6575=EDGE_CURVE('',#8066,#8068,#8069,.T.);
#6576=EDGE_CURVE('',#8068,#8070,#8071,.F.);
#6577=EDGE_CURVE('',#8070,#8072,#8073,.T.);
#6578=EDGE_CURVE('',#8072,#8074,#8075,.F.);
#6579=EDGE_CURVE('',#8074,#8076,#8077,.F.);
#6580=EDGE_CURVE('',#8076,#8078,#8079,.F.);
#6581=EDGE_CURVE('',#8078,#8080,#8081,.F.);
#6582=EDGE_CURVE('',#8080,#8082,#8083,.F.);
#6583=EDGE_CURVE('',#8082,#8084,#8085,.T.);
#6584=EDGE_CURVE('',#8084,#8086,#8087,.F.);
#6585=EDGE_CURVE('',#8086,#8088,#8089,.T.);
#6586=EDGE_CURVE('',#8088,#8090,#8091,.F.);
#6587=EDGE_CURVE('',#8090,#8092,#8093,.T.);
#6588=EDGE_CURVE('',#8092,#8094,#8095,.F.);
#6589=EDGE_CURVE('',#8094,#8096,#8097,.T.);
#6590=EDGE_CURVE('',#8096,#8098,#8099,.F.);
#6591=EDGE_CURVE('',#8098,#8100,#8101,.F.);
#6592=EDGE_CURVE('',#8100,#8055,#8102,.F.);
#6593=EDGE_CURVE('',#8103,#8104,#8105,.F.);
#6594=EDGE_CURVE('',#8104,#8106,#8107,.F.);
#6595=EDGE_CURVE('',#8106,#8108,#8109,.T.);
#6596=EDGE_CURVE('',#8108,#8110,#8111,.F.);
#6597=EDGE_CURVE('',#8110,#8112,#8113,.T.);
#6598=EDGE_CURVE('',#8112,#8114,#8115,.F.);
#6599=EDGE_CURVE('',#8114,#8116,#8117,.T.);
#6600=EDGE_CURVE('',#8116,#8118,#8119,.F.);
#6601=EDGE_CURVE('',#8118,#8120,#8121,.T.);
#6602=EDGE_CURVE('',#8120,#8122,#8123,.F.);
#6603=EDGE_CURVE('',#8122,#8124,#8125,.F.);
#6604=EDGE_CURVE('',#8124,#8126,#8127,.F.);
#6605=EDGE_CURVE('',#8126,#8128,#8129,.F.);
#6606=EDGE_CURVE('',#8128,#8130,#8131,.F.);
#6607=EDGE_CURVE('',#8130,#8132,#8133,.T.);
#6608=EDGE_CURVE('',#8132,#8134,#8135,.F.);
#6609=EDGE_CURVE('',#8134,#8136,#8137,.T.);
#6610=EDGE_CURVE('',#8136,#8138,#8139,.F.);
#6611=EDGE_CURVE('',#8138,#8140,#8141,.T.);
#6612=EDGE_CURVE('',#8140,#8142,#8143,.F.);
#6613=EDGE_CURVE('',#8142,#8144,#8145,.T.);
#6614=EDGE_CURVE('',#8144,#8146,#8147,.F.);
#6615=EDGE_CURVE('',#8146,#8148,#8149,.F.);
#6616=EDGE_CURVE('',#8148,#8103,#8150,.F.);
#6617=EDGE_CURVE('',#8151,#8152,#8153,.F.);
#6618=EDGE_CURVE('',#8152,#8154,#8155,.F.);
#6619=EDGE_CURVE('',#8154,#8156,#8157,.T.);
#6620=EDGE_CURVE('',#8156,#8158,#8159,.F.);
#6621=EDGE_CURVE('',#8158,#8160,#8161,.T.);
#6622=EDGE_CURVE('',#8160,#8162,#8163,.F.);
#6623=EDGE_CURVE('',#8162,#8164,#8165,.T.);
#6624=EDGE_CURVE('',#8164,#8166,#8167,.F.);
#6625=EDGE_CURVE('',#8166,#8168,#8169,.T.);
#6626=EDGE_CURVE('',#8168,#8170,#8171,.F.);
#6627=EDGE_CURVE('',#8170,#8172,#8173,.F.);
#6628=EDGE_CURVE('',#8172,#8174,#8175,.F.);
#6629=EDGE_CURVE('',#8174,#8176,#8177,.F.);
#6630=EDGE_CURVE('',#8176,#8178,#8179,.F.);
#6631=EDGE_CURVE('',#8178,#8180,#8181,.T.);
#6632=EDGE_CURVE('',#8180,#8182,#8183,.F.);
#6633=EDGE_CURVE('',#8182,#8184,#8185,.T.);
#6634=EDGE_CURVE('',#8184,#8186,#8187,.F.);
#6635=EDGE_CURVE('',#8186,#8188,#8189,.T.);
#6636=EDGE_CURVE('',#8188,#8190,#8191,.F.);
#6637=EDGE_CURVE('',#8190,#8192,#8193,.T.);
#6638=EDGE_CURVE('',#8192,#8194,#8195,.F.);
#6639=EDGE_CURVE('',#8194,#8196,#8197,.F.);
#6640=EDGE_CURVE('',#8196,#8151,#8198,.F.);
#6641=EDGE_CURVE('',#8199,#8200,#8201,.F.);
#6642=EDGE_CURVE('',#8200,#8202,#8203,.F.);
#6643=EDGE_CURVE('',#8202,#8204,#8205,.F.);
#6644=EDGE_CURVE('',#8204,#8206,#8207,.F.);
#6645=EDGE_CURVE('',#8206,#8208,#8209,.F.);
#6646=EDGE_CURVE('',#8208,#8210,#8211,.F.);
#6647=EDGE_CURVE('',#8210,#8212,#8213,.F.);
#6648=EDGE_CURVE('',#8212,#8199,#8214,.F.);
#6649=EDGE_CURVE('',#7395,#7648,#8215,.T.);
#6650=EDGE_CURVE('',#7325,#7334,#8216,.T.);
#6651=EDGE_CURVE('',#7340,#8217,#8218,.T.);
#6652=EDGE_CURVE('',#8217,#8219,#8220,.T.);
#6653=EDGE_CURVE('',#8219,#8221,#8222,.T.);
#6654=EDGE_CURVE('',#8221,#7327,#8223,.T.);
#6655=EDGE_CURVE('',#7397,#7646,#8224,.T.);
#6656=EDGE_CURVE('',#7399,#7644,#8225,.T.);
#6657=EDGE_CURVE('',#7465,#7642,#8226,.T.);
#6658=EDGE_CURVE('',#8227,#7463,#8228,.F.);
#6659=EDGE_CURVE('',#8229,#8227,#8230,.T.);
#6660=EDGE_CURVE('',#7401,#8229,#8231,.F.);
#6661=EDGE_CURVE('',#8232,#8233,#8234,.F.);
#6662=EDGE_CURVE('',#8235,#8232,#8236,.T.);
#6663=EDGE_CURVE('',#7403,#8235,#8237,.F.);
#6664=EDGE_CURVE('',#8229,#8238,#8239,.F.);
#6665=EDGE_CURVE('',#8238,#8240,#8241,.T.);
#6666=EDGE_CURVE('',#8240,#8242,#8243,.F.);
#6667=EDGE_CURVE('',#8233,#8242,#8244,.T.);
#6668=EDGE_CURVE('',#7453,#7403,#8245,.F.);
#6669=EDGE_CURVE('',#8040,#7451,#8246,.T.);
#6670=EDGE_CURVE('',#8038,#7405,#8247,.T.);
#6671=EDGE_CURVE('',#8036,#7407,#8248,.T.);
#6672=EDGE_CURVE('',#8034,#7409,#8249,.T.);
#6673=EDGE_CURVE('',#8032,#7411,#8250,.T.);
#6674=EDGE_CURVE('',#8030,#7413,#8251,.T.);
#6675=EDGE_CURVE('',#8028,#7415,#8252,.T.);
#6676=EDGE_CURVE('',#8026,#7417,#8253,.T.);
#6677=EDGE_CURVE('',#8024,#7419,#8254,.T.);
#6678=EDGE_CURVE('',#8022,#7421,#8255,.T.);
#6679=EDGE_CURVE('',#8020,#7423,#8256,.T.);
#6680=EDGE_CURVE('',#8018,#7425,#8257,.T.);
#6681=EDGE_CURVE('',#8016,#7427,#8258,.T.);
#6682=EDGE_CURVE('',#8014,#7429,#8259,.T.);
#6683=EDGE_CURVE('',#8012,#7431,#8260,.T.);
#6684=EDGE_CURVE('',#8010,#7433,#8261,.T.);
#6685=EDGE_CURVE('',#8008,#7435,#8262,.T.);
#6686=EDGE_CURVE('',#8007,#7437,#8263,.T.);
#6687=EDGE_CURVE('',#8052,#7439,#8264,.T.);
#6688=EDGE_CURVE('',#8050,#7441,#8265,.T.);
#6689=EDGE_CURVE('',#8048,#7443,#8266,.T.);
#6690=EDGE_CURVE('',#8046,#7445,#8267,.T.);
#6691=EDGE_CURVE('',#8044,#7447,#8268,.T.);
#6692=EDGE_CURVE('',#8042,#7449,#8269,.T.);
#6693=EDGE_CURVE('',#7453,#8270,#8271,.T.);
#6694=EDGE_CURVE('',#8272,#8270,#8273,.F.);
#6695=EDGE_CURVE('',#7455,#8272,#8274,.T.);
#6696=EDGE_CURVE('',#7459,#7455,#8275,.F.);
#6697=EDGE_CURVE('',#8276,#8276,#8277,.T.);
#6698=EDGE_CURVE('',#7459,#8278,#8279,.T.);
#6699=EDGE_CURVE('',#8280,#8278,#8281,.F.);
#6700=EDGE_CURVE('',#8280,#7461,#8282,.F.);
#6701=EDGE_CURVE('',#8283,#8284,#8285,.F.);
#6702=EDGE_CURVE('',#8286,#8283,#8287,.T.);
#6703=EDGE_CURVE('',#8286,#8288,#8289,.F.);
#6704=EDGE_CURVE('',#8290,#8288,#8291,.T.);
#6705=EDGE_CURVE('',#8290,#8227,#8292,.F.);
#6706=EDGE_CURVE('',#8280,#8284,#8293,.T.);
#6707=EDGE_CURVE('',#7467,#7640,#8294,.T.);
#6708=EDGE_CURVE('',#8295,#8295,#8296,.T.);
#6709=EDGE_CURVE('',#8297,#8297,#8298,.T.);
#6710=EDGE_CURVE('',#8151,#7586,#8299,.T.);
#6711=EDGE_CURVE('',#8152,#7585,#8300,.T.);
#6712=EDGE_CURVE('',#8196,#7588,#8301,.T.);
#6713=EDGE_CURVE('',#8194,#7590,#8302,.T.);
#6714=EDGE_CURVE('',#8192,#7592,#8303,.T.);
#6715=EDGE_CURVE('',#8190,#7594,#8304,.T.);
#6716=EDGE_CURVE('',#8188,#7596,#8305,.T.);
#6717=EDGE_CURVE('',#8186,#7598,#8306,.T.);
#6718=EDGE_CURVE('',#8184,#7600,#8307,.T.);
#6719=EDGE_CURVE('',#8182,#7602,#8308,.T.);
#6720=EDGE_CURVE('',#8180,#7604,#8309,.T.);
#6721=EDGE_CURVE('',#8178,#7606,#8310,.T.);
#6722=EDGE_CURVE('',#8176,#7608,#8311,.T.);
#6723=EDGE_CURVE('',#8174,#7610,#8312,.T.);
#6724=EDGE_CURVE('',#8172,#7612,#8313,.T.);
#6725=EDGE_CURVE('',#8170,#7614,#8314,.T.);
#6726=EDGE_CURVE('',#8168,#7616,#8315,.T.);
#6727=EDGE_CURVE('',#8166,#7618,#8316,.T.);
#6728=EDGE_CURVE('',#8164,#7620,#8317,.T.);
#6729=EDGE_CURVE('',#8162,#7622,#8318,.T.);
#6730=EDGE_CURVE('',#8160,#7624,#8319,.T.);
#6731=EDGE_CURVE('',#8158,#7626,#8320,.T.);
#6732=EDGE_CURVE('',#8156,#7628,#8321,.T.);
#6733=EDGE_CURVE('',#8154,#7630,#8322,.T.);
#6734=EDGE_CURVE('',#8103,#7382,#8323,.T.);
#6735=EDGE_CURVE('',#8104,#7380,#8324,.T.);
#6736=EDGE_CURVE('',#8148,#7384,#8325,.T.);
#6737=EDGE_CURVE('',#8146,#7386,#8326,.T.);
#6738=EDGE_CURVE('',#8144,#7388,#8327,.T.);
#6739=EDGE_CURVE('',#8142,#7390,#8328,.T.);
#6740=EDGE_CURVE('',#8140,#7392,#8329,.T.);
#6741=EDGE_CURVE('',#7338,#7343,#8330,.T.);
#6742=EDGE_CURVE('',#8138,#7346,#8331,.T.);
#6743=EDGE_CURVE('',#8136,#7348,#8332,.T.);
#6744=EDGE_CURVE('',#8134,#7350,#8333,.T.);
#6745=EDGE_CURVE('',#8132,#7352,#8334,.T.);
#6746=EDGE_CURVE('',#8130,#7354,#8335,.T.);
#6747=EDGE_CURVE('',#8128,#7356,#8336,.T.);
#6748=EDGE_CURVE('',#8126,#7358,#8337,.T.);
#6749=EDGE_CURVE('',#8124,#7360,#8338,.T.);
#6750=EDGE_CURVE('',#8122,#7362,#8339,.T.);
#6751=EDGE_CURVE('',#8120,#7364,#8340,.T.);
#6752=EDGE_CURVE('',#8118,#7366,#8341,.T.);
#6753=EDGE_CURVE('',#8116,#7368,#8342,.T.);
#6754=EDGE_CURVE('',#8114,#7370,#8343,.T.);
#6755=EDGE_CURVE('',#8112,#7372,#8344,.T.);
#6756=EDGE_CURVE('',#8110,#7374,#8345,.T.);
#6757=EDGE_CURVE('',#8108,#7376,#8346,.T.);
#6758=EDGE_CURVE('',#8106,#7378,#8347,.T.);
#6759=EDGE_CURVE('',#8055,#7538,#8348,.T.);
#6760=EDGE_CURVE('',#8056,#7537,#8349,.T.);
#6761=EDGE_CURVE('',#8100,#7540,#8350,.T.);
#6762=EDGE_CURVE('',#8098,#7542,#8351,.T.);
#6763=EDGE_CURVE('',#8096,#7544,#8352,.T.);
#6764=EDGE_CURVE('',#8094,#7546,#8353,.T.);
#6765=EDGE_CURVE('',#8092,#7548,#8354,.T.);
#6766=EDGE_CURVE('',#8090,#7550,#8355,.T.);
#6767=EDGE_CURVE('',#8088,#7552,#8356,.T.);
#6768=EDGE_CURVE('',#8086,#7554,#8357,.T.);
#6769=EDGE_CURVE('',#8084,#7556,#8358,.T.);
#6770=EDGE_CURVE('',#8082,#7558,#8359,.T.);
#6771=EDGE_CURVE('',#8080,#7560,#8360,.T.);
#6772=EDGE_CURVE('',#8078,#7562,#8361,.T.);
#6773=EDGE_CURVE('',#8076,#7564,#8362,.T.);
#6774=EDGE_CURVE('',#8074,#7566,#8363,.T.);
#6775=EDGE_CURVE('',#8072,#7568,#8364,.T.);
#6776=EDGE_CURVE('',#8070,#7570,#8365,.T.);
#6777=EDGE_CURVE('',#8068,#7572,#8366,.T.);
#6778=EDGE_CURVE('',#8066,#7574,#8367,.T.);
#6779=EDGE_CURVE('',#8064,#7576,#8368,.T.);
#6780=EDGE_CURVE('',#8062,#7578,#8369,.T.);
#6781=EDGE_CURVE('',#8060,#7580,#8370,.T.);
#6782=EDGE_CURVE('',#8058,#7582,#8371,.T.);
#6783=EDGE_CURVE('',#8372,#8372,#8373,.T.);
#6784=EDGE_CURVE('',#8374,#8374,#8375,.T.);
#6785=EDGE_CURVE('',#8376,#8376,#8377,.T.);
#6786=EDGE_CURVE('',#7344,#7472,#8378,.T.);
#6787=EDGE_CURVE('',#8379,#8379,#8380,.T.);
#6788=EDGE_CURVE('',#7960,#7483,#8381,.T.);
#6789=EDGE_CURVE('',#7959,#7484,#8382,.T.);
#6790=EDGE_CURVE('',#8004,#7486,#8383,.T.);
#6791=EDGE_CURVE('',#8002,#7488,#8384,.T.);
#6792=EDGE_CURVE('',#8000,#7490,#8385,.T.);
#6793=EDGE_CURVE('',#7998,#7492,#8386,.T.);
#6794=EDGE_CURVE('',#7996,#7494,#8387,.T.);
#6795=EDGE_CURVE('',#7994,#7496,#8388,.T.);
#6796=EDGE_CURVE('',#7992,#7498,#8389,.T.);
#6797=EDGE_CURVE('',#7990,#7500,#8390,.T.);
#6798=EDGE_CURVE('',#7988,#7502,#8391,.T.);
#6799=EDGE_CURVE('',#7986,#7504,#8392,.T.);
#6800=EDGE_CURVE('',#7984,#7506,#8393,.T.);
#6801=EDGE_CURVE('',#7982,#7508,#8394,.T.);
#6802=EDGE_CURVE('',#7980,#7510,#8395,.T.);
#6803=EDGE_CURVE('',#7978,#7512,#8396,.T.);
#6804=EDGE_CURVE('',#7976,#7514,#8397,.T.);
#6805=EDGE_CURVE('',#7974,#7516,#8398,.T.);
#6806=EDGE_CURVE('',#7972,#7518,#8399,.T.);
#6807=EDGE_CURVE('',#7970,#7520,#8400,.T.);
#6808=EDGE_CURVE('',#7968,#7522,#8401,.T.);
#6809=EDGE_CURVE('',#7966,#7524,#8402,.T.);
#6810=EDGE_CURVE('',#7964,#7526,#8403,.T.);
#6811=EDGE_CURVE('',#7962,#7528,#8404,.T.);
#6812=EDGE_CURVE('',#8405,#8405,#8406,.T.);
#6813=EDGE_CURVE('',#8407,#8407,#8408,.T.);
#6814=EDGE_CURVE('',#8409,#8409,#8410,.T.);
#6815=EDGE_CURVE('',#8411,#7651,#8412,.T.);
#6816=EDGE_CURVE('',#8413,#8411,#8414,.T.);
#6817=EDGE_CURVE('',#8413,#7652,#8415,.T.);
#6818=EDGE_CURVE('',#8416,#8413,#8417,.T.);
#6819=EDGE_CURVE('',#8416,#7654,#8418,.T.);
#6820=EDGE_CURVE('',#8419,#8416,#8420,.T.);
#6821=EDGE_CURVE('',#8419,#7656,#8421,.T.);
#6822=EDGE_CURVE('',#8422,#8419,#8423,.T.);
#6823=EDGE_CURVE('',#8422,#7658,#8424,.T.);
#6824=EDGE_CURVE('',#8425,#8422,#8426,.T.);
#6825=EDGE_CURVE('',#8425,#7660,#8427,.T.);
#6826=EDGE_CURVE('',#8428,#8425,#8429,.T.);
#6827=EDGE_CURVE('',#8428,#7662,#8430,.T.);
#6828=EDGE_CURVE('',#8431,#8428,#8432,.T.);
#6829=EDGE_CURVE('',#8431,#7664,#8433,.T.);
#6830=EDGE_CURVE('',#8411,#8431,#8434,.T.);
#6831=EDGE_CURVE('',#8435,#7667,#8436,.T.);
#6832=EDGE_CURVE('',#8437,#8435,#8438,.T.);
#6833=EDGE_CURVE('',#8437,#7668,#8439,.T.);
#6834=EDGE_CURVE('',#8440,#8437,#8441,.T.);
#6835=EDGE_CURVE('',#8440,#7670,#8442,.T.);
#6836=EDGE_CURVE('',#8443,#8440,#8444,.T.);
#6837=EDGE_CURVE('',#8443,#7672,#8445,.T.);
#6838=EDGE_CURVE('',#8446,#8443,#8447,.T.);
#6839=EDGE_CURVE('',#8446,#7674,#8448,.T.);
#6840=EDGE_CURVE('',#8449,#8446,#8450,.T.);
#6841=EDGE_CURVE('',#8449,#7676,#8451,.T.);
#6842=EDGE_CURVE('',#8452,#8449,#8453,.T.);
#6843=EDGE_CURVE('',#8452,#7678,#8454,.T.);
#6844=EDGE_CURVE('',#8455,#8452,#8456,.T.);
#6845=EDGE_CURVE('',#8455,#7680,#8457,.T.);
#6846=EDGE_CURVE('',#8435,#8455,#8458,.T.);
#6847=EDGE_CURVE('',#8459,#7683,#8460,.T.);
#6848=EDGE_CURVE('',#8461,#8459,#8462,.T.);
#6849=EDGE_CURVE('',#8461,#7684,#8463,.T.);
#6850=EDGE_CURVE('',#8464,#8461,#8465,.T.);
#6851=EDGE_CURVE('',#8464,#7686,#8466,.T.);
#6852=EDGE_CURVE('',#8467,#8464,#8468,.T.);
#6853=EDGE_CURVE('',#8467,#7688,#8469,.T.);
#6854=EDGE_CURVE('',#8470,#8467,#8471,.T.);
#6855=EDGE_CURVE('',#8470,#7690,#8472,.T.);
#6856=EDGE_CURVE('',#8473,#8470,#8474,.T.);
#6857=EDGE_CURVE('',#8473,#7692,#8475,.T.);
#6858=EDGE_CURVE('',#8476,#8473,#8477,.T.);
#6859=EDGE_CURVE('',#8476,#7694,#8478,.T.);
#6860=EDGE_CURVE('',#8479,#8476,#8480,.T.);
#6861=EDGE_CURVE('',#8479,#7696,#8481,.T.);
#6862=EDGE_CURVE('',#8459,#8479,#8482,.T.);
#6863=EDGE_CURVE('',#8483,#7699,#8484,.T.);
#6864=EDGE_CURVE('',#8485,#8483,#8486,.T.);
#6865=EDGE_CURVE('',#8485,#7700,#8487,.T.);
#6866=EDGE_CURVE('',#8488,#8485,#8489,.T.);
#6867=EDGE_CURVE('',#8488,#7702,#8490,.T.);
#6868=EDGE_CURVE('',#8491,#8488,#8492,.T.);
#6869=EDGE_CURVE('',#8491,#7704,#8493,.T.);
#6870=EDGE_CURVE('',#8494,#8491,#8495,.T.);
#6871=EDGE_CURVE('',#8494,#7706,#8496,.T.);
#6872=EDGE_CURVE('',#8497,#8494,#8498,.T.);
#6873=EDGE_CURVE('',#8497,#7708,#8499,.T.);
#6874=EDGE_CURVE('',#8500,#8497,#8501,.T.);
#6875=EDGE_CURVE('',#8500,#7710,#8502,.T.);
#6876=EDGE_CURVE('',#8503,#8500,#8504,.T.);
#6877=EDGE_CURVE('',#8503,#7712,#8505,.T.);
#6878=EDGE_CURVE('',#8483,#8503,#8506,.T.);
#6879=EDGE_CURVE('',#8507,#7715,#8508,.T.);
#6880=EDGE_CURVE('',#8509,#8507,#8510,.T.);
#6881=EDGE_CURVE('',#8509,#7716,#8511,.T.);
#6882=EDGE_CURVE('',#8512,#8509,#8513,.T.);
#6883=EDGE_CURVE('',#8512,#7718,#8514,.T.);
#6884=EDGE_CURVE('',#8515,#8512,#8516,.T.);
#6885=EDGE_CURVE('',#8515,#7720,#8517,.T.);
#6886=EDGE_CURVE('',#8518,#8515,#8519,.T.);
#6887=EDGE_CURVE('',#8518,#7722,#8520,.T.);
#6888=EDGE_CURVE('',#8521,#8518,#8522,.T.);
#6889=EDGE_CURVE('',#8521,#7724,#8523,.T.);
#6890=EDGE_CURVE('',#8524,#8521,#8525,.T.);
#6891=EDGE_CURVE('',#8524,#7726,#8526,.T.);
#6892=EDGE_CURVE('',#8527,#8524,#8528,.T.);
#6893=EDGE_CURVE('',#8527,#7728,#8529,.T.);
#6894=EDGE_CURVE('',#8530,#8527,#8531,.T.);
#6895=EDGE_CURVE('',#8530,#7730,#8532,.T.);
#6896=EDGE_CURVE('',#8533,#8530,#8534,.T.);
#6897=EDGE_CURVE('',#8533,#7732,#8535,.T.);
#6898=EDGE_CURVE('',#8536,#8533,#8537,.T.);
#6899=EDGE_CURVE('',#8536,#7734,#8538,.T.);
#6900=EDGE_CURVE('',#8507,#8536,#8539,.T.);
#6901=EDGE_CURVE('',#8540,#7737,#8541,.T.);
#6902=EDGE_CURVE('',#8542,#8540,#8543,.T.);
#6903=EDGE_CURVE('',#8542,#7738,#8544,.T.);
#6904=EDGE_CURVE('',#8545,#8542,#8546,.T.);
#6905=EDGE_CURVE('',#8545,#7740,#8547,.T.);
#6906=EDGE_CURVE('',#8548,#8545,#8549,.T.);
#6907=EDGE_CURVE('',#8548,#7742,#8550,.T.);
#6908=EDGE_CURVE('',#8551,#8548,#8552,.T.);
#6909=EDGE_CURVE('',#8551,#7744,#8553,.T.);
#6910=EDGE_CURVE('',#8554,#8551,#8555,.T.);
#6911=EDGE_CURVE('',#8554,#7746,#8556,.T.);
#6912=EDGE_CURVE('',#8557,#8554,#8558,.T.);
#6913=EDGE_CURVE('',#8557,#7748,#8559,.T.);
#6914=EDGE_CURVE('',#8560,#8557,#8561,.T.);
#6915=EDGE_CURVE('',#8560,#7750,#8562,.T.);
#6916=EDGE_CURVE('',#8563,#8560,#8564,.T.);
#6917=EDGE_CURVE('',#8563,#7752,#8565,.T.);
#6918=EDGE_CURVE('',#8566,#8563,#8567,.T.);
#6919=EDGE_CURVE('',#8566,#7754,#8568,.T.);
#6920=EDGE_CURVE('',#8569,#8566,#8570,.T.);
#6921=EDGE_CURVE('',#8569,#7756,#8571,.T.);
#6922=EDGE_CURVE('',#8572,#8569,#8573,.T.);
#6923=EDGE_CURVE('',#8572,#7758,#8574,.T.);
#6924=EDGE_CURVE('',#8575,#8572,#8576,.T.);
#6925=EDGE_CURVE('',#8575,#7760,#8577,.T.);
#6926=EDGE_CURVE('',#8578,#8575,#8579,.T.);
#6927=EDGE_CURVE('',#8578,#7762,#8580,.T.);
#6928=EDGE_CURVE('',#8581,#8578,#8582,.T.);
#6929=EDGE_CURVE('',#8581,#7764,#8583,.T.);
#6930=EDGE_CURVE('',#8584,#8581,#8585,.T.);
#6931=EDGE_CURVE('',#8584,#7766,#8586,.T.);
#6932=EDGE_CURVE('',#8587,#8584,#8588,.T.);
#6933=EDGE_CURVE('',#8587,#7768,#8589,.T.);
#6934=EDGE_CURVE('',#8590,#8587,#8591,.T.);
#6935=EDGE_CURVE('',#8590,#7770,#8592,.T.);
#6936=EDGE_CURVE('',#8593,#8590,#8594,.T.);
#6937=EDGE_CURVE('',#8593,#7772,#8595,.T.);
#6938=EDGE_CURVE('',#8596,#8593,#8597,.T.);
#6939=EDGE_CURVE('',#8596,#7774,#8598,.T.);
#6940=EDGE_CURVE('',#8599,#8596,#8600,.T.);
#6941=EDGE_CURVE('',#8599,#7776,#8601,.T.);
#6942=EDGE_CURVE('',#8602,#8599,#8603,.T.);
#6943=EDGE_CURVE('',#8602,#7778,#8604,.T.);
#6944=EDGE_CURVE('',#8605,#8602,#8606,.T.);
#6945=EDGE_CURVE('',#8605,#7780,#8607,.T.);
#6946=EDGE_CURVE('',#8608,#8605,#8609,.T.);
#6947=EDGE_CURVE('',#8608,#7782,#8610,.T.);
#6948=EDGE_CURVE('',#8611,#8608,#8612,.T.);
#6949=EDGE_CURVE('',#8611,#7784,#8613,.T.);
#6950=EDGE_CURVE('',#8614,#8611,#8615,.T.);
#6951=EDGE_CURVE('',#8614,#7786,#8616,.T.);
#6952=EDGE_CURVE('',#8617,#8614,#8618,.T.);
#6953=EDGE_CURVE('',#8617,#7788,#8619,.T.);
#6954=EDGE_CURVE('',#8620,#8617,#8621,.T.);
#6955=EDGE_CURVE('',#8620,#7790,#8622,.T.);
#6956=EDGE_CURVE('',#8623,#8620,#8624,.T.);
#6957=EDGE_CURVE('',#8623,#7792,#8625,.T.);
#6958=EDGE_CURVE('',#8626,#8623,#8627,.T.);
#6959=EDGE_CURVE('',#8626,#7794,#8628,.T.);
#6960=EDGE_CURVE('',#8629,#8626,#8630,.T.);
#6961=EDGE_CURVE('',#8629,#7796,#8631,.T.);
#6962=EDGE_CURVE('',#8632,#8629,#8633,.T.);
#6963=EDGE_CURVE('',#8632,#7798,#8634,.T.);
#6964=EDGE_CURVE('',#8540,#8632,#8635,.T.);
#6965=EDGE_CURVE('',#8636,#7801,#8637,.T.);
#6966=EDGE_CURVE('',#8638,#8636,#8639,.T.);
#6967=EDGE_CURVE('',#8638,#7802,#8640,.T.);
#6968=EDGE_CURVE('',#8641,#8638,#8642,.T.);
#6969=EDGE_CURVE('',#8641,#7804,#8643,.T.);
#6970=EDGE_CURVE('',#8644,#8641,#8645,.T.);
#6971=EDGE_CURVE('',#8644,#7806,#8646,.T.);
#6972=EDGE_CURVE('',#8647,#8644,#8648,.T.);
#6973=EDGE_CURVE('',#8647,#7808,#8649,.T.);
#6974=EDGE_CURVE('',#8650,#8647,#8651,.T.);
#6975=EDGE_CURVE('',#8650,#7810,#8652,.T.);
#6976=EDGE_CURVE('',#8653,#8650,#8654,.T.);
#6977=EDGE_CURVE('',#8653,#7812,#8655,.T.);
#6978=EDGE_CURVE('',#8656,#8653,#8657,.T.);
#6979=EDGE_CURVE('',#8656,#7814,#8658,.T.);
#6980=EDGE_CURVE('',#8659,#8656,#8660,.T.);
#6981=EDGE_CURVE('',#8659,#7816,#8661,.T.);
#6982=EDGE_CURVE('',#8662,#8659,#8663,.T.);
#6983=EDGE_CURVE('',#8662,#7818,#8664,.T.);
#6984=EDGE_CURVE('',#8665,#8662,#8666,.T.);
#6985=EDGE_CURVE('',#8665,#7820,#8667,.T.);
#6986=EDGE_CURVE('',#8668,#8665,#8669,.T.);
#6987=EDGE_CURVE('',#8668,#7822,#8670,.T.);
#6988=EDGE_CURVE('',#8671,#8668,#8672,.T.);
#6989=EDGE_CURVE('',#8671,#7824,#8673,.T.);
#6990=EDGE_CURVE('',#8674,#8671,#8675,.T.);
#6991=EDGE_CURVE('',#8674,#7826,#8676,.T.);
#6992=EDGE_CURVE('',#8677,#8674,#8678,.T.);
#6993=EDGE_CURVE('',#8677,#7828,#8679,.T.);
#6994=EDGE_CURVE('',#8680,#8677,#8681,.T.);
#6995=EDGE_CURVE('',#8680,#7830,#8682,.T.);
#6996=EDGE_CURVE('',#8683,#8680,#8684,.T.);
#6997=EDGE_CURVE('',#8683,#7832,#8685,.T.);
#6998=EDGE_CURVE('',#8686,#8683,#8687,.T.);
#6999=EDGE_CURVE('',#8686,#7834,#8688,.T.);
#7000=EDGE_CURVE('',#8689,#8686,#8690,.T.);
#7001=EDGE_CURVE('',#8689,#7836,#8691,.T.);
#7002=EDGE_CURVE('',#8692,#8689,#8693,.T.);
#7003=EDGE_CURVE('',#8692,#7838,#8694,.T.);
#7004=EDGE_CURVE('',#8695,#8692,#8696,.T.);
#7005=EDGE_CURVE('',#8695,#7840,#8697,.T.);
#7006=EDGE_CURVE('',#8698,#8695,#8699,.T.);
#7007=EDGE_CURVE('',#8698,#7842,#8700,.T.);
#7008=EDGE_CURVE('',#8701,#8698,#8702,.T.);
#7009=EDGE_CURVE('',#8701,#7844,#8703,.T.);
#7010=EDGE_CURVE('',#8704,#8701,#8705,.T.);
#7011=EDGE_CURVE('',#8704,#7846,#8706,.T.);
#7012=EDGE_CURVE('',#8707,#8704,#8708,.T.);
#7013=EDGE_CURVE('',#8707,#7848,#8709,.T.);
#7014=EDGE_CURVE('',#8710,#8707,#8711,.T.);
#7015=EDGE_CURVE('',#8710,#7850,#8712,.T.);
#7016=EDGE_CURVE('',#8713,#8710,#8714,.T.);
#7017=EDGE_CURVE('',#8713,#7852,#8715,.T.);
#7018=EDGE_CURVE('',#8716,#8713,#8717,.T.);
#7019=EDGE_CURVE('',#8716,#7854,#8718,.T.);
#7020=EDGE_CURVE('',#8719,#8716,#8720,.T.);
#7021=EDGE_CURVE('',#8719,#7856,#8721,.T.);
#7022=EDGE_CURVE('',#8722,#8719,#8723,.T.);
#7023=EDGE_CURVE('',#8722,#7858,#8724,.T.);
#7024=EDGE_CURVE('',#8725,#8722,#8726,.T.);
#7025=EDGE_CURVE('',#8725,#7860,#8727,.T.);
#7026=EDGE_CURVE('',#8728,#8725,#8729,.T.);
#7027=EDGE_CURVE('',#8728,#7862,#8730,.T.);
#7028=EDGE_CURVE('',#8731,#8728,#8732,.T.);
#7029=EDGE_CURVE('',#8731,#7864,#8733,.T.);
#7030=EDGE_CURVE('',#8734,#8731,#8735,.T.);
#7031=EDGE_CURVE('',#8734,#7866,#8736,.T.);
#7032=EDGE_CURVE('',#8737,#8734,#8738,.T.);
#7033=EDGE_CURVE('',#8737,#7868,#8739,.T.);
#7034=EDGE_CURVE('',#8740,#8737,#8741,.T.);
#7035=EDGE_CURVE('',#8740,#7870,#8742,.T.);
#7036=EDGE_CURVE('',#8743,#8740,#8744,.T.);
#7037=EDGE_CURVE('',#8743,#7872,#8745,.T.);
#7038=EDGE_CURVE('',#8636,#8743,#8746,.T.);
#7039=EDGE_CURVE('',#8747,#7875,#8748,.T.);
#7040=EDGE_CURVE('',#8749,#8747,#8750,.T.);
#7041=EDGE_CURVE('',#8749,#7876,#8751,.T.);
#7042=EDGE_CURVE('',#8752,#8749,#8753,.T.);
#7043=EDGE_CURVE('',#8752,#7878,#8754,.T.);
#7044=EDGE_CURVE('',#8755,#8752,#8756,.T.);
#7045=EDGE_CURVE('',#8755,#7880,#8757,.T.);
#7046=EDGE_CURVE('',#8758,#8755,#8759,.T.);
#7047=EDGE_CURVE('',#8758,#7882,#8760,.T.);
#7048=EDGE_CURVE('',#8761,#8758,#8762,.T.);
#7049=EDGE_CURVE('',#8761,#7884,#8763,.T.);
#7050=EDGE_CURVE('',#8764,#8761,#8765,.T.);
#7051=EDGE_CURVE('',#8764,#7886,#8766,.T.);
#7052=EDGE_CURVE('',#8767,#8764,#8768,.T.);
#7053=EDGE_CURVE('',#8767,#7888,#8769,.T.);
#7054=EDGE_CURVE('',#8770,#8767,#8771,.T.);
#7055=EDGE_CURVE('',#8770,#7890,#8772,.T.);
#7056=EDGE_CURVE('',#8773,#8770,#8774,.T.);
#7057=EDGE_CURVE('',#8773,#7892,#8775,.T.);
#7058=EDGE_CURVE('',#8776,#8773,#8777,.T.);
#7059=EDGE_CURVE('',#8776,#7894,#8778,.T.);
#7060=EDGE_CURVE('',#8747,#8776,#8779,.T.);
#7061=EDGE_CURVE('',#8780,#7897,#8781,.T.);
#7062=EDGE_CURVE('',#8782,#8780,#8783,.T.);
#7063=EDGE_CURVE('',#8782,#7898,#8784,.T.);
#7064=EDGE_CURVE('',#8785,#8782,#8786,.T.);
#7065=EDGE_CURVE('',#8785,#7900,#8787,.T.);
#7066=EDGE_CURVE('',#8788,#8785,#8789,.T.);
#7067=EDGE_CURVE('',#8788,#7902,#8790,.T.);
#7068=EDGE_CURVE('',#8791,#8788,#8792,.T.);
#7069=EDGE_CURVE('',#8791,#7904,#8793,.T.);
#7070=EDGE_CURVE('',#8794,#8791,#8795,.T.);
#7071=EDGE_CURVE('',#8794,#7906,#8796,.T.);
#7072=EDGE_CURVE('',#8797,#8794,#8798,.T.);
#7073=EDGE_CURVE('',#8797,#7908,#8799,.T.);
#7074=EDGE_CURVE('',#8800,#8797,#8801,.T.);
#7075=EDGE_CURVE('',#8800,#7910,#8802,.T.);
#7076=EDGE_CURVE('',#8803,#8800,#8804,.T.);
#7077=EDGE_CURVE('',#8803,#7912,#8805,.T.);
#7078=EDGE_CURVE('',#8806,#8803,#8807,.T.);
#7079=EDGE_CURVE('',#8806,#7914,#8808,.T.);
#7080=EDGE_CURVE('',#8809,#8806,#8810,.T.);
#7081=EDGE_CURVE('',#8809,#7916,#8811,.T.);
#7082=EDGE_CURVE('',#8812,#8809,#8813,.T.);
#7083=EDGE_CURVE('',#8812,#7918,#8814,.T.);
#7084=EDGE_CURVE('',#8815,#8812,#8816,.T.);
#7085=EDGE_CURVE('',#8815,#7920,#8817,.T.);
#7086=EDGE_CURVE('',#8818,#8815,#8819,.T.);
#7087=EDGE_CURVE('',#8818,#7922,#8820,.T.);
#7088=EDGE_CURVE('',#8821,#8818,#8822,.T.);
#7089=EDGE_CURVE('',#8821,#7924,#8823,.T.);
#7090=EDGE_CURVE('',#8824,#8821,#8825,.T.);
#7091=EDGE_CURVE('',#8824,#7926,#8826,.T.);
#7092=EDGE_CURVE('',#8827,#8824,#8828,.T.);
#7093=EDGE_CURVE('',#8827,#7928,#8829,.T.);
#7094=EDGE_CURVE('',#8830,#8827,#8831,.T.);
#7095=EDGE_CURVE('',#8830,#7930,#8832,.T.);
#7096=EDGE_CURVE('',#8833,#8830,#8834,.T.);
#7097=EDGE_CURVE('',#8833,#7932,#8835,.T.);
#7098=EDGE_CURVE('',#8836,#8833,#8837,.T.);
#7099=EDGE_CURVE('',#8836,#7934,#8838,.T.);
#7100=EDGE_CURVE('',#8839,#8836,#8840,.T.);
#7101=EDGE_CURVE('',#8839,#7936,#8841,.T.);
#7102=EDGE_CURVE('',#8842,#8839,#8843,.T.);
#7103=EDGE_CURVE('',#8842,#7938,#8844,.T.);
#7104=EDGE_CURVE('',#8845,#8842,#8846,.T.);
#7105=EDGE_CURVE('',#8845,#7940,#8847,.T.);
#7106=EDGE_CURVE('',#8848,#8845,#8849,.T.);
#7107=EDGE_CURVE('',#8848,#7942,#8850,.T.);
#7108=EDGE_CURVE('',#8851,#8848,#8852,.T.);
#7109=EDGE_CURVE('',#8851,#7944,#8853,.T.);
#7110=EDGE_CURVE('',#8854,#8851,#8855,.T.);
#7111=EDGE_CURVE('',#8854,#7946,#8856,.T.);
#7112=EDGE_CURVE('',#8857,#8854,#8858,.T.);
#7113=EDGE_CURVE('',#8857,#7948,#8859,.T.);
#7114=EDGE_CURVE('',#8860,#8857,#8861,.T.);
#7115=EDGE_CURVE('',#8860,#7950,#8862,.T.);
#7116=EDGE_CURVE('',#8863,#8860,#8864,.T.);
#7117=EDGE_CURVE('',#8863,#7952,#8865,.T.);
#7118=EDGE_CURVE('',#8866,#8863,#8867,.T.);
#7119=EDGE_CURVE('',#8866,#7954,#8868,.T.);
#7120=EDGE_CURVE('',#8869,#8866,#8870,.T.);
#7121=EDGE_CURVE('',#8869,#7956,#8871,.T.);
#7122=EDGE_CURVE('',#8780,#8869,#8872,.T.);
#7123=EDGE_CURVE('',#8873,#8199,#8874,.T.);
#7124=EDGE_CURVE('',#8875,#8873,#8876,.T.);
#7125=EDGE_CURVE('',#8875,#8200,#8877,.T.);
#7126=EDGE_CURVE('',#8878,#8875,#8879,.T.);
#7127=EDGE_CURVE('',#8878,#8202,#8880,.T.);
#7128=EDGE_CURVE('',#8881,#8878,#8882,.T.);
#7129=EDGE_CURVE('',#8881,#8204,#8883,.T.);
#7130=EDGE_CURVE('',#8884,#8881,#8885,.T.);
#7131=EDGE_CURVE('',#8884,#8206,#8886,.T.);
#7132=EDGE_CURVE('',#8887,#8884,#8888,.T.);
#7133=EDGE_CURVE('',#8887,#8208,#8889,.T.);
#7134=EDGE_CURVE('',#8890,#8887,#8891,.T.);
#7135=EDGE_CURVE('',#8890,#8210,#8892,.T.);
#7136=EDGE_CURVE('',#8893,#8890,#8894,.T.);
#7137=EDGE_CURVE('',#8893,#8212,#8895,.T.);
#7138=EDGE_CURVE('',#8873,#8893,#8896,.T.);
#7139=EDGE_CURVE('',#8238,#8290,#8897,.F.);
#7140=EDGE_CURVE('',#8270,#8235,#8898,.F.);
#7141=EDGE_CURVE('',#8288,#8240,#8899,.F.);
#7142=EDGE_CURVE('',#8242,#8286,#8900,.F.);
#7143=EDGE_CURVE('',#8283,#8233,#8901,.T.);
#7144=EDGE_CURVE('',#8284,#8232,#8902,.T.);
#7145=EDGE_CURVE('',#8278,#8272,#8903,.F.);
#7146=EDGE_CURVE('',#8904,#8904,#8905,.F.);
#7147=EDGE_CURVE('',#8906,#8906,#8907,.T.);
#7148=EDGE_CURVE('',#8908,#8908,#8909,.T.);
#7149=EDGE_CURVE('',#8910,#8910,#8911,.F.);
#7150=EDGE_CURVE('',#8912,#8912,#8913,.F.);
#7151=EDGE_CURVE('',#8914,#8914,#8915,.F.);
#7152=EDGE_CURVE('',#8916,#8916,#8917,.F.);
#7153=EDGE_CURVE('',#8918,#8918,#8919,.T.);
#7154=EDGE_CURVE('',#8920,#8920,#8921,.T.);
#7155=EDGE_CURVE('',#8922,#8922,#8923,.T.);
#7156=EDGE_CURVE('',#8924,#8925,#8926,.T.);
#7157=EDGE_CURVE('',#8925,#8927,#8928,.T.);
#7158=EDGE_CURVE('',#8927,#8929,#8930,.T.);
#7159=EDGE_CURVE('',#8929,#8931,#8932,.T.);
#7160=EDGE_CURVE('',#8931,#8933,#8934,.T.);
#7161=EDGE_CURVE('',#8933,#8935,#8936,.T.);
#7162=EDGE_CURVE('',#8935,#8937,#8938,.T.);
#7163=EDGE_CURVE('',#8937,#8924,#8939,.T.);
#7164=EDGE_CURVE('',#8940,#8941,#8942,.T.);
#7165=EDGE_CURVE('',#8941,#8943,#8944,.T.);
#7166=EDGE_CURVE('',#8943,#8945,#8946,.T.);
#7167=EDGE_CURVE('',#8945,#8947,#8948,.T.);
#7168=EDGE_CURVE('',#8947,#8949,#8950,.T.);
#7169=EDGE_CURVE('',#8949,#8951,#8952,.T.);
#7170=EDGE_CURVE('',#8951,#8953,#8954,.T.);
#7171=EDGE_CURVE('',#8953,#8940,#8955,.T.);
#7172=EDGE_CURVE('',#8956,#8957,#8958,.T.);
#7173=EDGE_CURVE('',#8957,#8959,#8960,.T.);
#7174=EDGE_CURVE('',#8959,#8961,#8962,.T.);
#7175=EDGE_CURVE('',#8961,#8963,#8964,.T.);
#7176=EDGE_CURVE('',#8963,#8965,#8966,.T.);
#7177=EDGE_CURVE('',#8965,#8967,#8968,.T.);
#7178=EDGE_CURVE('',#8967,#8969,#8970,.T.);
#7179=EDGE_CURVE('',#8969,#8956,#8971,.T.);
#7180=EDGE_CURVE('',#8972,#8973,#8974,.T.);
#7181=EDGE_CURVE('',#8973,#8975,#8976,.T.);
#7182=EDGE_CURVE('',#8975,#8977,#8978,.T.);
#7183=EDGE_CURVE('',#8977,#8979,#8980,.T.);
#7184=EDGE_CURVE('',#8979,#8981,#8982,.T.);
#7185=EDGE_CURVE('',#8981,#8983,#8984,.T.);
#7186=EDGE_CURVE('',#8983,#8985,#8986,.T.);
#7187=EDGE_CURVE('',#8985,#8972,#8987,.T.);
#7188=EDGE_CURVE('',#8988,#8989,#8990,.T.);
#7189=EDGE_CURVE('',#8991,#8988,#8992,.T.);
#7190=EDGE_CURVE('',#8989,#8991,#8993,.T.);
#7191=EDGE_CURVE('',#8994,#8995,#8996,.T.);
#7192=EDGE_CURVE('',#8995,#8997,#8998,.T.);
#7193=EDGE_CURVE('',#8997,#8999,#9000,.T.);
#7194=EDGE_CURVE('',#8999,#9001,#9002,.T.);
#7195=EDGE_CURVE('',#9001,#9003,#9004,.T.);
#7196=EDGE_CURVE('',#9003,#9005,#9006,.T.);
#7197=EDGE_CURVE('',#9005,#9007,#9008,.T.);
#7198=EDGE_CURVE('',#9007,#8994,#9009,.T.);
#7199=EDGE_CURVE('',#9010,#9010,#9011,.T.);
#7200=EDGE_CURVE('',#9012,#9012,#9013,.T.);
#7201=EDGE_CURVE('',#9014,#9014,#9015,.T.);
#7202=EDGE_CURVE('',#9016,#9016,#9017,.T.);
#7203=EDGE_CURVE('',#9018,#9018,#9019,.T.);
#7204=EDGE_CURVE('',#9020,#9021,#9022,.F.);
#7205=EDGE_CURVE('',#8925,#9020,#9023,.T.);
#7206=EDGE_CURVE('',#8924,#9021,#9024,.T.);
#7207=EDGE_CURVE('',#9025,#9020,#9026,.F.);
#7208=EDGE_CURVE('',#8927,#9025,#9027,.T.);
#7209=EDGE_CURVE('',#9028,#9025,#9029,.F.);
#7210=EDGE_CURVE('',#8929,#9028,#9030,.T.);
#7211=EDGE_CURVE('',#9031,#9028,#9032,.F.);
#7212=EDGE_CURVE('',#8931,#9031,#9033,.T.);
#7213=EDGE_CURVE('',#9034,#9031,#9035,.F.);
#7214=EDGE_CURVE('',#8933,#9034,#9036,.T.);
#7215=EDGE_CURVE('',#9037,#9034,#9038,.F.);
#7216=EDGE_CURVE('',#8935,#9037,#9039,.T.);
#7217=EDGE_CURVE('',#9040,#9037,#9041,.F.);
#7218=EDGE_CURVE('',#8937,#9040,#9042,.T.);
#7219=EDGE_CURVE('',#9021,#9040,#9043,.F.);
#7220=EDGE_CURVE('',#9044,#9045,#9046,.F.);
#7221=EDGE_CURVE('',#8941,#9044,#9047,.T.);
#7222=EDGE_CURVE('',#8940,#9045,#9048,.T.);
#7223=EDGE_CURVE('',#9049,#9044,#9050,.F.);
#7224=EDGE_CURVE('',#8943,#9049,#9051,.T.);
#7225=EDGE_CURVE('',#9052,#9049,#9053,.F.);
#7226=EDGE_CURVE('',#8945,#9052,#9054,.T.);
#7227=EDGE_CURVE('',#9055,#9052,#9056,.F.);
#7228=EDGE_CURVE('',#8947,#9055,#9057,.T.);
#7229=EDGE_CURVE('',#9058,#9055,#9059,.F.);
#7230=EDGE_CURVE('',#8949,#9058,#9060,.T.);
#7231=EDGE_CURVE('',#9061,#9058,#9062,.F.);
#7232=EDGE_CURVE('',#8951,#9061,#9063,.T.);
#7233=EDGE_CURVE('',#9064,#9061,#9065,.F.);
#7234=EDGE_CURVE('',#8953,#9064,#9066,.T.);
#7235=EDGE_CURVE('',#9045,#9064,#9067,.F.);
#7236=EDGE_CURVE('',#9068,#9069,#9070,.F.);
#7237=EDGE_CURVE('',#8957,#9068,#9071,.T.);
#7238=EDGE_CURVE('',#8956,#9069,#9072,.T.);
#7239=EDGE_CURVE('',#9073,#9068,#9074,.F.);
#7240=EDGE_CURVE('',#8959,#9073,#9075,.T.);
#7241=EDGE_CURVE('',#9076,#9073,#9077,.F.);
#7242=EDGE_CURVE('',#8961,#9076,#9078,.T.);
#7243=EDGE_CURVE('',#9079,#9076,#9080,.F.);
#7244=EDGE_CURVE('',#8963,#9079,#9081,.T.);
#7245=EDGE_CURVE('',#9082,#9079,#9083,.F.);
#7246=EDGE_CURVE('',#8965,#9082,#9084,.T.);
#7247=EDGE_CURVE('',#9085,#9082,#9086,.F.);
#7248=EDGE_CURVE('',#8967,#9085,#9087,.T.);
#7249=EDGE_CURVE('',#9088,#9085,#9089,.F.);
#7250=EDGE_CURVE('',#8969,#9088,#9090,.T.);
#7251=EDGE_CURVE('',#9069,#9088,#9091,.F.);
#7252=EDGE_CURVE('',#9092,#9093,#9094,.F.);
#7253=EDGE_CURVE('',#8973,#9092,#9095,.T.);
#7254=EDGE_CURVE('',#8972,#9093,#9096,.T.);
#7255=EDGE_CURVE('',#9097,#9092,#9098,.F.);
#7256=EDGE_CURVE('',#8975,#9097,#9099,.T.);
#7257=EDGE_CURVE('',#9100,#9097,#9101,.F.);
#7258=EDGE_CURVE('',#8977,#9100,#9102,.T.);
#7259=EDGE_CURVE('',#9103,#9100,#9104,.F.);
#7260=EDGE_CURVE('',#8979,#9103,#9105,.T.);
#7261=EDGE_CURVE('',#9106,#9103,#9107,.F.);
#7262=EDGE_CURVE('',#8981,#9106,#9108,.T.);
#7263=EDGE_CURVE('',#9109,#9106,#9110,.F.);
#7264=EDGE_CURVE('',#8983,#9109,#9111,.T.);
#7265=EDGE_CURVE('',#9112,#9109,#9113,.F.);
#7266=EDGE_CURVE('',#8985,#9112,#9114,.T.);
#7267=EDGE_CURVE('',#9093,#9112,#9115,.F.);
#7268=EDGE_CURVE('',#9116,#9117,#9118,.T.);
#7269=EDGE_CURVE('',#8988,#9116,#9119,.T.);
#7270=EDGE_CURVE('',#8989,#9117,#9120,.T.);
#7271=EDGE_CURVE('',#9121,#9116,#9122,.T.);
#7272=EDGE_CURVE('',#8991,#9121,#9123,.T.);
#7273=EDGE_CURVE('',#9117,#9121,#9124,.T.);
#7274=EDGE_CURVE('',#9125,#9126,#9127,.F.);
#7275=EDGE_CURVE('',#8995,#9125,#9128,.T.);
#7276=EDGE_CURVE('',#8994,#9126,#9129,.T.);
#7277=EDGE_CURVE('',#9130,#9125,#9131,.F.);
#7278=EDGE_CURVE('',#8997,#9130,#9132,.T.);
#7279=EDGE_CURVE('',#9133,#9130,#9134,.F.);
#7280=EDGE_CURVE('',#8999,#9133,#9135,.T.);
#7281=EDGE_CURVE('',#9136,#9133,#9137,.F.);
#7282=EDGE_CURVE('',#9001,#9136,#9138,.T.);
#7283=EDGE_CURVE('',#9139,#9136,#9140,.F.);
#7284=EDGE_CURVE('',#9003,#9139,#9141,.T.);
#7285=EDGE_CURVE('',#9142,#9139,#9143,.F.);
#7286=EDGE_CURVE('',#9005,#9142,#9144,.T.);
#7287=EDGE_CURVE('',#9145,#9142,#9146,.F.);
#7288=EDGE_CURVE('',#9007,#9145,#9147,.T.);
#7289=EDGE_CURVE('',#9126,#9145,#9148,.F.);
#7290=EDGE_CURVE('',#7343,#8217,#9149,.T.);
#7291=EDGE_CURVE('',#7344,#8219,#9150,.T.);
#7292=EDGE_CURVE('',#7472,#8221,#9151,.T.);
#7293=VERTEX_POINT('',#9152);
#7294=VERTEX_POINT('',#9153);
#7295=LINE('',#9154,#9155);
#7296=VERTEX_POINT('',#9157);
#7297=LINE('',#9158,#9159);
#7298=VERTEX_POINT('',#9161);
#7299=LINE('',#9162,#9163);
#7300=VERTEX_POINT('',#9165);
#7301=LINE('',#9166,#9167);
#7302=VERTEX_POINT('',#9169);
#7303=LINE('',#9170,#9171);
#7304=VERTEX_POINT('',#9173);
#7305=LINE('',#9174,#9175);
#7306=VERTEX_POINT('',#9177);
#7307=LINE('',#9178,#9179);
#7308=LINE('',#9181,#9182);
#7309=VERTEX_POINT('',#9184);
#7310=VERTEX_POINT('',#9185);
#7311=LINE('',#9186,#9187);
#7312=VERTEX_POINT('',#9189);
#7313=LINE('',#9190,#9191);
#7314=VERTEX_POINT('',#9193);
#7315=LINE('',#9194,#9195);
#7316=LINE('',#9197,#9198);
#7317=VERTEX_POINT('',#9200);
#7318=VERTEX_POINT('',#9201);
#7319=LINE('',#9202,#9203);
#7320=VERTEX_POINT('',#9205);
#7321=LINE('',#9206,#9207);
#7322=VERTEX_POINT('',#9209);
#7323=LINE('',#9210,#9211);
#7324=LINE('',#9213,#9214);
#7325=VERTEX_POINT('',#9216);
#7326=LINE('',#9217,#9218);
#7327=VERTEX_POINT('',#9220);
#7328=LINE('',#9221,#9222);
#7329=VERTEX_POINT('',#9224);
#7330=CIRCLE('',#9225,4.99999999999708);
#7331=LINE('',#9229,#9230);
#7332=LINE('',#9232,#9233);
#7333=LINE('',#9235,#9236);
#7334=VERTEX_POINT('',#9238);
#7335=LINE('',#9239,#9240);
#7336=LINE('',#9242,#9243);
#7337=LINE('',#9245,#9246);
#7338=VERTEX_POINT('',#9248);
#7339=LINE('',#9249,#9250);
#7340=VERTEX_POINT('',#9252);
#7341=B_SPLINE_CURVE_WITH_KNOTS('',3,
(#9253,#9254,#9255,#9256,#9257,#9258,#9259,#9260,#9261,#9262,#9263,#9264,#9265,#9266,
#9267,#9268,#9269,#9270,#9271,#9272,#9273,#9274,#9275,#9276,#9277,#9278,#9279,#9280,
#9281,#9282,#9283,#9284,#9285,#9286),
.UNSPECIFIED.,.F.,.F.,
(4,1,1,1,1,1,1,1,1,1,1,1,1,1,1,1,1,1,1,1,1,1,1,1,1,1,1,1,1,1,1,4),
(0.,0.0385753831071523,0.0405683025953639,0.0768998670134697,0.114967617659575,0.117065463213538,
0.164840244654497,0.188895221678553,0.225854339378055,0.25873091179838,0.29763222903205,
0.330473392614485,0.367536716004735,0.40610415501314,0.43630044752246,0.479765235447992,
0.512898072972026,0.553512188887028,0.598449459186789,0.628180389087955,0.693687802829903,
0.701673298596375,0.774821760676189,0.781438314360195,0.84766634920812,0.849107500103983,
0.896152348424114,0.920521585327762,0.930965839462364,0.965583188016715,0.97847526619247,
1.),
.UNSPECIFIED.);
#7342=LINE('',#9287,#9288);
#7343=VERTEX_POINT('',#9290);
#7344=VERTEX_POINT('',#9291);
#7345=LINE('',#9292,#9293);
#7346=VERTEX_POINT('',#9295);
#7347=CIRCLE('',#9296,2.);
#7348=VERTEX_POINT('',#9300);
#7349=LINE('',#9301,#9302);
#7350=VERTEX_POINT('',#9304);
#7351=CIRCLE('',#9305,2.);
#7352=VERTEX_POINT('',#9309);
#7353=LINE('',#9310,#9311);
#7354=VERTEX_POINT('',#9313);
#7355=CIRCLE('',#9314,2.);
#7356=VERTEX_POINT('',#9318);
#7357=LINE('',#9319,#9320);
#7358=VERTEX_POINT('',#9322);
#7359=LINE('',#9323,#9324);
#7360=VERTEX_POINT('',#9326);
#7361=LINE('',#9327,#9328);
#7362=VERTEX_POINT('',#9330);
#7363=LINE('',#9331,#9332);
#7364=VERTEX_POINT('',#9334);
#7365=LINE('',#9335,#9336);
#7366=VERTEX_POINT('',#9338);
#7367=CIRCLE('',#9339,1.4);
#7368=VERTEX_POINT('',#9343);
#7369=LINE('',#9344,#9345);
#7370=VERTEX_POINT('',#9347);
#7371=CIRCLE('',#9348,1.4);
#7372=VERTEX_POINT('',#9352);
#7373=LINE('',#9353,#9354);
#7374=VERTEX_POINT('',#9356);
#7375=CIRCLE('',#9357,1.4);
#7376=VERTEX_POINT('',#9361);
#7377=LINE('',#9362,#9363);
#7378=VERTEX_POINT('',#9365);
#7379=CIRCLE('',#9366,1.4);
#7380=VERTEX_POINT('',#9370);
#7381=LINE('',#9371,#9372);
#7382=VERTEX_POINT('',#9374);
#7383=LINE('',#9375,#9376);
#7384=VERTEX_POINT('',#9378);
#7385=LINE('',#9379,#9380);
#7386=VERTEX_POINT('',#9382);
#7387=LINE('',#9383,#9384);
#7388=VERTEX_POINT('',#9386);
#7389=LINE('',#9387,#9388);
#7390=VERTEX_POINT('',#9390);
#7391=CIRCLE('',#9391,2.);
#7392=VERTEX_POINT('',#9395);
#7393=LINE('',#9396,#9397);
#7394=CIRCLE('',#9399,2.);
#7395=VERTEX_POINT('',#9403);
#7396=CIRCLE('',#9404,8.39999999999999);
#7397=VERTEX_POINT('',#9408);
#7398=LINE('',#9409,#9410);
#7399=VERTEX_POINT('',#9412);
#7400=CIRCLE('',#9413,8.40000000000002);
#7401=VERTEX_POINT('',#9417);
#7402=LINE('',#9418,#9419);
#7403=VERTEX_POINT('',#9421);
#7404=LINE('',#9422,#9423);
#7405=VERTEX_POINT('',#9425);
#7406=CIRCLE('',#9426,2.);
#7407=VERTEX_POINT('',#9430);
#7408=LINE('',#9431,#9432);
#7409=VERTEX_POINT('',#9434);
#7410=CIRCLE('',#9435,2.);
#7411=VERTEX_POINT('',#9439);
#7412=LINE('',#9440,#9441);
#7413=VERTEX_POINT('',#9443);
#7414=LINE('',#9444,#9445);
#7415=VERTEX_POINT('',#9447);
#7416=LINE('',#9448,#9449);
#7417=VERTEX_POINT('',#9451);
#7418=LINE('',#9452,#9453);
#7419=VERTEX_POINT('',#9455);
#7420=LINE('',#9456,#9457);
#7421=VERTEX_POINT('',#9459);
#7422=CIRCLE('',#9460,1.4);
#7423=VERTEX_POINT('',#9464);
#7424=LINE('',#9465,#9466);
#7425=VERTEX_POINT('',#9468);
#7426=CIRCLE('',#9469,1.4);
#7427=VERTEX_POINT('',#9473);
#7428=LINE('',#9474,#9475);
#7429=VERTEX_POINT('',#9477);
#7430=CIRCLE('',#9478,1.4);
#7431=VERTEX_POINT('',#9482);
#7432=LINE('',#9483,#9484);
#7433=VERTEX_POINT('',#9486);
#7434=CIRCLE('',#9487,1.4);
#7435=VERTEX_POINT('',#9491);
#7436=LINE('',#9492,#9493);
#7437=VERTEX_POINT('',#9495);
#7438=LINE('',#9496,#9497);
#7439=VERTEX_POINT('',#9499);
#7440=LINE('',#9500,#9501);
#7441=VERTEX_POINT('',#9503);
#7442=LINE('',#9504,#9505);
#7443=VERTEX_POINT('',#9507);
#7444=LINE('',#9508,#9509);
#7445=VERTEX_POINT('',#9511);
#7446=CIRCLE('',#9512,2.);
#7447=VERTEX_POINT('',#9516);
#7448=LINE('',#9517,#9518);
#7449=VERTEX_POINT('',#9520);
#7450=CIRCLE('',#9521,2.);
#7451=VERTEX_POINT('',#9525);
#7452=LINE('',#9526,#9527);
#7453=VERTEX_POINT('',#9529);
#7454=CIRCLE('',#9530,2.);
#7455=VERTEX_POINT('',#9534);
#7456=LINE('',#9535,#9536);
#7457=VERTEX_POINT('',#9538);
#7458=CIRCLE('',#9539,7.);
#7459=VERTEX_POINT('',#9543);
#7460=CIRCLE('',#9544,7.);
#7461=VERTEX_POINT('',#9548);
#7462=LINE('',#9549,#9550);
#7463=VERTEX_POINT('',#9552);
#7464=LINE('',#9553,#9554);
#7465=VERTEX_POINT('',#9556);
#7466=LINE('',#9557,#9558);
#7467=VERTEX_POINT('',#9560);
#7468=CIRCLE('',#9561,8.39999999999998);
#7469=VERTEX_POINT('',#9565);
#7470=LINE('',#9566,#9567);
#7471=CIRCLE('',#9569,8.40000000000001);
#7472=VERTEX_POINT('',#9573);
#7473=LINE('',#9574,#9575);
#7474=VERTEX_POINT('',#9577);
#7475=CIRCLE('',#9578,7.);
#7476=CIRCLE('',#9582,7.);
#7477=VERTEX_POINT('',#9586);
#7478=CIRCLE('',#9587,4.33974596215561);
#7479=VERTEX_POINT('',#9591);
#7480=CIRCLE('',#9592,4.33974596215561);
#7481=VERTEX_POINT('',#9596);
#7482=CIRCLE('',#9597,4.33974596215561);
#7483=VERTEX_POINT('',#9601);
#7484=VERTEX_POINT('',#9602);
#7485=LINE('',#9603,#9604);
#7486=VERTEX_POINT('',#9606);
#7487=LINE('',#9607,#9608);
#7488=VERTEX_POINT('',#9610);
#7489=LINE('',#9611,#9612);
#7490=VERTEX_POINT('',#9614);
#7491=LINE('',#9615,#9616);
#7492=VERTEX_POINT('',#9618);
#7493=CIRCLE('',#9619,2.);
#7494=VERTEX_POINT('',#9623);
#7495=LINE('',#9624,#9625);
#7496=VERTEX_POINT('',#9627);
#7497=CIRCLE('',#9628,2.);
#7498=VERTEX_POINT('',#9632);
#7499=LINE('',#9633,#9634);
#7500=VERTEX_POINT('',#9636);
#7501=CIRCLE('',#9637,2.);
#7502=VERTEX_POINT('',#9641);
#7503=LINE('',#9642,#9643);
#7504=VERTEX_POINT('',#9645);
#7505=CIRCLE('',#9646,2.);
#7506=VERTEX_POINT('',#9650);
#7507=LINE('',#9651,#9652);
#7508=VERTEX_POINT('',#9654);
#7509=LINE('',#9655,#9656);
#7510=VERTEX_POINT('',#9658);
#7511=LINE('',#9659,#9660);
#7512=VERTEX_POINT('',#9662);
#7513=LINE('',#9663,#9664);
#7514=VERTEX_POINT('',#9666);
#7515=LINE('',#9667,#9668);
#7516=VERTEX_POINT('',#9670);
#7517=CIRCLE('',#9671,1.4);
#7518=VERTEX_POINT('',#9675);
#7519=LINE('',#9676,#9677);
#7520=VERTEX_POINT('',#9679);
#7521=CIRCLE('',#9680,1.4);
#7522=VERTEX_POINT('',#9684);
#7523=LINE('',#9685,#9686);
#7524=VERTEX_POINT('',#9688);
#7525=CIRCLE('',#9689,1.4);
#7526=VERTEX_POINT('',#9693);
#7527=LINE('',#9694,#9695);
#7528=VERTEX_POINT('',#9697);
#7529=CIRCLE('',#9698,1.4);
#7530=LINE('',#9702,#9703);
#7531=VERTEX_POINT('',#9705);
#7532=CIRCLE('',#9706,7.);
#7533=VERTEX_POINT('',#9710);
#7534=CIRCLE('',#9711,7.);
#7535=VERTEX_POINT('',#9715);
#7536=CIRCLE('',#9716,7.);
#7537=VERTEX_POINT('',#9720);
#7538=VERTEX_POINT('',#9721);
#7539=LINE('',#9722,#9723);
#7540=VERTEX_POINT('',#9725);
#7541=LINE('',#9726,#9727);
#7542=VERTEX_POINT('',#9729);
#7543=LINE('',#9730,#9731);
#7544=VERTEX_POINT('',#9733);
#7545=LINE('',#9734,#9735);
#7546=VERTEX_POINT('',#9737);
#7547=CIRCLE('',#9738,2.);
#7548=VERTEX_POINT('',#9742);
#7549=LINE('',#9743,#9744);
#7550=VERTEX_POINT('',#9746);
#7551=CIRCLE('',#9747,2.);
#7552=VERTEX_POINT('',#9751);
#7553=LINE('',#9752,#9753);
#7554=VERTEX_POINT('',#9755);
#7555=CIRCLE('',#9756,2.);
#7556=VERTEX_POINT('',#9760);
#7557=LINE('',#9761,#9762);
#7558=VERTEX_POINT('',#9764);
#7559=CIRCLE('',#9765,2.);
#7560=VERTEX_POINT('',#9769);
#7561=LINE('',#9770,#9771);
#7562=VERTEX_POINT('',#9773);
#7563=LINE('',#9774,#9775);
#7564=VERTEX_POINT('',#9777);
#7565=LINE('',#9778,#9779);
#7566=VERTEX_POINT('',#9781);
#7567=LINE('',#9782,#9783);
#7568=VERTEX_POINT('',#9785);
#7569=LINE('',#9786,#9787);
#7570=VERTEX_POINT('',#9789);
#7571=CIRCLE('',#9790,1.4);
#7572=VERTEX_POINT('',#9794);
#7573=LINE('',#9795,#9796);
#7574=VERTEX_POINT('',#9798);
#7575=CIRCLE('',#9799,1.4);
#7576=VERTEX_POINT('',#9803);
#7577=LINE('',#9804,#9805);
#7578=VERTEX_POINT('',#9807);
#7579=CIRCLE('',#9808,1.4);
#7580=VERTEX_POINT('',#9812);
#7581=LINE('',#9813,#9814);
#7582=VERTEX_POINT('',#9816);
#7583=CIRCLE('',#9817,1.4);
#7584=LINE('',#9821,#9822);
#7585=VERTEX_POINT('',#9824);
#7586=VERTEX_POINT('',#9825);
#7587=LINE('',#9826,#9827);
#7588=VERTEX_POINT('',#9829);
#7589=LINE('',#9830,#9831);
#7590=VERTEX_POINT('',#9833);
#7591=LINE('',#9834,#9835);
#7592=VERTEX_POINT('',#9837);
#7593=LINE('',#9838,#9839);
#7594=VERTEX_POINT('',#9841);
#7595=CIRCLE('',#9842,2.);
#7596=VERTEX_POINT('',#9846);
#7597=LINE('',#9847,#9848);
#7598=VERTEX_POINT('',#9850);
#7599=CIRCLE('',#9851,2.);
#7600=VERTEX_POINT('',#9855);
#7601=LINE('',#9856,#9857);
#7602=VERTEX_POINT('',#9859);
#7603=CIRCLE('',#9860,2.);
#7604=VERTEX_POINT('',#9864);
#7605=LINE('',#9865,#9866);
#7606=VERTEX_POINT('',#9868);
#7607=CIRCLE('',#9869,2.);
#7608=VERTEX_POINT('',#9873);
#7609=LINE('',#9874,#9875);
#7610=VERTEX_POINT('',#9877);
#7611=LINE('',#9878,#9879);
#7612=VERTEX_POINT('',#9881);
#7613=LINE('',#9882,#9883);
#7614=VERTEX_POINT('',#9885);
#7615=LINE('',#9886,#9887);
#7616=VERTEX_POINT('',#9889);
#7617=LINE('',#9890,#9891);
#7618=VERTEX_POINT('',#9893);
#7619=CIRCLE('',#9894,1.4);
#7620=VERTEX_POINT('',#9898);
#7621=LINE('',#9899,#9900);
#7622=VERTEX_POINT('',#9902);
#7623=CIRCLE('',#9903,1.4);
#7624=VERTEX_POINT('',#9907);
#7625=LINE('',#9908,#9909);
#7626=VERTEX_POINT('',#9911);
#7627=CIRCLE('',#9912,1.4);
#7628=VERTEX_POINT('',#9916);
#7629=LINE('',#9917,#9918);
#7630=VERTEX_POINT('',#9920);
#7631=CIRCLE('',#9921,1.4);
#7632=LINE('',#9925,#9926);
#7633=VERTEX_POINT('',#9928);
#7634=CIRCLE('',#9929,4.33974596215561);
#7635=VERTEX_POINT('',#9933);
#7636=CIRCLE('',#9934,4.33974596215561);
#7637=VERTEX_POINT('',#9938);
#7638=LINE('',#9939,#9940);
#7639=CIRCLE('',#9942,8.4);
#7640=VERTEX_POINT('',#9946);
#7641=LINE('',#9947,#9948);
#7642=VERTEX_POINT('',#9950);
#7643=CIRCLE('',#9951,8.4);
#7644=VERTEX_POINT('',#9955);
#7645=LINE('',#9956,#9957);
#7646=VERTEX_POINT('',#9959);
#7647=CIRCLE('',#9960,8.4);
#7648=VERTEX_POINT('',#9964);
#7649=LINE('',#9965,#9966);
#7650=CIRCLE('',#9968,8.4);
#7651=VERTEX_POINT('',#9972);
#7652=VERTEX_POINT('',#9973);
#7653=CIRCLE('',#9974,2.);
#7654=VERTEX_POINT('',#9978);
#7655=LINE('',#9979,#9980);
#7656=VERTEX_POINT('',#9982);
#7657=CIRCLE('',#9983,2.);
#7658=VERTEX_POINT('',#9987);
#7659=LINE('',#9988,#9989);
#7660=VERTEX_POINT('',#9991);
#7661=CIRCLE('',#9992,2.);
#7662=VERTEX_POINT('',#9996);
#7663=LINE('',#9997,#9998);
#7664=VERTEX_POINT('',#10000);
#7665=CIRCLE('',#10001,2.);
#7666=LINE('',#10005,#10006);
#7667=VERTEX_POINT('',#10008);
#7668=VERTEX_POINT('',#10009);
#7669=CIRCLE('',#10010,2.);
#7670=VERTEX_POINT('',#10014);
#7671=LINE('',#10015,#10016);
#7672=VERTEX_POINT('',#10018);
#7673=CIRCLE('',#10019,2.);
#7674=VERTEX_POINT('',#10023);
#7675=LINE('',#10024,#10025);
#7676=VERTEX_POINT('',#10027);
#7677=CIRCLE('',#10028,2.);
#7678=VERTEX_POINT('',#10032);
#7679=LINE('',#10033,#10034);
#7680=VERTEX_POINT('',#10036);
#7681=CIRCLE('',#10037,2.);
#7682=LINE('',#10041,#10042);
#7683=VERTEX_POINT('',#10044);
#7684=VERTEX_POINT('',#10045);
#7685=CIRCLE('',#10046,2.);
#7686=VERTEX_POINT('',#10050);
#7687=LINE('',#10051,#10052);
#7688=VERTEX_POINT('',#10054);
#7689=CIRCLE('',#10055,2.);
#7690=VERTEX_POINT('',#10059);
#7691=LINE('',#10060,#10061);
#7692=VERTEX_POINT('',#10063);
#7693=CIRCLE('',#10064,2.);
#7694=VERTEX_POINT('',#10068);
#7695=LINE('',#10069,#10070);
#7696=VERTEX_POINT('',#10072);
#7697=CIRCLE('',#10073,2.);
#7698=LINE('',#10077,#10078);
#7699=VERTEX_POINT('',#10080);
#7700=VERTEX_POINT('',#10081);
#7701=CIRCLE('',#10082,2.);
#7702=VERTEX_POINT('',#10086);
#7703=LINE('',#10087,#10088);
#7704=VERTEX_POINT('',#10090);
#7705=CIRCLE('',#10091,2.);
#7706=VERTEX_POINT('',#10095);
#7707=LINE('',#10096,#10097);
#7708=VERTEX_POINT('',#10099);
#7709=CIRCLE('',#10100,2.);
#7710=VERTEX_POINT('',#10104);
#7711=LINE('',#10105,#10106);
#7712=VERTEX_POINT('',#10108);
#7713=CIRCLE('',#10109,2.);
#7714=LINE('',#10113,#10114);
#7715=VERTEX_POINT('',#10116);
#7716=VERTEX_POINT('',#10117);
#7717=LINE('',#10118,#10119);
#7718=VERTEX_POINT('',#10121);
#7719=LINE('',#10122,#10123);
#7720=VERTEX_POINT('',#10125);
#7721=LINE('',#10126,#10127);
#7722=VERTEX_POINT('',#10129);
#7723=LINE('',#10130,#10131);
#7724=VERTEX_POINT('',#10133);
#7725=LINE('',#10134,#10135);
#7726=VERTEX_POINT('',#10137);
#7727=LINE('',#10138,#10139);
#7728=VERTEX_POINT('',#10141);
#7729=LINE('',#10142,#10143);
#7730=VERTEX_POINT('',#10145);
#7731=LINE('',#10146,#10147);
#7732=VERTEX_POINT('',#10149);
#7733=LINE('',#10150,#10151);
#7734=VERTEX_POINT('',#10153);
#7735=LINE('',#10154,#10155);
#7736=LINE('',#10157,#10158);
#7737=VERTEX_POINT('',#10160);
#7738=VERTEX_POINT('',#10161);
#7739=B_SPLINE_CURVE_WITH_KNOTS('',2,
(#10162,#10163,#10164),
.UNSPECIFIED.,.F.,.F.,
(3,3),
(0.,1.),
.UNSPECIFIED.);
#7740=VERTEX_POINT('',#10165);
#7741=B_SPLINE_CURVE_WITH_KNOTS('',2,
(#10166,#10167,#10168),
.UNSPECIFIED.,.F.,.F.,
(3,3),
(0.,1.),
.UNSPECIFIED.);
#7742=VERTEX_POINT('',#10169);
#7743=B_SPLINE_CURVE_WITH_KNOTS('',2,
(#10170,#10171,#10172),
.UNSPECIFIED.,.F.,.F.,
(3,3),
(0.,1.),
.UNSPECIFIED.);
#7744=VERTEX_POINT('',#10173);
#7745=B_SPLINE_CURVE_WITH_KNOTS('',2,
(#10174,#10175,#10176),
.UNSPECIFIED.,.F.,.F.,
(3,3),
(0.,1.),
.UNSPECIFIED.);
#7746=VERTEX_POINT('',#10177);
#7747=B_SPLINE_CURVE_WITH_KNOTS('',2,
(#10178,#10179,#10180),
.UNSPECIFIED.,.F.,.F.,
(3,3),
(0.,1.),
.UNSPECIFIED.);
#7748=VERTEX_POINT('',#10181);
#7749=B_SPLINE_CURVE_WITH_KNOTS('',2,
(#10182,#10183,#10184),
.UNSPECIFIED.,.F.,.F.,
(3,3),
(0.,1.),
.UNSPECIFIED.);
#7750=VERTEX_POINT('',#10185);
#7751=B_SPLINE_CURVE_WITH_KNOTS('',2,
(#10186,#10187,#10188),
.UNSPECIFIED.,.F.,.F.,
(3,3),
(0.,1.),
.UNSPECIFIED.);
#7752=VERTEX_POINT('',#10189);
#7753=B_SPLINE_CURVE_WITH_KNOTS('',2,
(#10190,#10191,#10192),
.UNSPECIFIED.,.F.,.F.,
(3,3),
(0.,1.),
.UNSPECIFIED.);
#7754=VERTEX_POINT('',#10193);
#7755=B_SPLINE_CURVE_WITH_KNOTS('',2,
(#10194,#10195,#10196),
.UNSPECIFIED.,.F.,.F.,
(3,3),
(0.,1.),
.UNSPECIFIED.);
#7756=VERTEX_POINT('',#10197);
#7757=B_SPLINE_CURVE_WITH_KNOTS('',2,
(#10198,#10199,#10200),
.UNSPECIFIED.,.F.,.F.,
(3,3),
(0.,1.),
.UNSPECIFIED.);
#7758=VERTEX_POINT('',#10201);
#7759=B_SPLINE_CURVE_WITH_KNOTS('',2,
(#10202,#10203,#10204),
.UNSPECIFIED.,.F.,.F.,
(3,3),
(0.,1.),
.UNSPECIFIED.);
#7760=VERTEX_POINT('',#10205);
#7761=B_SPLINE_CURVE_WITH_KNOTS('',2,
(#10206,#10207,#10208),
.UNSPECIFIED.,.F.,.F.,
(3,3),
(0.,1.),
.UNSPECIFIED.);
#7762=VERTEX_POINT('',#10209);
#7763=B_SPLINE_CURVE_WITH_KNOTS('',2,
(#10210,#10211,#10212),
.UNSPECIFIED.,.F.,.F.,
(3,3),
(0.,1.),
.UNSPECIFIED.);
#7764=VERTEX_POINT('',#10213);
#7765=B_SPLINE_CURVE_WITH_KNOTS('',2,
(#10214,#10215,#10216),
.UNSPECIFIED.,.F.,.F.,
(3,3),
(0.,1.),
.UNSPECIFIED.);
#7766=VERTEX_POINT('',#10217);
#7767=LINE('',#10218,#10219);
#7768=VERTEX_POINT('',#10221);
#7769=LINE('',#10222,#10223);
#7770=VERTEX_POINT('',#10225);
#7771=LINE('',#10226,#10227);
#7772=VERTEX_POINT('',#10229);
#7773=LINE('',#10230,#10231);
#7774=VERTEX_POINT('',#10233);
#7775=B_SPLINE_CURVE_WITH_KNOTS('',2,
(#10234,#10235,#10236),
.UNSPECIFIED.,.F.,.F.,
(3,3),
(0.,1.),
.UNSPECIFIED.);
#7776=VERTEX_POINT('',#10237);
#7777=LINE('',#10238,#10239);
#7778=VERTEX_POINT('',#10241);
#7779=B_SPLINE_CURVE_WITH_KNOTS('',2,
(#10242,#10243,#10244),
.UNSPECIFIED.,.F.,.F.,
(3,3),
(0.,1.),
.UNSPECIFIED.);
#7780=VERTEX_POINT('',#10245);
#7781=B_SPLINE_CURVE_WITH_KNOTS('',2,
(#10246,#10247,#10248),
.UNSPECIFIED.,.F.,.F.,
(3,3),
(0.,1.),
.UNSPECIFIED.);
#7782=VERTEX_POINT('',#10249);
#7783=B_SPLINE_CURVE_WITH_KNOTS('',2,
(#10250,#10251,#10252),
.UNSPECIFIED.,.F.,.F.,
(3,3),
(0.,1.),
.UNSPECIFIED.);
#7784=VERTEX_POINT('',#10253);
#7785=B_SPLINE_CURVE_WITH_KNOTS('',2,
(#10254,#10255,#10256),
.UNSPECIFIED.,.F.,.F.,
(3,3),
(0.,1.),
.UNSPECIFIED.);
#7786=VERTEX_POINT('',#10257);
#7787=B_SPLINE_CURVE_WITH_KNOTS('',2,
(#10258,#10259,#10260),
.UNSPECIFIED.,.F.,.F.,
(3,3),
(0.,1.),
.UNSPECIFIED.);
#7788=VERTEX_POINT('',#10261);
#7789=B_SPLINE_CURVE_WITH_KNOTS('',2,
(#10262,#10263,#10264),
.UNSPECIFIED.,.F.,.F.,
(3,3),
(0.,1.),
.UNSPECIFIED.);
#7790=VERTEX_POINT('',#10265);
#7791=B_SPLINE_CURVE_WITH_KNOTS('',2,
(#10266,#10267,#10268),
.UNSPECIFIED.,.F.,.F.,
(3,3),
(0.,1.),
.UNSPECIFIED.);
#7792=VERTEX_POINT('',#10269);
#7793=B_SPLINE_CURVE_WITH_KNOTS('',2,
(#10270,#10271,#10272),
.UNSPECIFIED.,.F.,.F.,
(3,3),
(0.,1.),
.UNSPECIFIED.);
#7794=VERTEX_POINT('',#10273);
#7795=B_SPLINE_CURVE_WITH_KNOTS('',2,
(#10274,#10275,#10276),
.UNSPECIFIED.,.F.,.F.,
(3,3),
(0.,1.),
.UNSPECIFIED.);
#7796=VERTEX_POINT('',#10277);
#7797=B_SPLINE_CURVE_WITH_KNOTS('',2,
(#10278,#10279,#10280),
.UNSPECIFIED.,.F.,.F.,
(3,3),
(0.,1.),
.UNSPECIFIED.);
#7798=VERTEX_POINT('',#10281);
#7799=B_SPLINE_CURVE_WITH_KNOTS('',2,
(#10282,#10283,#10284),
.UNSPECIFIED.,.F.,.F.,
(3,3),
(0.,1.),
.UNSPECIFIED.);
#7800=LINE('',#10285,#10286);
#7801=VERTEX_POINT('',#10288);
#7802=VERTEX_POINT('',#10289);
#7803=B_SPLINE_CURVE_WITH_KNOTS('',2,
(#10290,#10291,#10292),
.UNSPECIFIED.,.F.,.F.,
(3,3),
(0.,1.),
.UNSPECIFIED.);
#7804=VERTEX_POINT('',#10293);
#7805=LINE('',#10294,#10295);
#7806=VERTEX_POINT('',#10297);
#7807=LINE('',#10298,#10299);
#7808=VERTEX_POINT('',#10301);
#7809=LINE('',#10302,#10303);
#7810=VERTEX_POINT('',#10305);
#7811=B_SPLINE_CURVE_WITH_KNOTS('',2,
(#10306,#10307,#10308),
.UNSPECIFIED.,.F.,.F.,
(3,3),
(0.,1.),
.UNSPECIFIED.);
#7812=VERTEX_POINT('',#10309);
#7813=B_SPLINE_CURVE_WITH_KNOTS('',2,
(#10310,#10311,#10312),
.UNSPECIFIED.,.F.,.F.,
(3,3),
(0.,1.),
.UNSPECIFIED.);
#7814=VERTEX_POINT('',#10313);
#7815=B_SPLINE_CURVE_WITH_KNOTS('',2,
(#10314,#10315,#10316),
.UNSPECIFIED.,.F.,.F.,
(3,3),
(0.,1.),
.UNSPECIFIED.);
#7816=VERTEX_POINT('',#10317);
#7817=B_SPLINE_CURVE_WITH_KNOTS('',2,
(#10318,#10319,#10320),
.UNSPECIFIED.,.F.,.F.,
(3,3),
(0.,1.),
.UNSPECIFIED.);
#7818=VERTEX_POINT('',#10321);
#7819=B_SPLINE_CURVE_WITH_KNOTS('',2,
(#10322,#10323,#10324),
.UNSPECIFIED.,.F.,.F.,
(3,3),
(0.,1.),
.UNSPECIFIED.);
#7820=VERTEX_POINT('',#10325);
#7821=B_SPLINE_CURVE_WITH_KNOTS('',2,
(#10326,#10327,#10328),
.UNSPECIFIED.,.F.,.F.,
(3,3),
(0.,1.),
.UNSPECIFIED.);
#7822=VERTEX_POINT('',#10329);
#7823=B_SPLINE_CURVE_WITH_KNOTS('',2,
(#10330,#10331,#10332),
.UNSPECIFIED.,.F.,.F.,
(3,3),
(0.,1.),
.UNSPECIFIED.);
#7824=VERTEX_POINT('',#10333);
#7825=B_SPLINE_CURVE_WITH_KNOTS('',2,
(#10334,#10335,#10336),
.UNSPECIFIED.,.F.,.F.,
(3,3),
(0.,1.),
.UNSPECIFIED.);
#7826=VERTEX_POINT('',#10337);
#7827=LINE('',#10338,#10339);
#7828=VERTEX_POINT('',#10341);
#7829=B_SPLINE_CURVE_WITH_KNOTS('',2,
(#10342,#10343,#10344),
.UNSPECIFIED.,.F.,.F.,
(3,3),
(0.,1.),
.UNSPECIFIED.);
#7830=VERTEX_POINT('',#10345);
#7831=B_SPLINE_CURVE_WITH_KNOTS('',2,
(#10346,#10347,#10348),
.UNSPECIFIED.,.F.,.F.,
(3,3),
(0.,1.),
.UNSPECIFIED.);
#7832=VERTEX_POINT('',#10349);
#7833=B_SPLINE_CURVE_WITH_KNOTS('',2,
(#10350,#10351,#10352),
.UNSPECIFIED.,.F.,.F.,
(3,3),
(0.,1.),
.UNSPECIFIED.);
#7834=VERTEX_POINT('',#10353);
#7835=B_SPLINE_CURVE_WITH_KNOTS('',2,
(#10354,#10355,#10356),
.UNSPECIFIED.,.F.,.F.,
(3,3),
(0.,1.),
.UNSPECIFIED.);
#7836=VERTEX_POINT('',#10357);
#7837=B_SPLINE_CURVE_WITH_KNOTS('',2,
(#10358,#10359,#10360),
.UNSPECIFIED.,.F.,.F.,
(3,3),
(0.,1.),
.UNSPECIFIED.);
#7838=VERTEX_POINT('',#10361);
#7839=B_SPLINE_CURVE_WITH_KNOTS('',2,
(#10362,#10363,#10364),
.UNSPECIFIED.,.F.,.F.,
(3,3),
(0.,1.),
.UNSPECIFIED.);
#7840=VERTEX_POINT('',#10365);
#7841=B_SPLINE_CURVE_WITH_KNOTS('',2,
(#10366,#10367,#10368),
.UNSPECIFIED.,.F.,.F.,
(3,3),
(0.,1.),
.UNSPECIFIED.);
#7842=VERTEX_POINT('',#10369);
#7843=B_SPLINE_CURVE_WITH_KNOTS('',2,
(#10370,#10371,#10372),
.UNSPECIFIED.,.F.,.F.,
(3,3),
(0.,1.),
.UNSPECIFIED.);
#7844=VERTEX_POINT('',#10373);
#7845=B_SPLINE_CURVE_WITH_KNOTS('',2,
(#10374,#10375,#10376),
.UNSPECIFIED.,.F.,.F.,
(3,3),
(0.,1.),
.UNSPECIFIED.);
#7846=VERTEX_POINT('',#10377);
#7847=B_SPLINE_CURVE_WITH_KNOTS('',2,
(#10378,#10379,#10380),
.UNSPECIFIED.,.F.,.F.,
(3,3),
(0.,1.),
.UNSPECIFIED.);
#7848=VERTEX_POINT('',#10381);
#7849=B_SPLINE_CURVE_WITH_KNOTS('',2,
(#10382,#10383,#10384),
.UNSPECIFIED.,.F.,.F.,
(3,3),
(0.,1.),
.UNSPECIFIED.);
#7850=VERTEX_POINT('',#10385);
#7851=B_SPLINE_CURVE_WITH_KNOTS('',2,
(#10386,#10387,#10388),
.UNSPECIFIED.,.F.,.F.,
(3,3),
(0.,1.),
.UNSPECIFIED.);
#7852=VERTEX_POINT('',#10389);
#7853=B_SPLINE_CURVE_WITH_KNOTS('',2,
(#10390,#10391,#10392),
.UNSPECIFIED.,.F.,.F.,
(3,3),
(0.,1.),
.UNSPECIFIED.);
#7854=VERTEX_POINT('',#10393);
#7855=B_SPLINE_CURVE_WITH_KNOTS('',2,
(#10394,#10395,#10396),
.UNSPECIFIED.,.F.,.F.,
(3,3),
(0.,1.),
.UNSPECIFIED.);
#7856=VERTEX_POINT('',#10397);
#7857=B_SPLINE_CURVE_WITH_KNOTS('',2,
(#10398,#10399,#10400),
.UNSPECIFIED.,.F.,.F.,
(3,3),
(0.,1.),
.UNSPECIFIED.);
#7858=VERTEX_POINT('',#10401);
#7859=LINE('',#10402,#10403);
#7860=VERTEX_POINT('',#10405);
#7861=B_SPLINE_CURVE_WITH_KNOTS('',2,
(#10406,#10407,#10408),
.UNSPECIFIED.,.F.,.F.,
(3,3),
(0.,1.),
.UNSPECIFIED.);
#7862=VERTEX_POINT('',#10409);
#7863=B_SPLINE_CURVE_WITH_KNOTS('',2,
(#10410,#10411,#10412),
.UNSPECIFIED.,.F.,.F.,
(3,3),
(0.,1.),
.UNSPECIFIED.);
#7864=VERTEX_POINT('',#10413);
#7865=B_SPLINE_CURVE_WITH_KNOTS('',2,
(#10414,#10415,#10416),
.UNSPECIFIED.,.F.,.F.,
(3,3),
(0.,1.),
.UNSPECIFIED.);
#7866=VERTEX_POINT('',#10417);
#7867=B_SPLINE_CURVE_WITH_KNOTS('',2,
(#10418,#10419,#10420),
.UNSPECIFIED.,.F.,.F.,
(3,3),
(0.,1.),
.UNSPECIFIED.);
#7868=VERTEX_POINT('',#10421);
#7869=B_SPLINE_CURVE_WITH_KNOTS('',2,
(#10422,#10423,#10424),
.UNSPECIFIED.,.F.,.F.,
(3,3),
(0.,1.),
.UNSPECIFIED.);
#7870=VERTEX_POINT('',#10425);
#7871=B_SPLINE_CURVE_WITH_KNOTS('',2,
(#10426,#10427,#10428),
.UNSPECIFIED.,.F.,.F.,
(3,3),
(0.,1.),
.UNSPECIFIED.);
#7872=VERTEX_POINT('',#10429);
#7873=B_SPLINE_CURVE_WITH_KNOTS('',2,
(#10430,#10431,#10432),
.UNSPECIFIED.,.F.,.F.,
(3,3),
(0.,1.),
.UNSPECIFIED.);
#7874=B_SPLINE_CURVE_WITH_KNOTS('',2,
(#10433,#10434,#10435),
.UNSPECIFIED.,.F.,.F.,
(3,3),
(0.,1.),
.UNSPECIFIED.);
#7875=VERTEX_POINT('',#10436);
#7876=VERTEX_POINT('',#10437);
#7877=LINE('',#10438,#10439);
#7878=VERTEX_POINT('',#10441);
#7879=LINE('',#10442,#10443);
#7880=VERTEX_POINT('',#10445);
#7881=LINE('',#10446,#10447);
#7882=VERTEX_POINT('',#10449);
#7883=LINE('',#10450,#10451);
#7884=VERTEX_POINT('',#10453);
#7885=LINE('',#10454,#10455);
#7886=VERTEX_POINT('',#10457);
#7887=LINE('',#10458,#10459);
#7888=VERTEX_POINT('',#10461);
#7889=LINE('',#10462,#10463);
#7890=VERTEX_POINT('',#10465);
#7891=LINE('',#10466,#10467);
#7892=VERTEX_POINT('',#10469);
#7893=LINE('',#10470,#10471);
#7894=VERTEX_POINT('',#10473);
#7895=LINE('',#10474,#10475);
#7896=LINE('',#10477,#10478);
#7897=VERTEX_POINT('',#10480);
#7898=VERTEX_POINT('',#10481);
#7899=B_SPLINE_CURVE_WITH_KNOTS('',2,
(#10482,#10483,#10484),
.UNSPECIFIED.,.F.,.F.,
(3,3),
(0.,1.),
.UNSPECIFIED.);
#7900=VERTEX_POINT('',#10485);
#7901=B_SPLINE_CURVE_WITH_KNOTS('',2,
(#10486,#10487,#10488),
.UNSPECIFIED.,.F.,.F.,
(3,3),
(0.,1.),
.UNSPECIFIED.);
#7902=VERTEX_POINT('',#10489);
#7903=B_SPLINE_CURVE_WITH_KNOTS('',2,
(#10490,#10491,#10492),
.UNSPECIFIED.,.F.,.F.,
(3,3),
(0.,1.),
.UNSPECIFIED.);
#7904=VERTEX_POINT('',#10493);
#7905=B_SPLINE_CURVE_WITH_KNOTS('',2,
(#10494,#10495,#10496),
.UNSPECIFIED.,.F.,.F.,
(3,3),
(0.,1.),
.UNSPECIFIED.);
#7906=VERTEX_POINT('',#10497);
#7907=LINE('',#10498,#10499);
#7908=VERTEX_POINT('',#10501);
#7909=B_SPLINE_CURVE_WITH_KNOTS('',2,
(#10502,#10503,#10504),
.UNSPECIFIED.,.F.,.F.,
(3,3),
(0.,1.),
.UNSPECIFIED.);
#7910=VERTEX_POINT('',#10505);
#7911=B_SPLINE_CURVE_WITH_KNOTS('',2,
(#10506,#10507,#10508),
.UNSPECIFIED.,.F.,.F.,
(3,3),
(0.,1.),
.UNSPECIFIED.);
#7912=VERTEX_POINT('',#10509);
#7913=B_SPLINE_CURVE_WITH_KNOTS('',2,
(#10510,#10511,#10512),
.UNSPECIFIED.,.F.,.F.,
(3,3),
(0.,1.),
.UNSPECIFIED.);
#7914=VERTEX_POINT('',#10513);
#7915=B_SPLINE_CURVE_WITH_KNOTS('',2,
(#10514,#10515,#10516),
.UNSPECIFIED.,.F.,.F.,
(3,3),
(0.,1.),
.UNSPECIFIED.);
#7916=VERTEX_POINT('',#10517);
#7917=B_SPLINE_CURVE_WITH_KNOTS('',2,
(#10518,#10519,#10520),
.UNSPECIFIED.,.F.,.F.,
(3,3),
(0.,1.),
.UNSPECIFIED.);
#7918=VERTEX_POINT('',#10521);
#7919=B_SPLINE_CURVE_WITH_KNOTS('',2,
(#10522,#10523,#10524),
.UNSPECIFIED.,.F.,.F.,
(3,3),
(0.,1.),
.UNSPECIFIED.);
#7920=VERTEX_POINT('',#10525);
#7921=B_SPLINE_CURVE_WITH_KNOTS('',2,
(#10526,#10527,#10528),
.UNSPECIFIED.,.F.,.F.,
(3,3),
(0.,1.),
.UNSPECIFIED.);
#7922=VERTEX_POINT('',#10529);
#7923=B_SPLINE_CURVE_WITH_KNOTS('',2,
(#10530,#10531,#10532),
.UNSPECIFIED.,.F.,.F.,
(3,3),
(0.,1.),
.UNSPECIFIED.);
#7924=VERTEX_POINT('',#10533);
#7925=B_SPLINE_CURVE_WITH_KNOTS('',2,
(#10534,#10535,#10536),
.UNSPECIFIED.,.F.,.F.,
(3,3),
(0.,1.),
.UNSPECIFIED.);
#7926=VERTEX_POINT('',#10537);
#7927=B_SPLINE_CURVE_WITH_KNOTS('',2,
(#10538,#10539,#10540),
.UNSPECIFIED.,.F.,.F.,
(3,3),
(0.,1.),
.UNSPECIFIED.);
#7928=VERTEX_POINT('',#10541);
#7929=B_SPLINE_CURVE_WITH_KNOTS('',2,
(#10542,#10543,#10544),
.UNSPECIFIED.,.F.,.F.,
(3,3),
(0.,1.),
.UNSPECIFIED.);
#7930=VERTEX_POINT('',#10545);
#7931=LINE('',#10546,#10547);
#7932=VERTEX_POINT('',#10549);
#7933=LINE('',#10550,#10551);
#7934=VERTEX_POINT('',#10553);
#7935=LINE('',#10554,#10555);
#7936=VERTEX_POINT('',#10557);
#7937=LINE('',#10558,#10559);
#7938=VERTEX_POINT('',#10561);
#7939=LINE('',#10562,#10563);
#7940=VERTEX_POINT('',#10565);
#7941=B_SPLINE_CURVE_WITH_KNOTS('',2,
(#10566,#10567,#10568),
.UNSPECIFIED.,.F.,.F.,
(3,3),
(0.,1.),
.UNSPECIFIED.);
#7942=VERTEX_POINT('',#10569);
#7943=B_SPLINE_CURVE_WITH_KNOTS('',2,
(#10570,#10571,#10572),
.UNSPECIFIED.,.F.,.F.,
(3,3),
(0.,1.),
.UNSPECIFIED.);
#7944=VERTEX_POINT('',#10573);
#7945=B_SPLINE_CURVE_WITH_KNOTS('',2,
(#10574,#10575,#10576),
.UNSPECIFIED.,.F.,.F.,
(3,3),
(0.,1.),
.UNSPECIFIED.);
#7946=VERTEX_POINT('',#10577);
#7947=B_SPLINE_CURVE_WITH_KNOTS('',2,
(#10578,#10579,#10580),
.UNSPECIFIED.,.F.,.F.,
(3,3),
(0.,1.),
.UNSPECIFIED.);
#7948=VERTEX_POINT('',#10581);
#7949=B_SPLINE_CURVE_WITH_KNOTS('',2,
(#10582,#10583,#10584),
.UNSPECIFIED.,.F.,.F.,
(3,3),
(0.,1.),
.UNSPECIFIED.);
#7950=VERTEX_POINT('',#10585);
#7951=B_SPLINE_CURVE_WITH_KNOTS('',2,
(#10586,#10587,#10588),
.UNSPECIFIED.,.F.,.F.,
(3,3),
(0.,1.),
.UNSPECIFIED.);
#7952=VERTEX_POINT('',#10589);
#7953=B_SPLINE_CURVE_WITH_KNOTS('',2,
(#10590,#10591,#10592),
.UNSPECIFIED.,.F.,.F.,
(3,3),
(0.,1.),
.UNSPECIFIED.);
#7954=VERTEX_POINT('',#10593);
#7955=B_SPLINE_CURVE_WITH_KNOTS('',2,
(#10594,#10595,#10596),
.UNSPECIFIED.,.F.,.F.,
(3,3),
(0.,1.),
.UNSPECIFIED.);
#7956=VERTEX_POINT('',#10597);
#7957=B_SPLINE_CURVE_WITH_KNOTS('',2,
(#10598,#10599,#10600),
.UNSPECIFIED.,.F.,.F.,
(3,3),
(0.,1.),
.UNSPECIFIED.);
#7958=B_SPLINE_CURVE_WITH_KNOTS('',2,
(#10601,#10602,#10603),
.UNSPECIFIED.,.F.,.F.,
(3,3),
(0.,1.),
.UNSPECIFIED.);
#7959=VERTEX_POINT('',#10604);
#7960=VERTEX_POINT('',#10605);
#7961=LINE('',#10606,#10607);
#7962=VERTEX_POINT('',#10609);
#7963=LINE('',#10610,#10611);
#7964=VERTEX_POINT('',#10613);
#7965=CIRCLE('',#10614,1.4);
#7966=VERTEX_POINT('',#10618);
#7967=LINE('',#10619,#10620);
#7968=VERTEX_POINT('',#10622);
#7969=CIRCLE('',#10623,1.4);
#7970=VERTEX_POINT('',#10627);
#7971=LINE('',#10628,#10629);
#7972=VERTEX_POINT('',#10631);
#7973=CIRCLE('',#10632,1.4);
#7974=VERTEX_POINT('',#10636);
#7975=LINE('',#10637,#10638);
#7976=VERTEX_POINT('',#10640);
#7977=CIRCLE('',#10641,1.4);
#7978=VERTEX_POINT('',#10645);
#7979=LINE('',#10646,#10647);
#7980=VERTEX_POINT('',#10649);
#7981=LINE('',#10650,#10651);
#7982=VERTEX_POINT('',#10653);
#7983=LINE('',#10654,#10655);
#7984=VERTEX_POINT('',#10657);
#7985=LINE('',#10658,#10659);
#7986=VERTEX_POINT('',#10661);
#7987=LINE('',#10662,#10663);
#7988=VERTEX_POINT('',#10665);
#7989=CIRCLE('',#10666,2.);
#7990=VERTEX_POINT('',#10670);
#7991=LINE('',#10671,#10672);
#7992=VERTEX_POINT('',#10674);
#7993=CIRCLE('',#10675,2.);
#7994=VERTEX_POINT('',#10679);
#7995=LINE('',#10680,#10681);
#7996=VERTEX_POINT('',#10683);
#7997=CIRCLE('',#10684,2.);
#7998=VERTEX_POINT('',#10688);
#7999=LINE('',#10689,#10690);
#8000=VERTEX_POINT('',#10692);
#8001=CIRCLE('',#10693,2.);
#8002=VERTEX_POINT('',#10697);
#8003=LINE('',#10698,#10699);
#8004=VERTEX_POINT('',#10701);
#8005=LINE('',#10702,#10703);
#8006=LINE('',#10705,#10706);
#8007=VERTEX_POINT('',#10708);
#8008=VERTEX_POINT('',#10709);
#8009=LINE('',#10710,#10711);
#8010=VERTEX_POINT('',#10713);
#8011=LINE('',#10714,#10715);
#8012=VERTEX_POINT('',#10717);
#8013=CIRCLE('',#10718,1.4);
#8014=VERTEX_POINT('',#10722);
#8015=LINE('',#10723,#10724);
#8016=VERTEX_POINT('',#10726);
#8017=CIRCLE('',#10727,1.4);
#8018=VERTEX_POINT('',#10731);
#8019=LINE('',#10732,#10733);
#8020=VERTEX_POINT('',#10735);
#8021=CIRCLE('',#10736,1.4);
#8022=VERTEX_POINT('',#10740);
#8023=LINE('',#10741,#10742);
#8024=VERTEX_POINT('',#10744);
#8025=CIRCLE('',#10745,1.4);
#8026=VERTEX_POINT('',#10749);
#8027=LINE('',#10750,#10751);
#8028=VERTEX_POINT('',#10753);
#8029=LINE('',#10754,#10755);
#8030=VERTEX_POINT('',#10757);
#8031=LINE('',#10758,#10759);
#8032=VERTEX_POINT('',#10761);
#8033=LINE('',#10762,#10763);
#8034=VERTEX_POINT('',#10765);
#8035=LINE('',#10766,#10767);
#8036=VERTEX_POINT('',#10769);
#8037=CIRCLE('',#10770,2.);
#8038=VERTEX_POINT('',#10774);
#8039=LINE('',#10775,#10776);
#8040=VERTEX_POINT('',#10778);
#8041=CIRCLE('',#10779,2.);
#8042=VERTEX_POINT('',#10783);
#8043=LINE('',#10784,#10785);
#8044=VERTEX_POINT('',#10787);
#8045=CIRCLE('',#10788,2.);
#8046=VERTEX_POINT('',#10792);
#8047=LINE('',#10793,#10794);
#8048=VERTEX_POINT('',#10796);
#8049=CIRCLE('',#10797,2.);
#8050=VERTEX_POINT('',#10801);
#8051=LINE('',#10802,#10803);
#8052=VERTEX_POINT('',#10805);
#8053=LINE('',#10806,#10807);
#8054=LINE('',#10809,#10810);
#8055=VERTEX_POINT('',#10812);
#8056=VERTEX_POINT('',#10813);
#8057=LINE('',#10814,#10815);
#8058=VERTEX_POINT('',#10817);
#8059=LINE('',#10818,#10819);
#8060=VERTEX_POINT('',#10821);
#8061=CIRCLE('',#10822,1.4);
#8062=VERTEX_POINT('',#10826);
#8063=LINE('',#10827,#10828);
#8064=VERTEX_POINT('',#10830);
#8065=CIRCLE('',#10831,1.4);
#8066=VERTEX_POINT('',#10835);
#8067=LINE('',#10836,#10837);
#8068=VERTEX_POINT('',#10839);
#8069=CIRCLE('',#10840,1.4);
#8070=VERTEX_POINT('',#10844);
#8071=LINE('',#10845,#10846);
#8072=VERTEX_POINT('',#10848);
#8073=CIRCLE('',#10849,1.4);
#8074=VERTEX_POINT('',#10853);
#8075=LINE('',#10854,#10855);
#8076=VERTEX_POINT('',#10857);
#8077=LINE('',#10858,#10859);
#8078=VERTEX_POINT('',#10861);
#8079=LINE('',#10862,#10863);
#8080=VERTEX_POINT('',#10865);
#8081=LINE('',#10866,#10867);
#8082=VERTEX_POINT('',#10869);
#8083=LINE('',#10870,#10871);
#8084=VERTEX_POINT('',#10873);
#8085=CIRCLE('',#10874,2.);
#8086=VERTEX_POINT('',#10878);
#8087=LINE('',#10879,#10880);
#8088=VERTEX_POINT('',#10882);
#8089=CIRCLE('',#10883,2.);
#8090=VERTEX_POINT('',#10887);
#8091=LINE('',#10888,#10889);
#8092=VERTEX_POINT('',#10891);
#8093=CIRCLE('',#10892,2.);
#8094=VERTEX_POINT('',#10896);
#8095=LINE('',#10897,#10898);
#8096=VERTEX_POINT('',#10900);
#8097=CIRCLE('',#10901,2.);
#8098=VERTEX_POINT('',#10905);
#8099=LINE('',#10906,#10907);
#8100=VERTEX_POINT('',#10909);
#8101=LINE('',#10910,#10911);
#8102=LINE('',#10913,#10914);
#8103=VERTEX_POINT('',#10916);
#8104=VERTEX_POINT('',#10917);
#8105=LINE('',#10918,#10919);
#8106=VERTEX_POINT('',#10921);
#8107=LINE('',#10922,#10923);
#8108=VERTEX_POINT('',#10925);
#8109=CIRCLE('',#10926,1.4);
#8110=VERTEX_POINT('',#10930);
#8111=LINE('',#10931,#10932);
#8112=VERTEX_POINT('',#10934);
#8113=CIRCLE('',#10935,1.4);
#8114=VERTEX_POINT('',#10939);
#8115=LINE('',#10940,#10941);
#8116=VERTEX_POINT('',#10943);
#8117=CIRCLE('',#10944,1.4);
#8118=VERTEX_POINT('',#10948);
#8119=LINE('',#10949,#10950);
#8120=VERTEX_POINT('',#10952);
#8121=CIRCLE('',#10953,1.4);
#8122=VERTEX_POINT('',#10957);
#8123=LINE('',#10958,#10959);
#8124=VERTEX_POINT('',#10961);
#8125=LINE('',#10962,#10963);
#8126=VERTEX_POINT('',#10965);
#8127=LINE('',#10966,#10967);
#8128=VERTEX_POINT('',#10969);
#8129=LINE('',#10970,#10971);
#8130=VERTEX_POINT('',#10973);
#8131=LINE('',#10974,#10975);
#8132=VERTEX_POINT('',#10977);
#8133=CIRCLE('',#10978,2.);
#8134=VERTEX_POINT('',#10982);
#8135=LINE('',#10983,#10984);
#8136=VERTEX_POINT('',#10986);
#8137=CIRCLE('',#10987,2.);
#8138=VERTEX_POINT('',#10991);
#8139=LINE('',#10992,#10993);
#8140=VERTEX_POINT('',#10995);
#8141=CIRCLE('',#10996,2.);
#8142=VERTEX_POINT('',#11000);
#8143=LINE('',#11001,#11002);
#8144=VERTEX_POINT('',#11004);
#8145=CIRCLE('',#11005,2.);
#8146=VERTEX_POINT('',#11009);
#8147=LINE('',#11010,#11011);
#8148=VERTEX_POINT('',#11013);
#8149=LINE('',#11014,#11015);
#8150=LINE('',#11017,#11018);
#8151=VERTEX_POINT('',#11020);
#8152=VERTEX_POINT('',#11021);
#8153=LINE('',#11022,#11023);
#8154=VERTEX_POINT('',#11025);
#8155=LINE('',#11026,#11027);
#8156=VERTEX_POINT('',#11029);
#8157=CIRCLE('',#11030,1.4);
#8158=VERTEX_POINT('',#11034);
#8159=LINE('',#11035,#11036);
#8160=VERTEX_POINT('',#11038);
#8161=CIRCLE('',#11039,1.4);
#8162=VERTEX_POINT('',#11043);
#8163=LINE('',#11044,#11045);
#8164=VERTEX_POINT('',#11047);
#8165=CIRCLE('',#11048,1.4);
#8166=VERTEX_POINT('',#11052);
#8167=LINE('',#11053,#11054);
#8168=VERTEX_POINT('',#11056);
#8169=CIRCLE('',#11057,1.4);
#8170=VERTEX_POINT('',#11061);
#8171=LINE('',#11062,#11063);
#8172=VERTEX_POINT('',#11065);
#8173=LINE('',#11066,#11067);
#8174=VERTEX_POINT('',#11069);
#8175=LINE('',#11070,#11071);
#8176=VERTEX_POINT('',#11073);
#8177=LINE('',#11074,#11075);
#8178=VERTEX_POINT('',#11077);
#8179=LINE('',#11078,#11079);
#8180=VERTEX_POINT('',#11081);
#8181=CIRCLE('',#11082,2.);
#8182=VERTEX_POINT('',#11086);
#8183=LINE('',#11087,#11088);
#8184=VERTEX_POINT('',#11090);
#8185=CIRCLE('',#11091,2.);
#8186=VERTEX_POINT('',#11095);
#8187=LINE('',#11096,#11097);
#8188=VERTEX_POINT('',#11099);
#8189=CIRCLE('',#11100,2.);
#8190=VERTEX_POINT('',#11104);
#8191=LINE('',#11105,#11106);
#8192=VERTEX_POINT('',#11108);
#8193=CIRCLE('',#11109,2.);
#8194=VERTEX_POINT('',#11113);
#8195=LINE('',#11114,#11115);
#8196=VERTEX_POINT('',#11117);
#8197=LINE('',#11118,#11119);
#8198=LINE('',#11121,#11122);
#8199=VERTEX_POINT('',#11124);
#8200=VERTEX_POINT('',#11125);
#8201=CIRCLE('',#11126,2.);
#8202=VERTEX_POINT('',#11130);
#8203=LINE('',#11131,#11132);
#8204=VERTEX_POINT('',#11134);
#8205=CIRCLE('',#11135,2.);
#8206=VERTEX_POINT('',#11139);
#8207=LINE('',#11140,#11141);
#8208=VERTEX_POINT('',#11143);
#8209=CIRCLE('',#11144,2.);
#8210=VERTEX_POINT('',#11148);
#8211=LINE('',#11149,#11150);
#8212=VERTEX_POINT('',#11152);
#8213=CIRCLE('',#11153,2.);
#8214=LINE('',#11157,#11158);
#8215=LINE('',#11160,#11161);
#8216=LINE('',#11163,#11164);
#8217=VERTEX_POINT('',#11166);
#8218=B_SPLINE_CURVE_WITH_KNOTS('',3,
(#11167,#11168,#11169,#11170,#11171,#11172),
.UNSPECIFIED.,.F.,.F.,
(4,1,1,4),
(0.,0.333333333333333,0.666666666666667,1.),
.UNSPECIFIED.);
#8219=VERTEX_POINT('',#11173);
#8220=LINE('',#11174,#11175);
#8221=VERTEX_POINT('',#11177);
#8222=B_SPLINE_CURVE_WITH_KNOTS('',3,
(#11178,#11179,#11180,#11181,#11182,#11183,#11184,#11185,#11186,#11187,#11188,#11189,
#11190,#11191,#11192,#11193,#11194,#11195,#11196,#11197,#11198,#11199,#11200,#11201,
#11202,#11203,#11204,#11205,#11206,#11207,#11208,#11209,#11210,#11211,#11212,#11213),
.UNSPECIFIED.,.F.,.F.,
(4,1,1,1,1,1,1,1,1,1,1,1,1,1,1,1,1,1,1,1,1,1,1,1,1,1,1,1,1,1,1,1,1,4),
(0.,0.0246522428656756,0.0464825454019129,0.0673865717667281,0.0870625446292284,
0.109089261483727,0.132131471006251,0.157196559297379,0.184201226708161,0.213366539550452,
0.244861072153507,0.278986375107524,0.316128545126572,0.356898001421264,0.402504713854748,
0.455369681550034,0.512608381150731,0.568981724819173,0.619022379722408,0.662749052506234,
0.702111931749286,0.73806213742606,0.77115476115211,0.801735639796673,0.830027381117182,
0.85620834621424,0.880459845503178,0.902940895568385,0.923804203020221,0.943216224501438,
0.960855893403291,0.978320522701697,0.991079531519801,1.),
.UNSPECIFIED.);
#8223=LINE('',#11214,#11215);
#8224=LINE('',#11217,#11218);
#8225=LINE('',#11220,#11221);
#8226=LINE('',#11223,#11224);
#8227=VERTEX_POINT('',#11226);
#8228=LINE('',#11227,#11228);
#8229=VERTEX_POINT('',#11230);
#8230=LINE('',#11231,#11232);
#8231=LINE('',#11234,#11235);
#8232=VERTEX_POINT('',#11237);
#8233=VERTEX_POINT('',#11238);
#8234=LINE('',#11239,#11240);
#8235=VERTEX_POINT('',#11242);
#8236=LINE('',#11243,#11244);
#8237=B_SPLINE_CURVE_WITH_KNOTS('',3,
(#11246,#11247,#11248,#11249,#11250,#11251,#11252,#11253,#11254,#11255,#11256,#11257,
#11258,#11259,#11260,#11261,#11262,#11263,#11264,#11265,#11266,#11267,#11268,#11269,
#11270,#11271,#11272,#11273,#11274,#11275,#11276,#11277,#11278,#11279),
.UNSPECIFIED.,.F.,.F.,
(4,1,1,1,1,1,1,1,1,1,1,1,1,1,1,1,1,1,1,1,1,1,1,1,1,1,1,1,1,1,1,4),
(0.,0.0385753831071522,0.040568302595363,0.0768998670134695,0.114967617659574,0.117065463213536,
0.164840244654495,0.188895221678551,0.225854339378053,0.258730911798377,0.297632229032047,
0.330473392614481,0.367536716004732,0.406104155013136,0.436300447522457,0.479765235447987,
0.51289807297202,0.553512188887022,0.598449459186786,0.628180389087951,0.693687802829898,
0.701673298596369,0.774821760676183,0.781438314360193,0.847666349208112,0.849107500103981,
0.896152348424109,0.920521585327753,0.930965839462363,0.965583188016716,0.978475266192465,
1.),
.UNSPECIFIED.);
#8238=VERTEX_POINT('',#11280);
#8239=LINE('',#11281,#11282);
#8240=VERTEX_POINT('',#11284);
#8241=LINE('',#11285,#11286);
#8242=VERTEX_POINT('',#11288);
#8243=LINE('',#11289,#11290);
#8244=LINE('',#11292,#11293);
#8245=CIRCLE('',#11295,2.);
#8246=LINE('',#11299,#11300);
#8247=LINE('',#11302,#11303);
#8248=LINE('',#11305,#11306);
#8249=LINE('',#11308,#11309);
#8250=LINE('',#11311,#11312);
#8251=LINE('',#11314,#11315);
#8252=LINE('',#11317,#11318);
#8253=LINE('',#11320,#11321);
#8254=LINE('',#11323,#11324);
#8255=LINE('',#11326,#11327);
#8256=LINE('',#11329,#11330);
#8257=LINE('',#11332,#11333);
#8258=LINE('',#11335,#11336);
#8259=LINE('',#11338,#11339);
#8260=LINE('',#11341,#11342);
#8261=LINE('',#11344,#11345);
#8262=LINE('',#11347,#11348);
#8263=LINE('',#11350,#11351);
#8264=LINE('',#11353,#11354);
#8265=LINE('',#11356,#11357);
#8266=LINE('',#11359,#11360);
#8267=LINE('',#11362,#11363);
#8268=LINE('',#11365,#11366);
#8269=LINE('',#11368,#11369);
#8270=VERTEX_POINT('',#11371);
#8271=B_SPLINE_CURVE_WITH_KNOTS('',3,
(#11372,#11373,#11374,#11375,#11376,#11377,#11378,#11379,#11380,#11381,#11382,#11383,
#11384,#11385,#11386,#11387,#11388,#11389,#11390,#11391,#11392,#11393,#11394,#11395,
#11396,#11397,#11398,#11399,#11400,#11401,#11402,#11403,#11404,#11405,#11406,#11407,
#11408,#11409,#11410,#11411,#11412,#11413,#11414,#11415,#11416,#11417,#11418,#11419,
#11420,#11421,#11422,#11423,#11424,#11425,#11426,#11427,#11428,#11429,#11430,#11431,
#11432,#11433,#11434,#11435,#11436,#11437,#11438,#11439,#11440,#11441,#11442,#11443,
#11444,#11445,#11446),
.UNSPECIFIED.,.F.,.F.,
(4,1,1,1,1,1,1,1,1,1,1,1,1,1,1,1,1,1,1,1,1,1,1,1,1,1,1,1,1,1,1,1,1,1,1,1,1,1,1,1,
1,1,1,1,1,1,1,1,1,1,1,1,1,1,1,1,1,1,1,1,1,1,1,1,1,1,1,1,1,1,1,1,4),
(0.,0.015610989024936,0.0312002198652118,0.0365928294420916,0.0467442167183406,0.067163686437213,
0.0951647974690553,0.11016983626485,0.130906428555269,0.169640236944092,0.185398677562604,
0.210463262655495,0.245997106233991,0.263515565485694,0.276056712856022,0.299025155682349,
0.322181005354067,0.343011415279463,0.343657915446564,0.361350284762189,0.376826422583375,
0.391930046344121,0.40588254023486,0.419053300001809,0.424871424409892,0.431055575457493,
0.442666716548434,0.453492298999892,0.463923786344898,0.473954905739605,0.483981978959355,
0.49400507721632,0.504031500825517,0.506696981309791,0.517439073227049,0.530907396627669,
0.544439495929442,0.558123576294266,0.571892114019506,0.585733806216621,0.588770889269267,
0.599725388371438,0.613770751259738,0.627873386888302,0.638500636109481,0.649135341702642,
0.660171530213798,0.6706894157625,0.671603533157647,0.683833686684966,0.696463776571829,
0.717908945361424,0.747865291595451,0.752075578351755,0.779927701885484,0.805715519791426,
0.823225056774786,0.832597635695421,0.838809756036018,0.852148532474854,0.86515962826537,
0.881518121261283,0.897651698472649,0.911488754900752,0.913545470426365,0.925625742304003,
0.937799681528911,0.950118633796773,0.962489666713419,0.974960677680331,0.975197672889318,
0.987472104271813,1.),
.UNSPECIFIED.);
#8272=VERTEX_POINT('',#11447);
#8273=LINE('',#11448,#11449);
#8274=B_SPLINE_CURVE_WITH_KNOTS('',3,
(#11451,#11452,#11453,#11454,#11455,#11456,#11457,#11458,#11459,#11460,#11461,#11462,
#11463,#11464,#11465,#11466,#11467,#11468,#11469,#11470,#11471,#11472,#11473,#11474,
#11475,#11476,#11477,#11478,#11479,#11480,#11481,#11482,#11483,#11484,#11485,#11486,
#11487,#11488,#11489,#11490,#11491,#11492,#11493,#11494,#11495,#11496,#11497,#11498,
#11499,#11500,#11501,#11502,#11503,#11504,#11505,#11506,#11507,#11508,#11509,#11510,
#11511,#11512,#11513,#11514,#11515,#11516,#11517,#11518,#11519,#11520,#11521,#11522,
#11523,#11524,#11525),
.UNSPECIFIED.,.F.,.F.,
(4,1,1,1,1,1,1,1,1,1,1,1,1,1,1,1,1,1,1,1,1,1,1,1,1,1,1,1,1,1,1,1,1,1,1,1,1,1,1,1,
1,1,1,1,1,1,1,1,1,1,1,1,1,1,1,1,1,1,1,1,1,1,1,1,1,1,1,1,1,1,1,1,4),
(0.,0.0156109890083132,0.0312002198261268,0.0365928294397332,0.0467442166643913,
0.0671636863473797,0.0951647974213493,0.110169836265145,0.13090642857309,0.16964023695102,
0.185398677566146,0.210463262703164,0.245997106291608,0.263515565490934,0.276056712885136,
0.299025155719413,0.322181005382772,0.343011415299067,0.343657915451886,0.361350284779698,
0.376826422612854,0.391930046363255,0.40588254025798,0.419053300020707,0.424871424414757,
0.431055575466149,0.442666716556292,0.453492299013748,0.463923786359704,0.473954905748367,
0.483981978969084,0.494005077231523,0.504031500838221,0.506696981313717,0.517439073234134,
0.530907396636369,0.544439495942438,0.558123576303512,0.571892114029535,0.585733806226618,
0.588770889272079,0.599725388377319,0.613770751265831,0.627873386896652,0.638500636116157,
0.649135341707476,0.660171530220221,0.670689415764275,0.67160353316256,0.68383368668756,
0.696463776575006,0.717908945365687,0.747865291599249,0.752075578352723,0.779927701887963,
0.805715519793201,0.823225056776559,0.832597635695841,0.838809756037,0.852148532475403,
0.865159628266205,0.881518121261982,0.897651698473379,0.911488754900993,0.913545470427035,
0.925625742304392,0.937799681529152,0.95011863379694,0.962489666713519,0.974960677680359,
0.97519767288929,0.987472104271458,1.),
.UNSPECIFIED.);
#8275=CIRCLE('',#11526,7.);
#8276=VERTEX_POINT('',#11530);
#8277=CIRCLE('',#11531,7.);
#8278=VERTEX_POINT('',#11535);
#8279=B_SPLINE_CURVE_WITH_KNOTS('',3,
(#11536,#11537,#11538,#11539,#11540,#11541,#11542,#11543,#11544,#11545,#11546,#11547,
#11548,#11549,#11550,#11551,#11552,#11553,#11554,#11555,#11556,#11557,#11558,#11559,
#11560,#11561,#11562,#11563,#11564,#11565,#11566,#11567,#11568,#11569,#11570,#11571,
#11572,#11573,#11574,#11575,#11576,#11577,#11578,#11579,#11580,#11581,#11582,#11583,
#11584,#11585,#11586,#11587,#11588,#11589,#11590,#11591,#11592,#11593,#11594,#11595,
#11596,#11597,#11598,#11599,#11600,#11601,#11602,#11603,#11604,#11605,#11606,#11607,
#11608,#11609,#11610),
.UNSPECIFIED.,.F.,.F.,
(4,1,1,1,1,1,1,1,1,1,1,1,1,1,1,1,1,1,1,1,1,1,1,1,1,1,1,1,1,1,1,1,1,1,1,1,1,1,1,1,
1,1,1,1,1,1,1,1,1,1,1,1,1,1,1,1,1,1,1,1,1,1,1,1,1,1,1,1,1,1,1,1,4),
(0.,0.0156109890440031,0.0312002199183231,0.036592829440043,0.0467442168331389,0.0671636865599383,
0.0951647975677898,0.110169836265321,0.130906428618013,0.169640236982376,0.185398677566619,
0.210463262708801,0.245997106291211,0.263515565490967,0.27605671288526,0.299025155719228,
0.322181005382509,0.343011415298908,0.343657915451841,0.361350284779558,0.376826422612583,
0.391930046363062,0.405882540257738,0.419053300020496,0.4248714244147,0.431055575466039,
0.442666716556178,0.453492299013544,0.463923786359476,0.473954905748222,0.483981978968913,
0.494005077231253,0.504031500837985,0.506696981313648,0.517439073233983,0.530907396636175,
0.54443949594214,0.558123576303284,0.571892114029276,0.585733806226346,0.588770889272003,
0.599725388377144,0.613770751265636,0.627873386896375,0.638500636115925,0.649135341707294,
0.660171530219977,0.670689415764204,0.671603533162362,0.683833686687443,0.696463776574857,
0.71790894536547,0.74786529159903,0.752075578352667,0.779927701887793,0.805715519793057,
0.823225056776396,0.832597635695798,0.838809756036894,0.852148532475324,0.865159628266077,
0.881518121261858,0.897651698473239,0.911488754900936,0.913545470426889,0.925625742304305,
0.937799681529099,0.95011863379688,0.962489666713444,0.974960677680178,0.975197672889185,
0.987472104271081,1.),
.UNSPECIFIED.);
#8280=VERTEX_POINT('',#11611);
#8281=LINE('',#11612,#11613);
#8282=CIRCLE('',#11615,5.);
#8283=VERTEX_POINT('',#11619);
#8284=VERTEX_POINT('',#11620);
#8285=LINE('',#11621,#11622);
#8286=VERTEX_POINT('',#11624);
#8287=LINE('',#11625,#11626);
#8288=VERTEX_POINT('',#11628);
#8289=LINE('',#11629,#11630);
#8290=VERTEX_POINT('',#11632);
#8291=LINE('',#11633,#11634);
#8292=LINE('',#11636,#11637);
#8293=LINE('',#11639,#11640);
#8294=LINE('',#11642,#11643);
#8295=VERTEX_POINT('',#11645);
#8296=CIRCLE('',#11646,3.);
#8297=VERTEX_POINT('',#11650);
#8298=CIRCLE('',#11651,3.);
#8299=LINE('',#11655,#11656);
#8300=LINE('',#11658,#11659);
#8301=LINE('',#11661,#11662);
#8302=LINE('',#11664,#11665);
#8303=LINE('',#11667,#11668);
#8304=LINE('',#11670,#11671);
#8305=LINE('',#11673,#11674);
#8306=LINE('',#11676,#11677);
#8307=LINE('',#11679,#11680);
#8308=LINE('',#11682,#11683);
#8309=LINE('',#11685,#11686);
#8310=LINE('',#11688,#11689);
#8311=LINE('',#11691,#11692);
#8312=LINE('',#11694,#11695);
#8313=LINE('',#11697,#11698);
#8314=LINE('',#11700,#11701);
#8315=LINE('',#11703,#11704);
#8316=LINE('',#11706,#11707);
#8317=LINE('',#11709,#11710);
#8318=LINE('',#11712,#11713);
#8319=LINE('',#11715,#11716);
#8320=LINE('',#11718,#11719);
#8321=LINE('',#11721,#11722);
#8322=LINE('',#11724,#11725);
#8323=LINE('',#11727,#11728);
#8324=LINE('',#11730,#11731);
#8325=LINE('',#11733,#11734);
#8326=LINE('',#11736,#11737);
#8327=LINE('',#11739,#11740);
#8328=LINE('',#11742,#11743);
#8329=LINE('',#11745,#11746);
#8330=CIRCLE('',#11748,2.);
#8331=LINE('',#11752,#11753);
#8332=LINE('',#11755,#11756);
#8333=LINE('',#11758,#11759);
#8334=LINE('',#11761,#11762);
#8335=LINE('',#11764,#11765);
#8336=LINE('',#11767,#11768);
#8337=LINE('',#11770,#11771);
#8338=LINE('',#11773,#11774);
#8339=LINE('',#11776,#11777);
#8340=LINE('',#11779,#11780);
#8341=LINE('',#11782,#11783);
#8342=LINE('',#11785,#11786);
#8343=LINE('',#11788,#11789);
#8344=LINE('',#11791,#11792);
#8345=LINE('',#11794,#11795);
#8346=LINE('',#11797,#11798);
#8347=LINE('',#11800,#11801);
#8348=LINE('',#11803,#11804);
#8349=LINE('',#11806,#11807);
#8350=LINE('',#11809,#11810);
#8351=LINE('',#11812,#11813);
#8352=LINE('',#11815,#11816);
#8353=LINE('',#11818,#11819);
#8354=LINE('',#11821,#11822);
#8355=LINE('',#11824,#11825);
#8356=LINE('',#11827,#11828);
#8357=LINE('',#11830,#11831);
#8358=LINE('',#11833,#11834);
#8359=LINE('',#11836,#11837);
#8360=LINE('',#11839,#11840);
#8361=LINE('',#11842,#11843);
#8362=LINE('',#11845,#11846);
#8363=LINE('',#11848,#11849);
#8364=LINE('',#11851,#11852);
#8365=LINE('',#11854,#11855);
#8366=LINE('',#11857,#11858);
#8367=LINE('',#11860,#11861);
#8368=LINE('',#11863,#11864);
#8369=LINE('',#11866,#11867);
#8370=LINE('',#11869,#11870);
#8371=LINE('',#11872,#11873);
#8372=VERTEX_POINT('',#11875);
#8373=CIRCLE('',#11876,7.);
#8374=VERTEX_POINT('',#11880);
#8375=CIRCLE('',#11881,7.);
#8376=VERTEX_POINT('',#11885);
#8377=CIRCLE('',#11886,7.);
#8378=CIRCLE('',#11890,7.);
#8379=VERTEX_POINT('',#11894);
#8380=CIRCLE('',#11895,7.);
#8381=LINE('',#11899,#11900);
#8382=LINE('',#11902,#11903);
#8383=LINE('',#11905,#11906);
#8384=LINE('',#11908,#11909);
#8385=LINE('',#11911,#11912);
#8386=LINE('',#11914,#11915);
#8387=LINE('',#11917,#11918);
#8388=LINE('',#11920,#11921);
#8389=LINE('',#11923,#11924);
#8390=LINE('',#11926,#11927);
#8391=LINE('',#11929,#11930);
#8392=LINE('',#11932,#11933);
#8393=LINE('',#11935,#11936);
#8394=LINE('',#11938,#11939);
#8395=LINE('',#11941,#11942);
#8396=LINE('',#11944,#11945);
#8397=LINE('',#11947,#11948);
#8398=LINE('',#11950,#11951);
#8399=LINE('',#11953,#11954);
#8400=LINE('',#11956,#11957);
#8401=LINE('',#11959,#11960);
#8402=LINE('',#11962,#11963);
#8403=LINE('',#11965,#11966);
#8404=LINE('',#11968,#11969);
#8405=VERTEX_POINT('',#11971);
#8406=CIRCLE('',#11972,3.);
#8407=VERTEX_POINT('',#11976);
#8408=CIRCLE('',#11977,3.);
#8409=VERTEX_POINT('',#11981);
#8410=CIRCLE('',#11982,3.);
#8411=VERTEX_POINT('',#11986);
#8412=LINE('',#11987,#11988);
#8413=VERTEX_POINT('',#11990);
#8414=CIRCLE('',#11991,2.);
#8415=LINE('',#11995,#11996);
#8416=VERTEX_POINT('',#11998);
#8417=LINE('',#11999,#12000);
#8418=LINE('',#12002,#12003);
#8419=VERTEX_POINT('',#12005);
#8420=CIRCLE('',#12006,2.);
#8421=LINE('',#12010,#12011);
#8422=VERTEX_POINT('',#12013);
#8423=LINE('',#12014,#12015);
#8424=LINE('',#12017,#12018);
#8425=VERTEX_POINT('',#12020);
#8426=CIRCLE('',#12021,2.);
#8427=LINE('',#12025,#12026);
#8428=VERTEX_POINT('',#12028);
#8429=LINE('',#12029,#12030);
#8430=LINE('',#12032,#12033);
#8431=VERTEX_POINT('',#12035);
#8432=CIRCLE('',#12036,2.);
#8433=LINE('',#12040,#12041);
#8434=LINE('',#12043,#12044);
#8435=VERTEX_POINT('',#12046);
#8436=LINE('',#12047,#12048);
#8437=VERTEX_POINT('',#12050);
#8438=CIRCLE('',#12051,2.);
#8439=LINE('',#12055,#12056);
#8440=VERTEX_POINT('',#12058);
#8441=LINE('',#12059,#12060);
#8442=LINE('',#12062,#12063);
#8443=VERTEX_POINT('',#12065);
#8444=CIRCLE('',#12066,2.);
#8445=LINE('',#12070,#12071);
#8446=VERTEX_POINT('',#12073);
#8447=LINE('',#12074,#12075);
#8448=LINE('',#12077,#12078);
#8449=VERTEX_POINT('',#12080);
#8450=CIRCLE('',#12081,2.);
#8451=LINE('',#12085,#12086);
#8452=VERTEX_POINT('',#12088);
#8453=LINE('',#12089,#12090);
#8454=LINE('',#12092,#12093);
#8455=VERTEX_POINT('',#12095);
#8456=CIRCLE('',#12096,2.);
#8457=LINE('',#12100,#12101);
#8458=LINE('',#12103,#12104);
#8459=VERTEX_POINT('',#12106);
#8460=LINE('',#12107,#12108);
#8461=VERTEX_POINT('',#12110);
#8462=CIRCLE('',#12111,2.);
#8463=LINE('',#12115,#12116);
#8464=VERTEX_POINT('',#12118);
#8465=LINE('',#12119,#12120);
#8466=LINE('',#12122,#12123);
#8467=VERTEX_POINT('',#12125);
#8468=CIRCLE('',#12126,2.);
#8469=LINE('',#12130,#12131);
#8470=VERTEX_POINT('',#12133);
#8471=LINE('',#12134,#12135);
#8472=LINE('',#12137,#12138);
#8473=VERTEX_POINT('',#12140);
#8474=CIRCLE('',#12141,2.);
#8475=LINE('',#12145,#12146);
#8476=VERTEX_POINT('',#12148);
#8477=LINE('',#12149,#12150);
#8478=LINE('',#12152,#12153);
#8479=VERTEX_POINT('',#12155);
#8480=CIRCLE('',#12156,2.);
#8481=LINE('',#12160,#12161);
#8482=LINE('',#12163,#12164);
#8483=VERTEX_POINT('',#12166);
#8484=LINE('',#12167,#12168);
#8485=VERTEX_POINT('',#12170);
#8486=CIRCLE('',#12171,2.);
#8487=LINE('',#12175,#12176);
#8488=VERTEX_POINT('',#12178);
#8489=LINE('',#12179,#12180);
#8490=LINE('',#12182,#12183);
#8491=VERTEX_POINT('',#12185);
#8492=CIRCLE('',#12186,2.);
#8493=LINE('',#12190,#12191);
#8494=VERTEX_POINT('',#12193);
#8495=LINE('',#12194,#12195);
#8496=LINE('',#12197,#12198);
#8497=VERTEX_POINT('',#12200);
#8498=CIRCLE('',#12201,2.);
#8499=LINE('',#12205,#12206);
#8500=VERTEX_POINT('',#12208);
#8501=LINE('',#12209,#12210);
#8502=LINE('',#12212,#12213);
#8503=VERTEX_POINT('',#12215);
#8504=CIRCLE('',#12216,2.);
#8505=LINE('',#12220,#12221);
#8506=LINE('',#12223,#12224);
#8507=VERTEX_POINT('',#12226);
#8508=LINE('',#12227,#12228);
#8509=VERTEX_POINT('',#12230);
#8510=LINE('',#12231,#12232);
#8511=LINE('',#12234,#12235);
#8512=VERTEX_POINT('',#12237);
#8513=LINE('',#12238,#12239);
#8514=LINE('',#12241,#12242);
#8515=VERTEX_POINT('',#12244);
#8516=LINE('',#12245,#12246);
#8517=LINE('',#12248,#12249);
#8518=VERTEX_POINT('',#12251);
#8519=LINE('',#12252,#12253);
#8520=LINE('',#12255,#12256);
#8521=VERTEX_POINT('',#12258);
#8522=LINE('',#12259,#12260);
#8523=LINE('',#12262,#12263);
#8524=VERTEX_POINT('',#12265);
#8525=LINE('',#12266,#12267);
#8526=LINE('',#12269,#12270);
#8527=VERTEX_POINT('',#12272);
#8528=LINE('',#12273,#12274);
#8529=LINE('',#12276,#12277);
#8530=VERTEX_POINT('',#12279);
#8531=LINE('',#12280,#12281);
#8532=LINE('',#12283,#12284);
#8533=VERTEX_POINT('',#12286);
#8534=LINE('',#12287,#12288);
#8535=LINE('',#12290,#12291);
#8536=VERTEX_POINT('',#12293);
#8537=LINE('',#12294,#12295);
#8538=LINE('',#12297,#12298);
#8539=LINE('',#12300,#12301);
#8540=VERTEX_POINT('',#12303);
#8541=LINE('',#12304,#12305);
#8542=VERTEX_POINT('',#12307);
#8543=B_SPLINE_CURVE_WITH_KNOTS('',2,
(#12308,#12309,#12310),
.UNSPECIFIED.,.F.,.F.,
(3,3),
(0.,1.),
.UNSPECIFIED.);
#8544=LINE('',#12311,#12312);
#8545=VERTEX_POINT('',#12314);
#8546=B_SPLINE_CURVE_WITH_KNOTS('',2,
(#12315,#12316,#12317),
.UNSPECIFIED.,.F.,.F.,
(3,3),
(0.,1.),
.UNSPECIFIED.);
#8547=LINE('',#12318,#12319);
#8548=VERTEX_POINT('',#12321);
#8549=B_SPLINE_CURVE_WITH_KNOTS('',2,
(#12322,#12323,#12324),
.UNSPECIFIED.,.F.,.F.,
(3,3),
(0.,1.),
.UNSPECIFIED.);
#8550=LINE('',#12325,#12326);
#8551=VERTEX_POINT('',#12328);
#8552=B_SPLINE_CURVE_WITH_KNOTS('',2,
(#12329,#12330,#12331),
.UNSPECIFIED.,.F.,.F.,
(3,3),
(0.,1.),
.UNSPECIFIED.);
#8553=LINE('',#12332,#12333);
#8554=VERTEX_POINT('',#12335);
#8555=B_SPLINE_CURVE_WITH_KNOTS('',2,
(#12336,#12337,#12338),
.UNSPECIFIED.,.F.,.F.,
(3,3),
(0.,1.),
.UNSPECIFIED.);
#8556=LINE('',#12339,#12340);
#8557=VERTEX_POINT('',#12342);
#8558=B_SPLINE_CURVE_WITH_KNOTS('',2,
(#12343,#12344,#12345),
.UNSPECIFIED.,.F.,.F.,
(3,3),
(0.,1.),
.UNSPECIFIED.);
#8559=LINE('',#12346,#12347);
#8560=VERTEX_POINT('',#12349);
#8561=B_SPLINE_CURVE_WITH_KNOTS('',2,
(#12350,#12351,#12352),
.UNSPECIFIED.,.F.,.F.,
(3,3),
(0.,1.),
.UNSPECIFIED.);
#8562=LINE('',#12353,#12354);
#8563=VERTEX_POINT('',#12356);
#8564=B_SPLINE_CURVE_WITH_KNOTS('',2,
(#12357,#12358,#12359),
.UNSPECIFIED.,.F.,.F.,
(3,3),
(0.,1.),
.UNSPECIFIED.);
#8565=LINE('',#12360,#12361);
#8566=VERTEX_POINT('',#12363);
#8567=B_SPLINE_CURVE_WITH_KNOTS('',2,
(#12364,#12365,#12366),
.UNSPECIFIED.,.F.,.F.,
(3,3),
(0.,1.),
.UNSPECIFIED.);
#8568=LINE('',#12367,#12368);
#8569=VERTEX_POINT('',#12370);
#8570=B_SPLINE_CURVE_WITH_KNOTS('',2,
(#12371,#12372,#12373),
.UNSPECIFIED.,.F.,.F.,
(3,3),
(0.,1.),
.UNSPECIFIED.);
#8571=LINE('',#12374,#12375);
#8572=VERTEX_POINT('',#12377);
#8573=B_SPLINE_CURVE_WITH_KNOTS('',2,
(#12378,#12379,#12380),
.UNSPECIFIED.,.F.,.F.,
(3,3),
(0.,1.),
.UNSPECIFIED.);
#8574=LINE('',#12381,#12382);
#8575=VERTEX_POINT('',#12384);
#8576=B_SPLINE_CURVE_WITH_KNOTS('',2,
(#12385,#12386,#12387),
.UNSPECIFIED.,.F.,.F.,
(3,3),
(0.,1.),
.UNSPECIFIED.);
#8577=LINE('',#12388,#12389);
#8578=VERTEX_POINT('',#12391);
#8579=B_SPLINE_CURVE_WITH_KNOTS('',2,
(#12392,#12393,#12394),
.UNSPECIFIED.,.F.,.F.,
(3,3),
(0.,1.),
.UNSPECIFIED.);
#8580=LINE('',#12395,#12396);
#8581=VERTEX_POINT('',#12398);
#8582=B_SPLINE_CURVE_WITH_KNOTS('',2,
(#12399,#12400,#12401),
.UNSPECIFIED.,.F.,.F.,
(3,3),
(0.,1.),
.UNSPECIFIED.);
#8583=LINE('',#12402,#12403);
#8584=VERTEX_POINT('',#12405);
#8585=LINE('',#12406,#12407);
#8586=LINE('',#12409,#12410);
#8587=VERTEX_POINT('',#12412);
#8588=LINE('',#12413,#12414);
#8589=LINE('',#12416,#12417);
#8590=VERTEX_POINT('',#12419);
#8591=LINE('',#12420,#12421);
#8592=LINE('',#12423,#12424);
#8593=VERTEX_POINT('',#12426);
#8594=LINE('',#12427,#12428);
#8595=LINE('',#12430,#12431);
#8596=VERTEX_POINT('',#12433);
#8597=B_SPLINE_CURVE_WITH_KNOTS('',2,
(#12434,#12435,#12436),
.UNSPECIFIED.,.F.,.F.,
(3,3),
(0.,1.),
.UNSPECIFIED.);
#8598=LINE('',#12437,#12438);
#8599=VERTEX_POINT('',#12440);
#8600=LINE('',#12441,#12442);
#8601=LINE('',#12444,#12445);
#8602=VERTEX_POINT('',#12447);
#8603=B_SPLINE_CURVE_WITH_KNOTS('',2,
(#12448,#12449,#12450),
.UNSPECIFIED.,.F.,.F.,
(3,3),
(0.,1.),
.UNSPECIFIED.);
#8604=LINE('',#12451,#12452);
#8605=VERTEX_POINT('',#12454);
#8606=B_SPLINE_CURVE_WITH_KNOTS('',2,
(#12455,#12456,#12457),
.UNSPECIFIED.,.F.,.F.,
(3,3),
(0.,1.),
.UNSPECIFIED.);
#8607=LINE('',#12458,#12459);
#8608=VERTEX_POINT('',#12461);
#8609=B_SPLINE_CURVE_WITH_KNOTS('',2,
(#12462,#12463,#12464),
.UNSPECIFIED.,.F.,.F.,
(3,3),
(0.,1.),
.UNSPECIFIED.);
#8610=LINE('',#12465,#12466);
#8611=VERTEX_POINT('',#12468);
#8612=B_SPLINE_CURVE_WITH_KNOTS('',2,
(#12469,#12470,#12471),
.UNSPECIFIED.,.F.,.F.,
(3,3),
(0.,1.),
.UNSPECIFIED.);
#8613=LINE('',#12472,#12473);
#8614=VERTEX_POINT('',#12475);
#8615=B_SPLINE_CURVE_WITH_KNOTS('',2,
(#12476,#12477,#12478),
.UNSPECIFIED.,.F.,.F.,
(3,3),
(0.,1.),
.UNSPECIFIED.);
#8616=LINE('',#12479,#12480);
#8617=VERTEX_POINT('',#12482);
#8618=B_SPLINE_CURVE_WITH_KNOTS('',2,
(#12483,#12484,#12485),
.UNSPECIFIED.,.F.,.F.,
(3,3),
(0.,1.),
.UNSPECIFIED.);
#8619=LINE('',#12486,#12487);
#8620=VERTEX_POINT('',#12489);
#8621=B_SPLINE_CURVE_WITH_KNOTS('',2,
(#12490,#12491,#12492),
.UNSPECIFIED.,.F.,.F.,
(3,3),
(0.,1.),
.UNSPECIFIED.);
#8622=LINE('',#12493,#12494);
#8623=VERTEX_POINT('',#12496);
#8624=B_SPLINE_CURVE_WITH_KNOTS('',2,
(#12497,#12498,#12499),
.UNSPECIFIED.,.F.,.F.,
(3,3),
(0.,1.),
.UNSPECIFIED.);
#8625=LINE('',#12500,#12501);
#8626=VERTEX_POINT('',#12503);
#8627=B_SPLINE_CURVE_WITH_KNOTS('',2,
(#12504,#12505,#12506),
.UNSPECIFIED.,.F.,.F.,
(3,3),
(0.,1.),
.UNSPECIFIED.);
#8628=LINE('',#12507,#12508);
#8629=VERTEX_POINT('',#12510);
#8630=B_SPLINE_CURVE_WITH_KNOTS('',2,
(#12511,#12512,#12513),
.UNSPECIFIED.,.F.,.F.,
(3,3),
(0.,1.),
.UNSPECIFIED.);
#8631=LINE('',#12514,#12515);
#8632=VERTEX_POINT('',#12517);
#8633=B_SPLINE_CURVE_WITH_KNOTS('',2,
(#12518,#12519,#12520),
.UNSPECIFIED.,.F.,.F.,
(3,3),
(0.,1.),
.UNSPECIFIED.);
#8634=LINE('',#12521,#12522);
#8635=LINE('',#12524,#12525);
#8636=VERTEX_POINT('',#12527);
#8637=LINE('',#12528,#12529);
#8638=VERTEX_POINT('',#12531);
#8639=B_SPLINE_CURVE_WITH_KNOTS('',2,
(#12532,#12533,#12534),
.UNSPECIFIED.,.F.,.F.,
(3,3),
(0.,1.),
.UNSPECIFIED.);
#8640=LINE('',#12535,#12536);
#8641=VERTEX_POINT('',#12538);
#8642=LINE('',#12539,#12540);
#8643=LINE('',#12542,#12543);
#8644=VERTEX_POINT('',#12545);
#8645=LINE('',#12546,#12547);
#8646=LINE('',#12549,#12550);
#8647=VERTEX_POINT('',#12552);
#8648=LINE('',#12553,#12554);
#8649=LINE('',#12556,#12557);
#8650=VERTEX_POINT('',#12559);
#8651=B_SPLINE_CURVE_WITH_KNOTS('',2,
(#12560,#12561,#12562),
.UNSPECIFIED.,.F.,.F.,
(3,3),
(0.,1.),
.UNSPECIFIED.);
#8652=LINE('',#12563,#12564);
#8653=VERTEX_POINT('',#12566);
#8654=B_SPLINE_CURVE_WITH_KNOTS('',2,
(#12567,#12568,#12569),
.UNSPECIFIED.,.F.,.F.,
(3,3),
(0.,1.),
.UNSPECIFIED.);
#8655=LINE('',#12570,#12571);
#8656=VERTEX_POINT('',#12573);
#8657=B_SPLINE_CURVE_WITH_KNOTS('',2,
(#12574,#12575,#12576),
.UNSPECIFIED.,.F.,.F.,
(3,3),
(0.,1.),
.UNSPECIFIED.);
#8658=LINE('',#12577,#12578);
#8659=VERTEX_POINT('',#12580);
#8660=B_SPLINE_CURVE_WITH_KNOTS('',2,
(#12581,#12582,#12583),
.UNSPECIFIED.,.F.,.F.,
(3,3),
(0.,1.),
.UNSPECIFIED.);
#8661=LINE('',#12584,#12585);
#8662=VERTEX_POINT('',#12587);
#8663=B_SPLINE_CURVE_WITH_KNOTS('',2,
(#12588,#12589,#12590),
.UNSPECIFIED.,.F.,.F.,
(3,3),
(0.,1.),
.UNSPECIFIED.);
#8664=LINE('',#12591,#12592);
#8665=VERTEX_POINT('',#12594);
#8666=B_SPLINE_CURVE_WITH_KNOTS('',2,
(#12595,#12596,#12597),
.UNSPECIFIED.,.F.,.F.,
(3,3),
(0.,1.),
.UNSPECIFIED.);
#8667=LINE('',#12598,#12599);
#8668=VERTEX_POINT('',#12601);
#8669=B_SPLINE_CURVE_WITH_KNOTS('',2,
(#12602,#12603,#12604),
.UNSPECIFIED.,.F.,.F.,
(3,3),
(0.,1.),
.UNSPECIFIED.);
#8670=LINE('',#12605,#12606);
#8671=VERTEX_POINT('',#12608);
#8672=B_SPLINE_CURVE_WITH_KNOTS('',2,
(#12609,#12610,#12611),
.UNSPECIFIED.,.F.,.F.,
(3,3),
(0.,1.),
.UNSPECIFIED.);
#8673=LINE('',#12612,#12613);
#8674=VERTEX_POINT('',#12615);
#8675=LINE('',#12616,#12617);
#8676=LINE('',#12619,#12620);
#8677=VERTEX_POINT('',#12622);
#8678=B_SPLINE_CURVE_WITH_KNOTS('',2,
(#12623,#12624,#12625),
.UNSPECIFIED.,.F.,.F.,
(3,3),
(0.,1.),
.UNSPECIFIED.);
#8679=LINE('',#12626,#12627);
#8680=VERTEX_POINT('',#12629);
#8681=B_SPLINE_CURVE_WITH_KNOTS('',2,
(#12630,#12631,#12632),
.UNSPECIFIED.,.F.,.F.,
(3,3),
(0.,1.),
.UNSPECIFIED.);
#8682=LINE('',#12633,#12634);
#8683=VERTEX_POINT('',#12636);
#8684=B_SPLINE_CURVE_WITH_KNOTS('',2,
(#12637,#12638,#12639),
.UNSPECIFIED.,.F.,.F.,
(3,3),
(0.,1.),
.UNSPECIFIED.);
#8685=LINE('',#12640,#12641);
#8686=VERTEX_POINT('',#12643);
#8687=B_SPLINE_CURVE_WITH_KNOTS('',2,
(#12644,#12645,#12646),
.UNSPECIFIED.,.F.,.F.,
(3,3),
(0.,1.),
.UNSPECIFIED.);
#8688=LINE('',#12647,#12648);
#8689=VERTEX_POINT('',#12650);
#8690=B_SPLINE_CURVE_WITH_KNOTS('',2,
(#12651,#12652,#12653),
.UNSPECIFIED.,.F.,.F.,
(3,3),
(0.,1.),
.UNSPECIFIED.);
#8691=LINE('',#12654,#12655);
#8692=VERTEX_POINT('',#12657);
#8693=B_SPLINE_CURVE_WITH_KNOTS('',2,
(#12658,#12659,#12660),
.UNSPECIFIED.,.F.,.F.,
(3,3),
(0.,1.),
.UNSPECIFIED.);
#8694=LINE('',#12661,#12662);
#8695=VERTEX_POINT('',#12664);
#8696=B_SPLINE_CURVE_WITH_KNOTS('',2,
(#12665,#12666,#12667),
.UNSPECIFIED.,.F.,.F.,
(3,3),
(0.,1.),
.UNSPECIFIED.);
#8697=LINE('',#12668,#12669);
#8698=VERTEX_POINT('',#12671);
#8699=B_SPLINE_CURVE_WITH_KNOTS('',2,
(#12672,#12673,#12674),
.UNSPECIFIED.,.F.,.F.,
(3,3),
(0.,1.),
.UNSPECIFIED.);
#8700=LINE('',#12675,#12676);
#8701=VERTEX_POINT('',#12678);
#8702=B_SPLINE_CURVE_WITH_KNOTS('',2,
(#12679,#12680,#12681),
.UNSPECIFIED.,.F.,.F.,
(3,3),
(0.,1.),
.UNSPECIFIED.);
#8703=LINE('',#12682,#12683);
#8704=VERTEX_POINT('',#12685);
#8705=B_SPLINE_CURVE_WITH_KNOTS('',2,
(#12686,#12687,#12688),
.UNSPECIFIED.,.F.,.F.,
(3,3),
(0.,1.),
.UNSPECIFIED.);
#8706=LINE('',#12689,#12690);
#8707=VERTEX_POINT('',#12692);
#8708=B_SPLINE_CURVE_WITH_KNOTS('',2,
(#12693,#12694,#12695),
.UNSPECIFIED.,.F.,.F.,
(3,3),
(0.,1.),
.UNSPECIFIED.);
#8709=LINE('',#12696,#12697);
#8710=VERTEX_POINT('',#12699);
#8711=B_SPLINE_CURVE_WITH_KNOTS('',2,
(#12700,#12701,#12702),
.UNSPECIFIED.,.F.,.F.,
(3,3),
(0.,1.),
.UNSPECIFIED.);
#8712=LINE('',#12703,#12704);
#8713=VERTEX_POINT('',#12706);
#8714=B_SPLINE_CURVE_WITH_KNOTS('',2,
(#12707,#12708,#12709),
.UNSPECIFIED.,.F.,.F.,
(3,3),
(0.,1.),
.UNSPECIFIED.);
#8715=LINE('',#12710,#12711);
#8716=VERTEX_POINT('',#12713);
#8717=B_SPLINE_CURVE_WITH_KNOTS('',2,
(#12714,#12715,#12716),
.UNSPECIFIED.,.F.,.F.,
(3,3),
(0.,1.),
.UNSPECIFIED.);
#8718=LINE('',#12717,#12718);
#8719=VERTEX_POINT('',#12720);
#8720=B_SPLINE_CURVE_WITH_KNOTS('',2,
(#12721,#12722,#12723),
.UNSPECIFIED.,.F.,.F.,
(3,3),
(0.,1.),
.UNSPECIFIED.);
#8721=LINE('',#12724,#12725);
#8722=VERTEX_POINT('',#12727);
#8723=LINE('',#12728,#12729);
#8724=LINE('',#12731,#12732);
#8725=VERTEX_POINT('',#12734);
#8726=B_SPLINE_CURVE_WITH_KNOTS('',2,
(#12735,#12736,#12737),
.UNSPECIFIED.,.F.,.F.,
(3,3),
(0.,1.),
.UNSPECIFIED.);
#8727=LINE('',#12738,#12739);
#8728=VERTEX_POINT('',#12741);
#8729=B_SPLINE_CURVE_WITH_KNOTS('',2,
(#12742,#12743,#12744),
.UNSPECIFIED.,.F.,.F.,
(3,3),
(0.,1.),
.UNSPECIFIED.);
#8730=LINE('',#12745,#12746);
#8731=VERTEX_POINT('',#12748);
#8732=B_SPLINE_CURVE_WITH_KNOTS('',2,
(#12749,#12750,#12751),
.UNSPECIFIED.,.F.,.F.,
(3,3),
(0.,1.),
.UNSPECIFIED.);
#8733=LINE('',#12752,#12753);
#8734=VERTEX_POINT('',#12755);
#8735=B_SPLINE_CURVE_WITH_KNOTS('',2,
(#12756,#12757,#12758),
.UNSPECIFIED.,.F.,.F.,
(3,3),
(0.,1.),
.UNSPECIFIED.);
#8736=LINE('',#12759,#12760);
#8737=VERTEX_POINT('',#12762);
#8738=B_SPLINE_CURVE_WITH_KNOTS('',2,
(#12763,#12764,#12765),
.UNSPECIFIED.,.F.,.F.,
(3,3),
(0.,1.),
.UNSPECIFIED.);
#8739=LINE('',#12766,#12767);
#8740=VERTEX_POINT('',#12769);
#8741=B_SPLINE_CURVE_WITH_KNOTS('',2,
(#12770,#12771,#12772),
.UNSPECIFIED.,.F.,.F.,
(3,3),
(0.,1.),
.UNSPECIFIED.);
#8742=LINE('',#12773,#12774);
#8743=VERTEX_POINT('',#12776);
#8744=B_SPLINE_CURVE_WITH_KNOTS('',2,
(#12777,#12778,#12779),
.UNSPECIFIED.,.F.,.F.,
(3,3),
(0.,1.),
.UNSPECIFIED.);
#8745=LINE('',#12780,#12781);
#8746=B_SPLINE_CURVE_WITH_KNOTS('',2,
(#12783,#12784,#12785),
.UNSPECIFIED.,.F.,.F.,
(3,3),
(0.,1.),
.UNSPECIFIED.);
#8747=VERTEX_POINT('',#12786);
#8748=LINE('',#12787,#12788);
#8749=VERTEX_POINT('',#12790);
#8750=LINE('',#12791,#12792);
#8751=LINE('',#12794,#12795);
#8752=VERTEX_POINT('',#12797);
#8753=LINE('',#12798,#12799);
#8754=LINE('',#12801,#12802);
#8755=VERTEX_POINT('',#12804);
#8756=LINE('',#12805,#12806);
#8757=LINE('',#12808,#12809);
#8758=VERTEX_POINT('',#12811);
#8759=LINE('',#12812,#12813);
#8760=LINE('',#12815,#12816);
#8761=VERTEX_POINT('',#12818);
#8762=LINE('',#12819,#12820);
#8763=LINE('',#12822,#12823);
#8764=VERTEX_POINT('',#12825);
#8765=LINE('',#12826,#12827);
#8766=LINE('',#12829,#12830);
#8767=VERTEX_POINT('',#12832);
#8768=LINE('',#12833,#12834);
#8769=LINE('',#12836,#12837);
#8770=VERTEX_POINT('',#12839);
#8771=LINE('',#12840,#12841);
#8772=LINE('',#12843,#12844);
#8773=VERTEX_POINT('',#12846);
#8774=LINE('',#12847,#12848);
#8775=LINE('',#12850,#12851);
#8776=VERTEX_POINT('',#12853);
#8777=LINE('',#12854,#12855);
#8778=LINE('',#12857,#12858);
#8779=LINE('',#12860,#12861);
#8780=VERTEX_POINT('',#12863);
#8781=LINE('',#12864,#12865);
#8782=VERTEX_POINT('',#12867);
#8783=B_SPLINE_CURVE_WITH_KNOTS('',2,
(#12868,#12869,#12870),
.UNSPECIFIED.,.F.,.F.,
(3,3),
(0.,1.),
.UNSPECIFIED.);
#8784=LINE('',#12871,#12872);
#8785=VERTEX_POINT('',#12874);
#8786=B_SPLINE_CURVE_WITH_KNOTS('',2,
(#12875,#12876,#12877),
.UNSPECIFIED.,.F.,.F.,
(3,3),
(0.,1.),
.UNSPECIFIED.);
#8787=LINE('',#12878,#12879);
#8788=VERTEX_POINT('',#12881);
#8789=B_SPLINE_CURVE_WITH_KNOTS('',2,
(#12882,#12883,#12884),
.UNSPECIFIED.,.F.,.F.,
(3,3),
(0.,1.),
.UNSPECIFIED.);
#8790=LINE('',#12885,#12886);
#8791=VERTEX_POINT('',#12888);
#8792=B_SPLINE_CURVE_WITH_KNOTS('',2,
(#12889,#12890,#12891),
.UNSPECIFIED.,.F.,.F.,
(3,3),
(0.,1.),
.UNSPECIFIED.);
#8793=LINE('',#12892,#12893);
#8794=VERTEX_POINT('',#12895);
#8795=LINE('',#12896,#12897);
#8796=LINE('',#12899,#12900);
#8797=VERTEX_POINT('',#12902);
#8798=B_SPLINE_CURVE_WITH_KNOTS('',2,
(#12903,#12904,#12905),
.UNSPECIFIED.,.F.,.F.,
(3,3),
(0.,1.),
.UNSPECIFIED.);
#8799=LINE('',#12906,#12907);
#8800=VERTEX_POINT('',#12909);
#8801=B_SPLINE_CURVE_WITH_KNOTS('',2,
(#12910,#12911,#12912),
.UNSPECIFIED.,.F.,.F.,
(3,3),
(0.,1.),
.UNSPECIFIED.);
#8802=LINE('',#12913,#12914);
#8803=VERTEX_POINT('',#12916);
#8804=B_SPLINE_CURVE_WITH_KNOTS('',2,
(#12917,#12918,#12919),
.UNSPECIFIED.,.F.,.F.,
(3,3),
(0.,1.),
.UNSPECIFIED.);
#8805=LINE('',#12920,#12921);
#8806=VERTEX_POINT('',#12923);
#8807=B_SPLINE_CURVE_WITH_KNOTS('',2,
(#12924,#12925,#12926),
.UNSPECIFIED.,.F.,.F.,
(3,3),
(0.,1.),
.UNSPECIFIED.);
#8808=LINE('',#12927,#12928);
#8809=VERTEX_POINT('',#12930);
#8810=B_SPLINE_CURVE_WITH_KNOTS('',2,
(#12931,#12932,#12933),
.UNSPECIFIED.,.F.,.F.,
(3,3),
(0.,1.),
.UNSPECIFIED.);
#8811=LINE('',#12934,#12935);
#8812=VERTEX_POINT('',#12937);
#8813=B_SPLINE_CURVE_WITH_KNOTS('',2,
(#12938,#12939,#12940),
.UNSPECIFIED.,.F.,.F.,
(3,3),
(0.,1.),
.UNSPECIFIED.);
#8814=LINE('',#12941,#12942);
#8815=VERTEX_POINT('',#12944);
#8816=B_SPLINE_CURVE_WITH_KNOTS('',2,
(#12945,#12946,#12947),
.UNSPECIFIED.,.F.,.F.,
(3,3),
(0.,1.),
.UNSPECIFIED.);
#8817=LINE('',#12948,#12949);
#8818=VERTEX_POINT('',#12951);
#8819=B_SPLINE_CURVE_WITH_KNOTS('',2,
(#12952,#12953,#12954),
.UNSPECIFIED.,.F.,.F.,
(3,3),
(0.,1.),
.UNSPECIFIED.);
#8820=LINE('',#12955,#12956);
#8821=VERTEX_POINT('',#12958);
#8822=B_SPLINE_CURVE_WITH_KNOTS('',2,
(#12959,#12960,#12961),
.UNSPECIFIED.,.F.,.F.,
(3,3),
(0.,1.),
.UNSPECIFIED.);
#8823=LINE('',#12962,#12963);
#8824=VERTEX_POINT('',#12965);
#8825=B_SPLINE_CURVE_WITH_KNOTS('',2,
(#12966,#12967,#12968),
.UNSPECIFIED.,.F.,.F.,
(3,3),
(0.,1.),
.UNSPECIFIED.);
#8826=LINE('',#12969,#12970);
#8827=VERTEX_POINT('',#12972);
#8828=B_SPLINE_CURVE_WITH_KNOTS('',2,
(#12973,#12974,#12975),
.UNSPECIFIED.,.F.,.F.,
(3,3),
(0.,1.),
.UNSPECIFIED.);
#8829=LINE('',#12976,#12977);
#8830=VERTEX_POINT('',#12979);
#8831=LINE('',#12980,#12981);
#8832=LINE('',#12983,#12984);
#8833=VERTEX_POINT('',#12986);
#8834=LINE('',#12987,#12988);
#8835=LINE('',#12990,#12991);
#8836=VERTEX_POINT('',#12993);
#8837=LINE('',#12994,#12995);
#8838=LINE('',#12997,#12998);
#8839=VERTEX_POINT('',#13000);
#8840=LINE('',#13001,#13002);
#8841=LINE('',#13004,#13005);
#8842=VERTEX_POINT('',#13007);
#8843=LINE('',#13008,#13009);
#8844=LINE('',#13011,#13012);
#8845=VERTEX_POINT('',#13014);
#8846=B_SPLINE_CURVE_WITH_KNOTS('',2,
(#13015,#13016,#13017),
.UNSPECIFIED.,.F.,.F.,
(3,3),
(0.,1.),
.UNSPECIFIED.);
#8847=LINE('',#13018,#13019);
#8848=VERTEX_POINT('',#13021);
#8849=B_SPLINE_CURVE_WITH_KNOTS('',2,
(#13022,#13023,#13024),
.UNSPECIFIED.,.F.,.F.,
(3,3),
(0.,1.),
.UNSPECIFIED.);
#8850=LINE('',#13025,#13026);
#8851=VERTEX_POINT('',#13028);
#8852=B_SPLINE_CURVE_WITH_KNOTS('',2,
(#13029,#13030,#13031),
.UNSPECIFIED.,.F.,.F.,
(3,3),
(0.,1.),
.UNSPECIFIED.);
#8853=LINE('',#13032,#13033);
#8854=VERTEX_POINT('',#13035);
#8855=B_SPLINE_CURVE_WITH_KNOTS('',2,
(#13036,#13037,#13038),
.UNSPECIFIED.,.F.,.F.,
(3,3),
(0.,1.),
.UNSPECIFIED.);
#8856=LINE('',#13039,#13040);
#8857=VERTEX_POINT('',#13042);
#8858=B_SPLINE_CURVE_WITH_KNOTS('',2,
(#13043,#13044,#13045),
.UNSPECIFIED.,.F.,.F.,
(3,3),
(0.,1.),
.UNSPECIFIED.);
#8859=LINE('',#13046,#13047);
#8860=VERTEX_POINT('',#13049);
#8861=B_SPLINE_CURVE_WITH_KNOTS('',2,
(#13050,#13051,#13052),
.UNSPECIFIED.,.F.,.F.,
(3,3),
(0.,1.),
.UNSPECIFIED.);
#8862=LINE('',#13053,#13054);
#8863=VERTEX_POINT('',#13056);
#8864=B_SPLINE_CURVE_WITH_KNOTS('',2,
(#13057,#13058,#13059),
.UNSPECIFIED.,.F.,.F.,
(3,3),
(0.,1.),
.UNSPECIFIED.);
#8865=LINE('',#13060,#13061);
#8866=VERTEX_POINT('',#13063);
#8867=B_SPLINE_CURVE_WITH_KNOTS('',2,
(#13064,#13065,#13066),
.UNSPECIFIED.,.F.,.F.,
(3,3),
(0.,1.),
.UNSPECIFIED.);
#8868=LINE('',#13067,#13068);
#8869=VERTEX_POINT('',#13070);
#8870=B_SPLINE_CURVE_WITH_KNOTS('',2,
(#13071,#13072,#13073),
.UNSPECIFIED.,.F.,.F.,
(3,3),
(0.,1.),
.UNSPECIFIED.);
#8871=LINE('',#13074,#13075);
#8872=B_SPLINE_CURVE_WITH_KNOTS('',2,
(#13077,#13078,#13079),
.UNSPECIFIED.,.F.,.F.,
(3,3),
(0.,1.),
.UNSPECIFIED.);
#8873=VERTEX_POINT('',#13080);
#8874=LINE('',#13081,#13082);
#8875=VERTEX_POINT('',#13084);
#8876=CIRCLE('',#13085,2.);
#8877=LINE('',#13089,#13090);
#8878=VERTEX_POINT('',#13092);
#8879=LINE('',#13093,#13094);
#8880=LINE('',#13096,#13097);
#8881=VERTEX_POINT('',#13099);
#8882=CIRCLE('',#13100,2.);
#8883=LINE('',#13104,#13105);
#8884=VERTEX_POINT('',#13107);
#8885=LINE('',#13108,#13109);
#8886=LINE('',#13111,#13112);
#8887=VERTEX_POINT('',#13114);
#8888=CIRCLE('',#13115,2.);
#8889=LINE('',#13119,#13120);
#8890=VERTEX_POINT('',#13122);
#8891=LINE('',#13123,#13124);
#8892=LINE('',#13126,#13127);
#8893=VERTEX_POINT('',#13129);
#8894=CIRCLE('',#13130,2.);
#8895=LINE('',#13134,#13135);
#8896=LINE('',#13137,#13138);
#8897=LINE('',#13140,#13141);
#8898=B_SPLINE_CURVE_WITH_KNOTS('',3,
(#13143,#13144,#13145,#13146,#13147,#13148),
.UNSPECIFIED.,.F.,.F.,
(4,1,1,4),
(0.,0.333333333333333,0.666666666666667,1.),
.UNSPECIFIED.);
#8899=LINE('',#13149,#13150);
#8900=LINE('',#13152,#13153);
#8901=LINE('',#13155,#13156);
#8902=LINE('',#13158,#13159);
#8903=B_SPLINE_CURVE_WITH_KNOTS('',3,
(#13161,#13162,#13163,#13164,#13165,#13166,#13167,#13168,#13169,#13170,#13171,#13172,
#13173,#13174,#13175,#13176,#13177,#13178,#13179,#13180,#13181,#13182,#13183,#13184,
#13185,#13186,#13187,#13188,#13189,#13190,#13191,#13192,#13193,#13194,#13195,#13196),
.UNSPECIFIED.,.F.,.F.,
(4,1,1,1,1,1,1,1,1,1,1,1,1,1,1,1,1,1,1,1,1,1,1,1,1,1,1,1,1,1,1,1,1,4),
(0.,0.0246522428654933,0.0464825454015849,0.0673865717663492,0.0870625446289575,
0.109089261483331,0.132131471006014,0.1571965592969,0.184201226707856,0.213366539550022,
0.244861072153097,0.278986375107144,0.316128545126089,0.356898001420929,0.402504713854301,
0.45536968154979,0.512608381150794,0.568981724819395,0.619022379722899,0.66274905250677,
0.702111931750134,0.738062137427013,0.771154761153227,0.801735639797943,0.830027381118644,
0.856208346215882,0.880459845504946,0.902940895570375,0.923804203022296,0.943216224503829,
0.960855893405705,0.978320522704264,0.99107953152148,1.),
.UNSPECIFIED.);
#8904=VERTEX_POINT('',#13197);
#8905=CIRCLE('',#13198,5.25);
#8906=VERTEX_POINT('',#13202);
#8907=CIRCLE('',#13203,3.);
#8908=VERTEX_POINT('',#13207);
#8909=CIRCLE('',#13208,3.);
#8910=VERTEX_POINT('',#13212);
#8911=CIRCLE('',#13213,5.25);
#8912=VERTEX_POINT('',#13217);
#8913=CIRCLE('',#13218,5.25);
#8914=VERTEX_POINT('',#13222);
#8915=CIRCLE('',#13223,5.25);
#8916=VERTEX_POINT('',#13227);
#8917=CIRCLE('',#13228,5.25);
#8918=VERTEX_POINT('',#13232);
#8919=CIRCLE('',#13233,3.);
#8920=VERTEX_POINT('',#13237);
#8921=CIRCLE('',#13238,3.);
#8922=VERTEX_POINT('',#13242);
#8923=CIRCLE('',#13243,3.);
#8924=VERTEX_POINT('',#13247);
#8925=VERTEX_POINT('',#13248);
#8926=LINE('',#13249,#13250);
#8927=VERTEX_POINT('',#13252);
#8928=CIRCLE('',#13253,1.4);
#8929=VERTEX_POINT('',#13257);
#8930=LINE('',#13258,#13259);
#8931=VERTEX_POINT('',#13261);
#8932=CIRCLE('',#13262,1.4);
#8933=VERTEX_POINT('',#13266);
#8934=LINE('',#13267,#13268);
#8935=VERTEX_POINT('',#13270);
#8936=CIRCLE('',#13271,1.4);
#8937=VERTEX_POINT('',#13275);
#8938=LINE('',#13276,#13277);
#8939=CIRCLE('',#13279,1.4);
#8940=VERTEX_POINT('',#13283);
#8941=VERTEX_POINT('',#13284);
#8942=LINE('',#13285,#13286);
#8943=VERTEX_POINT('',#13288);
#8944=CIRCLE('',#13289,1.4);
#8945=VERTEX_POINT('',#13293);
#8946=LINE('',#13294,#13295);
#8947=VERTEX_POINT('',#13297);
#8948=CIRCLE('',#13298,1.4);
#8949=VERTEX_POINT('',#13302);
#8950=LINE('',#13303,#13304);
#8951=VERTEX_POINT('',#13306);
#8952=CIRCLE('',#13307,1.4);
#8953=VERTEX_POINT('',#13311);
#8954=LINE('',#13312,#13313);
#8955=CIRCLE('',#13315,1.4);
#8956=VERTEX_POINT('',#13319);
#8957=VERTEX_POINT('',#13320);
#8958=LINE('',#13321,#13322);
#8959=VERTEX_POINT('',#13324);
#8960=CIRCLE('',#13325,1.4);
#8961=VERTEX_POINT('',#13329);
#8962=LINE('',#13330,#13331);
#8963=VERTEX_POINT('',#13333);
#8964=CIRCLE('',#13334,1.4);
#8965=VERTEX_POINT('',#13338);
#8966=LINE('',#13339,#13340);
#8967=VERTEX_POINT('',#13342);
#8968=CIRCLE('',#13343,1.4);
#8969=VERTEX_POINT('',#13347);
#8970=LINE('',#13348,#13349);
#8971=CIRCLE('',#13351,1.4);
#8972=VERTEX_POINT('',#13355);
#8973=VERTEX_POINT('',#13356);
#8974=LINE('',#13357,#13358);
#8975=VERTEX_POINT('',#13360);
#8976=CIRCLE('',#13361,1.4);
#8977=VERTEX_POINT('',#13365);
#8978=LINE('',#13366,#13367);
#8979=VERTEX_POINT('',#13369);
#8980=CIRCLE('',#13370,1.4);
#8981=VERTEX_POINT('',#13374);
#8982=LINE('',#13375,#13376);
#8983=VERTEX_POINT('',#13378);
#8984=CIRCLE('',#13379,1.4);
#8985=VERTEX_POINT('',#13383);
#8986=LINE('',#13384,#13385);
#8987=CIRCLE('',#13387,1.4);
#8988=VERTEX_POINT('',#13391);
#8989=VERTEX_POINT('',#13392);
#8990=LINE('',#13393,#13394);
#8991=VERTEX_POINT('',#13396);
#8992=LINE('',#13397,#13398);
#8993=LINE('',#13400,#13401);
#8994=VERTEX_POINT('',#13403);
#8995=VERTEX_POINT('',#13404);
#8996=LINE('',#13405,#13406);
#8997=VERTEX_POINT('',#13408);
#8998=CIRCLE('',#13409,1.4);
#8999=VERTEX_POINT('',#13413);
#9000=LINE('',#13414,#13415);
#9001=VERTEX_POINT('',#13417);
#9002=CIRCLE('',#13418,1.4);
#9003=VERTEX_POINT('',#13422);
#9004=LINE('',#13423,#13424);
#9005=VERTEX_POINT('',#13426);
#9006=CIRCLE('',#13427,1.4);
#9007=VERTEX_POINT('',#13431);
#9008=LINE('',#13432,#13433);
#9009=CIRCLE('',#13435,1.4);
#9010=VERTEX_POINT('',#13439);
#9011=CIRCLE('',#13440,5.25);
#9012=VERTEX_POINT('',#13444);
#9013=CIRCLE('',#13445,5.25);
#9014=VERTEX_POINT('',#13449);
#9015=CIRCLE('',#13450,5.25);
#9016=VERTEX_POINT('',#13454);
#9017=CIRCLE('',#13455,5.25);
#9018=VERTEX_POINT('',#13459);
#9019=CIRCLE('',#13460,5.25);
#9020=VERTEX_POINT('',#13464);
#9021=VERTEX_POINT('',#13465);
#9022=LINE('',#13466,#13467);
#9023=LINE('',#13469,#13470);
#9024=LINE('',#13472,#13473);
#9025=VERTEX_POINT('',#13475);
#9026=CIRCLE('',#13476,1.4);
#9027=LINE('',#13480,#13481);
#9028=VERTEX_POINT('',#13483);
#9029=LINE('',#13484,#13485);
#9030=LINE('',#13487,#13488);
#9031=VERTEX_POINT('',#13490);
#9032=CIRCLE('',#13491,1.4);
#9033=LINE('',#13495,#13496);
#9034=VERTEX_POINT('',#13498);
#9035=LINE('',#13499,#13500);
#9036=LINE('',#13502,#13503);
#9037=VERTEX_POINT('',#13505);
#9038=CIRCLE('',#13506,1.4);
#9039=LINE('',#13510,#13511);
#9040=VERTEX_POINT('',#13513);
#9041=LINE('',#13514,#13515);
#9042=LINE('',#13517,#13518);
#9043=CIRCLE('',#13520,1.4);
#9044=VERTEX_POINT('',#13524);
#9045=VERTEX_POINT('',#13525);
#9046=LINE('',#13526,#13527);
#9047=LINE('',#13529,#13530);
#9048=LINE('',#13532,#13533);
#9049=VERTEX_POINT('',#13535);
#9050=CIRCLE('',#13536,1.4);
#9051=LINE('',#13540,#13541);
#9052=VERTEX_POINT('',#13543);
#9053=LINE('',#13544,#13545);
#9054=LINE('',#13547,#13548);
#9055=VERTEX_POINT('',#13550);
#9056=CIRCLE('',#13551,1.4);
#9057=LINE('',#13555,#13556);
#9058=VERTEX_POINT('',#13558);
#9059=LINE('',#13559,#13560);
#9060=LINE('',#13562,#13563);
#9061=VERTEX_POINT('',#13565);
#9062=CIRCLE('',#13566,1.4);
#9063=LINE('',#13570,#13571);
#9064=VERTEX_POINT('',#13573);
#9065=LINE('',#13574,#13575);
#9066=LINE('',#13577,#13578);
#9067=CIRCLE('',#13580,1.4);
#9068=VERTEX_POINT('',#13584);
#9069=VERTEX_POINT('',#13585);
#9070=LINE('',#13586,#13587);
#9071=LINE('',#13589,#13590);
#9072=LINE('',#13592,#13593);
#9073=VERTEX_POINT('',#13595);
#9074=CIRCLE('',#13596,1.4);
#9075=LINE('',#13600,#13601);
#9076=VERTEX_POINT('',#13603);
#9077=LINE('',#13604,#13605);
#9078=LINE('',#13607,#13608);
#9079=VERTEX_POINT('',#13610);
#9080=CIRCLE('',#13611,1.4);
#9081=LINE('',#13615,#13616);
#9082=VERTEX_POINT('',#13618);
#9083=LINE('',#13619,#13620);
#9084=LINE('',#13622,#13623);
#9085=VERTEX_POINT('',#13625);
#9086=CIRCLE('',#13626,1.4);
#9087=LINE('',#13630,#13631);
#9088=VERTEX_POINT('',#13633);
#9089=LINE('',#13634,#13635);
#9090=LINE('',#13637,#13638);
#9091=CIRCLE('',#13640,1.4);
#9092=VERTEX_POINT('',#13644);
#9093=VERTEX_POINT('',#13645);
#9094=LINE('',#13646,#13647);
#9095=LINE('',#13649,#13650);
#9096=LINE('',#13652,#13653);
#9097=VERTEX_POINT('',#13655);
#9098=CIRCLE('',#13656,1.4);
#9099=LINE('',#13660,#13661);
#9100=VERTEX_POINT('',#13663);
#9101=LINE('',#13664,#13665);
#9102=LINE('',#13667,#13668);
#9103=VERTEX_POINT('',#13670);
#9104=CIRCLE('',#13671,1.4);
#9105=LINE('',#13675,#13676);
#9106=VERTEX_POINT('',#13678);
#9107=LINE('',#13679,#13680);
#9108=LINE('',#13682,#13683);
#9109=VERTEX_POINT('',#13685);
#9110=CIRCLE('',#13686,1.4);
#9111=LINE('',#13690,#13691);
#9112=VERTEX_POINT('',#13693);
#9113=LINE('',#13694,#13695);
#9114=LINE('',#13697,#13698);
#9115=CIRCLE('',#13700,1.4);
#9116=VERTEX_POINT('',#13704);
#9117=VERTEX_POINT('',#13705);
#9118=LINE('',#13706,#13707);
#9119=LINE('',#13709,#13710);
#9120=LINE('',#13712,#13713);
#9121=VERTEX_POINT('',#13715);
#9122=LINE('',#13716,#13717);
#9123=LINE('',#13719,#13720);
#9124=LINE('',#13722,#13723);
#9125=VERTEX_POINT('',#13725);
#9126=VERTEX_POINT('',#13726);
#9127=LINE('',#13727,#13728);
#9128=LINE('',#13730,#13731);
#9129=LINE('',#13733,#13734);
#9130=VERTEX_POINT('',#13736);
#9131=CIRCLE('',#13737,1.4);
#9132=LINE('',#13741,#13742);
#9133=VERTEX_POINT('',#13744);
#9134=LINE('',#13745,#13746);
#9135=LINE('',#13748,#13749);
#9136=VERTEX_POINT('',#13751);
#9137=CIRCLE('',#13752,1.4);
#9138=LINE('',#13756,#13757);
#9139=VERTEX_POINT('',#13759);
#9140=LINE('',#13760,#13761);
#9141=LINE('',#13763,#13764);
#9142=VERTEX_POINT('',#13766);
#9143=CIRCLE('',#13767,1.4);
#9144=LINE('',#13771,#13772);
#9145=VERTEX_POINT('',#13774);
#9146=LINE('',#13775,#13776);
#9147=LINE('',#13778,#13779);
#9148=CIRCLE('',#13781,1.4);
#9149=B_SPLINE_CURVE_WITH_KNOTS('',3,
(#13785,#13786,#13787,#13788,#13789,#13790,#13791,#13792,#13793,#13794,#13795,#13796,
#13797,#13798,#13799,#13800,#13801,#13802,#13803,#13804,#13805,#13806,#13807,#13808,
#13809,#13810,#13811,#13812,#13813,#13814,#13815,#13816,#13817,#13818,#13819,#13820,
#13821,#13822,#13823,#13824,#13825,#13826,#13827,#13828,#13829,#13830,#13831,#13832,
#13833,#13834,#13835,#13836,#13837,#13838,#13839,#13840,#13841,#13842,#13843,#13844,
#13845,#13846,#13847,#13848,#13849,#13850,#13851,#13852,#13853,#13854,#13855,#13856,
#13857,#13858,#13859),
.UNSPECIFIED.,.F.,.F.,
(4,1,1,1,1,1,1,1,1,1,1,1,1,1,1,1,1,1,1,1,1,1,1,1,1,1,1,1,1,1,1,1,1,1,1,1,1,1,1,1,
1,1,1,1,1,1,1,1,1,1,1,1,1,1,1,1,1,1,1,1,1,1,1,1,1,1,1,1,1,1,1,1,4),
(0.,0.0156109890139025,0.0312002198372255,0.0365928294509759,0.0467442166709546,
0.0671636863327459,0.0951647973831989,0.110169836263508,0.130906428489753,0.169640236892375,
0.185398677561973,0.210463262614896,0.245997106197803,0.263515565485644,0.276056712838613,
0.299025155659384,0.322181005337837,0.343011415274373,0.34365791544737,0.361350284756275,
0.376826422567371,0.391930046333792,0.405882540222054,0.419053299992241,0.424871424409552,
0.431055575455313,0.442666716548255,0.453492299000118,0.463923786342554,0.473954905739632,
0.483981978959232,0.49400507721615,0.504031500825393,0.506696981309736,0.517439073227037,
0.530907396627706,0.544439495929469,0.558123576294264,0.571892114019496,0.58573380621662,
0.588770889269267,0.59972538837145,0.61377075125975,0.627873386888308,0.638500636109483,
0.649135341702639,0.660171530213794,0.670689415762498,0.671603533157644,0.683833686684965,
0.696463776571829,0.717908945361425,0.747865291595453,0.752075578351756,0.779927701885487,
0.805715519791428,0.823225056774787,0.832597635695421,0.838809756036018,0.852148532474853,
0.86515962826537,0.881518121261281,0.897651698472649,0.911488754900752,0.913545470426365,
0.925625742304003,0.937799681528912,0.950118633796774,0.96248966671342,0.974960677680331,
0.975197672889318,0.987472104271813,1.),
.UNSPECIFIED.);
#9150=B_SPLINE_CURVE_WITH_KNOTS('',3,
(#13860,#13861,#13862,#13863,#13864,#13865,#13866,#13867,#13868,#13869,#13870,#13871,
#13872,#13873,#13874,#13875,#13876,#13877,#13878,#13879,#13880,#13881,#13882,#13883,
#13884,#13885,#13886,#13887,#13888,#13889,#13890,#13891,#13892,#13893,#13894,#13895,
#13896,#13897,#13898,#13899,#13900,#13901,#13902,#13903,#13904,#13905,#13906,#13907,
#13908,#13909,#13910,#13911,#13912,#13913,#13914,#13915,#13916,#13917,#13918,#13919,
#13920,#13921,#13922,#13923,#13924,#13925,#13926,#13927,#13928,#13929,#13930,#13931,
#13932,#13933,#13934,#13935,#13936),
.UNSPECIFIED.,.F.,.F.,
(4,1,1,1,1,1,1,1,1,1,1,1,1,1,1,1,1,1,1,1,1,1,1,1,1,1,1,1,1,1,1,1,1,1,1,1,1,1,1,1,
1,1,1,1,1,1,1,1,1,1,1,1,1,1,1,1,1,1,1,1,1,1,1,1,1,1,1,1,1,1,1,1,1,1,4),
(0.,0.0160394258849616,0.0320696355537497,0.0365987757553986,0.0480653607159859,
0.0639049281059765,0.0796318339946479,0.0950636772963947,0.110171509224793,0.110305011086275,
0.125275897095442,0.140165375901587,0.154730286739231,0.169044115809748,0.182943948822368,
0.185396966218982,0.196681129495273,0.210032391829078,0.223160579375961,0.235999492925914,
0.248773217153519,0.261372946186092,0.263904346747643,0.273869839029961,0.290350406145802,
0.306828455165673,0.323304209679137,0.335718418459107,0.339795303721549,0.348168201166266,
0.36123921659733,0.374894839184692,0.389680890583323,0.405013758952974,0.416362376295877,
0.423317328781346,0.444052482276356,0.47488030156218,0.498186548584635,0.505631284172264,
0.536277643566058,0.557072982459299,0.575748788591999,0.58028358141909,0.59742490537131,
0.619013762455228,0.640528263525284,0.657111708514257,0.662254284003651,0.673968916697337,
0.691347936834325,0.708972841514392,0.726809618116373,0.743729222565409,0.744608545123345,
0.761932996898786,0.778831819095652,0.800056337707541,0.820255994300881,0.824373035774691,
0.839407379044395,0.852496849408521,0.865308611905723,0.881567510467429,0.897651269636152,
0.90341477762796,0.913545083083551,0.92562537040729,0.937799324204427,0.950118302448397,
0.962489376656426,0.971199608433935,0.97496045874357,0.987471981138609,1.),
.UNSPECIFIED.);
#9151=B_SPLINE_CURVE_WITH_KNOTS('',3,
(#13937,#13938,#13939,#13940,#13941,#13942,#13943,#13944,#13945,#13946,#13947,#13948,
#13949,#13950,#13951,#13952,#13953,#13954,#13955,#13956,#13957,#13958,#13959,#13960,
#13961,#13962,#13963,#13964,#13965,#13966,#13967,#13968,#13969,#13970,#13971,#13972,
#13973,#13974,#13975,#13976,#13977,#13978,#13979,#13980,#13981,#13982,#13983,#13984,
#13985,#13986,#13987,#13988,#13989,#13990,#13991,#13992,#13993,#13994,#13995),
.UNSPECIFIED.,.F.,.F.,
(4,1,1,1,1,1,1,1,1,1,1,1,1,1,1,1,1,1,1,1,1,1,1,1,1,1,1,1,1,1,1,1,1,1,1,1,1,1,1,1,
1,1,1,1,1,1,1,1,1,1,1,1,1,1,1,1,4),
(0.,0.0127869508261358,0.0256422957889924,0.0381368514989718,0.0385546298131138,
0.0515221169881122,0.0645059085108508,0.0789334172925025,0.0947832220987373,0.1152310936056,
0.118800424110445,0.143800171278648,0.169801369423116,0.191596308285247,0.191962911611045,
0.214949396966422,0.240463707927581,0.264865186901353,0.266550264697722,0.293803207799312,
0.321659689388532,0.340232292162311,0.35029151077343,0.379123913001955,0.410317659638397,
0.421445310445408,0.443630105841644,0.495144663824185,0.503270888987619,0.562521840952623,
0.585353053520621,0.629195684647824,0.66729487254589,0.679132541994326,0.709767317047862,
0.737718900921691,0.748717941129979,0.759970927034229,0.779231911855367,0.800256788962393,
0.82032316153665,0.829290271543559,0.839407868156338,0.852497307793617,0.86530903203747,
0.881567868995669,0.897651565627663,0.908243138893758,0.913545319242388,0.925625566922847,
0.937799483728449,0.950118427709669,0.962489468667613,0.973590703678392,0.974960519024449,
0.987472010746959,1.),
.UNSPECIFIED.);
#9152=CARTESIAN_POINT('',(41.3,-2.,-4.00000000000002));
#9153=CARTESIAN_POINT('',(41.3,-2.,-30.9));
#9154=CARTESIAN_POINT('',(41.3,-2.,-3.99999999999999));
#9155=VECTOR('',#9156,1.);
#9156=DIRECTION('',(-2.6414228095171E-16,5.77811239581865E-17,-1.));
#9157=CARTESIAN_POINT('',(41.3,1.70390869203187E-15,-30.9));
#9158=CARTESIAN_POINT('',(41.3,-2.,-30.9));
#9159=VECTOR('',#9160,1.);
#9160=DIRECTION('',(0.,1.,0.));
#9161=CARTESIAN_POINT('',(41.3,-1.99996816526525E-15,30.9));
#9162=CARTESIAN_POINT('',(41.3,-1.94524037450397E-15,30.9));
#9163=VECTOR('',#9164,1.);
#9164=DIRECTION('',(-1.1497455271199E-16,6.11562855428063E-17,-1.));
#9165=CARTESIAN_POINT('',(41.3,-2.,30.9));
#9166=CARTESIAN_POINT('',(41.3,-2.,30.9));
#9167=VECTOR('',#9168,1.);
#9168=DIRECTION('',(0.,1.,0.));
#9169=CARTESIAN_POINT('',(41.3,-2.,21.0000000000001));
#9170=CARTESIAN_POINT('',(41.3,-2.,30.9));
#9171=VECTOR('',#9172,1.);
#9172=DIRECTION('',(0.,4.48574959444513E-17,-1.));
#9173=CARTESIAN_POINT('',(41.2999999999986,-13.9999999989977,21.0000000000001));
#9174=CARTESIAN_POINT('',(41.2999999999993,-13.9999999989977,21.0000000000001));
#9175=VECTOR('',#9176,1.);
#9176=DIRECTION('',(0.,1.,0.));
#9177=CARTESIAN_POINT('',(41.3000000000003,-13.9999999989977,-3.99999999999999));
#9178=CARTESIAN_POINT('',(41.2999999999993,-13.9999999989977,21.0000000000001));
#9179=VECTOR('',#9180,1.);
#9180=DIRECTION('',(3.24007487506604E-14,1.42108547152019E-16,-1.));
#9181=CARTESIAN_POINT('',(41.3000000000001,-2.,-3.99999999999999));
#9182=VECTOR('',#9183,1.);
#9183=DIRECTION('',(0.,-1.,-7.40148683145257E-17));
#9184=CARTESIAN_POINT('',(40.3,-19.5,-4.00000000000009));
#9185=CARTESIAN_POINT('',(40.3,-19.5,21.0000000000001));
#9186=CARTESIAN_POINT('',(40.3,-19.5,-4.00000000000012));
#9187=VECTOR('',#9188,1.);
#9188=DIRECTION('',(0.,0.,1.));
#9189=CARTESIAN_POINT('',(40.8000000000003,-19.5,-4.00000000000002));
#9190=CARTESIAN_POINT('',(40.8000000000003,-19.5,-4.00000000000002));
#9191=VECTOR('',#9192,1.);
#9192=DIRECTION('',(-1.,0.,-6.75015598971769E-14));
#9193=CARTESIAN_POINT('',(40.7999999999986,-19.5,21.0000000000001));
#9194=CARTESIAN_POINT('',(40.8000000000003,-19.5,-4.00000000000003));
#9195=VECTOR('',#9196,1.);
#9196=DIRECTION('',(-6.48014975013208E-14,0.,1.));
#9197=CARTESIAN_POINT('',(40.3,-19.5,21.0000000000001));
#9198=VECTOR('',#9199,1.);
#9199=DIRECTION('',(1.,0.,0.));
#9200=CARTESIAN_POINT('',(42.8,-15.5,-3.99999999999989));
#9201=CARTESIAN_POINT('',(42.8,-15.5,21.0000000000001));
#9202=CARTESIAN_POINT('',(42.8,-15.4999999999997,-3.99999999999989));
#9203=VECTOR('',#9204,1.);
#9204=DIRECTION('',(0.,-6.50146603220491E-14,1.));
#9205=CARTESIAN_POINT('',(42.8,-18.34529946162,21.0000000000001));
#9206=CARTESIAN_POINT('',(42.8,-15.5,21.0000000000001));
#9207=VECTOR('',#9208,1.);
#9208=DIRECTION('',(0.,-1.,0.));
#9209=CARTESIAN_POINT('',(42.8,-18.34529946162,-3.99999999999989));
#9210=CARTESIAN_POINT('',(42.8,-18.34529946162,21.0000000000001));
#9211=VECTOR('',#9212,1.);
#9212=DIRECTION('',(0.,-3.75166564481333E-14,-1.));
#9213=CARTESIAN_POINT('',(42.8,-15.5,-3.99999999999989));
#9214=VECTOR('',#9215,1.);
#9215=DIRECTION('',(0.,-1.,-1.56078196984306E-16));
#9216=CARTESIAN_POINT('',(39.3,-15.7679491924311,-4.00000000000012));
#9217=CARTESIAN_POINT('',(40.3,-19.5,-4.00000000000009));
#9218=VECTOR('',#9219,1.);
#9219=DIRECTION('',(-0.258819045102521,0.965925826289068,-8.27558965682828E-15));
#9220=CARTESIAN_POINT('',(39.3,-7.,-4.00000000000011));
#9221=CARTESIAN_POINT('',(39.3,-7.,-4.00000000000012));
#9222=VECTOR('',#9223,1.);
#9223=DIRECTION('',(0.,-1.,-2.02596616428124E-16));
#9224=CARTESIAN_POINT('',(34.3,-2.00000000000049,-4.00000000000044));
#9225=AXIS2_PLACEMENT_3D('',#9226,#9227,#9228);
#9226=CARTESIAN_POINT('',(34.3000000000029,-7.,-4.00000000000044));
#9227=DIRECTION('',(-6.48414425895801E-14,-7.61295788314393E-17,1.));
#9228=DIRECTION('',(1.,-1.77635683940129E-16,6.48414425895801E-14));
#9229=CARTESIAN_POINT('',(34.3,-2.,-4.00000000000044));
#9230=VECTOR('',#9231,1.);
#9231=DIRECTION('',(1.,0.,6.49004659538021E-14));
#9232=CARTESIAN_POINT('',(41.3000000000003,-13.9999999989977,-3.99999999999999));
#9233=VECTOR('',#9234,1.);
#9234=DIRECTION('',(0.707106780950308,-0.707106781422787,4.47999714728171E-14));
#9235=CARTESIAN_POINT('',(42.8,-18.3452994616209,-3.99999999999989));
#9236=VECTOR('',#9237,1.);
#9237=DIRECTION('',(-0.866025403784442,-0.499999999999995,-5.57659179051305E-14));
#9238=CARTESIAN_POINT('',(39.3,-15.7679491924311,21.0000000000001));
#9239=CARTESIAN_POINT('',(39.3,-15.7679491924311,21.0000000000001));
#9240=VECTOR('',#9241,1.);
#9241=DIRECTION('',(0.258819045102521,-0.965925826289068,0.));
#9242=CARTESIAN_POINT('',(40.7999999999986,-19.5,21.0000000000001));
#9243=VECTOR('',#9244,1.);
#9244=DIRECTION('',(0.866025403784442,0.499999999999995,0.));
#9245=CARTESIAN_POINT('',(42.7999999999987,-15.5,21.0000000000001));
#9246=VECTOR('',#9247,1.);
#9247=DIRECTION('',(-0.707106780950308,0.707106781422787,0.));
#9248=CARTESIAN_POINT('',(34.7000000000022,-2.,21.0000000000006));
#9249=CARTESIAN_POINT('',(41.3,-2.,21.0000000000001));
#9250=VECTOR('',#9251,1.);
#9251=DIRECTION('',(-1.,0.,0.));
#9252=CARTESIAN_POINT('',(39.3,-6.99553976520133,20.9999999999997));
#9253=CARTESIAN_POINT('',(39.3,-6.99553976520135,20.9999999999989));
#9254=CARTESIAN_POINT('',(39.3000013142988,-6.89955209946731,20.9999999999997));
#9255=CARTESIAN_POINT('',(39.2970965460952,-6.79862739517394,21.0000000000002));
#9256=CARTESIAN_POINT('',(39.2858216742403,-6.60767895137901,21.0000000000001));
#9257=CARTESIAN_POINT('',(39.2692064202215,-6.41834506885262,20.9999999999991));
#9258=CARTESIAN_POINT('',(39.2420983382139,-6.2299844170623,20.9999999999964));
#9259=CARTESIAN_POINT('',(39.2044905259761,-6.01456066697066,20.9999999999923));
#9260=CARTESIAN_POINT('',(39.1661505243442,-5.83464664044446,20.9999999999878));
#9261=CARTESIAN_POINT('',(39.0956873746717,-5.57337124200464,20.9999999999788));
#9262=CARTESIAN_POINT('',(39.0246818634342,-5.35080924349983,20.9999999999694));
#9263=CARTESIAN_POINT('',(38.9291864997466,-5.097709090153,20.9999999999563));
#9264=CARTESIAN_POINT('',(38.8244357103012,-4.85942339262046,20.9999999999416));
#9265=CARTESIAN_POINT('',(38.7024493769461,-4.61779201356335,20.9999999999242));
#9266=CARTESIAN_POINT('',(38.5684777500045,-4.38352208149048,20.9999999999047));
#9267=CARTESIAN_POINT('',(38.4251307457915,-4.16265547264462,20.9999999998836));
#9268=CARTESIAN_POINT('',(38.2613752891585,-3.93653407973535,20.9999999998593));
#9269=CARTESIAN_POINT('',(38.0939711286987,-3.73015614201612,20.9999999998343));
#9270=CARTESIAN_POINT('',(37.8976962288511,-3.51451143009281,20.9999999998046));
#9271=CARTESIAN_POINT('',(37.6872635338217,-3.30733601138837,20.9999999997726));
#9272=CARTESIAN_POINT('',(37.4704665024565,-3.11947400329698,20.9999999997394));
#9273=CARTESIAN_POINT('',(37.1946697943794,-2.9060901607779,20.999999999697));
#9274=CARTESIAN_POINT('',(36.9807602484772,-2.76359576346709,20.9999999996639));
#9275=CARTESIAN_POINT('',(36.6666286928714,-2.57832285937328,20.999999999615));
#9276=CARTESIAN_POINT('',(36.4720132172024,-2.47887190674493,20.9999999995846));
#9277=CARTESIAN_POINT('',(36.1394245212718,-2.33319019980717,20.9999999995324));
#9278=CARTESIAN_POINT('',(35.9661921993406,-2.26829386560483,20.9999999995051));
#9279=CARTESIAN_POINT('',(35.6943211174971,-2.18186501747415,20.9999999994621));
#9280=CARTESIAN_POINT('',(35.5196855221887,-2.1332479109749,20.9999999994345));
#9281=CARTESIAN_POINT('',(35.3209224682134,-2.08921213254085,20.9999999994029));
#9282=CARTESIAN_POINT('',(35.1514326808155,-2.05627469131357,20.9999999993759));
#9283=CARTESIAN_POINT('',(35.0090549776735,-2.03356566879144,20.9999999993532));
#9284=CARTESIAN_POINT('',(34.8386168659609,-2.01257755108887,20.999999999326));
#9285=CARTESIAN_POINT('',(34.7533828758308,-2.00430879117592,20.9999999993123));
#9286=CARTESIAN_POINT('',(34.7000000000021,-2.00000000000011,20.9999999993038));
#9287=CARTESIAN_POINT('',(39.3,-6.99553976342926,21.0000000000001));
#9288=VECTOR('',#9289,1.);
#9289=DIRECTION('',(0.,-1.,0.));
#9290=CARTESIAN_POINT('',(34.3,-2.,20.7669697220177));
#9291=CARTESIAN_POINT('',(34.3,-2.,18.7235857918566));
#9292=CARTESIAN_POINT('',(34.3,-2.,20.7669697220177));
#9293=VECTOR('',#9294,1.);
#9294=DIRECTION('',(0.,0.,-1.));
#9295=CARTESIAN_POINT('',(33.5,-2.,20.6));
#9296=AXIS2_PLACEMENT_3D('',#9297,#9298,#9299);
#9297=CARTESIAN_POINT('',(33.5,-2.,22.6));
#9298=DIRECTION('',(0.,-1.,-6.12323399573677E-17));
#9299=DIRECTION('',(0.,6.12323399573677E-17,-1.));
#9300=CARTESIAN_POINT('',(26.5,-2.,20.6));
#9301=CARTESIAN_POINT('',(33.5,-2.,20.6));
#9302=VECTOR('',#9303,1.);
#9303=DIRECTION('',(-1.,0.,-1.01506105108586E-15));
#9304=CARTESIAN_POINT('',(24.5,-2.,22.6));
#9305=AXIS2_PLACEMENT_3D('',#9306,#9307,#9308);
#9306=CARTESIAN_POINT('',(26.5,-2.,22.6));
#9307=DIRECTION('',(0.,-1.,-6.12323399573677E-17));
#9308=DIRECTION('',(-1.,0.,0.));
#9309=CARTESIAN_POINT('',(24.5,-2.,29.6));
#9310=CARTESIAN_POINT('',(24.5,-2.,22.6));
#9311=VECTOR('',#9312,1.);
#9312=DIRECTION('',(-1.01506105108586E-15,-6.34413156928661E-17,1.));
#9313=CARTESIAN_POINT('',(26.5,-2.,31.6));
#9314=AXIS2_PLACEMENT_3D('',#9315,#9316,#9317);
#9315=CARTESIAN_POINT('',(26.5,-2.,29.6));
#9316=DIRECTION('',(1.3684555315672E-48,-1.,-6.12323399573677E-17));
#9317=DIRECTION('',(8.37937343254633E-65,-6.12323399573677E-17,1.));
#9318=CARTESIAN_POINT('',(28.,-2.,31.6));
#9319=CARTESIAN_POINT('',(26.5,-2.,31.6));
#9320=VECTOR('',#9321,1.);
#9321=DIRECTION('',(1.,0.,0.));
#9322=CARTESIAN_POINT('',(28.,-2.,36.7724373827842));
#9323=CARTESIAN_POINT('',(28.,-2.,31.6));
#9324=VECTOR('',#9325,1.);
#9325=DIRECTION('',(0.,-8.58568556727542E-17,1.));
#9326=CARTESIAN_POINT('',(28.6,-2.,36.7724373827842));
#9327=CARTESIAN_POINT('',(28.,-2.,36.7724373827842));
#9328=VECTOR('',#9329,1.);
#9329=DIRECTION('',(1.,0.,0.));
#9330=CARTESIAN_POINT('',(28.6,-2.,31.));
#9331=CARTESIAN_POINT('',(28.6,-2.,36.7724373827842));
#9332=VECTOR('',#9333,1.);
#9333=DIRECTION('',(0.,7.69327028430867E-17,-1.));
#9334=CARTESIAN_POINT('',(26.5,-2.,31.));
#9335=CARTESIAN_POINT('',(28.6,-2.,31.));
#9336=VECTOR('',#9337,1.);
#9337=DIRECTION('',(-1.,0.,0.));
#9338=CARTESIAN_POINT('',(25.1,-2.,29.6));
#9339=AXIS2_PLACEMENT_3D('',#9340,#9341,#9342);
#9340=CARTESIAN_POINT('',(26.5,-2.,29.6));
#9341=DIRECTION('',(0.,1.,6.12323399573677E-17));
#9342=DIRECTION('',(-1.,0.,0.));
#9343=CARTESIAN_POINT('',(25.1,-2.,22.6));
#9344=CARTESIAN_POINT('',(25.1,-2.,29.6));
#9345=VECTOR('',#9346,1.);
#9346=DIRECTION('',(5.07530525542929E-16,6.34413156928661E-17,-1.));
#9347=CARTESIAN_POINT('',(26.5,-2.,21.2));
#9348=AXIS2_PLACEMENT_3D('',#9349,#9350,#9351);
#9349=CARTESIAN_POINT('',(26.5,-2.,22.6));
#9350=DIRECTION('',(0.,1.,6.12323399573676E-17));
#9351=DIRECTION('',(0.,6.12323399573676E-17,-1.));
#9352=CARTESIAN_POINT('',(33.5,-2.,21.2));
#9353=CARTESIAN_POINT('',(26.5,-2.,21.2));
#9354=VECTOR('',#9355,1.);
#9355=DIRECTION('',(1.,0.,5.07530525542929E-16));
#9356=CARTESIAN_POINT('',(34.9,-2.,22.6));
#9357=AXIS2_PLACEMENT_3D('',#9358,#9359,#9360);
#9358=CARTESIAN_POINT('',(33.5,-2.,22.6));
#9359=DIRECTION('',(0.,1.,6.12323399573676E-17));
#9360=DIRECTION('',(1.,0.,0.));
#9361=CARTESIAN_POINT('',(34.9,-2.,29.6));
#9362=CARTESIAN_POINT('',(34.9,-2.,22.6));
#9363=VECTOR('',#9364,1.);
#9364=DIRECTION('',(0.,-6.34413156928662E-17,1.));
#9365=CARTESIAN_POINT('',(33.5,-2.,31.));
#9366=AXIS2_PLACEMENT_3D('',#9367,#9368,#9369);
#9367=CARTESIAN_POINT('',(33.5,-2.,29.6));
#9368=DIRECTION('',(0.,1.,6.12323399573677E-17));
#9369=DIRECTION('',(0.,-6.12323399573677E-17,1.));
#9370=CARTESIAN_POINT('',(31.4,-2.,31.));
#9371=CARTESIAN_POINT('',(33.5,-2.,31.));
#9372=VECTOR('',#9373,1.);
#9373=DIRECTION('',(-1.,0.,1.69176841847643E-15));
#9374=CARTESIAN_POINT('',(31.4,-2.,36.7724373827842));
#9375=CARTESIAN_POINT('',(31.4,-2.,31.));
#9376=VECTOR('',#9377,1.);
#9377=DIRECTION('',(0.,-7.69327028430867E-17,1.));
#9378=CARTESIAN_POINT('',(32.,-2.,36.7724373827842));
#9379=CARTESIAN_POINT('',(31.4,-2.,36.7724373827842));
#9380=VECTOR('',#9381,1.);
#9381=DIRECTION('',(1.,0.,0.));
#9382=CARTESIAN_POINT('',(32.,-2.,31.6));
#9383=CARTESIAN_POINT('',(32.,-2.,36.7724373827842));
#9384=VECTOR('',#9385,1.);
#9385=DIRECTION('',(0.,8.58568556727543E-17,-1.));
#9386=CARTESIAN_POINT('',(33.5,-2.,31.6));
#9387=CARTESIAN_POINT('',(32.,-2.,31.6));
#9388=VECTOR('',#9389,1.);
#9389=DIRECTION('',(1.,0.,0.));
#9390=CARTESIAN_POINT('',(35.5,-2.,29.6));
#9391=AXIS2_PLACEMENT_3D('',#9392,#9393,#9394);
#9392=CARTESIAN_POINT('',(33.5,-2.,29.6));
#9393=DIRECTION('',(0.,-1.,-6.12323399573677E-17));
#9394=DIRECTION('',(1.,0.,0.));
#9395=CARTESIAN_POINT('',(35.5,-2.,22.6));
#9396=CARTESIAN_POINT('',(35.5,-2.,29.6));
#9397=VECTOR('',#9398,1.);
#9398=DIRECTION('',(0.,6.34413156928662E-17,-1.));
#9399=AXIS2_PLACEMENT_3D('',#9400,#9401,#9402);
#9400=CARTESIAN_POINT('',(33.5,-2.,22.6));
#9401=DIRECTION('',(0.,-1.,-6.12323399573677E-17));
#9402=DIRECTION('',(0.60000000000127,4.89858719658358E-17,-0.799999999999047));
#9403=CARTESIAN_POINT('',(32.9,-2.,39.3));
#9404=AXIS2_PLACEMENT_3D('',#9405,#9406,#9407);
#9405=CARTESIAN_POINT('',(32.9,-2.,30.9));
#9406=DIRECTION('',(-2.18952885050753E-47,-1.,-6.12323399573677E-17));
#9407=DIRECTION('',(1.,-2.58977347323218E-32,4.22942104619108E-16));
#9408=CARTESIAN_POINT('',(-32.9,-2.,39.3));
#9409=CARTESIAN_POINT('',(-32.9,-2.,39.3));
#9410=VECTOR('',#9411,1.);
#9411=DIRECTION('',(1.,0.,1.07985218200623E-16));
#9412=CARTESIAN_POINT('',(-41.3,-2.,30.8999999999999));
#9413=AXIS2_PLACEMENT_3D('',#9414,#9415,#9416);
#9414=CARTESIAN_POINT('',(-32.9,-2.,30.9));
#9415=DIRECTION('',(0.,-1.,-6.12323399573677E-17));
#9416=DIRECTION('',(-1.69176841847642E-15,-6.12323399573677E-17,1.));
#9417=CARTESIAN_POINT('',(-41.3,-2.,21.0000000000001));
#9418=CARTESIAN_POINT('',(-41.3,-2.,21.0000000000001));
#9419=VECTOR('',#9420,1.);
#9420=DIRECTION('',(0.,-4.48574959444515E-17,1.));
#9421=CARTESIAN_POINT('',(-34.7000000000021,-2.,21.0000000000006));
#9422=CARTESIAN_POINT('',(-41.3,-2.,21.0000000000001));
#9423=VECTOR('',#9424,1.);
#9424=DIRECTION('',(1.,0.,0.));
#9425=CARTESIAN_POINT('',(-35.5,-2.,22.6));
#9426=AXIS2_PLACEMENT_3D('',#9427,#9428,#9429);
#9427=CARTESIAN_POINT('',(-33.5,-2.,22.6));
#9428=DIRECTION('',(0.,-1.,-6.12323399573677E-17));
#9429=DIRECTION('',(-1.,0.,0.));
#9430=CARTESIAN_POINT('',(-35.5,-2.,29.6));
#9431=CARTESIAN_POINT('',(-35.5,-2.,22.6));
#9432=VECTOR('',#9433,1.);
#9433=DIRECTION('',(-1.01506105108586E-15,-6.34413156928661E-17,1.));
#9434=CARTESIAN_POINT('',(-33.5,-2.,31.6));
#9435=AXIS2_PLACEMENT_3D('',#9436,#9437,#9438);
#9436=CARTESIAN_POINT('',(-33.5,-2.,29.6));
#9437=DIRECTION('',(1.3684555315672E-48,-1.,-6.12323399573677E-17));
#9438=DIRECTION('',(8.37937343254633E-65,-6.12323399573677E-17,1.));
#9439=CARTESIAN_POINT('',(-32.,-2.,31.6));
#9440=CARTESIAN_POINT('',(-33.5,-2.,31.6));
#9441=VECTOR('',#9442,1.);
#9442=DIRECTION('',(1.,0.,0.));
#9443=CARTESIAN_POINT('',(-32.,-2.,36.7724373827842));
#9444=CARTESIAN_POINT('',(-32.,-2.,31.6));
#9445=VECTOR('',#9446,1.);
#9446=DIRECTION('',(0.,-8.58568556727542E-17,1.));
#9447=CARTESIAN_POINT('',(-31.4,-2.,36.7724373827842));
#9448=CARTESIAN_POINT('',(-32.,-2.,36.7724373827842));
#9449=VECTOR('',#9450,1.);
#9450=DIRECTION('',(1.,0.,0.));
#9451=CARTESIAN_POINT('',(-31.4,-2.,31.));
#9452=CARTESIAN_POINT('',(-31.4,-2.,36.7724373827842));
#9453=VECTOR('',#9454,1.);
#9454=DIRECTION('',(0.,7.69327028430864E-17,-1.));
#9455=CARTESIAN_POINT('',(-33.5,-2.,31.));
#9456=CARTESIAN_POINT('',(-31.4,-2.,31.));
#9457=VECTOR('',#9458,1.);
#9458=DIRECTION('',(-1.,0.,0.));
#9459=CARTESIAN_POINT('',(-34.9,-2.,29.6));
#9460=AXIS2_PLACEMENT_3D('',#9461,#9462,#9463);
#9461=CARTESIAN_POINT('',(-33.5,-2.,29.6));
#9462=DIRECTION('',(0.,1.,6.12323399573677E-17));
#9463=DIRECTION('',(-1.,0.,0.));
#9464=CARTESIAN_POINT('',(-34.9,-2.,22.6));
#9465=CARTESIAN_POINT('',(-34.9,-2.,29.6));
#9466=VECTOR('',#9467,1.);
#9467=DIRECTION('',(0.,6.34413156928661E-17,-1.));
#9468=CARTESIAN_POINT('',(-33.5,-2.,21.2));
#9469=AXIS2_PLACEMENT_3D('',#9470,#9471,#9472);
#9470=CARTESIAN_POINT('',(-33.5,-2.,22.6));
#9471=DIRECTION('',(0.,1.,6.12323399573676E-17));
#9472=DIRECTION('',(0.,6.12323399573676E-17,-1.));
#9473=CARTESIAN_POINT('',(-26.5,-2.,21.2));
#9474=CARTESIAN_POINT('',(-33.5,-2.,21.2));
#9475=VECTOR('',#9476,1.);
#9476=DIRECTION('',(1.,0.,1.01506105108586E-15));
#9477=CARTESIAN_POINT('',(-25.1,-2.,22.6));
#9478=AXIS2_PLACEMENT_3D('',#9479,#9480,#9481);
#9479=CARTESIAN_POINT('',(-26.5,-2.,22.6));
#9480=DIRECTION('',(0.,1.,6.12323399573676E-17));
#9481=DIRECTION('',(1.,0.,0.));
#9482=CARTESIAN_POINT('',(-25.1,-2.,29.6));
#9483=CARTESIAN_POINT('',(-25.1,-2.,22.6));
#9484=VECTOR('',#9485,1.);
#9485=DIRECTION('',(-1.01506105108586E-15,-6.34413156928662E-17,1.));
#9486=CARTESIAN_POINT('',(-26.5,-2.,31.));
#9487=AXIS2_PLACEMENT_3D('',#9488,#9489,#9490);
#9488=CARTESIAN_POINT('',(-26.5,-2.,29.6));
#9489=DIRECTION('',(0.,1.,6.12323399573677E-17));
#9490=DIRECTION('',(0.,-6.12323399573677E-17,1.));
#9491=CARTESIAN_POINT('',(-28.6,-2.,31.));
#9492=CARTESIAN_POINT('',(-26.5,-2.,31.));
#9493=VECTOR('',#9494,1.);
#9494=DIRECTION('',(-1.,0.,1.69176841847643E-15));
#9495=CARTESIAN_POINT('',(-28.6,-2.,36.7724373827842));
#9496=CARTESIAN_POINT('',(-28.6,-2.,31.));
#9497=VECTOR('',#9498,1.);
#9498=DIRECTION('',(0.,-7.69327028430866E-17,1.));
#9499=CARTESIAN_POINT('',(-28.,-2.,36.7724373827842));
#9500=CARTESIAN_POINT('',(-28.6,-2.,36.7724373827842));
#9501=VECTOR('',#9502,1.);
#9502=DIRECTION('',(1.,0.,0.));
#9503=CARTESIAN_POINT('',(-28.,-2.,31.6));
#9504=CARTESIAN_POINT('',(-28.,-2.,36.7724373827842));
#9505=VECTOR('',#9506,1.);
#9506=DIRECTION('',(0.,8.58568556727542E-17,-1.));
#9507=CARTESIAN_POINT('',(-26.5,-2.,31.6));
#9508=CARTESIAN_POINT('',(-28.,-2.,31.6));
#9509=VECTOR('',#9510,1.);
#9510=DIRECTION('',(1.,0.,0.));
#9511=CARTESIAN_POINT('',(-24.5,-2.,29.6));
#9512=AXIS2_PLACEMENT_3D('',#9513,#9514,#9515);
#9513=CARTESIAN_POINT('',(-26.5,-2.,29.6));
#9514=DIRECTION('',(0.,-1.,-6.12323399573677E-17));
#9515=DIRECTION('',(1.,0.,0.));
#9516=CARTESIAN_POINT('',(-24.5,-2.,22.6));
#9517=CARTESIAN_POINT('',(-24.5,-2.,29.6));
#9518=VECTOR('',#9519,1.);
#9519=DIRECTION('',(1.01506105108586E-15,6.34413156928662E-17,-1.));
#9520=CARTESIAN_POINT('',(-26.5,-2.,20.6));
#9521=AXIS2_PLACEMENT_3D('',#9522,#9523,#9524);
#9522=CARTESIAN_POINT('',(-26.5,-2.,22.6));
#9523=DIRECTION('',(0.,-1.,-6.12323399573677E-17));
#9524=DIRECTION('',(0.,6.12323399573677E-17,-1.));
#9525=CARTESIAN_POINT('',(-33.5,-2.,20.6));
#9526=CARTESIAN_POINT('',(-26.5,-2.,20.6));
#9527=VECTOR('',#9528,1.);
#9528=DIRECTION('',(-1.,0.,-5.07530525542929E-16));
#9529=CARTESIAN_POINT('',(-34.3,-2.,20.7669697220177));
#9530=AXIS2_PLACEMENT_3D('',#9531,#9532,#9533);
#9531=CARTESIAN_POINT('',(-33.5,-2.,22.6));
#9532=DIRECTION('',(0.,-1.,-6.12323399573677E-17));
#9533=DIRECTION('',(-0.400000000000009,5.6120366566781E-17,-0.916515138991164));
#9534=CARTESIAN_POINT('',(-34.3,-2.,18.7235857918566));
#9535=CARTESIAN_POINT('',(-34.3,-2.,20.7669697220177));
#9536=VECTOR('',#9537,1.);
#9537=DIRECTION('',(0.,0.,-1.));
#9538=CARTESIAN_POINT('',(-30.,-2.,6.2));
#9539=AXIS2_PLACEMENT_3D('',#9540,#9541,#9542);
#9540=CARTESIAN_POINT('',(-30.,-2.,13.2));
#9541=DIRECTION('',(0.,-1.,-6.12323399573677E-17));
#9542=DIRECTION('',(0.,6.12323399573677E-17,-1.));
#9543=CARTESIAN_POINT('',(-34.3,-2.,7.6764142081434));
#9544=AXIS2_PLACEMENT_3D('',#9545,#9546,#9547);
#9545=CARTESIAN_POINT('',(-30.,-2.,13.2));
#9546=DIRECTION('',(0.,-1.,-6.12323399573677E-17));
#9547=DIRECTION('',(-0.614285714285715,4.83174404272355E-17,-0.789083684550941));
#9548=CARTESIAN_POINT('',(-34.3,-2.,-4.00000000000044));
#9549=CARTESIAN_POINT('',(-34.3,-2.,7.67641420814339));
#9550=VECTOR('',#9551,1.);
#9551=DIRECTION('',(0.,7.60660253967914E-17,-1.));
#9552=CARTESIAN_POINT('',(-41.3,-2.,-4.00000000000005));
#9553=CARTESIAN_POINT('',(-34.3,-2.,-4.00000000000044));
#9554=VECTOR('',#9555,1.);
#9555=DIRECTION('',(-1.,0.,6.50907899008804E-14));
#9556=CARTESIAN_POINT('',(-41.3,-2.,-30.9));
#9557=CARTESIAN_POINT('',(-41.3,-2.,-30.9));
#9558=VECTOR('',#9559,1.);
#9559=DIRECTION('',(-2.64142280951711E-16,-5.77811239581868E-17,1.));
#9560=CARTESIAN_POINT('',(-32.9,-2.,-39.3));
#9561=AXIS2_PLACEMENT_3D('',#9562,#9563,#9564);
#9562=CARTESIAN_POINT('',(-32.9,-2.,-30.9));
#9563=DIRECTION('',(2.73691106313441E-48,-1.,-6.12323399573677E-17));
#9564=DIRECTION('',(-1.,-2.58977347323218E-32,4.22942104619108E-16));
#9565=CARTESIAN_POINT('',(32.9,-2.,-39.3));
#9566=CARTESIAN_POINT('',(32.9,-2.,-39.3));
#9567=VECTOR('',#9568,1.);
#9568=DIRECTION('',(-1.,0.,1.07985218200623E-16));
#9569=AXIS2_PLACEMENT_3D('',#9570,#9571,#9572);
#9570=CARTESIAN_POINT('',(32.9,-2.,-30.9));
#9571=DIRECTION('',(0.,-1.,-6.12323399573677E-17));
#9572=DIRECTION('',(0.,6.12323399573676E-17,-1.));
#9573=CARTESIAN_POINT('',(34.3,-2.,7.67641420814344));
#9574=CARTESIAN_POINT('',(34.3,-2.,7.67641420814345));
#9575=VECTOR('',#9576,1.);
#9576=DIRECTION('',(0.,7.60660253967911E-17,-1.));
#9577=CARTESIAN_POINT('',(30.,-2.,6.2));
#9578=AXIS2_PLACEMENT_3D('',#9579,#9580,#9581);
#9579=CARTESIAN_POINT('',(30.,-2.,13.2));
#9580=DIRECTION('',(0.,-1.,-6.12323399573677E-17));
#9581=DIRECTION('',(0.,6.12323399573677E-17,-1.));
#9582=AXIS2_PLACEMENT_3D('',#9583,#9584,#9585);
#9583=CARTESIAN_POINT('',(30.,-2.,13.2));
#9584=DIRECTION('',(0.,-1.,-6.12323399573677E-17));
#9585=DIRECTION('',(0.614285714285717,-4.83174404272354E-17,0.789083684550939));
#9586=CARTESIAN_POINT('',(-30.,-2.,21.7602540378444));
#9587=AXIS2_PLACEMENT_3D('',#9588,#9589,#9590);
#9588=CARTESIAN_POINT('',(-30.,-2.,26.1));
#9589=DIRECTION('',(0.,-1.,-6.12323399573677E-17));
#9590=DIRECTION('',(6.12323399573677E-17,6.12323399573677E-17,-1.));
#9591=CARTESIAN_POINT('',(3.00407415364011E-15,-2.,21.7602540378444));
#9592=AXIS2_PLACEMENT_3D('',#9593,#9594,#9595);
#9593=CARTESIAN_POINT('',(3.26980695372343E-15,-2.,26.1));
#9594=DIRECTION('',(0.,-1.,-6.12323399573677E-17));
#9595=DIRECTION('',(6.12323399573677E-17,6.12323399573677E-17,-1.));
#9596=CARTESIAN_POINT('',(30.,-2.,21.7602540378444));
#9597=AXIS2_PLACEMENT_3D('',#9598,#9599,#9600);
#9598=CARTESIAN_POINT('',(30.,-2.,26.1));
#9599=DIRECTION('',(0.,-1.,-6.12323399573677E-17));
#9600=DIRECTION('',(6.12323399573677E-17,6.12323399573677E-17,-1.));
#9601=CARTESIAN_POINT('',(1.4,-2.,31.));
#9602=CARTESIAN_POINT('',(1.4,-2.,36.7724373827842));
#9603=CARTESIAN_POINT('',(1.4,-2.,31.));
#9604=VECTOR('',#9605,1.);
#9605=DIRECTION('',(0.,-7.69327028430866E-17,1.));
#9606=CARTESIAN_POINT('',(2.,-2.,36.7724373827842));
#9607=CARTESIAN_POINT('',(1.4,-2.,36.7724373827842));
#9608=VECTOR('',#9609,1.);
#9609=DIRECTION('',(1.,0.,0.));
#9610=CARTESIAN_POINT('',(2.00000000000001,-2.,31.6));
#9611=CARTESIAN_POINT('',(2.,-2.,36.7724373827842));
#9612=VECTOR('',#9613,1.);
#9613=DIRECTION('',(8.58568556727542E-17,8.58568556727542E-17,-1.));
#9614=CARTESIAN_POINT('',(3.5,-2.,31.6));
#9615=CARTESIAN_POINT('',(2.00000000000001,-2.,31.6));
#9616=VECTOR('',#9617,1.);
#9617=DIRECTION('',(1.,0.,0.));
#9618=CARTESIAN_POINT('',(5.5,-2.,29.6));
#9619=AXIS2_PLACEMENT_3D('',#9620,#9621,#9622);
#9620=CARTESIAN_POINT('',(3.5,-2.,29.6));
#9621=DIRECTION('',(0.,-1.,-6.12323399573677E-17));
#9622=DIRECTION('',(1.,0.,0.));
#9623=CARTESIAN_POINT('',(5.5,-2.,22.6));
#9624=CARTESIAN_POINT('',(5.5,-2.,29.6));
#9625=VECTOR('',#9626,1.);
#9626=DIRECTION('',(0.,6.34413156928661E-17,-1.));
#9627=CARTESIAN_POINT('',(3.50000000000001,-2.,20.6));
#9628=AXIS2_PLACEMENT_3D('',#9629,#9630,#9631);
#9629=CARTESIAN_POINT('',(3.50000000000001,-2.,22.6));
#9630=DIRECTION('',(0.,-1.,-6.12323399573677E-17));
#9631=DIRECTION('',(0.,6.12323399573677E-17,-1.));
#9632=CARTESIAN_POINT('',(-3.5,-2.,20.6));
#9633=CARTESIAN_POINT('',(3.50000000000001,-2.,20.6));
#9634=VECTOR('',#9635,1.);
#9635=DIRECTION('',(-1.,0.,-5.07530525542929E-16));
#9636=CARTESIAN_POINT('',(-5.5,-2.,22.6));
#9637=AXIS2_PLACEMENT_3D('',#9638,#9639,#9640);
#9638=CARTESIAN_POINT('',(-3.5,-2.,22.6));
#9639=DIRECTION('',(0.,-1.,-6.12323399573677E-17));
#9640=DIRECTION('',(-1.,0.,0.));
#9641=CARTESIAN_POINT('',(-5.5,-2.,29.6));
#9642=CARTESIAN_POINT('',(-5.5,-2.,22.6));
#9643=VECTOR('',#9644,1.);
#9644=DIRECTION('',(0.,-6.34413156928661E-17,1.));
#9645=CARTESIAN_POINT('',(-3.5,-2.,31.6));
#9646=AXIS2_PLACEMENT_3D('',#9647,#9648,#9649);
#9647=CARTESIAN_POINT('',(-3.5,-2.,29.6));
#9648=DIRECTION('',(1.3684555315672E-48,-1.,-6.12323399573677E-17));
#9649=DIRECTION('',(2.22044604925031E-16,-6.12323399573677E-17,1.));
#9650=CARTESIAN_POINT('',(-2.,-2.,31.6));
#9651=CARTESIAN_POINT('',(-3.5,-2.,31.6));
#9652=VECTOR('',#9653,1.);
#9653=DIRECTION('',(1.,0.,0.));
#9654=CARTESIAN_POINT('',(-2.,-2.,36.7724373827842));
#9655=CARTESIAN_POINT('',(-2.,-2.,31.6));
#9656=VECTOR('',#9657,1.);
#9657=DIRECTION('',(0.,-8.58568556727542E-17,1.));
#9658=CARTESIAN_POINT('',(-1.4,-2.,36.7724373827842));
#9659=CARTESIAN_POINT('',(-2.,-2.,36.7724373827842));
#9660=VECTOR('',#9661,1.);
#9661=DIRECTION('',(1.,0.,0.));
#9662=CARTESIAN_POINT('',(-1.4,-2.,31.));
#9663=CARTESIAN_POINT('',(-1.4,-2.,36.7724373827842));
#9664=VECTOR('',#9665,1.);
#9665=DIRECTION('',(3.84663514215433E-17,7.69327028430866E-17,-1.));
#9666=CARTESIAN_POINT('',(-3.5,-2.,31.));
#9667=CARTESIAN_POINT('',(-1.4,-2.,31.));
#9668=VECTOR('',#9669,1.);
#9669=DIRECTION('',(-1.,0.,0.));
#9670=CARTESIAN_POINT('',(-4.9,-2.,29.6));
#9671=AXIS2_PLACEMENT_3D('',#9672,#9673,#9674);
#9672=CARTESIAN_POINT('',(-3.5,-2.,29.6));
#9673=DIRECTION('',(0.,1.,6.12323399573677E-17));
#9674=DIRECTION('',(-1.,0.,0.));
#9675=CARTESIAN_POINT('',(-4.9,-2.,22.6));
#9676=CARTESIAN_POINT('',(-4.9,-2.,29.6));
#9677=VECTOR('',#9678,1.);
#9678=DIRECTION('',(0.,6.34413156928661E-17,-1.));
#9679=CARTESIAN_POINT('',(-3.5,-2.,21.2));
#9680=AXIS2_PLACEMENT_3D('',#9681,#9682,#9683);
#9681=CARTESIAN_POINT('',(-3.5,-2.,22.6));
#9682=DIRECTION('',(0.,1.,6.12323399573676E-17));
#9683=DIRECTION('',(0.,6.12323399573676E-17,-1.));
#9684=CARTESIAN_POINT('',(3.50000000000001,-2.,21.2));
#9685=CARTESIAN_POINT('',(-3.5,-2.,21.2));
#9686=VECTOR('',#9687,1.);
#9687=DIRECTION('',(1.,0.,0.));
#9688=CARTESIAN_POINT('',(4.9,-2.,22.6));
#9689=AXIS2_PLACEMENT_3D('',#9690,#9691,#9692);
#9690=CARTESIAN_POINT('',(3.50000000000001,-2.,22.6));
#9691=DIRECTION('',(0.,1.,6.12323399573676E-17));
#9692=DIRECTION('',(1.,0.,0.));
#9693=CARTESIAN_POINT('',(4.9,-2.,29.6));
#9694=CARTESIAN_POINT('',(4.9,-2.,22.6));
#9695=VECTOR('',#9696,1.);
#9696=DIRECTION('',(0.,-6.34413156928661E-17,1.));
#9697=CARTESIAN_POINT('',(3.5,-2.,31.));
#9698=AXIS2_PLACEMENT_3D('',#9699,#9700,#9701);
#9699=CARTESIAN_POINT('',(3.5,-2.,29.6));
#9700=DIRECTION('',(0.,1.,6.12323399573677E-17));
#9701=DIRECTION('',(-6.3441315692866E-16,-6.12323399573677E-17,1.));
#9702=CARTESIAN_POINT('',(3.5,-2.,31.));
#9703=VECTOR('',#9704,1.);
#9704=DIRECTION('',(-1.,0.,3.38353683695287E-15));
#9705=CARTESIAN_POINT('',(15.,-2.,6.2));
#9706=AXIS2_PLACEMENT_3D('',#9707,#9708,#9709);
#9707=CARTESIAN_POINT('',(15.,-2.,13.2));
#9708=DIRECTION('',(0.,-1.,-6.12323399573677E-17));
#9709=DIRECTION('',(6.12323399573677E-17,6.12323399573677E-17,-1.));
#9710=CARTESIAN_POINT('',(3.79640507735683E-16,-2.,6.2));
#9711=AXIS2_PLACEMENT_3D('',#9712,#9713,#9714);
#9712=CARTESIAN_POINT('',(8.08266887437256E-16,-2.,13.2));
#9713=DIRECTION('',(0.,-1.,-6.12323399573677E-17));
#9714=DIRECTION('',(6.12323399573677E-17,6.12323399573677E-17,-1.));
#9715=CARTESIAN_POINT('',(-15.,-2.,6.2));
#9716=AXIS2_PLACEMENT_3D('',#9717,#9718,#9719);
#9717=CARTESIAN_POINT('',(-15.,-2.,13.2));
#9718=DIRECTION('',(0.,-1.,-6.12323399573677E-17));
#9719=DIRECTION('',(6.12323399573677E-17,6.12323399573677E-17,-1.));
#9720=CARTESIAN_POINT('',(-13.6,-2.,31.));
#9721=CARTESIAN_POINT('',(-13.6,-2.,36.7724373827842));
#9722=CARTESIAN_POINT('',(-13.6,-2.,31.));
#9723=VECTOR('',#9724,1.);
#9724=DIRECTION('',(0.,-7.69327028430866E-17,1.));
#9725=CARTESIAN_POINT('',(-13.,-2.,36.7724373827842));
#9726=CARTESIAN_POINT('',(-13.6,-2.,36.7724373827842));
#9727=VECTOR('',#9728,1.);
#9728=DIRECTION('',(1.,0.,0.));
#9729=CARTESIAN_POINT('',(-13.,-2.,31.6));
#9730=CARTESIAN_POINT('',(-13.,-2.,36.7724373827842));
#9731=VECTOR('',#9732,1.);
#9732=DIRECTION('',(0.,8.58568556727542E-17,-1.));
#9733=CARTESIAN_POINT('',(-11.5,-2.,31.6));
#9734=CARTESIAN_POINT('',(-13.,-2.,31.6));
#9735=VECTOR('',#9736,1.);
#9736=DIRECTION('',(1.,0.,0.));
#9737=CARTESIAN_POINT('',(-9.5,-2.,29.6));
#9738=AXIS2_PLACEMENT_3D('',#9739,#9740,#9741);
#9739=CARTESIAN_POINT('',(-11.5,-2.,29.6));
#9740=DIRECTION('',(0.,-1.,-6.12323399573677E-17));
#9741=DIRECTION('',(1.,0.,0.));
#9742=CARTESIAN_POINT('',(-9.5,-2.,22.6));
#9743=CARTESIAN_POINT('',(-9.5,-2.,29.6));
#9744=VECTOR('',#9745,1.);
#9745=DIRECTION('',(0.,6.34413156928661E-17,-1.));
#9746=CARTESIAN_POINT('',(-11.5,-2.,20.6));
#9747=AXIS2_PLACEMENT_3D('',#9748,#9749,#9750);
#9748=CARTESIAN_POINT('',(-11.5,-2.,22.6));
#9749=DIRECTION('',(0.,-1.,-6.12323399573677E-17));
#9750=DIRECTION('',(0.,6.12323399573677E-17,-1.));
#9751=CARTESIAN_POINT('',(-18.5,-2.,20.6));
#9752=CARTESIAN_POINT('',(-11.5,-2.,20.6));
#9753=VECTOR('',#9754,1.);
#9754=DIRECTION('',(-1.,0.,-1.01506105108586E-15));
#9755=CARTESIAN_POINT('',(-20.5,-2.,22.6));
#9756=AXIS2_PLACEMENT_3D('',#9757,#9758,#9759);
#9757=CARTESIAN_POINT('',(-18.5,-2.,22.6));
#9758=DIRECTION('',(0.,-1.,-6.12323399573677E-17));
#9759=DIRECTION('',(-1.,0.,0.));
#9760=CARTESIAN_POINT('',(-20.5,-2.,29.6));
#9761=CARTESIAN_POINT('',(-20.5,-2.,22.6));
#9762=VECTOR('',#9763,1.);
#9763=DIRECTION('',(-5.07530525542929E-16,-6.34413156928662E-17,1.));
#9764=CARTESIAN_POINT('',(-18.5,-2.,31.6));
#9765=AXIS2_PLACEMENT_3D('',#9766,#9767,#9768);
#9766=CARTESIAN_POINT('',(-18.5,-2.,29.6));
#9767=DIRECTION('',(1.3684555315672E-48,-1.,-6.12323399573677E-17));
#9768=DIRECTION('',(8.37937343254633E-65,-6.12323399573677E-17,1.));
#9769=CARTESIAN_POINT('',(-17.,-2.,31.6));
#9770=CARTESIAN_POINT('',(-18.5,-2.,31.6));
#9771=VECTOR('',#9772,1.);
#9772=DIRECTION('',(1.,0.,0.));
#9773=CARTESIAN_POINT('',(-17.,-2.,36.7724373827842));
#9774=CARTESIAN_POINT('',(-17.,-2.,31.6));
#9775=VECTOR('',#9776,1.);
#9776=DIRECTION('',(0.,-8.58568556727542E-17,1.));
#9777=CARTESIAN_POINT('',(-16.4,-2.,36.7724373827842));
#9778=CARTESIAN_POINT('',(-17.,-2.,36.7724373827842));
#9779=VECTOR('',#9780,1.);
#9780=DIRECTION('',(1.,0.,0.));
#9781=CARTESIAN_POINT('',(-16.4,-2.,31.));
#9782=CARTESIAN_POINT('',(-16.4,-2.,36.7724373827842));
#9783=VECTOR('',#9784,1.);
#9784=DIRECTION('',(0.,7.69327028430867E-17,-1.));
#9785=CARTESIAN_POINT('',(-18.5,-2.,31.));
#9786=CARTESIAN_POINT('',(-16.4,-2.,31.));
#9787=VECTOR('',#9788,1.);
#9788=DIRECTION('',(-1.,0.,0.));
#9789=CARTESIAN_POINT('',(-19.9,-2.,29.6));
#9790=AXIS2_PLACEMENT_3D('',#9791,#9792,#9793);
#9791=CARTESIAN_POINT('',(-18.5,-2.,29.6));
#9792=DIRECTION('',(0.,1.,6.12323399573677E-17));
#9793=DIRECTION('',(-1.,0.,0.));
#9794=CARTESIAN_POINT('',(-19.9,-2.,22.6));
#9795=CARTESIAN_POINT('',(-19.9,-2.,29.6));
#9796=VECTOR('',#9797,1.);
#9797=DIRECTION('',(0.,6.34413156928662E-17,-1.));
#9798=CARTESIAN_POINT('',(-18.5,-2.,21.2));
#9799=AXIS2_PLACEMENT_3D('',#9800,#9801,#9802);
#9800=CARTESIAN_POINT('',(-18.5,-2.,22.6));
#9801=DIRECTION('',(0.,1.,6.12323399573676E-17));
#9802=DIRECTION('',(0.,6.12323399573676E-17,-1.));
#9803=CARTESIAN_POINT('',(-11.5,-2.,21.2));
#9804=CARTESIAN_POINT('',(-18.5,-2.,21.2));
#9805=VECTOR('',#9806,1.);
#9806=DIRECTION('',(1.,0.,5.07530525542929E-16));
#9807=CARTESIAN_POINT('',(-10.1,-2.,22.6));
#9808=AXIS2_PLACEMENT_3D('',#9809,#9810,#9811);
#9809=CARTESIAN_POINT('',(-11.5,-2.,22.6));
#9810=DIRECTION('',(0.,1.,6.12323399573676E-17));
#9811=DIRECTION('',(1.,0.,0.));
#9812=CARTESIAN_POINT('',(-10.1,-2.,29.6));
#9813=CARTESIAN_POINT('',(-10.1,-2.,22.6));
#9814=VECTOR('',#9815,1.);
#9815=DIRECTION('',(2.53765262771464E-16,-6.34413156928661E-17,1.));
#9816=CARTESIAN_POINT('',(-11.5,-2.,31.));
#9817=AXIS2_PLACEMENT_3D('',#9818,#9819,#9820);
#9818=CARTESIAN_POINT('',(-11.5,-2.,29.6));
#9819=DIRECTION('',(0.,1.,6.12323399573677E-17));
#9820=DIRECTION('',(-1.26882631385732E-15,-6.12323399573677E-17,1.));
#9821=CARTESIAN_POINT('',(-11.5,-2.,31.));
#9822=VECTOR('',#9823,1.);
#9823=DIRECTION('',(-1.,0.,1.69176841847643E-15));
#9824=CARTESIAN_POINT('',(16.4,-2.,31.));
#9825=CARTESIAN_POINT('',(16.4,-2.,36.7724373827842));
#9826=CARTESIAN_POINT('',(16.4,-2.,31.));
#9827=VECTOR('',#9828,1.);
#9828=DIRECTION('',(0.,-7.69327028430866E-17,1.));
#9829=CARTESIAN_POINT('',(17.,-2.,36.7724373827842));
#9830=CARTESIAN_POINT('',(16.4,-2.,36.7724373827842));
#9831=VECTOR('',#9832,1.);
#9832=DIRECTION('',(1.,0.,0.));
#9833=CARTESIAN_POINT('',(17.,-2.,31.6));
#9834=CARTESIAN_POINT('',(17.,-2.,36.7724373827842));
#9835=VECTOR('',#9836,1.);
#9836=DIRECTION('',(0.,8.58568556727542E-17,-1.));
#9837=CARTESIAN_POINT('',(18.5,-2.,31.6));
#9838=CARTESIAN_POINT('',(17.,-2.,31.6));
#9839=VECTOR('',#9840,1.);
#9840=DIRECTION('',(1.,0.,0.));
#9841=CARTESIAN_POINT('',(20.5,-2.,29.6));
#9842=AXIS2_PLACEMENT_3D('',#9843,#9844,#9845);
#9843=CARTESIAN_POINT('',(18.5,-2.,29.6));
#9844=DIRECTION('',(0.,-1.,-6.12323399573677E-17));
#9845=DIRECTION('',(1.,0.,0.));
#9846=CARTESIAN_POINT('',(20.5,-2.,22.6));
#9847=CARTESIAN_POINT('',(20.5,-2.,29.6));
#9848=VECTOR('',#9849,1.);
#9849=DIRECTION('',(5.07530525542929E-16,6.34413156928662E-17,-1.));
#9850=CARTESIAN_POINT('',(18.5,-2.,20.6));
#9851=AXIS2_PLACEMENT_3D('',#9852,#9853,#9854);
#9852=CARTESIAN_POINT('',(18.5,-2.,22.6));
#9853=DIRECTION('',(0.,-1.,-6.12323399573677E-17));
#9854=DIRECTION('',(0.,6.12323399573677E-17,-1.));
#9855=CARTESIAN_POINT('',(11.5,-2.,20.6));
#9856=CARTESIAN_POINT('',(18.5,-2.,20.6));
#9857=VECTOR('',#9858,1.);
#9858=DIRECTION('',(-1.,0.,-5.07530525542928E-16));
#9859=CARTESIAN_POINT('',(9.5,-2.,22.6));
#9860=AXIS2_PLACEMENT_3D('',#9861,#9862,#9863);
#9861=CARTESIAN_POINT('',(11.5,-2.,22.6));
#9862=DIRECTION('',(0.,-1.,-6.12323399573677E-17));
#9863=DIRECTION('',(-1.,0.,0.));
#9864=CARTESIAN_POINT('',(9.5,-2.,29.6));
#9865=CARTESIAN_POINT('',(9.5,-2.,22.6));
#9866=VECTOR('',#9867,1.);
#9867=DIRECTION('',(0.,-6.34413156928661E-17,1.));
#9868=CARTESIAN_POINT('',(11.5,-2.,31.6));
#9869=AXIS2_PLACEMENT_3D('',#9870,#9871,#9872);
#9870=CARTESIAN_POINT('',(11.5,-2.,29.6));
#9871=DIRECTION('',(1.3684555315672E-48,-1.,-6.12323399573677E-17));
#9872=DIRECTION('',(8.37937343254633E-65,-6.12323399573677E-17,1.));
#9873=CARTESIAN_POINT('',(13.,-2.,31.6));
#9874=CARTESIAN_POINT('',(11.5,-2.,31.6));
#9875=VECTOR('',#9876,1.);
#9876=DIRECTION('',(1.,0.,0.));
#9877=CARTESIAN_POINT('',(13.,-2.,36.7724373827842));
#9878=CARTESIAN_POINT('',(13.,-2.,31.6));
#9879=VECTOR('',#9880,1.);
#9880=DIRECTION('',(3.43427422691017E-16,-8.58568556727542E-17,1.));
#9881=CARTESIAN_POINT('',(13.6,-2.,36.7724373827842));
#9882=CARTESIAN_POINT('',(13.,-2.,36.7724373827842));
#9883=VECTOR('',#9884,1.);
#9884=DIRECTION('',(1.,0.,0.));
#9885=CARTESIAN_POINT('',(13.6,-2.,31.));
#9886=CARTESIAN_POINT('',(13.6,-2.,36.7724373827842));
#9887=VECTOR('',#9888,1.);
#9888=DIRECTION('',(0.,7.69327028430866E-17,-1.));
#9889=CARTESIAN_POINT('',(11.5,-2.,31.));
#9890=CARTESIAN_POINT('',(13.6,-2.,31.));
#9891=VECTOR('',#9892,1.);
#9892=DIRECTION('',(-1.,0.,0.));
#9893=CARTESIAN_POINT('',(10.1,-2.,29.6));
#9894=AXIS2_PLACEMENT_3D('',#9895,#9896,#9897);
#9895=CARTESIAN_POINT('',(11.5,-2.,29.6));
#9896=DIRECTION('',(0.,1.,6.12323399573677E-17));
#9897=DIRECTION('',(-1.,0.,0.));
#9898=CARTESIAN_POINT('',(10.1,-2.,22.6));
#9899=CARTESIAN_POINT('',(10.1,-2.,29.6));
#9900=VECTOR('',#9901,1.);
#9901=DIRECTION('',(-2.53765262771464E-16,6.34413156928661E-17,-1.));
#9902=CARTESIAN_POINT('',(11.5,-2.,21.2));
#9903=AXIS2_PLACEMENT_3D('',#9904,#9905,#9906);
#9904=CARTESIAN_POINT('',(11.5,-2.,22.6));
#9905=DIRECTION('',(0.,1.,6.12323399573676E-17));
#9906=DIRECTION('',(0.,6.12323399573676E-17,-1.));
#9907=CARTESIAN_POINT('',(18.5,-2.,21.2));
#9908=CARTESIAN_POINT('',(11.5,-2.,21.2));
#9909=VECTOR('',#9910,1.);
#9910=DIRECTION('',(1.,0.,5.07530525542929E-16));
#9911=CARTESIAN_POINT('',(19.9,-2.,22.6));
#9912=AXIS2_PLACEMENT_3D('',#9913,#9914,#9915);
#9913=CARTESIAN_POINT('',(18.5,-2.,22.6));
#9914=DIRECTION('',(0.,1.,6.12323399573676E-17));
#9915=DIRECTION('',(1.,0.,0.));
#9916=CARTESIAN_POINT('',(19.9,-2.,29.6));
#9917=CARTESIAN_POINT('',(19.9,-2.,22.6));
#9918=VECTOR('',#9919,1.);
#9919=DIRECTION('',(0.,-6.34413156928662E-17,1.));
#9920=CARTESIAN_POINT('',(18.5,-2.,31.));
#9921=AXIS2_PLACEMENT_3D('',#9922,#9923,#9924);
#9922=CARTESIAN_POINT('',(18.5,-2.,29.6));
#9923=DIRECTION('',(0.,1.,6.12323399573677E-17));
#9924=DIRECTION('',(0.,-6.12323399573677E-17,1.));
#9925=CARTESIAN_POINT('',(18.5,-2.,31.));
#9926=VECTOR('',#9927,1.);
#9927=DIRECTION('',(-1.,0.,1.69176841847643E-15));
#9928=CARTESIAN_POINT('',(15.,-2.,21.7602540378444));
#9929=AXIS2_PLACEMENT_3D('',#9930,#9931,#9932);
#9930=CARTESIAN_POINT('',(15.,-2.,26.1));
#9931=DIRECTION('',(0.,-1.,-6.12323399573677E-17));
#9932=DIRECTION('',(6.12323399573677E-17,6.12323399573677E-17,-1.));
#9933=CARTESIAN_POINT('',(-15.,-2.,21.7602540378444));
#9934=AXIS2_PLACEMENT_3D('',#9935,#9936,#9937);
#9935=CARTESIAN_POINT('',(-15.,-2.,26.1));
#9936=DIRECTION('',(0.,-1.,-6.12323399573677E-17));
#9937=DIRECTION('',(6.12323399573677E-17,6.12323399573677E-17,-1.));
#9938=CARTESIAN_POINT('',(32.9,2.20842615130005E-15,-39.3));
#9939=CARTESIAN_POINT('',(32.9,-2.,-39.3));
#9940=VECTOR('',#9941,1.);
#9941=DIRECTION('',(0.,1.,0.));
#9942=AXIS2_PLACEMENT_3D('',#9943,#9944,#9945);
#9943=CARTESIAN_POINT('',(32.9,1.89207930468266E-15,-30.9));
#9944=DIRECTION('',(0.,1.,6.12323399573677E-17));
#9945=DIRECTION('',(1.,0.,0.));
#9946=CARTESIAN_POINT('',(-32.9,2.20842615130005E-15,-39.3));
#9947=CARTESIAN_POINT('',(32.9,2.42446080724995E-15,-39.3));
#9948=VECTOR('',#9949,1.);
#9949=DIRECTION('',(-1.,0.,1.07985218200623E-16));
#9950=CARTESIAN_POINT('',(-41.3,1.88894586280273E-15,-30.9));
#9951=AXIS2_PLACEMENT_3D('',#9952,#9953,#9954);
#9952=CARTESIAN_POINT('',(-32.9,1.89207930468266E-15,-30.9));
#9953=DIRECTION('',(0.,1.,6.12323399573677E-17));
#9954=DIRECTION('',(0.,6.12323399573677E-17,-1.));
#9955=CARTESIAN_POINT('',(-41.3,-1.99996816526524E-15,30.8999999999999));
#9956=CARTESIAN_POINT('',(-41.3,1.94524037450397E-15,-30.9));
#9957=VECTOR('',#9958,1.);
#9958=DIRECTION('',(-1.1497455271199E-16,-6.29527629289311E-17,1.));
#9959=CARTESIAN_POINT('',(-32.9,-2.35645588791673E-15,39.3));
#9960=AXIS2_PLACEMENT_3D('',#9961,#9962,#9963);
#9961=CARTESIAN_POINT('',(-32.9,-1.89207930468266E-15,30.9));
#9962=DIRECTION('',(0.,1.,6.12323399573677E-17));
#9963=DIRECTION('',(-1.,2.58977347323217E-31,-4.22942104619107E-15));
#9964=CARTESIAN_POINT('',(32.9,-2.31944845376256E-15,39.3));
#9965=CARTESIAN_POINT('',(-32.9,-2.53548310971246E-15,39.3));
#9966=VECTOR('',#9967,1.);
#9967=DIRECTION('',(1.,1.68726903438473E-18,1.07985218200623E-16));
#9968=AXIS2_PLACEMENT_3D('',#9969,#9970,#9971);
#9969=CARTESIAN_POINT('',(32.9,-1.89207930468266E-15,30.9));
#9970=DIRECTION('',(0.,1.,6.12323399573677E-17));
#9971=DIRECTION('',(4.22942104619107E-15,-6.12323399573677E-17,1.));
#9972=CARTESIAN_POINT('',(-11.5,2.22273394045245E-15,-36.3));
#9973=CARTESIAN_POINT('',(-9.5,2.10026926053771E-15,-34.3));
#9974=AXIS2_PLACEMENT_3D('',#9975,#9976,#9977);
#9975=CARTESIAN_POINT('',(-11.5,2.10026926053771E-15,-34.3));
#9976=DIRECTION('',(0.,1.,6.12323399573677E-17));
#9977=DIRECTION('',(1.,-4.35081943503005E-31,7.105427357601E-15));
#9978=CARTESIAN_POINT('',(-9.50000000000002,-2.2655965784226E-16,3.7));
#9979=CARTESIAN_POINT('',(-9.50000000000002,-2.24302131383646E-16,3.7));
#9980=VECTOR('',#9981,1.);
#9981=DIRECTION('',(5.60954791389553E-16,6.12933851328E-17,-1.));
#9982=CARTESIAN_POINT('',(-11.4999999999996,-3.49024337756997E-16,5.70000000000002));
#9983=AXIS2_PLACEMENT_3D('',#9984,#9985,#9986);
#9984=CARTESIAN_POINT('',(-11.5,-2.26559657842261E-16,3.7));
#9985=DIRECTION('',(0.,1.,6.12323399573677E-17));
#9986=DIRECTION('',(1.95399252334028E-13,-6.12323399573677E-17,1.));
#9987=CARTESIAN_POINT('',(-18.5,-3.49024337756995E-16,5.69999999999999));
#9988=CARTESIAN_POINT('',(-18.5,-3.41045622572271E-16,5.69999999999999));
#9989=VECTOR('',#9990,1.);
#9990=DIRECTION('',(1.,-1.97215226305242E-31,6.21724893790054E-15));
#9991=CARTESIAN_POINT('',(-20.4999999999999,-2.2655965784226E-16,3.7));
#9992=AXIS2_PLACEMENT_3D('',#9993,#9994,#9995);
#9993=CARTESIAN_POINT('',(-18.4999999999999,-2.2655965784226E-16,3.69999999999999));
#9994=DIRECTION('',(0.,1.,6.12323399573677E-17));
#9995=DIRECTION('',(-1.,-3.39907768361723E-31,5.55111512312578E-15));
#9996=CARTESIAN_POINT('',(-20.5,2.10026926053771E-15,-34.3));
#9997=CARTESIAN_POINT('',(-20.5,2.10484650366275E-15,-34.3));
#9998=VECTOR('',#9999,1.);
#9999=DIRECTION('',(1.49587944370547E-15,-6.12933851328E-17,1.));
#10000=CARTESIAN_POINT('',(-18.5,2.22273394045245E-15,-36.3));
#10001=AXIS2_PLACEMENT_3D('',#10002,#10003,#10004);
#10002=CARTESIAN_POINT('',(-18.5,2.10026926053771E-15,-34.3));
#10003=DIRECTION('',(0.,1.,6.12323399573677E-17));
#10004=DIRECTION('',(0.,6.12323399573677E-17,-1.));
#10005=CARTESIAN_POINT('',(-11.5,2.22158999485138E-15,-36.3));
#10006=VECTOR('',#10007,1.);
#10007=DIRECTION('',(-1.,-1.12694415031573E-31,4.06024420434343E-15));
#10008=CARTESIAN_POINT('',(-26.5,2.22273394045245E-15,-36.3));
#10009=CARTESIAN_POINT('',(-24.5,2.10026926053771E-15,-34.3));
#10010=AXIS2_PLACEMENT_3D('',#10011,#10012,#10013);
#10011=CARTESIAN_POINT('',(-26.5,2.10026926053771E-15,-34.3));
#10012=DIRECTION('',(0.,1.,6.12323399573677E-17));
#10013=DIRECTION('',(1.,-4.35081943503005E-31,7.105427357601E-15));
#10014=CARTESIAN_POINT('',(-24.5,-2.2655965784226E-16,3.7));
#10015=CARTESIAN_POINT('',(-24.5,-2.24302131383646E-16,3.7));
#10016=VECTOR('',#10017,1.);
#10017=DIRECTION('',(5.60954791389553E-16,6.12933851328E-17,-1.));
#10018=CARTESIAN_POINT('',(-26.4999999999996,-3.49024337756997E-16,5.70000000000002));
#10019=AXIS2_PLACEMENT_3D('',#10020,#10021,#10022);
#10020=CARTESIAN_POINT('',(-26.5,-2.26559657842261E-16,3.7));
#10021=DIRECTION('',(0.,1.,6.12323399573677E-17));
#10022=DIRECTION('',(1.95399252334028E-13,-6.12323399573677E-17,1.));
#10023=CARTESIAN_POINT('',(-33.5,-3.49024337756995E-16,5.69999999999999));
#10024=CARTESIAN_POINT('',(-33.5,-3.41045622572271E-16,5.69999999999999));
#10025=VECTOR('',#10026,1.);
#10026=DIRECTION('',(1.,-1.90171825365769E-31,6.21724893790054E-15));
#10027=CARTESIAN_POINT('',(-35.4999999999999,-2.2655965784226E-16,3.7));
#10028=AXIS2_PLACEMENT_3D('',#10029,#10030,#10031);
#10029=CARTESIAN_POINT('',(-33.4999999999999,-2.2655965784226E-16,3.69999999999999));
#10030=DIRECTION('',(0.,1.,6.12323399573677E-17));
#10031=DIRECTION('',(-1.,-3.39907768361723E-31,5.55111512312578E-15));
#10032=CARTESIAN_POINT('',(-35.5,2.10026926053771E-15,-34.3));
#10033=CARTESIAN_POINT('',(-35.5,2.10484650366275E-15,-34.3));
#10034=VECTOR('',#10035,1.);
#10035=DIRECTION('',(1.49587944370547E-15,-6.12933851328E-17,1.));
#10036=CARTESIAN_POINT('',(-33.5,2.22273394045245E-15,-36.3));
#10037=AXIS2_PLACEMENT_3D('',#10038,#10039,#10040);
#10038=CARTESIAN_POINT('',(-33.5,2.10026926053771E-15,-34.3));
#10039=DIRECTION('',(0.,1.,6.12323399573677E-17));
#10040=DIRECTION('',(0.,6.12323399573677E-17,-1.));
#10041=CARTESIAN_POINT('',(-26.5,2.22158999485138E-15,-36.3));
#10042=VECTOR('',#10043,1.);
#10043=DIRECTION('',(-1.,-1.12694415031573E-31,4.06024420434343E-15));
#10044=CARTESIAN_POINT('',(18.5,3.85763741731417E-16,-36.3));
#10045=CARTESIAN_POINT('',(20.5,2.63299061816681E-16,-34.3));
#10046=AXIS2_PLACEMENT_3D('',#10047,#10048,#10049);
#10047=CARTESIAN_POINT('',(18.5,2.10026926053771E-15,-34.3));
#10048=DIRECTION('',(0.,1.,6.12323399573677E-17));
#10049=DIRECTION('',(1.,-4.35081943503005E-31,7.105427357601E-15));
#10050=CARTESIAN_POINT('',(20.5,-2.06352985656329E-15,3.69999999999999));
#10051=CARTESIAN_POINT('',(20.5,-2.24302131383646E-16,3.69999999999999));
#10052=VECTOR('',#10053,1.);
#10053=DIRECTION('',(5.60954791389553E-16,6.12933851328E-17,-1.));
#10054=CARTESIAN_POINT('',(18.5000000000004,-2.18599453647803E-15,5.70000000000001));
#10055=AXIS2_PLACEMENT_3D('',#10056,#10057,#10058);
#10056=CARTESIAN_POINT('',(18.5,-2.2655965784226E-16,3.7));
#10057=DIRECTION('',(0.,1.,6.12323399573677E-17));
#10058=DIRECTION('',(1.95399252334028E-13,-6.12323399573677E-17,1.));
#10059=CARTESIAN_POINT('',(11.5,-2.18599453647802E-15,5.69999999999999));
#10060=CARTESIAN_POINT('',(11.5,-3.41045622572271E-16,5.69999999999998));
#10061=VECTOR('',#10062,1.);
#10062=DIRECTION('',(1.,-1.90171825365769E-31,6.21724893790054E-15));
#10063=CARTESIAN_POINT('',(9.50000000000005,-2.06352985656329E-15,3.7));
#10064=AXIS2_PLACEMENT_3D('',#10065,#10066,#10067);
#10065=CARTESIAN_POINT('',(11.5000000000001,-2.2655965784226E-16,3.69999999999999));
#10066=DIRECTION('',(0.,1.,6.12323399573677E-17));
#10067=DIRECTION('',(-1.,-3.39907768361723E-31,5.55111512312578E-15));
#10068=CARTESIAN_POINT('',(9.5,2.63299061816681E-16,-34.3));
#10069=CARTESIAN_POINT('',(9.5,2.10484650366275E-15,-34.3));
#10070=VECTOR('',#10071,1.);
#10071=DIRECTION('',(1.49587944370547E-15,-6.12933851328E-17,1.));
#10072=CARTESIAN_POINT('',(11.5,3.85763741731415E-16,-36.3));
#10073=AXIS2_PLACEMENT_3D('',#10074,#10075,#10076);
#10074=CARTESIAN_POINT('',(11.5,2.10026926053771E-15,-34.3));
#10075=DIRECTION('',(0.,1.,6.12323399573677E-17));
#10076=DIRECTION('',(0.,6.12323399573677E-17,-1.));
#10077=CARTESIAN_POINT('',(18.5,2.22158999485138E-15,-36.3));
#10078=VECTOR('',#10079,1.);
#10079=DIRECTION('',(-1.,-1.12694415031573E-31,4.06024420434343E-15));
#10080=CARTESIAN_POINT('',(33.5,-1.45120645698961E-15,-36.3));
#10081=CARTESIAN_POINT('',(35.5,-1.57367113690435E-15,-34.3));
#10082=AXIS2_PLACEMENT_3D('',#10083,#10084,#10085);
#10083=CARTESIAN_POINT('',(33.5,2.10026926053771E-15,-34.3));
#10084=DIRECTION('',(0.,1.,6.12323399573677E-17));
#10085=DIRECTION('',(1.,-4.35081943503005E-31,7.105427357601E-15));
#10086=CARTESIAN_POINT('',(35.5,-3.90050005528432E-15,3.69999999999999));
#10087=CARTESIAN_POINT('',(35.5,-2.24302131383646E-16,3.69999999999999));
#10088=VECTOR('',#10089,1.);
#10089=DIRECTION('',(5.60954791389553E-16,6.12933851328E-17,-1.));
#10090=CARTESIAN_POINT('',(33.5000000000004,-4.02296473519906E-15,5.70000000000001));
#10091=AXIS2_PLACEMENT_3D('',#10092,#10093,#10094);
#10092=CARTESIAN_POINT('',(33.5,-2.2655965784226E-16,3.7));
#10093=DIRECTION('',(0.,1.,6.12323399573677E-17));
#10094=DIRECTION('',(1.95399252334028E-13,-6.12323399573677E-17,1.));
#10095=CARTESIAN_POINT('',(26.5,-4.02296473519905E-15,5.69999999999999));
#10096=CARTESIAN_POINT('',(26.5,-3.41045622572271E-16,5.69999999999998));
#10097=VECTOR('',#10098,1.);
#10098=DIRECTION('',(1.,-1.90171825365769E-31,6.21724893790054E-15));
#10099=CARTESIAN_POINT('',(24.5000000000001,-3.90050005528432E-15,3.7));
#10100=AXIS2_PLACEMENT_3D('',#10101,#10102,#10103);
#10101=CARTESIAN_POINT('',(26.5000000000001,-2.2655965784226E-16,3.69999999999999));
#10102=DIRECTION('',(0.,1.,6.12323399573677E-17));
#10103=DIRECTION('',(-1.,-3.39907768361723E-31,5.55111512312578E-15));
#10104=CARTESIAN_POINT('',(24.5,-1.57367113690435E-15,-34.3));
#10105=CARTESIAN_POINT('',(24.5,2.10484650366275E-15,-34.3));
#10106=VECTOR('',#10107,1.);
#10107=DIRECTION('',(1.49587944370547E-15,-6.12933851328E-17,1.));
#10108=CARTESIAN_POINT('',(26.5,-1.45120645698961E-15,-36.3));
#10109=AXIS2_PLACEMENT_3D('',#10110,#10111,#10112);
#10110=CARTESIAN_POINT('',(26.5,2.10026926053771E-15,-34.3));
#10111=DIRECTION('',(0.,1.,6.12323399573677E-17));
#10112=DIRECTION('',(0.,6.12323399573677E-17,-1.));
#10113=CARTESIAN_POINT('',(33.5,2.22158999485138E-15,-36.3));
#10114=VECTOR('',#10115,1.);
#10115=DIRECTION('',(-1.,-1.6904162254736E-31,4.06024420434343E-15));
#10116=CARTESIAN_POINT('',(-28.1841171552633,-1.62180495418701E-15,26.4860848910262));
#10117=CARTESIAN_POINT('',(-31.9046549232499,-1.62180495418701E-15,26.4860848910262));
#10118=CARTESIAN_POINT('',(-31.9046549232499,-1.64356974556237E-15,26.4860848910262));
#10119=VECTOR('',#10120,1.);
#10120=DIRECTION('',(1.,0.,9.54892518326218E-16));
#10121=CARTESIAN_POINT('',(-30.9314843579031,-1.67673666192242E-15,27.3831877581328));
#10122=CARTESIAN_POINT('',(-30.9314843579031,-1.67103559943008E-15,27.3831877581328));
#10123=VECTOR('',#10124,1.);
#10124=DIRECTION('',(-0.735258320322802,2.07512416631731E-17,-0.677786988954563));
#10125=CARTESIAN_POINT('',(-31.5162135245698,-1.71106771322117E-15,27.9438563741395));
#10126=CARTESIAN_POINT('',(-31.5162135245698,-1.68820112507945E-15,27.9438563741395));
#10127=VECTOR('',#10128,1.);
#10128=DIRECTION('',(0.721801231901642,2.11894638856304E-17,-0.692100412964241));
#10129=CARTESIAN_POINT('',(-33.1221516743498,-1.62131385958116E-15,26.4780647074728));
#10130=CARTESIAN_POINT('',(-33.1221516743498,-1.64332419825945E-15,26.4780647074728));
#10131=VECTOR('',#10132,1.);
#10132=DIRECTION('',(0.738599917088641,-4.61702875266444E-17,0.674144022058086));
#10133=CARTESIAN_POINT('',(-33.1221516743498,-1.55142401923295E-15,25.3366769963897));
#10134=CARTESIAN_POINT('',(-33.1221516743498,-1.55286812685409E-15,25.3366769963897));
#10135=VECTOR('',#10136,1.);
#10136=DIRECTION('',(0.,-7.92509596231069E-17,1.));
#10137=CARTESIAN_POINT('',(-28.1841171552633,-1.55142401923295E-15,25.3366769963897));
#10138=CARTESIAN_POINT('',(-28.1841171552633,-1.55286812685409E-15,25.3366769963897));
#10139=VECTOR('',#10140,1.);
#10140=DIRECTION('',(-1.,3.99380007456361E-32,-1.43891812220775E-15));
#10141=CARTESIAN_POINT('',(-28.1841171552633,-1.47049721122976E-15,24.0150419247995));
#10142=CARTESIAN_POINT('',(-28.1841171552633,-1.45689357162123E-15,24.0150419247995));
#10143=VECTOR('',#10144,1.);
#10144=DIRECTION('',(0.,-7.26180450987688E-17,1.));
#10145=CARTESIAN_POINT('',(-27.1428163513036,-1.47049721122976E-15,24.0150419247995));
#10146=CARTESIAN_POINT('',(-27.1428163513036,-1.45689357162123E-15,24.0150419247995));
#10147=VECTOR('',#10148,1.);
#10148=DIRECTION('',(-1.,0.,0.));
#10149=CARTESIAN_POINT('',(-27.1428163513036,-1.70272923073648E-15,27.8076786208398));
#10150=CARTESIAN_POINT('',(-27.1428163513036,-1.68403188383711E-15,27.8076786208398));
#10151=VECTOR('',#10152,1.);
#10152=DIRECTION('',(0.,5.98892882234208E-17,-1.));
#10153=CARTESIAN_POINT('',(-28.1841171552633,-1.70272923073648E-15,27.8076786208398));
#10154=CARTESIAN_POINT('',(-28.1841171552633,-1.68403188383711E-15,27.8076786208398));
#10155=VECTOR('',#10156,1.);
#10156=DIRECTION('',(1.,0.,0.));
#10157=CARTESIAN_POINT('',(-28.1841171552633,-1.64356974556237E-15,26.4860848910262));
#10158=VECTOR('',#10159,1.);
#10159=DIRECTION('',(0.,-3.06161699786838E-17,1.));
#10160=CARTESIAN_POINT('',(-17.8887513496734,-1.71278401165188E-15,27.9718856546131));
#10161=CARTESIAN_POINT('',(-18.0369386872284,-1.68482833014125E-15,27.5153347285812));
#10162=CARTESIAN_POINT('',(-18.0369386872284,-1.68482833014125E-15,27.5153347285812));
#10163=CARTESIAN_POINT('',(-17.9768493434299,-1.69807142757807E-15,27.7316109225996));
#10164=CARTESIAN_POINT('',(-17.8887513496734,-1.71278401165188E-15,27.9718856546131));
#10165=CARTESIAN_POINT('',(-18.1290674234635,-1.66128743470376E-15,27.130882730603));
#10166=CARTESIAN_POINT('',(-18.1290674234635,-1.66128743470376E-15,27.130882730603));
#10167=CARTESIAN_POINT('',(-18.0970280310269,-1.6715852302323E-15,27.2990584941899));
#10168=CARTESIAN_POINT('',(-18.0369386872284,-1.68482833014125E-15,27.5153347285812));
#10169=CARTESIAN_POINT('',(-18.2091452336667,-1.61224126787747E-15,26.3298980408062));
#10170=CARTESIAN_POINT('',(-18.2091452336667,-1.61224126787747E-15,26.3298980408062));
#10171=CARTESIAN_POINT('',(-18.2091452336667,-1.63602644365497E-15,26.7183394394863));
#10172=CARTESIAN_POINT('',(-18.1290674234635,-1.66128743470376E-15,27.130882730603));
#10173=CARTESIAN_POINT('',(-18.1030225078968,-1.56233568487291E-15,25.5148780196979));
#10174=CARTESIAN_POINT('',(-18.1030225078968,-1.56233568487291E-15,25.5148780196979));
#10175=CARTESIAN_POINT('',(-18.2091452336667,-1.58550952446483E-15,25.8933355408062));
#10176=CARTESIAN_POINT('',(-18.2091452336667,-1.61224126787747E-15,26.3298980408062));
#10177=CARTESIAN_POINT('',(-17.7686139634803,-1.52175077109262E-15,24.8520760786231));
#10178=CARTESIAN_POINT('',(-17.7686139634803,-1.52175077109262E-15,24.8520760786231));
#10179=CARTESIAN_POINT('',(-17.9968997821268,-1.53916184528098E-15,25.1364204985896));
#10180=CARTESIAN_POINT('',(-18.1030225078968,-1.56233568487291E-15,25.5148780196979));
#10181=CARTESIAN_POINT('',(-17.2599731659421,-1.49735046194897E-15,24.4535887897063));
#10182=CARTESIAN_POINT('',(-17.2599731659421,-1.49735046194897E-15,24.4535887897063));
#10183=CARTESIAN_POINT('',(-17.5603372821268,-1.50605599780709E-15,24.5957609795031));
#10184=CARTESIAN_POINT('',(-17.7686139634803,-1.52175077109262E-15,24.8520760786231));
#10185=CARTESIAN_POINT('',(-16.5430970288271,-1.48864492609085E-15,24.3114165999095));
#10186=CARTESIAN_POINT('',(-16.5430970288271,-1.48864492609085E-15,24.3114165999095));
#10187=CARTESIAN_POINT('',(-16.9596090901302,-1.48864492609085E-15,24.3114165999095));
#10188=CARTESIAN_POINT('',(-17.2599731659421,-1.49735046194897E-15,24.4535887897063));
#10189=CARTESIAN_POINT('',(-15.8982991892502,-1.49600121689169E-15,24.4315539457298));
#10190=CARTESIAN_POINT('',(-15.8982991892502,-1.49600121689169E-15,24.4315539457298));
#10191=CARTESIAN_POINT('',(-16.2146830016533,-1.48864492609085E-15,24.3114165999095));
#10192=CARTESIAN_POINT('',(-16.5430970288271,-1.48864492609085E-15,24.3114165999095));
#10193=CARTESIAN_POINT('',(-15.2134831154602,-1.5207685818809E-15,24.8360357115165));
#10194=CARTESIAN_POINT('',(-15.2134831154602,-1.5207685818809E-15,24.8360357115165));
#10195=CARTESIAN_POINT('',(-15.5418558412301,-1.50507380859538E-15,24.5797206123964));
#10196=CARTESIAN_POINT('',(-15.8982991892502,-1.49600121689169E-15,24.4315539457298));
#10197=CARTESIAN_POINT('',(-14.7569114781671,-1.54578276113596E-15,25.2445482601546));
#10198=CARTESIAN_POINT('',(-14.7569114781671,-1.54578276113596E-15,25.2445482601546));
#10199=CARTESIAN_POINT('',(-15.0372458265433,-1.52935261043245E-15,24.9762235364065));
#10200=CARTESIAN_POINT('',(-15.2134831154602,-1.5207685818809E-15,24.8360357115165));
#10201=CARTESIAN_POINT('',(-13.9879661808069,-1.59213170604668E-15,26.0014839732596));
#10202=CARTESIAN_POINT('',(-13.9879661808069,-1.59213170604668E-15,26.0014839732596));
#10203=CARTESIAN_POINT('',(-14.4765771701638,-1.56221290936735E-15,25.5128729435299));
#10204=CARTESIAN_POINT('',(-14.7569114781671,-1.54578276113596E-15,25.2445482601546));
#10205=CARTESIAN_POINT('',(-13.5534293874904,-1.6203329360963E-15,26.4620450112545));
#10206=CARTESIAN_POINT('',(-13.5534293874904,-1.6203329360963E-15,26.4620450112545));
#10207=CARTESIAN_POINT('',(-13.6915915056969,-1.61003387236878E-15,26.2938485364065));
#10208=CARTESIAN_POINT('',(-13.9879661808069,-1.59213170604668E-15,26.0014839732596));
#10209=CARTESIAN_POINT('',(-13.3431683412301,-1.63700863286668E-15,26.7343798065929));
#10210=CARTESIAN_POINT('',(-13.3431683412301,-1.63700863286668E-15,26.7343798065929));
#10211=CARTESIAN_POINT('',(-13.4152673096566,-1.63063199735171E-15,26.6302414457298));
#10212=CARTESIAN_POINT('',(-13.5534293874904,-1.6203329360963E-15,26.4620450112545));
#10213=CARTESIAN_POINT('',(-13.1629622821268,-1.64975936997079E-15,26.9426151461697));
#10214=CARTESIAN_POINT('',(-13.1629622821268,-1.64975936997079E-15,26.9426151461697));
#10215=CARTESIAN_POINT('',(-13.2710693728036,-1.64338526590954E-15,26.8385181270832));
#10216=CARTESIAN_POINT('',(-13.3431683412301,-1.63700863286668E-15,26.7343798065929));
#10217=CARTESIAN_POINT('',(-13.1629622821268,-1.48815383148499E-15,24.3033964163561));
#10218=CARTESIAN_POINT('',(-13.1629622821268,-1.46572188174885E-15,24.3033964163561));
#10219=VECTOR('',#10220,1.);
#10220=DIRECTION('',(6.73061622113344E-16,-7.26825213607678E-17,1.));
#10221=CARTESIAN_POINT('',(-12.1216614781671,-1.48815383148499E-15,24.3033964163561));
#10222=CARTESIAN_POINT('',(-12.1216614781671,-1.46572188174885E-15,24.3033964163561));
#10223=VECTOR('',#10224,1.);
#10224=DIRECTION('',(-1.,0.,0.));
#10225=CARTESIAN_POINT('',(-12.1216614781671,-1.72063139953071E-15,28.1000432243595));
#10226=CARTESIAN_POINT('',(-12.1216614781671,-1.69298296823422E-15,28.1000432243595));
#10227=VECTOR('',#10228,1.);
#10228=DIRECTION('',(0.,5.98583692342163E-17,-1.));
#10229=CARTESIAN_POINT('',(-12.98672499321,-1.72063139953071E-15,28.1000432243595));
#10230=CARTESIAN_POINT('',(-12.98672499321,-1.69298296823422E-15,28.1000432243595));
#10231=VECTOR('',#10232,1.);
#10232=DIRECTION('',(1.,0.,0.));
#10233=CARTESIAN_POINT('',(-13.2350199087767,-1.7145003100826E-15,27.9999149350866));
#10234=CARTESIAN_POINT('',(-13.2350199087767,-1.7145003100826E-15,27.9999149350866));
#10235=CARTESIAN_POINT('',(-13.1229027061369,-1.72063139953071E-15,28.1000432243595));
#10236=CARTESIAN_POINT('',(-12.98672499321,-1.72063139953071E-15,28.1000432243595));
#10237=CARTESIAN_POINT('',(-13.8117288918901,-1.68139446508083E-15,27.4592554563729));
#10238=CARTESIAN_POINT('',(-13.8117288918901,-1.67336450100928E-15,27.4592554563729));
#10239=VECTOR('',#10240,1.);
#10240=DIRECTION('',(0.729540481863491,-2.09395508153037E-17,0.68393763262624));
#10241=CARTESIAN_POINT('',(-14.568664604995,-1.63823383669154E-15,26.7543889035131));
#10242=CARTESIAN_POINT('',(-14.568664604995,-1.63823383669154E-15,26.7543889035131));
#10243=CARTESIAN_POINT('',(-14.2923196976936,-1.65417415851606E-15,27.0147141145963));
#10244=CARTESIAN_POINT('',(-13.8117288918901,-1.68139446508083E-15,27.4592554563729));
#10245=CARTESIAN_POINT('',(-15.0092165056969,-1.61322092563546E-15,26.3458970661362));
#10246=CARTESIAN_POINT('',(-15.0092165056969,-1.61322092563546E-15,26.3458970661362));
#10247=CARTESIAN_POINT('',(-14.8450094719236,-1.62229351733915E-15,26.4940637328028));
#10248=CARTESIAN_POINT('',(-14.568664604995,-1.63823383669154E-15,26.7543889035131));
#10249=CARTESIAN_POINT('',(-15.30960129277,-1.59654649211982E-15,26.0735829013133));
#10250=CARTESIAN_POINT('',(-15.30960129277,-1.59654649211982E-15,26.0735829013133));
#10251=CARTESIAN_POINT('',(-15.1734235394702,-1.60414833393178E-15,26.1977303994695));
#10252=CARTESIAN_POINT('',(-15.0092165056969,-1.61322092563546E-15,26.3458970661362));
#10253=CARTESIAN_POINT('',(-15.6239593581168,-1.58085045310744E-15,25.8172471313049));
#10254=CARTESIAN_POINT('',(-15.6239593581168,-1.58085045310744E-15,25.8172471313049));
#10255=CARTESIAN_POINT('',(-15.48178716832,-1.58747137143454E-15,25.9253749332428));
#10256=CARTESIAN_POINT('',(-15.30960129277,-1.59654649211982E-15,26.0735829013133));
#10257=CARTESIAN_POINT('',(-15.9143395563569,-1.57006029724618E-15,25.6410305132764));
#10258=CARTESIAN_POINT('',(-15.9143395563569,-1.57006029724618E-15,25.6410305132764));
#10259=CARTESIAN_POINT('',(-15.7661315479136,-1.57422953725246E-15,25.7091193697398));
#10260=CARTESIAN_POINT('',(-15.6239593581168,-1.58085045310744E-15,25.8172471313049));
#10261=CARTESIAN_POINT('',(-16.4549990754434,-1.56196736330048E-15,25.5088628719397));
#10262=CARTESIAN_POINT('',(-16.4549990754434,-1.56196736330048E-15,25.5088628719397));
#10263=CARTESIAN_POINT('',(-16.1826436092167,-1.56196736330048E-15,25.5088628719397));
#10264=CARTESIAN_POINT('',(-15.9143395563569,-1.57006029724618E-15,25.6410305132764));
#10265=CARTESIAN_POINT('',(-17.0597373390303,-1.57692676164015E-15,25.7531683868045));
#10266=CARTESIAN_POINT('',(-17.0597373390303,-1.57692676164015E-15,25.7531683868045));
#10267=CARTESIAN_POINT('',(-16.8394717039371,-1.56196736330048E-15,25.5088628719397));
#10268=CARTESIAN_POINT('',(-16.4549990754434,-1.56196736330048E-15,25.5088628719397));
#10269=CARTESIAN_POINT('',(-17.2800029741235,-1.61886091800559E-15,26.4380051314829));
#10270=CARTESIAN_POINT('',(-17.2800029741235,-1.61886091800559E-15,26.4380051314829));
#10271=CARTESIAN_POINT('',(-17.2800029741235,-1.59188615750769E-15,25.9974738612965));
#10272=CARTESIAN_POINT('',(-17.0597373390303,-1.57692676164015E-15,25.7531683868045));
#10273=CARTESIAN_POINT('',(-17.1558555163401,-1.66226709246175E-15,27.146881755933));
#10274=CARTESIAN_POINT('',(-17.1558555163401,-1.66226709246175E-15,27.146881755933));
#10275=CARTESIAN_POINT('',(-17.2800029741235,-1.63921602590326E-15,26.7704292706198));
#10276=CARTESIAN_POINT('',(-17.2800029741235,-1.61886091800559E-15,26.4380051314829));
#10277=CARTESIAN_POINT('',(-17.0016737019152,-1.68691295014439E-15,27.5493791568129));
#10278=CARTESIAN_POINT('',(-17.0016737019152,-1.68691295014439E-15,27.5493791568129));
#10279=CARTESIAN_POINT('',(-17.0917767314669,-1.67428372034685E-15,27.3431281821429));
#10280=CARTESIAN_POINT('',(-17.1558555163401,-1.66226709246175E-15,27.146881755933));
#10281=CARTESIAN_POINT('',(-16.7873818728036,-1.71278401165188E-15,27.9718856546131));
#10282=CARTESIAN_POINT('',(-16.7873818728036,-1.71278401165188E-15,27.9718856546131));
#10283=CARTESIAN_POINT('',(-16.9115706723636,-1.69954217994192E-15,27.7556301314829));
#10284=CARTESIAN_POINT('',(-17.0016737019152,-1.68691295014439E-15,27.5493791568129));
#10285=CARTESIAN_POINT('',(-17.8887513496734,-1.68905927429481E-15,27.9718856546131));
#10286=VECTOR('',#10287,1.);
#10287=DIRECTION('',(1.,0.,0.));
#10288=CARTESIAN_POINT('',(0.279610732842386,-1.58587784356514E-15,25.8993506481916));
#10289=CARTESIAN_POINT('',(0.213526912174041,-1.61420311484718E-15,26.3619374332428));
#10290=CARTESIAN_POINT('',(0.213526912174041,-1.61420311484718E-15,26.3619374332428));
#10291=CARTESIAN_POINT('',(0.213526912174041,-1.59801724448367E-15,26.0976021101966));
#10292=CARTESIAN_POINT('',(0.279610732842386,-1.58587784356514E-15,25.8993506481916));
#10293=CARTESIAN_POINT('',(0.213526912174041,-1.65294895221908E-15,26.9947049773032));
#10294=CARTESIAN_POINT('',(0.213526912174041,-1.65914174457841E-15,26.9947049773032));
#10295=VECTOR('',#10296,1.);
#10296=DIRECTION('',(8.77275576984349E-17,3.06161699786838E-17,-1.));
#10297=CARTESIAN_POINT('',(-0.827732550009017,-1.65294895221908E-15,26.9947049773032));
#10298=CARTESIAN_POINT('',(-0.827732550009017,-1.65914174457841E-15,26.9947049773032));
#10299=VECTOR('',#10300,1.);
#10300=DIRECTION('',(1.,0.,0.));
#10301=CARTESIAN_POINT('',(-0.827732550009017,-1.61420311484718E-15,26.3619374332428));
#10302=CARTESIAN_POINT('',(-0.827732550009017,-1.63976882589246E-15,26.3619374332428));
#10303=VECTOR('',#10304,1.);
#10304=DIRECTION('',(1.7545511539687E-16,-3.06161699786838E-17,1.));
#10305=CARTESIAN_POINT('',(-1.00396983892588,-1.57226769028275E-15,25.6770799773032));
#10306=CARTESIAN_POINT('',(-1.00396983892588,-1.57226769028275E-15,25.6770799773032));
#10307=CARTESIAN_POINT('',(-0.827732550009016,-1.58747137143454E-15,25.9253749332428));
#10308=CARTESIAN_POINT('',(-0.827732550009017,-1.61420311484718E-15,26.3619374332428));
#10309=CARTESIAN_POINT('',(-1.49654959846913,-1.55755257475522E-15,25.4367639035131));
#10310=CARTESIAN_POINT('',(-1.49654959846913,-1.55755257475522E-15,25.4367639035131));
#10311=CARTESIAN_POINT('',(-1.17615571447584,-1.55755257475522E-15,25.4367639035131));
#10312=CARTESIAN_POINT('',(-1.00396983892588,-1.57226769028275E-15,25.6770799773032));
#10313=CARTESIAN_POINT('',(-2.01318990867233,-1.57226769028275E-15,25.6770799773032));
#10314=CARTESIAN_POINT('',(-2.01318990867233,-1.57226769028275E-15,25.6770799773032));
#10315=CARTESIAN_POINT('',(-1.82897373760597,-1.55755257475522E-15,25.4367639035131));
#10316=CARTESIAN_POINT('',(-1.49654959846913,-1.55755257475522E-15,25.4367639035131));
#10317=CARTESIAN_POINT('',(-2.19740603936585,-1.61469167552719E-15,26.3699162346466));
#10318=CARTESIAN_POINT('',(-2.19740603936585,-1.61469167552719E-15,26.3699162346466));
#10319=CARTESIAN_POINT('',(-2.19740603936585,-1.58649171367655E-15,25.9093759079128));
#10320=CARTESIAN_POINT('',(-2.01318990867233,-1.57226769028275E-15,25.6770799773032));
#10321=CARTESIAN_POINT('',(-2.17739694244563,-1.63541384174254E-15,26.7083348910262));
#10322=CARTESIAN_POINT('',(-2.17739694244563,-1.63541384174254E-15,26.7083348910262));
#10323=CARTESIAN_POINT('',(-2.19740603936585,-1.62425536183673E-15,26.5261030848666));
#10324=CARTESIAN_POINT('',(-2.19740603936585,-1.61469167552719E-15,26.3699162346466));
#10325=CARTESIAN_POINT('',(-2.11331815757241,-1.65834339852234E-15,27.0828029710597));
#10326=CARTESIAN_POINT('',(-2.11331815757241,-1.65834339852234E-15,27.0828029710597));
#10327=CARTESIAN_POINT('',(-2.15738780515258,-1.64657231917622E-15,26.8905666568129));
#10328=CARTESIAN_POINT('',(-2.17739694244563,-1.63541384174254E-15,26.7083348910262));
#10329=CARTESIAN_POINT('',(-2.0111848728772,-1.68188555968669E-15,27.4672756399262));
#10330=CARTESIAN_POINT('',(-2.0111848728772,-1.68188555968669E-15,27.4672756399262));
#10331=CARTESIAN_POINT('',(-2.07325858158248,-1.66937783719573E-15,27.263009030163));
#10332=CARTESIAN_POINT('',(-2.11331815757241,-1.65834339852234E-15,27.0828029710597));
#10333=CARTESIAN_POINT('',(-1.8690333135959,-1.70714401928175E-15,27.8797775892663));
#10334=CARTESIAN_POINT('',(-1.8690333135959,-1.70714401928175E-15,27.8797775892663));
#10335=CARTESIAN_POINT('',(-1.9491111237991,-1.69439328217765E-15,27.6715422496895));
#10336=CARTESIAN_POINT('',(-2.0111848728772,-1.68188555968669E-15,27.4672756399262));
#10337=CARTESIAN_POINT('',(-2.94233216821557,-1.70714401928175E-15,27.8797775892663));
#10338=CARTESIAN_POINT('',(-2.94233216821557,-1.68623927810974E-15,27.8797775892663));
#10339=VECTOR('',#10340,1.);
#10340=DIRECTION('',(1.,0.,0.));
#10341=CARTESIAN_POINT('',(-3.13456848246241,-1.65736374076435E-15,27.0668039457298));
#10342=CARTESIAN_POINT('',(-3.13456848246241,-1.65736374076435E-15,27.0668039457298));
#10343=CARTESIAN_POINT('',(-3.06647962599895,-1.6816400111477E-15,27.4632655279632));
#10344=CARTESIAN_POINT('',(-2.94233216821557,-1.70714401928175E-15,27.8797775892663));
#10345=CARTESIAN_POINT('',(-3.19864726733564,-1.61052243552091E-15,26.3018273781832));
#10346=CARTESIAN_POINT('',(-3.19864726733564,-1.61052243552091E-15,26.3018273781832));
#10347=CARTESIAN_POINT('',(-3.19864726733564,-1.63308493892727E-15,26.6703010217197));
#10348=CARTESIAN_POINT('',(-3.13456848246241,-1.65736374076435E-15,27.0668039457298));
#10349=CARTESIAN_POINT('',(-2.78614531799559,-1.5200344726619E-15,24.8240467981496));
#10350=CARTESIAN_POINT('',(-2.78614531799559,-1.5200344726619E-15,24.8240467981496));
#10351=CARTESIAN_POINT('',(-3.19864726733564,-1.55191258238509E-15,25.3446558381664));
#10352=CARTESIAN_POINT('',(-3.19864726733564,-1.61052243552091E-15,26.3018273781832));
#10353=CARTESIAN_POINT('',(-1.64872637709887,-1.48766273687913E-15,24.2953762328028));
#10354=CARTESIAN_POINT('',(-1.64872637709887,-1.48766273687913E-15,24.2953762328028));
#10355=CARTESIAN_POINT('',(-2.37364336865554,-1.48766273687913E-15,24.2953762328028));
#10356=CARTESIAN_POINT('',(-2.78614531799559,-1.5200344726619E-15,24.8240467981496));
#10357=CARTESIAN_POINT('',(-1.17615571447584,-1.49195474991885E-15,24.3654701250614));
#10358=CARTESIAN_POINT('',(-1.17615571447584,-1.49195474991885E-15,24.3654701250614));
#10359=CARTESIAN_POINT('',(-1.39241123760597,-1.48766273687913E-15,24.2953762328028));
#10360=CARTESIAN_POINT('',(-1.64872637709887,-1.48766273687913E-15,24.2953762328028));
#10361=CARTESIAN_POINT('',(-0.779694132242428,-1.50630154634608E-15,24.5997710914661));
#10362=CARTESIAN_POINT('',(-0.779694132242428,-1.50630154634608E-15,24.5997710914661));
#10363=CARTESIAN_POINT('',(-0.959900191345706,-1.49624676543068E-15,24.4355640576928));
#10364=CARTESIAN_POINT('',(-1.17615571447584,-1.49195474991885E-15,24.3654701250614));
#10365=CARTESIAN_POINT('',(-0.335111448689111,-1.55951442172492E-15,25.4688032959497));
#10366=CARTESIAN_POINT('',(-0.335111448689111,-1.55951442172492E-15,25.4688032959497));
#10367=CARTESIAN_POINT('',(-0.439249809552263,-1.52493782188718E-15,24.90412456798));
#10368=CARTESIAN_POINT('',(-0.779694132242428,-1.50630154634608E-15,24.5997710914661));
#10369=CARTESIAN_POINT('',(0.173508677960771,-1.49967936229211E-15,24.4916226186399));
#10370=CARTESIAN_POINT('',(0.173508677960771,-1.49967936229211E-15,24.4916226186399));
#10371=CARTESIAN_POINT('',(-0.2229942460493,-1.52027748727504E-15,24.8280155279632));
#10372=CARTESIAN_POINT('',(-0.335111448689111,-1.55951442172492E-15,25.4688032959497));
#10373=CARTESIAN_POINT('',(1.23080846687763,-1.47907870832758E-15,24.1551884079128));
#10374=CARTESIAN_POINT('',(1.23080846687763,-1.47907870832758E-15,24.1551884079128));
#10375=CARTESIAN_POINT('',(0.56596014823111,-1.47907870832758E-15,24.1551884079128));
#10376=CARTESIAN_POINT('',(0.173508677960771,-1.49967936229211E-15,24.4916226186399));
#10377=CARTESIAN_POINT('',(2.54640776019418,-1.5129211964742E-15,24.7078781821429));
#10378=CARTESIAN_POINT('',(2.54640776019418,-1.5129211964742E-15,24.7078781821429));
#10379=CARTESIAN_POINT('',(2.08785175799434,-1.47907870832758E-15,24.1551884079128));
#10380=CARTESIAN_POINT('',(1.23080846687763,-1.47907870832758E-15,24.1551884079128));
#10381=CARTESIAN_POINT('',(3.00496376239403,-1.61272983102961E-15,26.3378768825828));
#10382=CARTESIAN_POINT('',(3.00496376239403,-1.61272983102961E-15,26.3378768825828));
#10383=CARTESIAN_POINT('',(3.00496376239403,-1.54676368462082E-15,25.2605679563729));
#10384=CARTESIAN_POINT('',(2.54640776019418,-1.5129211964742E-15,24.7078781821429));
#10385=CARTESIAN_POINT('',(2.9869596608961,-1.63946157444225E-15,26.7744393825828));
#10386=CARTESIAN_POINT('',(2.9869596608961,-1.63946157444225E-15,26.7744393825828));
#10387=CARTESIAN_POINT('',(3.00496376239403,-1.6257286456543E-15,26.5501636355266));
#10388=CARTESIAN_POINT('',(3.00496376239403,-1.61272983102961E-15,26.3378768825828));
#10389=CARTESIAN_POINT('',(2.92889602378107,-1.66668188100702E-15,27.2189807243595));
#10390=CARTESIAN_POINT('',(2.92889602378107,-1.66668188100702E-15,27.2189807243595));
#10391=CARTESIAN_POINT('',(2.968955599771,-1.65319450075807E-15,26.9987150892663));
#10392=CARTESIAN_POINT('',(2.9869596608961,-1.63946157444225E-15,26.7744393825828));
#10393=CARTESIAN_POINT('',(2.8387723233411,-1.69218462094209E-15,27.6354720744015));
#10394=CARTESIAN_POINT('',(2.8387723233411,-1.69218462094209E-15,27.6354720744015));
#10395=CARTESIAN_POINT('',(2.89284655975421,-1.67918706957213E-15,27.4232059519732));
#10396=CARTESIAN_POINT('',(2.92889602378107,-1.66668188100702E-15,27.2189807243595));
#10397=CARTESIAN_POINT('',(2.70863042906069,-1.71818098940887E-15,28.0600249901462));
#10398=CARTESIAN_POINT('',(2.70863042906069,-1.71818098940887E-15,28.0600249901462));
#10399=CARTESIAN_POINT('',(2.78469812730082,-1.70518217231205E-15,27.8477381968297));
#10400=CARTESIAN_POINT('',(2.8387723233411,-1.69218462094209E-15,27.6354720744015));
#10401=CARTESIAN_POINT('',(1.61127102378107,-1.71818098940887E-15,28.0600249901462));
#10402=CARTESIAN_POINT('',(1.61127102378107,-1.6917577631733E-15,28.0600249901462));
#10403=VECTOR('',#10404,1.);
#10404=DIRECTION('',(1.,0.,0.));
#10405=CARTESIAN_POINT('',(1.8956154437475,-1.66839817943773E-15,27.247010004833));
#10406=CARTESIAN_POINT('',(1.8956154437475,-1.66839817943773E-15,27.247010004833));
#10407=CARTESIAN_POINT('',(1.80350737840074,-1.69512739139665E-15,27.6835311630564));
#10408=CARTESIAN_POINT('',(1.61127102378107,-1.71818098940887E-15,28.0600249901462));
#10409=CARTESIAN_POINT('',(1.97170381287596,-1.64093232680609E-15,26.7984585914661));
#10410=CARTESIAN_POINT('',(1.97170381287596,-1.64093232680609E-15,26.7984585914661));
#10411=CARTESIAN_POINT('',(1.94766393310433,-1.65441970458292E-15,27.0187241861865));
#10412=CARTESIAN_POINT('',(1.8956154437475,-1.66839817943773E-15,27.247010004833));
#10413=CARTESIAN_POINT('',(1.99574369264758,-1.61616495934476E-15,26.3939767853066));
#10414=CARTESIAN_POINT('',(1.99574369264758,-1.61616495934476E-15,26.3939767853066));
#10415=CARTESIAN_POINT('',(1.99574369264758,-1.62744494655714E-15,26.5781929563729));
#10416=CARTESIAN_POINT('',(1.97170381287596,-1.64093232680609E-15,26.7984585914661));
#10417=CARTESIAN_POINT('',(1.94367453240242,-1.58722708862241E-15,25.9213854921681));
#10418=CARTESIAN_POINT('',(1.94367453240242,-1.58722708862241E-15,25.9213854921681));
#10419=CARTESIAN_POINT('',(1.99574369264758,-1.59997909145338E-15,26.1296415026332));
#10420=CARTESIAN_POINT('',(1.99574369264758,-1.61616495934476E-15,26.3939767853066));
#10421=CARTESIAN_POINT('',(1.77547805755437,-1.56539996263404E-15,25.5649214732596));
#10422=CARTESIAN_POINT('',(1.77547805755437,-1.56539996263404E-15,25.5649214732596));
#10423=CARTESIAN_POINT('',(1.89160533178443,-1.57447508579145E-15,25.7131294817029));
#10424=CARTESIAN_POINT('',(1.94367453240242,-1.58722708862241E-15,25.9213854921681));
#10425=CARTESIAN_POINT('',(1.14667924330753,-1.54847998305153E-15,25.2885972368465));
#10426=CARTESIAN_POINT('',(1.14667924330753,-1.54847998305153E-15,25.2885972368465));
#10427=CARTESIAN_POINT('',(1.55120235087092,-1.54847998305153E-15,25.2885972368465));
#10428=CARTESIAN_POINT('',(1.77547805755437,-1.56539996263404E-15,25.5649214732596));
#10429=CARTESIAN_POINT('',(0.461863169517446,-1.56564550870091E-15,25.5689315448498));
#10430=CARTESIAN_POINT('',(0.461863169517446,-1.56564550870091E-15,25.5689315448498));
#10431=CARTESIAN_POINT('',(0.718178268637509,-1.54847998305153E-15,25.2885972368465));
#10432=CARTESIAN_POINT('',(1.14667924330753,-1.54847998305153E-15,25.2885972368465));
#10433=CARTESIAN_POINT('',(0.279610732842386,-1.58587784356514E-15,25.8993506481916));
#10434=CARTESIAN_POINT('',(0.345694553510731,-1.5737384426466E-15,25.7010991861865));
#10435=CARTESIAN_POINT('',(0.461863169517446,-1.56564550870091E-15,25.5689315448498));
#10436=CARTESIAN_POINT('',(16.5575597704096,-1.57864432579772E-15,25.7812183381664));
#10437=CARTESIAN_POINT('',(16.5575597704096,-1.72382098177899E-15,28.152133055493));
#10438=CARTESIAN_POINT('',(16.5575597704096,-1.75008891058962E-15,28.152133055493));
#10439=VECTOR('',#10440,1.);
#10440=DIRECTION('',(0.,7.74429502298526E-17,-1.));
#10441=CARTESIAN_POINT('',(15.4121619877362,-1.72382098177899E-15,28.152133055493));
#10442=CARTESIAN_POINT('',(15.4121619877362,-1.75008891058962E-15,28.152133055493));
#10443=VECTOR('',#10444,1.);
#10444=DIRECTION('',(1.,0.,0.));
#10445=CARTESIAN_POINT('',(11.8678201668898,-1.58501842985898E-15,25.8853153572529));
#10446=CARTESIAN_POINT('',(11.8678201668898,-1.5696653321671E-15,25.8853153572529));
#10447=VECTOR('',#10448,1.);
#10448=DIRECTION('',(0.842439824241931,-2.96899138197441E-17,0.53879044398655));
#10449=CARTESIAN_POINT('',(11.8678201668898,-1.50924304860165E-15,24.6478094688599));
#10450=CARTESIAN_POINT('',(11.8678201668898,-1.53177764153844E-15,24.6478094688599));
#10451=VECTOR('',#10452,1.);
#10452=DIRECTION('',(0.,-3.06161699786838E-17,1.));
#10453=CARTESIAN_POINT('',(15.5443296290729,-1.50924304860165E-15,24.6478094688599));
#10454=CARTESIAN_POINT('',(15.5443296290729,-1.53177764153844E-15,24.6478094688599));
#10455=VECTOR('',#10456,1.);
#10456=DIRECTION('',(-1.,0.,0.));
#10457=CARTESIAN_POINT('',(15.5443296290729,-1.46902645886591E-15,23.9910227159162));
#10458=CARTESIAN_POINT('',(15.5443296290729,-1.45615819543931E-15,23.9910227159162));
#10459=VECTOR('',#10460,1.);
#10460=DIRECTION('',(0.,-1.15135461792133E-16,1.));
#10461=CARTESIAN_POINT('',(16.5575597704096,-1.46902645886591E-15,23.9910227159162));
#10462=CARTESIAN_POINT('',(16.5575597704096,-1.45615819543931E-15,23.9910227159162));
#10463=VECTOR('',#10464,1.);
#10464=DIRECTION('',(-1.,0.,0.));
#10465=CARTESIAN_POINT('',(16.5575597704096,-1.50924304860165E-15,24.6478094688599));
#10466=CARTESIAN_POINT('',(16.5575597704096,-1.53177764153844E-15,24.6478094688599));
#10467=VECTOR('',#10468,1.);
#10468=DIRECTION('',(0.,1.15135461792133E-16,-1.));
#10469=CARTESIAN_POINT('',(17.847155489936,-1.50924304860165E-15,24.6478094688599));
#10470=CARTESIAN_POINT('',(17.847155489936,-1.53177764153844E-15,24.6478094688599));
#10471=VECTOR('',#10472,1.);
#10472=DIRECTION('',(-1.,0.,0.));
#10473=CARTESIAN_POINT('',(17.847155489936,-1.57864432579772E-15,25.7812183381664));
#10474=CARTESIAN_POINT('',(17.847155489936,-1.56647828013647E-15,25.7812183381664));
#10475=VECTOR('',#10476,1.);
#10476=DIRECTION('',(0.,3.06161699786839E-17,-1.));
#10477=CARTESIAN_POINT('',(16.5575597704096,-1.56647828013647E-15,25.7812183381664));
#10478=VECTOR('',#10479,1.);
#10479=DIRECTION('',(1.,0.,0.));
#10480=CARTESIAN_POINT('',(33.0771797189927,-1.61812680631447E-15,26.4260161777432));
#10481=CARTESIAN_POINT('',(33.0611600227744,-1.6406867782671E-15,26.7944484795031));
#10482=CARTESIAN_POINT('',(33.0611600227744,-1.6406867782671E-15,26.7944484795031));
#10483=CARTESIAN_POINT('',(33.0771797189927,-1.628670150382E-15,26.5982020532932));
#10484=CARTESIAN_POINT('',(33.0771797189927,-1.61812680631447E-15,26.4260161777432));
#10485=CARTESIAN_POINT('',(33.0131009341195,-1.66472003403731E-15,27.1869413319229));
#10486=CARTESIAN_POINT('',(33.0131009341195,-1.66472003403731E-15,27.1869413319229));
#10487=CARTESIAN_POINT('',(33.0451403265561,-1.65270340615221E-15,26.990694905713));
#10488=CARTESIAN_POINT('',(33.0611600227744,-1.6406867782671E-15,26.7944484795031));
#10489=CARTESIAN_POINT('',(32.9309974172328,-1.68936589171995E-15,27.5894387328028));
#10490=CARTESIAN_POINT('',(32.9309974172328,-1.68936589171995E-15,27.5894387328028));
#10491=CARTESIAN_POINT('',(32.9810615416828,-1.67698220798928E-15,27.387197829723));
#10492=CARTESIAN_POINT('',(33.0131009341195,-1.66472003403731E-15,27.1869413319229));
#10493=CARTESIAN_POINT('',(32.8208645794998,-1.7137662008636E-15,27.9879260217197));
#10494=CARTESIAN_POINT('',(32.8208645794998,-1.7137662008636E-15,27.9879260217197));
#10495=CARTESIAN_POINT('',(32.8809332927828,-1.70174957297849E-15,27.7916795955098));
#10496=CARTESIAN_POINT('',(32.9309974172328,-1.68936589171995E-15,27.5894387328028));
#10497=CARTESIAN_POINT('',(31.7555859488063,-1.7137662008636E-15,27.9879260217197));
#10498=CARTESIAN_POINT('',(31.7555859488063,-1.68955036890067E-15,27.9879260217197));
#10499=VECTOR('',#10500,1.);
#10500=DIRECTION('',(1.,0.,0.));
#10501=CARTESIAN_POINT('',(31.8997425438827,-1.69291999836008E-15,27.6474816990295));
#10502=CARTESIAN_POINT('',(31.8997425438827,-1.69291999836008E-15,27.6474816990295));
#10503=CARTESIAN_POINT('',(31.8436839425628,-1.70272923073648E-15,27.8076786208398));
#10504=CARTESIAN_POINT('',(31.7555859488063,-1.7137662008636E-15,27.9879260217197));
#10505=CARTESIAN_POINT('',(31.9998707927828,-1.67183077877129E-15,27.3030686061529));
#10506=CARTESIAN_POINT('',(31.9998707927828,-1.67183077877129E-15,27.3030686061529));
#10507=CARTESIAN_POINT('',(31.9558011048298,-1.68311076351155E-15,27.4872847368465));
#10508=CARTESIAN_POINT('',(31.8997425438827,-1.69291999836008E-15,27.6474816990295));
#10509=CARTESIAN_POINT('',(32.0839586745762,-1.62916124498786E-15,26.6062222368465));
#10510=CARTESIAN_POINT('',(32.0839586745762,-1.62916124498786E-15,26.6062222368465));
#10511=CARTESIAN_POINT('',(32.0839586745762,-1.65123265378836E-15,26.9666756968297));
#10512=CARTESIAN_POINT('',(31.9998707927828,-1.67183077877129E-15,27.3030686061529));
#10513=CARTESIAN_POINT('',(31.8156546217164,-1.5707969379189E-15,25.6530607684199));
#10514=CARTESIAN_POINT('',(31.8156546217164,-1.5707969379189E-15,25.6530607684199));
#10515=CARTESIAN_POINT('',(32.0839586745762,-1.59016985907697E-15,25.969444580823));
#10516=CARTESIAN_POINT('',(32.0839586745762,-1.62916124498786E-15,26.6062222368465));
#10517=CARTESIAN_POINT('',(31.058698278096,-1.55093292462709E-15,25.3286568128364));
#10518=CARTESIAN_POINT('',(31.058698278096,-1.55093292462709E-15,25.3286568128364));
#10519=CARTESIAN_POINT('',(31.5432991554897,-1.55093292462709E-15,25.3286568128364));
#10520=CARTESIAN_POINT('',(31.8156546217164,-1.5707969379189E-15,25.6530607684199));
#10521=CARTESIAN_POINT('',(30.2797483919028,-1.57018307027961E-15,25.6430355490715));
#10522=CARTESIAN_POINT('',(30.2797483919028,-1.57018307027961E-15,25.6430355490715));
#10523=CARTESIAN_POINT('',(30.5500781514461,-1.55093292462709E-15,25.3286568128364));
#10524=CARTESIAN_POINT('',(31.058698278096,-1.55093292462709E-15,25.3286568128364));
#10525=CARTESIAN_POINT('',(30.0094186323596,-1.62425536183673E-15,26.5261030848666));
#10526=CARTESIAN_POINT('',(30.0094186323596,-1.62425536183673E-15,26.5261030848666));
#10527=CARTESIAN_POINT('',(30.0094186323596,-1.58943321593212E-15,25.9574142853066));
#10528=CARTESIAN_POINT('',(30.2797483919028,-1.57018307027961E-15,25.6430355490715));
#10529=CARTESIAN_POINT('',(30.027443364373,-1.64252585220338E-15,26.8244828361446));
#10530=CARTESIAN_POINT('',(30.027443364373,-1.64252585220338E-15,26.8244828361446));
#10531=CARTESIAN_POINT('',(30.0094186323596,-1.63283939038828E-15,26.6662909097566));
#10532=CARTESIAN_POINT('',(30.0094186323596,-1.62425536183673E-15,26.5261030848666));
#10533=CARTESIAN_POINT('',(30.0855276723764,-1.66202154392276E-15,27.1428716439699));
#10534=CARTESIAN_POINT('',(30.0855276723764,-1.66202154392276E-15,27.1428716439699));
#10535=CARTESIAN_POINT('',(30.0454680963864,-1.65221231154635E-15,26.9826747221597));
#10536=CARTESIAN_POINT('',(30.027443364373,-1.64252585220338E-15,26.8244828361446));
#10537=CARTESIAN_POINT('',(30.1896246914629,-1.68249816159912E-15,27.4772801883864));
#10538=CARTESIAN_POINT('',(30.1896246914629,-1.68249816159912E-15,27.4772801883864));
#10539=CARTESIAN_POINT('',(30.1255459065896,-1.67207632483816E-15,27.3070786777432));
#10540=CARTESIAN_POINT('',(30.0855276723764,-1.66202154392276E-15,27.1428716439699));
#10541=CARTESIAN_POINT('',(30.3217923327996,-1.70150402691163E-15,27.7876695239195));
#10542=CARTESIAN_POINT('',(30.3217923327996,-1.70150402691163E-15,27.7876695239195));
#10543=CARTESIAN_POINT('',(30.2537034763361,-1.69291999836008E-15,27.6474816990295));
#10544=CARTESIAN_POINT('',(30.1896246914629,-1.68249816159912E-15,27.4772801883864));
#10545=CARTESIAN_POINT('',(26.9817171217164,-1.70150402691163E-15,27.7876695239195));
#10546=CARTESIAN_POINT('',(26.9817171217164,-1.68341928192468E-15,27.7876695239195));
#10547=VECTOR('',#10548,1.);
#10548=DIRECTION('',(1.,-5.90451453460831E-32,1.06366277831463E-15));
#10549=CARTESIAN_POINT('',(26.9817171217164,-1.50262086701981E-15,24.5396610364065));
#10550=CARTESIAN_POINT('',(26.9817171217164,-1.52846655074752E-15,24.5396610364065));
#10551=VECTOR('',#10552,1.);
#10552=DIRECTION('',(0.,-4.77069970022801E-17,1.));
#10553=CARTESIAN_POINT('',(28.0229765838995,-1.50262086701981E-15,24.5396610364065));
#10554=CARTESIAN_POINT('',(28.0229765838995,-1.52846655074752E-15,24.5396610364065));
#10555=VECTOR('',#10556,1.);
#10556=DIRECTION('',(-1.,0.,0.));
#10557=CARTESIAN_POINT('',(28.0229765838995,-1.64289417130368E-15,26.8304979435299));
#10558=CARTESIAN_POINT('',(28.0229765838995,-1.65411435412071E-15,26.8304979435299));
#10559=VECTOR('',#10560,1.);
#10560=DIRECTION('',(0.,5.48479915713272E-17,-1.));
#10561=CARTESIAN_POINT('',(29.132324902546,-1.64289417130368E-15,26.8304979435299));
#10562=CARTESIAN_POINT('',(29.132324902546,-1.65411435412071E-15,26.8304979435299));
#10563=VECTOR('',#10564,1.);
#10564=DIRECTION('',(-1.,0.,-3.20252315623918E-15));
#10565=CARTESIAN_POINT('',(29.0903015921648,-1.63504678589698E-15,26.7023404141563));
#10566=CARTESIAN_POINT('',(29.0903015921648,-1.63504678589698E-15,26.7023404141563));
#10567=CARTESIAN_POINT('',(29.116325877216,-1.64044123220024E-15,26.7904384079128));
#10568=CARTESIAN_POINT('',(29.132324902546,-1.64289417130368E-15,26.8304979435299));
#10569=CARTESIAN_POINT('',(29.0482369803797,-1.62401234722359E-15,26.522134355053));
#10570=CARTESIAN_POINT('',(29.0482369803797,-1.62401234722359E-15,26.522134355053));
#10571=CARTESIAN_POINT('',(29.0642773474864,-1.62965233959372E-15,26.6142424203998));
#10572=CARTESIAN_POINT('',(29.0903015921648,-1.63504678589698E-15,26.7023404141563));
#10573=CARTESIAN_POINT('',(29.0302122483663,-1.61346647170233E-15,26.3499071377264));
#10574=CARTESIAN_POINT('',(29.0302122483663,-1.61346647170233E-15,26.3499071377264));
#10575=CARTESIAN_POINT('',(29.0362067252362,-1.61959755867832E-15,26.4500353866265));
#10576=CARTESIAN_POINT('',(29.0482369803797,-1.62401234722359E-15,26.522134355053));
#10577=CARTESIAN_POINT('',(29.0242177714964,-1.60218648696208E-15,26.1656910070329));
#10578=CARTESIAN_POINT('',(29.0242177714964,-1.60218648696208E-15,26.1656910070329));
#10579=CARTESIAN_POINT('',(29.0242177714964,-1.60733538472635E-15,26.2497788888263));
#10580=CARTESIAN_POINT('',(29.0302122483663,-1.61346647170233E-15,26.3499071377264));
#10581=CARTESIAN_POINT('',(29.1663900016661,-1.5533846004758E-15,25.368695717938));
#10582=CARTESIAN_POINT('',(29.1663900016661,-1.5533846004758E-15,25.368695717938));
#10583=CARTESIAN_POINT('',(29.0242177714964,-1.57619138422216E-15,25.7411587621764));
#10584=CARTESIAN_POINT('',(29.0242177714964,-1.60218648696208E-15,26.1656910070329));
#10585=CARTESIAN_POINT('',(29.5808763159129,-1.51414893175278E-15,24.7279286208398));
#10586=CARTESIAN_POINT('',(29.5808763159129,-1.51414893175278E-15,24.7279286208398));
#10587=CARTESIAN_POINT('',(29.3085621914629,-1.53057781672943E-15,24.9962326736995));
#10588=CARTESIAN_POINT('',(29.1663900016661,-1.5533846004758E-15,25.368695717938));
#10589=CARTESIAN_POINT('',(30.2176746428247,-1.48938030103671E-15,24.3234261841647));
#10590=CARTESIAN_POINT('',(30.2176746428247,-1.48938030103671E-15,24.3234261841647));
#10591=CARTESIAN_POINT('',(29.8452115985863,-1.49820860992827E-15,24.4676034097566));
#10592=CARTESIAN_POINT('',(29.5808763159129,-1.51414893175278E-15,24.7279286208398));
#10593=CARTESIAN_POINT('',(31.0507194363193,-1.48055198967303E-15,24.1792489181999));
#10594=CARTESIAN_POINT('',(31.0507194363193,-1.48055198967303E-15,24.1792489181999));
#10595=CARTESIAN_POINT('',(30.590137727436,-1.48055198967303E-15,24.1792489181999));
#10596=CARTESIAN_POINT('',(30.2176746428247,-1.48938030103671E-15,24.3234261841647));
#10597=CARTESIAN_POINT('',(32.5345151641111,-1.51672338063492E-15,24.7699725617365));
#10598=CARTESIAN_POINT('',(32.5345151641111,-1.51672338063492E-15,24.7699725617365));
#10599=CARTESIAN_POINT('',(31.9918506092295,-1.48055198967303E-15,24.1792489181999));
#10600=CARTESIAN_POINT('',(31.0507194363193,-1.48055198967303E-15,24.1792489181999));
#10601=CARTESIAN_POINT('',(33.0771797189927,-1.61812680631447E-15,26.4260161777432));
#10602=CARTESIAN_POINT('',(33.0771797189927,-1.5528947715968E-15,25.360696205273));
#10603=CARTESIAN_POINT('',(32.5345151641111,-1.51672338063492E-15,24.7699725617365));
#10604=CARTESIAN_POINT('',(1.4,3.07740813131709E-15,36.7724373827842));
#10605=CARTESIAN_POINT('',(1.4,3.43086797952235E-15,31.));
#10606=CARTESIAN_POINT('',(1.4,-1.8982025386784E-15,31.));
#10607=VECTOR('',#10608,1.);
#10608=DIRECTION('',(0.,-6.12323399573676E-17,1.));
#10609=CARTESIAN_POINT('',(3.5,3.43086797952235E-15,31.));
#10610=CARTESIAN_POINT('',(3.5,-1.8982025386784E-15,31.));
#10611=VECTOR('',#10612,1.);
#10612=DIRECTION('',(-1.,-1.87824025052622E-31,3.38353683695287E-15));
#10613=CARTESIAN_POINT('',(4.9,3.51659325546267E-15,29.6));
#10614=AXIS2_PLACEMENT_3D('',#10615,#10616,#10617);
#10615=CARTESIAN_POINT('',(3.5,-1.81247726273808E-15,29.6));
#10616=DIRECTION('',(0.,1.,6.12323399573677E-17));
#10617=DIRECTION('',(-6.3441315692866E-16,-6.12323399573677E-17,1.));
#10618=CARTESIAN_POINT('',(4.9,3.94521963516424E-15,22.6));
#10619=CARTESIAN_POINT('',(4.9,-1.38385088303651E-15,22.6));
#10620=VECTOR('',#10621,1.);
#10621=DIRECTION('',(0.,-6.12323399573677E-17,1.));
#10622=CARTESIAN_POINT('',(3.50000000000001,4.03094491110456E-15,21.2));
#10623=AXIS2_PLACEMENT_3D('',#10624,#10625,#10626);
#10624=CARTESIAN_POINT('',(3.50000000000001,-1.38385088303651E-15,22.6));
#10625=DIRECTION('',(0.,1.,6.12323399573676E-17));
#10626=DIRECTION('',(1.,0.,0.));
#10627=CARTESIAN_POINT('',(-3.5,4.03094491110456E-15,21.2));
#10628=CARTESIAN_POINT('',(-3.5,-1.29812560709619E-15,21.2));
#10629=VECTOR('',#10630,1.);
#10630=DIRECTION('',(1.,-2.81736037578933E-32,0.));
#10631=CARTESIAN_POINT('',(-4.9,3.94521963516424E-15,22.6));
#10632=AXIS2_PLACEMENT_3D('',#10633,#10634,#10635);
#10633=CARTESIAN_POINT('',(-3.5,-1.38385088303651E-15,22.6));
#10634=DIRECTION('',(0.,1.,6.12323399573676E-17));
#10635=DIRECTION('',(0.,6.12323399573676E-17,-1.));
#10636=CARTESIAN_POINT('',(-4.9,3.51659325546267E-15,29.6));
#10637=CARTESIAN_POINT('',(-4.9,-1.81247726273808E-15,29.6));
#10638=VECTOR('',#10639,1.);
#10639=DIRECTION('',(0.,6.12323399573677E-17,-1.));
#10640=CARTESIAN_POINT('',(-3.5,3.43086797952235E-15,31.));
#10641=AXIS2_PLACEMENT_3D('',#10642,#10643,#10644);
#10642=CARTESIAN_POINT('',(-3.5,-1.81247726273808E-15,29.6));
#10643=DIRECTION('',(0.,1.,6.12323399573677E-17));
#10644=DIRECTION('',(-1.,0.,0.));
#10645=CARTESIAN_POINT('',(-1.4,3.43086797952235E-15,31.));
#10646=CARTESIAN_POINT('',(-1.4,-1.8982025386784E-15,31.));
#10647=VECTOR('',#10648,1.);
#10648=DIRECTION('',(-1.,0.,0.));
#10649=CARTESIAN_POINT('',(-1.4,3.07740813131709E-15,36.7724373827842));
#10650=CARTESIAN_POINT('',(-1.4,-2.25166238688366E-15,36.7724373827842));
#10651=VECTOR('',#10652,1.);
#10652=DIRECTION('',(3.84663514215433E-17,6.12323399573676E-17,-1.));
#10653=CARTESIAN_POINT('',(-2.,3.07740813131709E-15,36.7724373827842));
#10654=CARTESIAN_POINT('',(-2.,-2.25166238688366E-15,36.7724373827842));
#10655=VECTOR('',#10656,1.);
#10656=DIRECTION('',(1.,0.,0.));
#10657=CARTESIAN_POINT('',(-2.,3.39412857554793E-15,31.6));
#10658=CARTESIAN_POINT('',(-2.,-1.93494194265282E-15,31.6));
#10659=VECTOR('',#10660,1.);
#10660=DIRECTION('',(0.,-6.12323399573677E-17,1.));
#10661=CARTESIAN_POINT('',(-3.5,3.39412857554793E-15,31.6));
#10662=CARTESIAN_POINT('',(-3.5,-1.93494194265282E-15,31.6));
#10663=VECTOR('',#10664,1.);
#10664=DIRECTION('',(1.,0.,0.));
#10665=CARTESIAN_POINT('',(-5.5,3.51659325546267E-15,29.6));
#10666=AXIS2_PLACEMENT_3D('',#10667,#10668,#10669);
#10667=CARTESIAN_POINT('',(-3.5,-1.81247726273808E-15,29.6));
#10668=DIRECTION('',(1.3684555315672E-48,-1.,-6.12323399573677E-17));
#10669=DIRECTION('',(2.22044604925031E-16,-6.12323399573677E-17,1.));
#10670=CARTESIAN_POINT('',(-5.5,3.94521963516424E-15,22.6));
#10671=CARTESIAN_POINT('',(-5.5,-1.38385088303651E-15,22.6));
#10672=VECTOR('',#10673,1.);
#10673=DIRECTION('',(0.,-6.12323399573676E-17,1.));
#10674=CARTESIAN_POINT('',(-3.5,4.06768431507898E-15,20.6));
#10675=AXIS2_PLACEMENT_3D('',#10676,#10677,#10678);
#10676=CARTESIAN_POINT('',(-3.5,-1.38385088303651E-15,22.6));
#10677=DIRECTION('',(0.,-1.,-6.12323399573677E-17));
#10678=DIRECTION('',(-1.,0.,0.));
#10679=CARTESIAN_POINT('',(3.50000000000001,4.06768431507898E-15,20.6));
#10680=CARTESIAN_POINT('',(3.50000000000001,-1.26138620312177E-15,20.6));
#10681=VECTOR('',#10682,1.);
#10682=DIRECTION('',(-1.,0.,-5.07530525542929E-16));
#10683=CARTESIAN_POINT('',(5.5,3.94521963516424E-15,22.6));
#10684=AXIS2_PLACEMENT_3D('',#10685,#10686,#10687);
#10685=CARTESIAN_POINT('',(3.50000000000001,-1.38385088303651E-15,22.6));
#10686=DIRECTION('',(0.,-1.,-6.12323399573677E-17));
#10687=DIRECTION('',(0.,6.12323399573677E-17,-1.));
#10688=CARTESIAN_POINT('',(5.5,3.51659325546267E-15,29.6));
#10689=CARTESIAN_POINT('',(5.5,-1.81247726273808E-15,29.6));
#10690=VECTOR('',#10691,1.);
#10691=DIRECTION('',(0.,6.12323399573677E-17,-1.));
#10692=CARTESIAN_POINT('',(3.5,3.39412857554793E-15,31.6));
#10693=AXIS2_PLACEMENT_3D('',#10694,#10695,#10696);
#10694=CARTESIAN_POINT('',(3.5,-1.81247726273808E-15,29.6));
#10695=DIRECTION('',(0.,-1.,-6.12323399573677E-17));
#10696=DIRECTION('',(1.,0.,0.));
#10697=CARTESIAN_POINT('',(2.00000000000001,3.39412857554793E-15,31.6));
#10698=CARTESIAN_POINT('',(2.00000000000001,-1.93494194265282E-15,31.6));
#10699=VECTOR('',#10700,1.);
#10700=DIRECTION('',(1.,0.,0.));
#10701=CARTESIAN_POINT('',(2.,3.07740813131709E-15,36.7724373827842));
#10702=CARTESIAN_POINT('',(2.,-2.25166238688366E-15,36.7724373827842));
#10703=VECTOR('',#10704,1.);
#10704=DIRECTION('',(8.58568556727542E-17,6.12323399573677E-17,-1.));
#10705=CARTESIAN_POINT('',(1.4,-2.25166238688366E-15,36.7724373827842));
#10706=VECTOR('',#10707,1.);
#10707=DIRECTION('',(1.,0.,0.));
#10708=CARTESIAN_POINT('',(-28.6,3.07740813131709E-15,36.7724373827842));
#10709=CARTESIAN_POINT('',(-28.6,3.43086797952235E-15,31.));
#10710=CARTESIAN_POINT('',(-28.6,-1.8982025386784E-15,31.));
#10711=VECTOR('',#10712,1.);
#10712=DIRECTION('',(0.,-6.12323399573671E-17,1.));
#10713=CARTESIAN_POINT('',(-26.5,3.43086797952235E-15,31.));
#10714=CARTESIAN_POINT('',(-26.5,-1.8982025386784E-15,31.));
#10715=VECTOR('',#10716,1.);
#10716=DIRECTION('',(-1.,-1.87824025052622E-31,1.69176841847643E-15));
#10717=CARTESIAN_POINT('',(-25.1,3.51659325546267E-15,29.6));
#10718=AXIS2_PLACEMENT_3D('',#10719,#10720,#10721);
#10719=CARTESIAN_POINT('',(-26.5,-1.81247726273808E-15,29.6));
#10720=DIRECTION('',(0.,1.,6.12323399573677E-17));
#10721=DIRECTION('',(0.,-6.12323399573677E-17,1.));
#10722=CARTESIAN_POINT('',(-25.1,3.94521963516424E-15,22.6));
#10723=CARTESIAN_POINT('',(-25.1,-1.38385088303651E-15,22.6));
#10724=VECTOR('',#10725,1.);
#10725=DIRECTION('',(-1.01506105108586E-15,-6.12323399573677E-17,1.));
#10726=CARTESIAN_POINT('',(-26.5,4.03094491110456E-15,21.2));
#10727=AXIS2_PLACEMENT_3D('',#10728,#10729,#10730);
#10728=CARTESIAN_POINT('',(-26.5,-1.38385088303651E-15,22.6));
#10729=DIRECTION('',(0.,1.,6.12323399573676E-17));
#10730=DIRECTION('',(1.,0.,0.));
#10731=CARTESIAN_POINT('',(-33.5,4.03094491110456E-15,21.2));
#10732=CARTESIAN_POINT('',(-33.5,-1.29812560709619E-15,21.2));
#10733=VECTOR('',#10734,1.);
#10734=DIRECTION('',(1.,0.,1.01506105108586E-15));
#10735=CARTESIAN_POINT('',(-34.9,3.94521963516424E-15,22.6));
#10736=AXIS2_PLACEMENT_3D('',#10737,#10738,#10739);
#10737=CARTESIAN_POINT('',(-33.5,-1.38385088303651E-15,22.6));
#10738=DIRECTION('',(0.,1.,6.12323399573676E-17));
#10739=DIRECTION('',(0.,6.12323399573676E-17,-1.));
#10740=CARTESIAN_POINT('',(-34.9,3.51659325546267E-15,29.6));
#10741=CARTESIAN_POINT('',(-34.9,-1.81247726273808E-15,29.6));
#10742=VECTOR('',#10743,1.);
#10743=DIRECTION('',(0.,6.12323399573678E-17,-1.));
#10744=CARTESIAN_POINT('',(-33.5,3.43086797952235E-15,31.));
#10745=AXIS2_PLACEMENT_3D('',#10746,#10747,#10748);
#10746=CARTESIAN_POINT('',(-33.5,-1.81247726273808E-15,29.6));
#10747=DIRECTION('',(0.,1.,6.12323399573677E-17));
#10748=DIRECTION('',(-1.,0.,0.));
#10749=CARTESIAN_POINT('',(-31.4,3.43086797952235E-15,31.));
#10750=CARTESIAN_POINT('',(-31.4,-1.8982025386784E-15,31.));
#10751=VECTOR('',#10752,1.);
#10752=DIRECTION('',(-1.,0.,0.));
#10753=CARTESIAN_POINT('',(-31.4,3.07740813131709E-15,36.7724373827842));
#10754=CARTESIAN_POINT('',(-31.4,-2.25166238688366E-15,36.7724373827842));
#10755=VECTOR('',#10756,1.);
#10756=DIRECTION('',(0.,6.12323399573677E-17,-1.));
#10757=CARTESIAN_POINT('',(-32.,3.07740813131709E-15,36.7724373827842));
#10758=CARTESIAN_POINT('',(-32.,-2.25166238688366E-15,36.7724373827842));
#10759=VECTOR('',#10760,1.);
#10760=DIRECTION('',(1.,0.,0.));
#10761=CARTESIAN_POINT('',(-32.,3.39412857554793E-15,31.6));
#10762=CARTESIAN_POINT('',(-32.,-1.93494194265282E-15,31.6));
#10763=VECTOR('',#10764,1.);
#10764=DIRECTION('',(0.,-6.12323399573671E-17,1.));
#10765=CARTESIAN_POINT('',(-33.5,3.39412857554793E-15,31.6));
#10766=CARTESIAN_POINT('',(-33.5,-1.93494194265282E-15,31.6));
#10767=VECTOR('',#10768,1.);
#10768=DIRECTION('',(1.,0.,0.));
#10769=CARTESIAN_POINT('',(-35.5,3.51659325546267E-15,29.6));
#10770=AXIS2_PLACEMENT_3D('',#10771,#10772,#10773);
#10771=CARTESIAN_POINT('',(-33.5,-1.81247726273808E-15,29.6));
#10772=DIRECTION('',(1.3684555315672E-48,-1.,-6.12323399573677E-17));
#10773=DIRECTION('',(1.18072616964182E-79,-6.12323399573677E-17,1.));
#10774=CARTESIAN_POINT('',(-35.5,3.94521963516424E-15,22.6));
#10775=CARTESIAN_POINT('',(-35.5,-1.38385088303651E-15,22.6));
#10776=VECTOR('',#10777,1.);
#10777=DIRECTION('',(-1.01506105108586E-15,-6.12323399573676E-17,1.));
#10778=CARTESIAN_POINT('',(-33.5,4.06768431507898E-15,20.6));
#10779=AXIS2_PLACEMENT_3D('',#10780,#10781,#10782);
#10780=CARTESIAN_POINT('',(-33.5,-1.38385088303651E-15,22.6));
#10781=DIRECTION('',(0.,-1.,-6.12323399573677E-17));
#10782=DIRECTION('',(-1.,0.,0.));
#10783=CARTESIAN_POINT('',(-26.5,4.06768431507898E-15,20.6));
#10784=CARTESIAN_POINT('',(-26.5,-1.26138620312177E-15,20.6));
#10785=VECTOR('',#10786,1.);
#10786=DIRECTION('',(-1.,2.81736037578933E-32,-5.07530525542929E-16));
#10787=CARTESIAN_POINT('',(-24.5,3.94521963516424E-15,22.6));
#10788=AXIS2_PLACEMENT_3D('',#10789,#10790,#10791);
#10789=CARTESIAN_POINT('',(-26.5,-1.38385088303651E-15,22.6));
#10790=DIRECTION('',(0.,-1.,-6.12323399573677E-17));
#10791=DIRECTION('',(0.,6.12323399573677E-17,-1.));
#10792=CARTESIAN_POINT('',(-24.5,3.51659325546267E-15,29.6));
#10793=CARTESIAN_POINT('',(-24.5,-1.81247726273808E-15,29.6));
#10794=VECTOR('',#10795,1.);
#10795=DIRECTION('',(1.01506105108586E-15,6.12323399573676E-17,-1.));
#10796=CARTESIAN_POINT('',(-26.5,3.39412857554793E-15,31.6));
#10797=AXIS2_PLACEMENT_3D('',#10798,#10799,#10800);
#10798=CARTESIAN_POINT('',(-26.5,-1.81247726273808E-15,29.6));
#10799=DIRECTION('',(0.,-1.,-6.12323399573677E-17));
#10800=DIRECTION('',(1.,0.,0.));
#10801=CARTESIAN_POINT('',(-28.,3.39412857554793E-15,31.6));
#10802=CARTESIAN_POINT('',(-28.,-1.93494194265282E-15,31.6));
#10803=VECTOR('',#10804,1.);
#10804=DIRECTION('',(1.,0.,0.));
#10805=CARTESIAN_POINT('',(-28.,3.07740813131709E-15,36.7724373827842));
#10806=CARTESIAN_POINT('',(-28.,-2.25166238688366E-15,36.7724373827842));
#10807=VECTOR('',#10808,1.);
#10808=DIRECTION('',(0.,6.12323399573677E-17,-1.));
#10809=CARTESIAN_POINT('',(-28.6,-2.25166238688366E-15,36.7724373827842));
#10810=VECTOR('',#10811,1.);
#10811=DIRECTION('',(1.,0.,0.));
#10812=CARTESIAN_POINT('',(-13.6,3.07740813131709E-15,36.7724373827842));
#10813=CARTESIAN_POINT('',(-13.6,3.43086797952235E-15,31.));
#10814=CARTESIAN_POINT('',(-13.6,-1.8982025386784E-15,31.));
#10815=VECTOR('',#10816,1.);
#10816=DIRECTION('',(0.,-6.12323399573676E-17,1.));
#10817=CARTESIAN_POINT('',(-11.5,3.43086797952235E-15,31.));
#10818=CARTESIAN_POINT('',(-11.5,-1.8982025386784E-15,31.));
#10819=VECTOR('',#10820,1.);
#10820=DIRECTION('',(-1.,0.,1.69176841847643E-15));
#10821=CARTESIAN_POINT('',(-10.1,3.51659325546267E-15,29.6));
#10822=AXIS2_PLACEMENT_3D('',#10823,#10824,#10825);
#10823=CARTESIAN_POINT('',(-11.5,-1.81247726273808E-15,29.6));
#10824=DIRECTION('',(0.,1.,6.12323399573677E-17));
#10825=DIRECTION('',(-1.26882631385732E-15,-6.12323399573677E-17,1.));
#10826=CARTESIAN_POINT('',(-10.1,3.94521963516424E-15,22.6));
#10827=CARTESIAN_POINT('',(-10.1,-1.38385088303651E-15,22.6));
#10828=VECTOR('',#10829,1.);
#10829=DIRECTION('',(2.53765262771464E-16,-6.12323399573677E-17,1.));
#10830=CARTESIAN_POINT('',(-11.5,4.03094491110456E-15,21.2));
#10831=AXIS2_PLACEMENT_3D('',#10832,#10833,#10834);
#10832=CARTESIAN_POINT('',(-11.5,-1.38385088303651E-15,22.6));
#10833=DIRECTION('',(0.,1.,6.12323399573676E-17));
#10834=DIRECTION('',(1.,0.,0.));
#10835=CARTESIAN_POINT('',(-18.5,4.03094491110456E-15,21.2));
#10836=CARTESIAN_POINT('',(-18.5,-1.29812560709619E-15,21.2));
#10837=VECTOR('',#10838,1.);
#10838=DIRECTION('',(1.,0.,5.07530525542929E-16));
#10839=CARTESIAN_POINT('',(-19.9,3.94521963516424E-15,22.6));
#10840=AXIS2_PLACEMENT_3D('',#10841,#10842,#10843);
#10841=CARTESIAN_POINT('',(-18.5,-1.38385088303651E-15,22.6));
#10842=DIRECTION('',(0.,1.,6.12323399573676E-17));
#10843=DIRECTION('',(0.,6.12323399573676E-17,-1.));
#10844=CARTESIAN_POINT('',(-19.9,3.51659325546267E-15,29.6));
#10845=CARTESIAN_POINT('',(-19.9,-1.81247726273808E-15,29.6));
#10846=VECTOR('',#10847,1.);
#10847=DIRECTION('',(0.,6.12323399573676E-17,-1.));
#10848=CARTESIAN_POINT('',(-18.5,3.43086797952235E-15,31.));
#10849=AXIS2_PLACEMENT_3D('',#10850,#10851,#10852);
#10850=CARTESIAN_POINT('',(-18.5,-1.81247726273808E-15,29.6));
#10851=DIRECTION('',(0.,1.,6.12323399573677E-17));
#10852=DIRECTION('',(-1.,0.,0.));
#10853=CARTESIAN_POINT('',(-16.4,3.43086797952235E-15,31.));
#10854=CARTESIAN_POINT('',(-16.4,-1.8982025386784E-15,31.));
#10855=VECTOR('',#10856,1.);
#10856=DIRECTION('',(-1.,0.,0.));
#10857=CARTESIAN_POINT('',(-16.4,3.07740813131709E-15,36.7724373827842));
#10858=CARTESIAN_POINT('',(-16.4,-2.25166238688366E-15,36.7724373827842));
#10859=VECTOR('',#10860,1.);
#10860=DIRECTION('',(0.,6.12323399573676E-17,-1.));
#10861=CARTESIAN_POINT('',(-17.,3.07740813131709E-15,36.7724373827842));
#10862=CARTESIAN_POINT('',(-17.,-2.25166238688366E-15,36.7724373827842));
#10863=VECTOR('',#10864,1.);
#10864=DIRECTION('',(1.,0.,0.));
#10865=CARTESIAN_POINT('',(-17.,3.39412857554793E-15,31.6));
#10866=CARTESIAN_POINT('',(-17.,-1.93494194265282E-15,31.6));
#10867=VECTOR('',#10868,1.);
#10868=DIRECTION('',(0.,-6.12323399573677E-17,1.));
#10869=CARTESIAN_POINT('',(-18.5,3.39412857554793E-15,31.6));
#10870=CARTESIAN_POINT('',(-18.5,-1.93494194265282E-15,31.6));
#10871=VECTOR('',#10872,1.);
#10872=DIRECTION('',(1.,0.,0.));
#10873=CARTESIAN_POINT('',(-20.5,3.51659325546267E-15,29.6));
#10874=AXIS2_PLACEMENT_3D('',#10875,#10876,#10877);
#10875=CARTESIAN_POINT('',(-18.5,-1.81247726273808E-15,29.6));
#10876=DIRECTION('',(1.3684555315672E-48,-1.,-6.12323399573677E-17));
#10877=DIRECTION('',(1.18072616964182E-79,-6.12323399573677E-17,1.));
#10878=CARTESIAN_POINT('',(-20.5,3.94521963516424E-15,22.6));
#10879=CARTESIAN_POINT('',(-20.5,-1.38385088303651E-15,22.6));
#10880=VECTOR('',#10881,1.);
#10881=DIRECTION('',(-5.07530525542929E-16,-6.12323399573676E-17,1.));
#10882=CARTESIAN_POINT('',(-18.5,4.06768431507898E-15,20.6));
#10883=AXIS2_PLACEMENT_3D('',#10884,#10885,#10886);
#10884=CARTESIAN_POINT('',(-18.5,-1.38385088303651E-15,22.6));
#10885=DIRECTION('',(0.,-1.,-6.12323399573677E-17));
#10886=DIRECTION('',(-1.,0.,0.));
#10887=CARTESIAN_POINT('',(-11.5,4.06768431507898E-15,20.6));
#10888=CARTESIAN_POINT('',(-11.5,-1.26138620312177E-15,20.6));
#10889=VECTOR('',#10890,1.);
#10890=DIRECTION('',(-1.,2.81736037578933E-32,-1.01506105108586E-15));
#10891=CARTESIAN_POINT('',(-9.5,3.94521963516424E-15,22.6));
#10892=AXIS2_PLACEMENT_3D('',#10893,#10894,#10895);
#10893=CARTESIAN_POINT('',(-11.5,-1.38385088303651E-15,22.6));
#10894=DIRECTION('',(0.,-1.,-6.12323399573677E-17));
#10895=DIRECTION('',(0.,6.12323399573677E-17,-1.));
#10896=CARTESIAN_POINT('',(-9.5,3.51659325546267E-15,29.6));
#10897=CARTESIAN_POINT('',(-9.5,-1.81247726273808E-15,29.6));
#10898=VECTOR('',#10899,1.);
#10899=DIRECTION('',(0.,6.12323399573677E-17,-1.));
#10900=CARTESIAN_POINT('',(-11.5,3.39412857554793E-15,31.6));
#10901=AXIS2_PLACEMENT_3D('',#10902,#10903,#10904);
#10902=CARTESIAN_POINT('',(-11.5,-1.81247726273808E-15,29.6));
#10903=DIRECTION('',(0.,-1.,-6.12323399573677E-17));
#10904=DIRECTION('',(1.,0.,0.));
#10905=CARTESIAN_POINT('',(-13.,3.39412857554793E-15,31.6));
#10906=CARTESIAN_POINT('',(-13.,-1.93494194265282E-15,31.6));
#10907=VECTOR('',#10908,1.);
#10908=DIRECTION('',(1.,0.,0.));
#10909=CARTESIAN_POINT('',(-13.,3.07740813131709E-15,36.7724373827842));
#10910=CARTESIAN_POINT('',(-13.,-2.25166238688366E-15,36.7724373827842));
#10911=VECTOR('',#10912,1.);
#10912=DIRECTION('',(0.,6.12323399573677E-17,-1.));
#10913=CARTESIAN_POINT('',(-13.6,-2.25166238688366E-15,36.7724373827842));
#10914=VECTOR('',#10915,1.);
#10915=DIRECTION('',(1.,0.,0.));
#10916=CARTESIAN_POINT('',(31.4,3.07740813131709E-15,36.7724373827842));
#10917=CARTESIAN_POINT('',(31.4,3.43086797952235E-15,31.));
#10918=CARTESIAN_POINT('',(31.4,-1.8982025386784E-15,31.));
#10919=VECTOR('',#10920,1.);
#10920=DIRECTION('',(0.,-6.12323399573677E-17,1.));
#10921=CARTESIAN_POINT('',(33.5,3.43086797952235E-15,31.));
#10922=CARTESIAN_POINT('',(33.5,-1.8982025386784E-15,31.));
#10923=VECTOR('',#10924,1.);
#10924=DIRECTION('',(-1.,-1.87824025052622E-31,1.69176841847643E-15));
#10925=CARTESIAN_POINT('',(34.9,3.51659325546267E-15,29.6));
#10926=AXIS2_PLACEMENT_3D('',#10927,#10928,#10929);
#10927=CARTESIAN_POINT('',(33.5,-1.81247726273808E-15,29.6));
#10928=DIRECTION('',(0.,1.,6.12323399573677E-17));
#10929=DIRECTION('',(0.,-6.12323399573677E-17,1.));
#10930=CARTESIAN_POINT('',(34.9,3.94521963516424E-15,22.6));
#10931=CARTESIAN_POINT('',(34.9,-1.38385088303651E-15,22.6));
#10932=VECTOR('',#10933,1.);
#10933=DIRECTION('',(0.,-6.12323399573677E-17,1.));
#10934=CARTESIAN_POINT('',(33.5,4.03094491110456E-15,21.2));
#10935=AXIS2_PLACEMENT_3D('',#10936,#10937,#10938);
#10936=CARTESIAN_POINT('',(33.5,-1.38385088303651E-15,22.6));
#10937=DIRECTION('',(0.,1.,6.12323399573676E-17));
#10938=DIRECTION('',(1.,0.,0.));
#10939=CARTESIAN_POINT('',(26.5,4.03094491110456E-15,21.2));
#10940=CARTESIAN_POINT('',(26.5,-1.29812560709619E-15,21.2));
#10941=VECTOR('',#10942,1.);
#10942=DIRECTION('',(1.,0.,5.07530525542929E-16));
#10943=CARTESIAN_POINT('',(25.1,3.94521963516424E-15,22.6));
#10944=AXIS2_PLACEMENT_3D('',#10945,#10946,#10947);
#10945=CARTESIAN_POINT('',(26.5,-1.38385088303651E-15,22.6));
#10946=DIRECTION('',(0.,1.,6.12323399573676E-17));
#10947=DIRECTION('',(0.,6.12323399573676E-17,-1.));
#10948=CARTESIAN_POINT('',(25.1,3.51659325546267E-15,29.6));
#10949=CARTESIAN_POINT('',(25.1,-1.81247726273808E-15,29.6));
#10950=VECTOR('',#10951,1.);
#10951=DIRECTION('',(5.07530525542929E-16,6.12323399573676E-17,-1.));
#10952=CARTESIAN_POINT('',(26.5,3.43086797952235E-15,31.));
#10953=AXIS2_PLACEMENT_3D('',#10954,#10955,#10956);
#10954=CARTESIAN_POINT('',(26.5,-1.81247726273808E-15,29.6));
#10955=DIRECTION('',(0.,1.,6.12323399573677E-17));
#10956=DIRECTION('',(-1.,0.,0.));
#10957=CARTESIAN_POINT('',(28.6,3.43086797952235E-15,31.));
#10958=CARTESIAN_POINT('',(28.6,-1.8982025386784E-15,31.));
#10959=VECTOR('',#10960,1.);
#10960=DIRECTION('',(-1.,0.,0.));
#10961=CARTESIAN_POINT('',(28.6,3.07740813131709E-15,36.7724373827842));
#10962=CARTESIAN_POINT('',(28.6,-2.25166238688366E-15,36.7724373827842));
#10963=VECTOR('',#10964,1.);
#10964=DIRECTION('',(0.,6.12323399573676E-17,-1.));
#10965=CARTESIAN_POINT('',(28.,3.07740813131709E-15,36.7724373827842));
#10966=CARTESIAN_POINT('',(28.,-2.25166238688366E-15,36.7724373827842));
#10967=VECTOR('',#10968,1.);
#10968=DIRECTION('',(1.,0.,0.));
#10969=CARTESIAN_POINT('',(28.,3.39412857554793E-15,31.6));
#10970=CARTESIAN_POINT('',(28.,-1.93494194265282E-15,31.6));
#10971=VECTOR('',#10972,1.);
#10972=DIRECTION('',(0.,-6.12323399573677E-17,1.));
#10973=CARTESIAN_POINT('',(26.5,3.39412857554793E-15,31.6));
#10974=CARTESIAN_POINT('',(26.5,-1.93494194265282E-15,31.6));
#10975=VECTOR('',#10976,1.);
#10976=DIRECTION('',(1.,0.,0.));
#10977=CARTESIAN_POINT('',(24.5,3.51659325546267E-15,29.6));
#10978=AXIS2_PLACEMENT_3D('',#10979,#10980,#10981);
#10979=CARTESIAN_POINT('',(26.5,-1.81247726273808E-15,29.6));
#10980=DIRECTION('',(1.3684555315672E-48,-1.,-6.12323399573677E-17));
#10981=DIRECTION('',(1.18072616964182E-79,-6.12323399573677E-17,1.));
#10982=CARTESIAN_POINT('',(24.5,3.94521963516424E-15,22.6));
#10983=CARTESIAN_POINT('',(24.5,-1.38385088303651E-15,22.6));
#10984=VECTOR('',#10985,1.);
#10985=DIRECTION('',(-1.01506105108586E-15,-6.12323399573677E-17,1.));
#10986=CARTESIAN_POINT('',(26.5,4.06768431507898E-15,20.6));
#10987=AXIS2_PLACEMENT_3D('',#10988,#10989,#10990);
#10988=CARTESIAN_POINT('',(26.5,-1.38385088303651E-15,22.6));
#10989=DIRECTION('',(0.,-1.,-6.12323399573677E-17));
#10990=DIRECTION('',(-1.,0.,0.));
#10991=CARTESIAN_POINT('',(33.5,4.06768431507898E-15,20.6));
#10992=CARTESIAN_POINT('',(33.5,-1.26138620312177E-15,20.6));
#10993=VECTOR('',#10994,1.);
#10994=DIRECTION('',(-1.,2.81736037578933E-32,-1.01506105108586E-15));
#10995=CARTESIAN_POINT('',(35.5,3.94521963516424E-15,22.6));
#10996=AXIS2_PLACEMENT_3D('',#10997,#10998,#10999);
#10997=CARTESIAN_POINT('',(33.5,-1.38385088303651E-15,22.6));
#10998=DIRECTION('',(0.,-1.,-6.12323399573677E-17));
#10999=DIRECTION('',(0.,6.12323399573677E-17,-1.));
#11000=CARTESIAN_POINT('',(35.5,3.51659325546267E-15,29.6));
#11001=CARTESIAN_POINT('',(35.5,-1.81247726273808E-15,29.6));
#11002=VECTOR('',#11003,1.);
#11003=DIRECTION('',(0.,6.12323399573677E-17,-1.));
#11004=CARTESIAN_POINT('',(33.5,3.39412857554793E-15,31.6));
#11005=AXIS2_PLACEMENT_3D('',#11006,#11007,#11008);
#11006=CARTESIAN_POINT('',(33.5,-1.81247726273808E-15,29.6));
#11007=DIRECTION('',(0.,-1.,-6.12323399573677E-17));
#11008=DIRECTION('',(1.,0.,0.));
#11009=CARTESIAN_POINT('',(32.,3.39412857554793E-15,31.6));
#11010=CARTESIAN_POINT('',(32.,-1.93494194265282E-15,31.6));
#11011=VECTOR('',#11012,1.);
#11012=DIRECTION('',(1.,0.,0.));
#11013=CARTESIAN_POINT('',(32.,3.07740813131709E-15,36.7724373827842));
#11014=CARTESIAN_POINT('',(32.,-2.25166238688366E-15,36.7724373827842));
#11015=VECTOR('',#11016,1.);
#11016=DIRECTION('',(0.,6.12323399573677E-17,-1.));
#11017=CARTESIAN_POINT('',(31.4,-2.25166238688366E-15,36.7724373827842));
#11018=VECTOR('',#11019,1.);
#11019=DIRECTION('',(1.,0.,0.));
#11020=CARTESIAN_POINT('',(16.4,3.07740813131709E-15,36.7724373827842));
#11021=CARTESIAN_POINT('',(16.4,3.43086797952235E-15,31.));
#11022=CARTESIAN_POINT('',(16.4,-1.8982025386784E-15,31.));
#11023=VECTOR('',#11024,1.);
#11024=DIRECTION('',(0.,-6.12323399573676E-17,1.));
#11025=CARTESIAN_POINT('',(18.5,3.43086797952235E-15,31.));
#11026=CARTESIAN_POINT('',(18.5,-1.8982025386784E-15,31.));
#11027=VECTOR('',#11028,1.);
#11028=DIRECTION('',(-1.,0.,1.69176841847643E-15));
#11029=CARTESIAN_POINT('',(19.9,3.51659325546267E-15,29.6));
#11030=AXIS2_PLACEMENT_3D('',#11031,#11032,#11033);
#11031=CARTESIAN_POINT('',(18.5,-1.81247726273808E-15,29.6));
#11032=DIRECTION('',(0.,1.,6.12323399573677E-17));
#11033=DIRECTION('',(0.,-6.12323399573677E-17,1.));
#11034=CARTESIAN_POINT('',(19.9,3.94521963516424E-15,22.6));
#11035=CARTESIAN_POINT('',(19.9,-1.38385088303651E-15,22.6));
#11036=VECTOR('',#11037,1.);
#11037=DIRECTION('',(0.,-6.12323399573676E-17,1.));
#11038=CARTESIAN_POINT('',(18.5,4.03094491110456E-15,21.2));
#11039=AXIS2_PLACEMENT_3D('',#11040,#11041,#11042);
#11040=CARTESIAN_POINT('',(18.5,-1.38385088303651E-15,22.6));
#11041=DIRECTION('',(0.,1.,6.12323399573676E-17));
#11042=DIRECTION('',(1.,0.,0.));
#11043=CARTESIAN_POINT('',(11.5,4.03094491110456E-15,21.2));
#11044=CARTESIAN_POINT('',(11.5,-1.29812560709619E-15,21.2));
#11045=VECTOR('',#11046,1.);
#11046=DIRECTION('',(1.,0.,5.07530525542929E-16));
#11047=CARTESIAN_POINT('',(10.1,3.94521963516424E-15,22.6));
#11048=AXIS2_PLACEMENT_3D('',#11049,#11050,#11051);
#11049=CARTESIAN_POINT('',(11.5,-1.38385088303651E-15,22.6));
#11050=DIRECTION('',(0.,1.,6.12323399573676E-17));
#11051=DIRECTION('',(0.,6.12323399573676E-17,-1.));
#11052=CARTESIAN_POINT('',(10.1,3.51659325546267E-15,29.6));
#11053=CARTESIAN_POINT('',(10.1,-1.81247726273808E-15,29.6));
#11054=VECTOR('',#11055,1.);
#11055=DIRECTION('',(-2.53765262771464E-16,6.12323399573677E-17,-1.));
#11056=CARTESIAN_POINT('',(11.5,3.43086797952235E-15,31.));
#11057=AXIS2_PLACEMENT_3D('',#11058,#11059,#11060);
#11058=CARTESIAN_POINT('',(11.5,-1.81247726273808E-15,29.6));
#11059=DIRECTION('',(0.,1.,6.12323399573677E-17));
#11060=DIRECTION('',(-1.,0.,0.));
#11061=CARTESIAN_POINT('',(13.6,3.43086797952235E-15,31.));
#11062=CARTESIAN_POINT('',(13.6,-1.8982025386784E-15,31.));
#11063=VECTOR('',#11064,1.);
#11064=DIRECTION('',(-1.,0.,0.));
#11065=CARTESIAN_POINT('',(13.6,3.07740813131709E-15,36.7724373827842));
#11066=CARTESIAN_POINT('',(13.6,-2.25166238688366E-15,36.7724373827842));
#11067=VECTOR('',#11068,1.);
#11068=DIRECTION('',(0.,6.12323399573676E-17,-1.));
#11069=CARTESIAN_POINT('',(13.,3.07740813131709E-15,36.7724373827842));
#11070=CARTESIAN_POINT('',(13.,-2.25166238688366E-15,36.7724373827842));
#11071=VECTOR('',#11072,1.);
#11072=DIRECTION('',(1.,0.,0.));
#11073=CARTESIAN_POINT('',(13.,3.39412857554793E-15,31.6));
#11074=CARTESIAN_POINT('',(13.,-1.93494194265282E-15,31.6));
#11075=VECTOR('',#11076,1.);
#11076=DIRECTION('',(3.43427422691017E-16,-6.12323399573677E-17,1.));
#11077=CARTESIAN_POINT('',(11.5,3.39412857554793E-15,31.6));
#11078=CARTESIAN_POINT('',(11.5,-1.93494194265282E-15,31.6));
#11079=VECTOR('',#11080,1.);
#11080=DIRECTION('',(1.,0.,0.));
#11081=CARTESIAN_POINT('',(9.5,3.51659325546267E-15,29.6));
#11082=AXIS2_PLACEMENT_3D('',#11083,#11084,#11085);
#11083=CARTESIAN_POINT('',(11.5,-1.81247726273808E-15,29.6));
#11084=DIRECTION('',(1.3684555315672E-48,-1.,-6.12323399573677E-17));
#11085=DIRECTION('',(1.18072616964182E-79,-6.12323399573677E-17,1.));
#11086=CARTESIAN_POINT('',(9.5,3.94521963516424E-15,22.6));
#11087=CARTESIAN_POINT('',(9.5,-1.38385088303651E-15,22.6));
#11088=VECTOR('',#11089,1.);
#11089=DIRECTION('',(0.,-6.12323399573676E-17,1.));
#11090=CARTESIAN_POINT('',(11.5,4.06768431507898E-15,20.6));
#11091=AXIS2_PLACEMENT_3D('',#11092,#11093,#11094);
#11092=CARTESIAN_POINT('',(11.5,-1.38385088303651E-15,22.6));
#11093=DIRECTION('',(0.,-1.,-6.12323399573677E-17));
#11094=DIRECTION('',(-1.,0.,0.));
#11095=CARTESIAN_POINT('',(18.5,4.06768431507898E-15,20.6));
#11096=CARTESIAN_POINT('',(18.5,-1.26138620312177E-15,20.6));
#11097=VECTOR('',#11098,1.);
#11098=DIRECTION('',(-1.,0.,-5.07530525542928E-16));
#11099=CARTESIAN_POINT('',(20.5,3.94521963516424E-15,22.6));
#11100=AXIS2_PLACEMENT_3D('',#11101,#11102,#11103);
#11101=CARTESIAN_POINT('',(18.5,-1.38385088303651E-15,22.6));
#11102=DIRECTION('',(0.,-1.,-6.12323399573677E-17));
#11103=DIRECTION('',(0.,6.12323399573677E-17,-1.));
#11104=CARTESIAN_POINT('',(20.5,3.51659325546267E-15,29.6));
#11105=CARTESIAN_POINT('',(20.5,-1.81247726273808E-15,29.6));
#11106=VECTOR('',#11107,1.);
#11107=DIRECTION('',(5.07530525542929E-16,6.12323399573676E-17,-1.));
#11108=CARTESIAN_POINT('',(18.5,3.39412857554793E-15,31.6));
#11109=AXIS2_PLACEMENT_3D('',#11110,#11111,#11112);
#11110=CARTESIAN_POINT('',(18.5,-1.81247726273808E-15,29.6));
#11111=DIRECTION('',(0.,-1.,-6.12323399573677E-17));
#11112=DIRECTION('',(1.,0.,0.));
#11113=CARTESIAN_POINT('',(17.,3.39412857554793E-15,31.6));
#11114=CARTESIAN_POINT('',(17.,-1.93494194265282E-15,31.6));
#11115=VECTOR('',#11116,1.);
#11116=DIRECTION('',(1.,0.,0.));
#11117=CARTESIAN_POINT('',(17.,3.07740813131709E-15,36.7724373827842));
#11118=CARTESIAN_POINT('',(17.,-2.25166238688366E-15,36.7724373827842));
#11119=VECTOR('',#11120,1.);
#11120=DIRECTION('',(0.,6.12323399573677E-17,-1.));
#11121=CARTESIAN_POINT('',(16.4,-2.25166238688366E-15,36.7724373827842));
#11122=VECTOR('',#11123,1.);
#11123=DIRECTION('',(1.,0.,0.));
#11124=CARTESIAN_POINT('',(3.5,2.22273394045245E-15,-36.3));
#11125=CARTESIAN_POINT('',(5.5,2.10026926053771E-15,-34.3));
#11126=AXIS2_PLACEMENT_3D('',#11127,#11128,#11129);
#11127=CARTESIAN_POINT('',(3.5,2.10026926053771E-15,-34.3));
#11128=DIRECTION('',(0.,1.,6.12323399573677E-17));
#11129=DIRECTION('',(1.,-4.35081943503005E-31,7.105427357601E-15));
#11130=CARTESIAN_POINT('',(5.49999999999998,-2.2655965784226E-16,3.7));
#11131=CARTESIAN_POINT('',(5.49999999999998,-2.24302131383646E-16,3.7));
#11132=VECTOR('',#11133,1.);
#11133=DIRECTION('',(5.60954791389553E-16,6.12933851328E-17,-1.));
#11134=CARTESIAN_POINT('',(3.50000000000037,-3.49024337756997E-16,5.70000000000002));
#11135=AXIS2_PLACEMENT_3D('',#11136,#11137,#11138);
#11136=CARTESIAN_POINT('',(3.49999999999998,-2.26559657842261E-16,3.7));
#11137=DIRECTION('',(0.,1.,6.12323399573677E-17));
#11138=DIRECTION('',(1.95621296938953E-13,-6.12323399573677E-17,1.));
#11139=CARTESIAN_POINT('',(-3.5,-3.49024337756995E-16,5.69999999999999));
#11140=CARTESIAN_POINT('',(-3.5,-3.41045622572271E-16,5.69999999999999));
#11141=VECTOR('',#11142,1.);
#11142=DIRECTION('',(1.,-1.83128424426297E-31,6.21724893790055E-15));
#11143=CARTESIAN_POINT('',(-5.49999999999995,-2.2655965784226E-16,3.7));
#11144=AXIS2_PLACEMENT_3D('',#11145,#11146,#11147);
#11145=CARTESIAN_POINT('',(-3.49999999999995,-2.2655965784226E-16,3.69999999999999));
#11146=DIRECTION('',(0.,1.,6.12323399573677E-17));
#11147=DIRECTION('',(-1.,-3.39907768361723E-31,5.55111512312578E-15));
#11148=CARTESIAN_POINT('',(-5.5,2.10026926053771E-15,-34.3));
#11149=CARTESIAN_POINT('',(-5.5,2.10484650366275E-15,-34.3));
#11150=VECTOR('',#11151,1.);
#11151=DIRECTION('',(1.47250632739758E-15,-6.12933851328E-17,1.));
#11152=CARTESIAN_POINT('',(-3.5,2.22273394045245E-15,-36.3));
#11153=AXIS2_PLACEMENT_3D('',#11154,#11155,#11156);
#11154=CARTESIAN_POINT('',(-3.5,2.10026926053771E-15,-34.3));
#11155=DIRECTION('',(0.,1.,6.12323399573677E-17));
#11156=DIRECTION('',(0.,6.12323399573677E-17,-1.));
#11157=CARTESIAN_POINT('',(3.5,2.22158999485138E-15,-36.3));
#11158=VECTOR('',#11159,1.);
#11159=DIRECTION('',(-1.,-1.12694415031573E-31,4.06024420434343E-15));
#11160=CARTESIAN_POINT('',(32.9,-2.,39.3));
#11161=VECTOR('',#11162,1.);
#11162=DIRECTION('',(0.,1.,0.));
#11163=CARTESIAN_POINT('',(39.3,-15.7679491924311,-4.00000000000012));
#11164=VECTOR('',#11165,1.);
#11165=DIRECTION('',(0.,0.,1.));
#11166=CARTESIAN_POINT('',(39.3,-7.,20.7669697220177));
#11167=CARTESIAN_POINT('',(39.3,-6.99553976697339,21.0000000000001));
#11168=CARTESIAN_POINT('',(39.3,-6.99641598936272,20.9768223339897));
#11169=CARTESIAN_POINT('',(39.3,-6.99797856722169,20.9288868916454));
#11170=CARTESIAN_POINT('',(39.3,-6.99957951915594,20.851555403786));
#11171=CARTESIAN_POINT('',(39.3,-7.,20.7959215504088));
#11172=CARTESIAN_POINT('',(39.3,-7.,20.7669697220177));
#11173=CARTESIAN_POINT('',(39.3,-7.,18.7235857918566));
#11174=CARTESIAN_POINT('',(39.3,-7.,20.7669697220177));
#11175=VECTOR('',#11176,1.);
#11176=DIRECTION('',(0.,0.,-1.));
#11177=CARTESIAN_POINT('',(39.3,-7.,7.67641420814345));
#11178=CARTESIAN_POINT('',(39.3,-7.,18.7235857918566));
#11179=CARTESIAN_POINT('',(39.3,-7.,18.5534489468783));
#11180=CARTESIAN_POINT('',(39.3,-6.9899420168745,18.2505329714424));
#11181=CARTESIAN_POINT('',(39.3,-6.95785614883727,17.8529594005531));
#11182=CARTESIAN_POINT('',(39.3,-6.91822884383602,17.5142705374627));
#11183=CARTESIAN_POINT('',(39.3,-6.87231802327873,17.1987059457275));
#11184=CARTESIAN_POINT('',(39.3,-6.8207082436856,16.8946674084176));
#11185=CARTESIAN_POINT('',(39.3,-6.76232468315014,16.5877422070445));
#11186=CARTESIAN_POINT('',(39.3,-6.6990236990919,16.2809888375059));
#11187=CARTESIAN_POINT('',(39.3,-6.63157327724533,15.9710473257566));
#11188=CARTESIAN_POINT('',(39.3,-6.56169022054778,15.6579446106864));
#11189=CARTESIAN_POINT('',(39.3,-6.49107880347717,15.340161548686));
#11190=CARTESIAN_POINT('',(39.3,-6.42171508941631,15.0155741271536));
#11191=CARTESIAN_POINT('',(39.3,-6.35584197866091,14.6806211732912));
#11192=CARTESIAN_POINT('',(39.3,-6.29607922221493,14.3290372473006));
#11193=CARTESIAN_POINT('',(39.3,-6.24579050748445,13.9488863718913));
#11194=CARTESIAN_POINT('',(39.3,-6.21222891011249,13.5371399498634));
#11195=CARTESIAN_POINT('',(39.3,-6.20410440276264,13.1039889431362));
#11196=CARTESIAN_POINT('',(39.3,-6.22442553817782,12.6761791770549));
#11197=CARTESIAN_POINT('',(39.3,-6.2670621722014,12.2740502602491));
#11198=CARTESIAN_POINT('',(39.3,-6.32303192048825,11.9039087107315));
#11199=CARTESIAN_POINT('',(39.3,-6.38677099702545,11.557381800344));
#11200=CARTESIAN_POINT('',(39.3,-6.45531194056188,11.2247621657202));
#11201=CARTESIAN_POINT('',(39.3,-6.52621791668175,10.9008608645632));
#11202=CARTESIAN_POINT('',(39.3,-6.59735864812132,10.5826930633348));
#11203=CARTESIAN_POINT('',(39.3,-6.66681972501794,10.268558810157));
#11204=CARTESIAN_POINT('',(39.3,-6.73291217403114,9.95742614146212));
#11205=CARTESIAN_POINT('',(39.3,-6.79418238176292,9.64856544128439));
#11206=CARTESIAN_POINT('',(39.3,-6.84939392010709,9.34135499904068));
#11207=CARTESIAN_POINT('',(39.3,-6.89749083149286,9.03518186893143));
#11208=CARTESIAN_POINT('',(39.3,-6.93723110280814,8.73180876261265));
#11209=CARTESIAN_POINT('',(39.3,-6.96851025260678,8.4254611305468));
#11210=CARTESIAN_POINT('',(39.3,-6.98876347547059,8.1367472468188));
#11211=CARTESIAN_POINT('',(39.3,-6.99827925108182,7.88468299259788));
#11212=CARTESIAN_POINT('',(39.3,-6.99999999999991,7.7380301643345));
#11213=CARTESIAN_POINT('',(39.3,-6.99999999999991,7.67641420814346));
#11214=CARTESIAN_POINT('',(39.3,-7.,7.67641420814345));
#11215=VECTOR('',#11216,1.);
#11216=DIRECTION('',(0.,0.,-1.));
#11217=CARTESIAN_POINT('',(-32.9,-2.,39.3));
#11218=VECTOR('',#11219,1.);
#11219=DIRECTION('',(0.,1.,0.));
#11220=CARTESIAN_POINT('',(-41.3,-2.,30.8999999999999));
#11221=VECTOR('',#11222,1.);
#11222=DIRECTION('',(0.,1.,0.));
#11223=CARTESIAN_POINT('',(-41.3,-2.,-30.9));
#11224=VECTOR('',#11225,1.);
#11225=DIRECTION('',(0.,1.,0.));
#11226=CARTESIAN_POINT('',(-41.3000000000003,-13.9999999989977,-3.99999999999998));
#11227=CARTESIAN_POINT('',(-41.3000000000001,-2.,-3.99999999999998));
#11228=VECTOR('',#11229,1.);
#11229=DIRECTION('',(0.,-1.,-7.40148683145257E-17));
#11230=CARTESIAN_POINT('',(-41.2999999999986,-13.9999999989977,21.0000000000001));
#11231=CARTESIAN_POINT('',(-41.2999999999993,-13.9999999989977,21.0000000000001));
#11232=VECTOR('',#11233,1.);
#11233=DIRECTION('',(-3.24007487506604E-14,1.42108547152019E-16,-1.));
#11234=CARTESIAN_POINT('',(-41.2999999999993,-13.9999999989977,21.0000000000001));
#11235=VECTOR('',#11236,1.);
#11236=DIRECTION('',(0.,1.,0.));
#11237=CARTESIAN_POINT('',(-39.3,-15.7679491924311,21.0000000000001));
#11238=CARTESIAN_POINT('',(-40.3,-19.5,21.0000000000001));
#11239=CARTESIAN_POINT('',(-40.3,-19.5,21.0000000000001));
#11240=VECTOR('',#11241,1.);
#11241=DIRECTION('',(0.258819045102521,0.965925826289068,0.));
#11242=CARTESIAN_POINT('',(-39.3,-6.99553976520133,20.9999999999997));
#11243=CARTESIAN_POINT('',(-39.3,-6.99553976342926,21.0000000000001));
#11244=VECTOR('',#11245,1.);
#11245=DIRECTION('',(0.,-1.,0.));
#11246=CARTESIAN_POINT('',(-39.3,-6.99553976520135,20.9999999999989));
#11247=CARTESIAN_POINT('',(-39.3000013142987,-6.89955209946733,20.9999999999997));
#11248=CARTESIAN_POINT('',(-39.2970965460951,-6.79862739517395,21.0000000000002));
#11249=CARTESIAN_POINT('',(-39.2858216742404,-6.607678951379,21.0000000000001));
#11250=CARTESIAN_POINT('',(-39.2692064202215,-6.41834506885263,20.9999999999991));
#11251=CARTESIAN_POINT('',(-39.242098338214,-6.22998441706231,20.9999999999964));
#11252=CARTESIAN_POINT('',(-39.2044905259761,-6.01456066697067,20.9999999999923));
#11253=CARTESIAN_POINT('',(-39.1661505243443,-5.83464664044447,20.9999999999878));
#11254=CARTESIAN_POINT('',(-39.0956873746718,-5.57337124200466,20.9999999999788));
#11255=CARTESIAN_POINT('',(-39.0246818634343,-5.35080924349986,20.9999999999694));
#11256=CARTESIAN_POINT('',(-38.9291864997467,-5.09770909015302,20.9999999999563));
#11257=CARTESIAN_POINT('',(-38.8244357103014,-4.8594233926205,20.9999999999416));
#11258=CARTESIAN_POINT('',(-38.7024493769463,-4.61779201356339,20.9999999999242));
#11259=CARTESIAN_POINT('',(-38.5684777500047,-4.38352208149055,20.9999999999047));
#11260=CARTESIAN_POINT('',(-38.4251307457917,-4.16265547264468,20.9999999998836));
#11261=CARTESIAN_POINT('',(-38.2613752891587,-3.93653407973543,20.9999999998593));
#11262=CARTESIAN_POINT('',(-38.0939711286989,-3.7301561420162,20.9999999998343));
#11263=CARTESIAN_POINT('',(-37.8976962288514,-3.51451143009291,20.9999999998046));
#11264=CARTESIAN_POINT('',(-37.6872635338219,-3.30733601138847,20.9999999997726));
#11265=CARTESIAN_POINT('',(-37.4704665024568,-3.11947400329711,20.9999999997394));
#11266=CARTESIAN_POINT('',(-37.1946697943797,-2.90609016077805,20.999999999697));
#11267=CARTESIAN_POINT('',(-36.9807602484775,-2.76359576346724,20.9999999996639));
#11268=CARTESIAN_POINT('',(-36.6666286928717,-2.57832285937347,20.999999999615));
#11269=CARTESIAN_POINT('',(-36.4720132172027,-2.47887190674511,20.9999999995846));
#11270=CARTESIAN_POINT('',(-36.1394245212721,-2.33319019980741,20.9999999995324));
#11271=CARTESIAN_POINT('',(-35.9661921993411,-2.26829386560504,20.9999999995051));
#11272=CARTESIAN_POINT('',(-35.6943211174974,-2.18186501747441,20.9999999994621));
#11273=CARTESIAN_POINT('',(-35.5196855221891,-2.13324791097514,20.9999999994345));
#11274=CARTESIAN_POINT('',(-35.3209224682138,-2.08921213254113,20.9999999994029));
#11275=CARTESIAN_POINT('',(-35.1514326808159,-2.05627469131385,20.9999999993759));
#11276=CARTESIAN_POINT('',(-35.0090549776738,-2.03356566879174,20.9999999993532));
#11277=CARTESIAN_POINT('',(-34.8386168659612,-2.01257755108917,20.999999999326));
#11278=CARTESIAN_POINT('',(-34.7533828758311,-2.00430879117622,20.9999999993123));
#11279=CARTESIAN_POINT('',(-34.7000000000025,-2.00000000000042,20.9999999993038));
#11280=CARTESIAN_POINT('',(-42.8,-15.5000000000014,21.0000000000001));
#11281=CARTESIAN_POINT('',(-42.7999999999987,-15.5,21.0000000000001));
#11282=VECTOR('',#11283,1.);
#11283=DIRECTION('',(0.707106780950308,0.707106781422787,0.));
#11284=CARTESIAN_POINT('',(-42.8,-18.3452994616208,21.0000000000001));
#11285=CARTESIAN_POINT('',(-42.8,-15.5000000000014,21.0000000000001));
#11286=VECTOR('',#11287,1.);
#11287=DIRECTION('',(0.,-1.,0.));
#11288=CARTESIAN_POINT('',(-40.7999999999986,-19.5,21.0000000000001));
#11289=CARTESIAN_POINT('',(-40.7999999999986,-19.5,21.0000000000001));
#11290=VECTOR('',#11291,1.);
#11291=DIRECTION('',(-0.866025403784441,0.499999999999995,0.));
#11292=CARTESIAN_POINT('',(-40.3,-19.5,21.0000000000001));
#11293=VECTOR('',#11294,1.);
#11294=DIRECTION('',(-1.,0.,0.));
#11295=AXIS2_PLACEMENT_3D('',#11296,#11297,#11298);
#11296=CARTESIAN_POINT('',(-33.5,-2.,22.6));
#11297=DIRECTION('',(0.,-1.,-6.12323399573678E-17));
#11298=DIRECTION('',(-0.600000000000072,4.89858719658909E-17,-0.799999999999946));
#11299=CARTESIAN_POINT('',(-33.5,4.06768431507898E-15,20.6));
#11300=VECTOR('',#11301,1.);
#11301=DIRECTION('',(0.,-1.,0.));
#11302=CARTESIAN_POINT('',(-35.5,3.94521963516424E-15,22.6));
#11303=VECTOR('',#11304,1.);
#11304=DIRECTION('',(0.,-1.,0.));
#11305=CARTESIAN_POINT('',(-35.5,3.51659325546267E-15,29.6));
#11306=VECTOR('',#11307,1.);
#11307=DIRECTION('',(0.,-1.,0.));
#11308=CARTESIAN_POINT('',(-33.5,3.39412857554793E-15,31.6));
#11309=VECTOR('',#11310,1.);
#11310=DIRECTION('',(0.,-1.,0.));
#11311=CARTESIAN_POINT('',(-32.,3.39412857554793E-15,31.6));
#11312=VECTOR('',#11313,1.);
#11313=DIRECTION('',(0.,-1.,0.));
#11314=CARTESIAN_POINT('',(-32.,3.07740813131709E-15,36.7724373827842));
#11315=VECTOR('',#11316,1.);
#11316=DIRECTION('',(0.,-1.,-3.55271367880049E-15));
#11317=CARTESIAN_POINT('',(-31.4,3.07740813131709E-15,36.7724373827842));
#11318=VECTOR('',#11319,1.);
#11319=DIRECTION('',(0.,-1.,-3.55271367880049E-15));
#11320=CARTESIAN_POINT('',(-31.4,3.43086797952235E-15,31.));
#11321=VECTOR('',#11322,1.);
#11322=DIRECTION('',(0.,-1.,0.));
#11323=CARTESIAN_POINT('',(-33.5,3.43086797952235E-15,31.));
#11324=VECTOR('',#11325,1.);
#11325=DIRECTION('',(0.,-1.,0.));
#11326=CARTESIAN_POINT('',(-34.9,3.51659325546267E-15,29.6));
#11327=VECTOR('',#11328,1.);
#11328=DIRECTION('',(0.,-1.,0.));
#11329=CARTESIAN_POINT('',(-34.9,3.94521963516424E-15,22.6));
#11330=VECTOR('',#11331,1.);
#11331=DIRECTION('',(0.,-1.,0.));
#11332=CARTESIAN_POINT('',(-33.5,4.03094491110456E-15,21.2));
#11333=VECTOR('',#11334,1.);
#11334=DIRECTION('',(0.,-1.,0.));
#11335=CARTESIAN_POINT('',(-26.5,4.03094491110456E-15,21.2));
#11336=VECTOR('',#11337,1.);
#11337=DIRECTION('',(0.,-1.,0.));
#11338=CARTESIAN_POINT('',(-25.1,3.94521963516424E-15,22.6));
#11339=VECTOR('',#11340,1.);
#11340=DIRECTION('',(0.,-1.,0.));
#11341=CARTESIAN_POINT('',(-25.1,3.51659325546267E-15,29.6));
#11342=VECTOR('',#11343,1.);
#11343=DIRECTION('',(0.,-1.,0.));
#11344=CARTESIAN_POINT('',(-26.5,3.43086797952235E-15,31.));
#11345=VECTOR('',#11346,1.);
#11346=DIRECTION('',(0.,-1.,0.));
#11347=CARTESIAN_POINT('',(-28.6,3.43086797952235E-15,31.));
#11348=VECTOR('',#11349,1.);
#11349=DIRECTION('',(0.,-1.,0.));
#11350=CARTESIAN_POINT('',(-28.6,3.07740813131709E-15,36.7724373827842));
#11351=VECTOR('',#11352,1.);
#11352=DIRECTION('',(0.,-1.,-3.55271367880049E-15));
#11353=CARTESIAN_POINT('',(-28.,3.07740813131709E-15,36.7724373827842));
#11354=VECTOR('',#11355,1.);
#11355=DIRECTION('',(0.,-1.,-3.55271367880049E-15));
#11356=CARTESIAN_POINT('',(-28.,3.39412857554793E-15,31.6));
#11357=VECTOR('',#11358,1.);
#11358=DIRECTION('',(0.,-1.,0.));
#11359=CARTESIAN_POINT('',(-26.5,3.39412857554793E-15,31.6));
#11360=VECTOR('',#11361,1.);
#11361=DIRECTION('',(0.,-1.,0.));
#11362=CARTESIAN_POINT('',(-24.5,3.51659325546267E-15,29.6));
#11363=VECTOR('',#11364,1.);
#11364=DIRECTION('',(0.,-1.,0.));
#11365=CARTESIAN_POINT('',(-24.5,3.94521963516424E-15,22.6));
#11366=VECTOR('',#11367,1.);
#11367=DIRECTION('',(0.,-1.,0.));
#11368=CARTESIAN_POINT('',(-26.5,4.06768431507898E-15,20.6));
#11369=VECTOR('',#11370,1.);
#11370=DIRECTION('',(0.,-1.,0.));
#11371=CARTESIAN_POINT('',(-39.3,-7.,20.7669697220177));
#11372=CARTESIAN_POINT('',(-34.3,-2.,20.7669697220177));
#11373=CARTESIAN_POINT('',(-34.3408719103645,-1.99999989537136,20.7669697220177));
#11374=CARTESIAN_POINT('',(-34.4225558531261,-2.00100170307811,20.7669697220177));
#11375=CARTESIAN_POINT('',(-34.5182950396416,-2.00452321885231,20.7669697220177));
#11376=CARTESIAN_POINT('',(-34.5996820289475,-2.00886071863488,20.7669697220177));
#11377=CARTESIAN_POINT('',(-34.6936282607677,-2.0150184470119,20.7669697220177));
#11378=CARTESIAN_POINT('',(-34.8463596495308,-2.02871830018668,20.7669697220177));
#11379=CARTESIAN_POINT('',(-35.0110798010282,-2.04983213882658,20.7669697220177));
#11380=CARTESIAN_POINT('',(-35.1757874832843,-2.07662530234911,20.7669697220177));
#11381=CARTESIAN_POINT('',(-35.3672912977023,-2.11332124236367,20.7669697220177));
#11382=CARTESIAN_POINT('',(-35.5588690579037,-2.15939866497704,20.7669697220177));
#11383=CARTESIAN_POINT('',(-35.7591195604005,-2.21672855045669,20.7669697220177));
#11384=CARTESIAN_POINT('',(-35.9494751769061,-2.27789204769966,20.7669697220177));
#11385=CARTESIAN_POINT('',(-36.1410596066724,-2.34967440625823,20.7669697220177));
#11386=CARTESIAN_POINT('',(-36.2992364113485,-2.41657971082811,20.7669697220177));
#11387=CARTESIAN_POINT('',(-36.4257951691862,-2.47366988614929,20.7669697220177));
#11388=CARTESIAN_POINT('',(-36.5640098571096,-2.54071764787813,20.7669697220177));
#11389=CARTESIAN_POINT('',(-36.7188798861743,-2.62290300022914,20.7669697220177));
#11390=CARTESIAN_POINT('',(-36.8201613145516,-2.68122049038276,20.7669697220178));
#11391=CARTESIAN_POINT('',(-36.9081574163078,-2.73388445530609,20.7669697220178));
#11392=CARTESIAN_POINT('',(-36.9834694921819,-2.780443561385,20.7669697220178));
#11393=CARTESIAN_POINT('',(-37.0892102527761,-2.84968501836427,20.7669697220178));
#11394=CARTESIAN_POINT('',(-37.1851963458481,-2.91588624597407,20.7669697220178));
#11395=CARTESIAN_POINT('',(-37.2747564376233,-2.9807205004836,20.7669697220178));
#11396=CARTESIAN_POINT('',(-37.343529148278,-3.03277466766775,20.7669697220178));
#11397=CARTESIAN_POINT('',(-37.3954824076113,-3.07333098973289,20.7669697220178));
#11398=CARTESIAN_POINT('',(-37.4438561784067,-3.11183244404289,20.7669697220178));
#11399=CARTESIAN_POINT('',(-37.5018319406879,-3.15931496116322,20.7669697220178));
#11400=CARTESIAN_POINT('',(-37.5674398077717,-3.21500850310231,20.7669697220178));
#11401=CARTESIAN_POINT('',(-37.6289998782311,-3.26906004705634,20.7669697220178));
#11402=CARTESIAN_POINT('',(-37.6881344618445,-3.32268937161024,20.7669697220178));
#11403=CARTESIAN_POINT('',(-37.7456361503928,-3.37651294292488,20.7669697220178));
#11404=CARTESIAN_POINT('',(-37.8022742373506,-3.43122682574465,20.7669697220178));
#11405=CARTESIAN_POINT('',(-37.8443934646277,-3.47321732834924,20.7669697220178));
#11406=CARTESIAN_POINT('',(-37.8874106281113,-3.51696669602481,20.7669697220178));
#11407=CARTESIAN_POINT('',(-37.9362164874634,-3.56766025676864,20.7669697220178));
#11408=CARTESIAN_POINT('',(-38.0033910509226,-3.64014239518064,20.7669697220178));
#11409=CARTESIAN_POINT('',(-38.0741286151906,-3.7197924197468,20.7669697220178));
#11410=CARTESIAN_POINT('',(-38.1436567798288,-3.80153512391255,20.7669697220178));
#11411=CARTESIAN_POINT('',(-38.2119180583908,-3.88538658370213,20.7669697220178));
#11412=CARTESIAN_POINT('',(-38.2612179168942,-3.94870234247013,20.7669697220178));
#11413=CARTESIAN_POINT('',(-38.305222267663,-4.0067896019958,20.7669697220178));
#11414=CARTESIAN_POINT('',(-38.3489043584161,-4.06578744912787,20.7669697220178));
#11415=CARTESIAN_POINT('',(-38.408200661698,-4.14925254150029,20.7669697220178));
#11416=CARTESIAN_POINT('',(-38.4651564458535,-4.23329856668858,20.7669697220178));
#11417=CARTESIAN_POINT('',(-38.5156022992109,-4.31094412472256,20.7669697220178));
#11418=CARTESIAN_POINT('',(-38.5604832692487,-4.38261636366916,20.7669697220178));
#11419=CARTESIAN_POINT('',(-38.6039900068168,-4.45479686164782,20.7669697220178));
#11420=CARTESIAN_POINT('',(-38.6335008153224,-4.50568634241374,20.7669697220178));
#11421=CARTESIAN_POINT('',(-38.6640962772994,-4.55955509239016,20.7669697220178));
#11422=CARTESIAN_POINT('',(-38.6968167314388,-4.61857597616579,20.7669697220178));
#11423=CARTESIAN_POINT('',(-38.7535197375544,-4.72573859147962,20.7669697220178));
#11424=CARTESIAN_POINT('',(-38.8279421074091,-4.8759823632916,20.7669697220178));
#11425=CARTESIAN_POINT('',(-38.8872662624611,-5.00898887307896,20.7669697220178));
#11426=CARTESIAN_POINT('',(-38.9494039283867,-5.15899875072026,20.7669697220178));
#11427=CARTESIAN_POINT('',(-39.0038357601594,-5.30037303714531,20.7669697220178));
#11428=CARTESIAN_POINT('',(-39.0633960239717,-5.47690633361269,20.7669697220178));
#11429=CARTESIAN_POINT('',(-39.1030136257162,-5.60899727887813,20.7669697220178));
#11430=CARTESIAN_POINT('',(-39.1261472717295,-5.69249543744109,20.7669697220178));
#11431=CARTESIAN_POINT('',(-39.145470400572,-5.76571130942057,20.7669697220178));
#11432=CARTESIAN_POINT('',(-39.1659569577854,-5.84846519688779,20.7669697220178));
#11433=CARTESIAN_POINT('',(-39.1905751153314,-5.9575372717446,20.7669697220178));
#11434=CARTESIAN_POINT('',(-39.2141172252978,-6.07432234910959,20.7669697220178));
#11435=CARTESIAN_POINT('',(-39.235044075902,-6.19379534868839,20.7669697220178));
#11436=CARTESIAN_POINT('',(-39.2475620895404,-6.27669835789437,20.7669697220178));
#11437=CARTESIAN_POINT('',(-39.257590418507,-6.34923399416007,20.7669697220178));
#11438=CARTESIAN_POINT('',(-39.266264751674,-6.4175590644723,20.7669697220178));
#11439=CARTESIAN_POINT('',(-39.2765111157575,-6.51274262659181,20.7669697220178));
#11440=CARTESIAN_POINT('',(-39.2849917123035,-6.6088608244571,20.7669697220178));
#11441=CARTESIAN_POINT('',(-39.2916605468106,-6.70589838944085,20.7669697220178));
#11442=CARTESIAN_POINT('',(-39.2948829398762,-6.77146035360775,20.7669697220178));
#11443=CARTESIAN_POINT('',(-39.2974409785153,-6.83679466681847,20.7669697220178));
#11444=CARTESIAN_POINT('',(-39.2993614960004,-6.90230206683418,20.7669697220178));
#11445=CARTESIAN_POINT('',(-39.3000000395698,-6.96721307330882,20.7669697220178));
#11446=CARTESIAN_POINT('',(-39.3,-6.99999999697086,20.7669697220178));
#11447=CARTESIAN_POINT('',(-39.3,-7.,18.7235857918566));
#11448=CARTESIAN_POINT('',(-39.3,-7.,20.7669697220177));
#11449=VECTOR('',#11450,1.);
#11450=DIRECTION('',(0.,0.,-1.));
#11451=CARTESIAN_POINT('',(-34.3,-2.,18.7235857918566));
#11452=CARTESIAN_POINT('',(-34.34087191028,-1.99999989537109,18.7235857918566));
#11453=CARTESIAN_POINT('',(-34.4225558529221,-2.00100170307557,18.7235857918566));
#11454=CARTESIAN_POINT('',(-34.5182950394807,-2.00452321884146,18.7235857918566));
#11455=CARTESIAN_POINT('',(-34.5996820287226,-2.00886071862705,18.7235857918566));
#11456=CARTESIAN_POINT('',(-34.6936282604333,-2.01501844692624,18.7235857918566));
#11457=CARTESIAN_POINT('',(-34.8463596489325,-2.02871830069515,18.7235857918566));
#11458=CARTESIAN_POINT('',(-35.0110798006419,-2.04983213902706,18.7235857918565));
#11459=CARTESIAN_POINT('',(-35.1757874832296,-2.07662530227499,18.7235857918564));
#11460=CARTESIAN_POINT('',(-35.3672912977777,-2.11332124232164,18.7235857918563));
#11461=CARTESIAN_POINT('',(-35.5588690578562,-2.15939866541722,18.7235857918562));
#11462=CARTESIAN_POINT('',(-35.7591195605865,-2.21672855038163,18.723585791856));
#11463=CARTESIAN_POINT('',(-35.9494751771613,-2.27789204783057,18.7235857918558));
#11464=CARTESIAN_POINT('',(-36.1410596069484,-2.34967440633622,18.7235857918556));
#11465=CARTESIAN_POINT('',(-36.2992364115698,-2.41657971092379,18.7235857918554));
#11466=CARTESIAN_POINT('',(-36.4257951693588,-2.47366988623021,18.7235857918552));
#11467=CARTESIAN_POINT('',(-36.5640098573365,-2.54071764797737,18.723585791855));
#11468=CARTESIAN_POINT('',(-36.718879886372,-2.62290300033125,18.7235857918547));
#11469=CARTESIAN_POINT('',(-36.8201613146771,-2.68122049044639,18.7235857918545));
#11470=CARTESIAN_POINT('',(-36.908157416403,-2.73388445536422,18.7235857918543));
#11471=CARTESIAN_POINT('',(-36.9834694922976,-2.78044356145922,18.7235857918542));
#11472=CARTESIAN_POINT('',(-37.0892102529276,-2.84968501844921,18.7235857918539));
#11473=CARTESIAN_POINT('',(-37.1851963459989,-2.91588624608576,18.7235857918537));
#11474=CARTESIAN_POINT('',(-37.2747564377564,-2.98072050057233,18.7235857918535));
#11475=CARTESIAN_POINT('',(-37.3435291483797,-3.03277466773647,18.7235857918533));
#11476=CARTESIAN_POINT('',(-37.3954824076798,-3.07333098978284,18.7235857918532));
#11477=CARTESIAN_POINT('',(-37.4438561784502,-3.11183244407812,18.7235857918531));
#11478=CARTESIAN_POINT('',(-37.501831940749,-3.15931496121427,18.7235857918529));
#11479=CARTESIAN_POINT('',(-37.5674398078473,-3.21500850316107,18.7235857918527));
#11480=CARTESIAN_POINT('',(-37.6289998783086,-3.26906004711651,18.7235857918525));
#11481=CARTESIAN_POINT('',(-37.6881344619087,-3.32268937166914,18.7235857918523));
#11482=CARTESIAN_POINT('',(-37.7456361504572,-3.37651294298519,18.7235857918522));
#11483=CARTESIAN_POINT('',(-37.802274237425,-3.43122682580934,18.723585791852));
#11484=CARTESIAN_POINT('',(-37.8443934646893,-3.47321732840534,18.7235857918518));
#11485=CARTESIAN_POINT('',(-37.8874106281558,-3.51696669606795,18.7235857918517));
#11486=CARTESIAN_POINT('',(-37.9362164874985,-3.56766025680662,18.7235857918515));
#11487=CARTESIAN_POINT('',(-38.003391050974,-3.64014239523574,18.7235857918513));
#11488=CARTESIAN_POINT('',(-38.0741286152477,-3.71979241980441,18.723585791851));
#11489=CARTESIAN_POINT('',(-38.1436567798824,-3.80153512397778,18.7235857918507));
#11490=CARTESIAN_POINT('',(-38.2119180584399,-3.8853865837608,18.7235857918504));
#11491=CARTESIAN_POINT('',(-38.2612179169328,-3.9487023425156,18.7235857918502));
#11492=CARTESIAN_POINT('',(-38.3052222676934,-4.00678960203402,18.72358579185));
#11493=CARTESIAN_POINT('',(-38.3489043584385,-4.06578744915934,18.7235857918498));
#11494=CARTESIAN_POINT('',(-38.4082006617286,-4.14925254154369,18.7235857918495));
#11495=CARTESIAN_POINT('',(-38.4651564458864,-4.23329856673301,18.7235857918492));
#11496=CARTESIAN_POINT('',(-38.5156022992399,-4.31094412476569,18.7235857918489));
#11497=CARTESIAN_POINT('',(-38.5604832692725,-4.38261636370952,18.7235857918487));
#11498=CARTESIAN_POINT('',(-38.6039900068358,-4.4547968616761,18.7235857918484));
#11499=CARTESIAN_POINT('',(-38.6335008153408,-4.50568634244265,18.7235857918483));
#11500=CARTESIAN_POINT('',(-38.6640962773119,-4.55955509241097,18.7235857918481));
#11501=CARTESIAN_POINT('',(-38.6968167314516,-4.61857597619055,18.7235857918479));
#11502=CARTESIAN_POINT('',(-38.753519737567,-4.72573859150266,18.7235857918475));
#11503=CARTESIAN_POINT('',(-38.8279421074224,-4.8759823633177,18.723585791847));
#11504=CARTESIAN_POINT('',(-38.8872662624714,-5.00898887310016,18.7235857918465));
#11505=CARTESIAN_POINT('',(-38.9494039283939,-5.15899875073769,18.723585791846));
#11506=CARTESIAN_POINT('',(-39.0038357601644,-5.30037303715794,18.7235857918455));
#11507=CARTESIAN_POINT('',(-39.0633960239763,-5.47690633362766,18.7235857918449));
#11508=CARTESIAN_POINT('',(-39.1030136257194,-5.60899727888791,18.7235857918444));
#11509=CARTESIAN_POINT('',(-39.1261472717319,-5.69249543744894,18.7235857918441));
#11510=CARTESIAN_POINT('',(-39.1454704005732,-5.76571130942543,18.7235857918439));
#11511=CARTESIAN_POINT('',(-39.1659569577867,-5.84846519689376,18.7235857918436));
#11512=CARTESIAN_POINT('',(-39.1905751153328,-5.95753727174978,18.7235857918432));
#11513=CARTESIAN_POINT('',(-39.2141172252989,-6.07432234911534,18.7235857918428));
#11514=CARTESIAN_POINT('',(-39.2350440759027,-6.1937953486926,18.7235857918424));
#11515=CARTESIAN_POINT('',(-39.2475620895411,-6.27669835789851,18.7235857918421));
#11516=CARTESIAN_POINT('',(-39.2575904185075,-6.34923399416332,18.7235857918418));
#11517=CARTESIAN_POINT('',(-39.2662647516743,-6.41755906447557,18.7235857918416));
#11518=CARTESIAN_POINT('',(-39.2765111157576,-6.51274262659377,18.7235857918412));
#11519=CARTESIAN_POINT('',(-39.2849917123035,-6.6088608244583,18.7235857918409));
#11520=CARTESIAN_POINT('',(-39.2916605468105,-6.70589838944153,18.7235857918406));
#11521=CARTESIAN_POINT('',(-39.2948829398762,-6.77146035360783,18.7235857918403));
#11522=CARTESIAN_POINT('',(-39.2974409785152,-6.8367946668175,18.7235857918401));
#11523=CARTESIAN_POINT('',(-39.2993614960005,-6.90230206683306,18.7235857918399));
#11524=CARTESIAN_POINT('',(-39.3000000395697,-6.96721307330777,18.7235857918396));
#11525=CARTESIAN_POINT('',(-39.2999999999999,-6.99999999697078,18.7235857918395));
#11526=AXIS2_PLACEMENT_3D('',#11527,#11528,#11529);
#11527=CARTESIAN_POINT('',(-30.,-2.,13.2));
#11528=DIRECTION('',(0.,-1.,-6.12323399573677E-17));
#11529=DIRECTION('',(-0.614285714285714,-4.83174404272355E-17,0.789083684550942));
#11530=CARTESIAN_POINT('',(-30.,-15.5,6.2));
#11531=AXIS2_PLACEMENT_3D('',#11532,#11533,#11534);
#11532=CARTESIAN_POINT('',(-30.,-15.5,13.2));
#11533=DIRECTION('',(0.,-1.,-6.12323399573677E-17));
#11534=DIRECTION('',(6.12323399573677E-17,6.12323399573677E-17,-1.));
#11535=CARTESIAN_POINT('',(-39.3,-7.,7.67641420814339));
#11536=CARTESIAN_POINT('',(-34.3,-2.,7.6764142081434));
#11537=CARTESIAN_POINT('',(-34.3408719103752,-1.99999989537068,7.6764142081434));
#11538=CARTESIAN_POINT('',(-34.4225558532602,-2.00100170307966,7.6764142081434));
#11539=CARTESIAN_POINT('',(-34.5182950398171,-2.00452321886003,7.6764142081434));
#11540=CARTESIAN_POINT('',(-34.5996820294025,-2.00886071866064,7.6764142081434));
#11541=CARTESIAN_POINT('',(-34.6936282614204,-2.01501844706225,7.6764142081434));
#11542=CARTESIAN_POINT('',(-34.8463596503692,-2.02871830025967,7.6764142081434));
#11543=CARTESIAN_POINT('',(-35.0110798016139,-2.04983213890046,7.67641420814341));
#11544=CARTESIAN_POINT('',(-35.1757874837115,-2.07662530243148,7.67641420814341));
#11545=CARTESIAN_POINT('',(-35.3672912979592,-2.11332124239916,7.67641420814342));
#11546=CARTESIAN_POINT('',(-35.5588690581756,-2.15939866502627,7.67641420814344));
#11547=CARTESIAN_POINT('',(-35.7591195606395,-2.21672855053415,7.67641420814345));
#11548=CARTESIAN_POINT('',(-35.9494751771952,-2.27789204777741,7.67641420814347));
#11549=CARTESIAN_POINT('',(-36.1410596069611,-2.34967440635105,7.67641420814348));
#11550=CARTESIAN_POINT('',(-36.2992364115694,-2.41657971092244,7.6764142081435));
#11551=CARTESIAN_POINT('',(-36.4257951693559,-2.4736698862294,7.67641420814352));
#11552=CARTESIAN_POINT('',(-36.5640098573364,-2.5407176479771,7.67641420814354));
#11553=CARTESIAN_POINT('',(-36.7188798863714,-2.62290300033095,7.67641420814356));
#11554=CARTESIAN_POINT('',(-36.8201613146762,-2.68122049044588,7.67641420814358));
#11555=CARTESIAN_POINT('',(-36.9081574164022,-2.73388445536368,7.67641420814359));
#11556=CARTESIAN_POINT('',(-36.9834694922964,-2.78044356145846,7.6764142081436));
#11557=CARTESIAN_POINT('',(-37.0892102529263,-2.84968501844833,7.67641420814362));
#11558=CARTESIAN_POINT('',(-37.1851963459974,-2.9158862460847,7.67641420814364));
#11559=CARTESIAN_POINT('',(-37.274756437755,-2.98072050057131,7.67641420814366));
#11560=CARTESIAN_POINT('',(-37.3435291483786,-3.03277466773562,7.67641420814367));
#11561=CARTESIAN_POINT('',(-37.395482407679,-3.07333098978221,7.67641420814368));
#11562=CARTESIAN_POINT('',(-37.4438561784496,-3.11183244407764,7.6764142081437));
#11563=CARTESIAN_POINT('',(-37.5018319407481,-3.15931496121355,7.67641420814371));
#11564=CARTESIAN_POINT('',(-37.5674398078463,-3.21500850316012,7.67641420814372));
#11565=CARTESIAN_POINT('',(-37.6289998783075,-3.26906004711549,7.67641420814374));
#11566=CARTESIAN_POINT('',(-37.6881344619076,-3.32268937166815,7.67641420814376));
#11567=CARTESIAN_POINT('',(-37.7456361504561,-3.37651294298411,7.67641420814377));
#11568=CARTESIAN_POINT('',(-37.8022742374237,-3.43122682580808,7.67641420814379));
#11569=CARTESIAN_POINT('',(-37.8443934646882,-3.47321732840425,7.6764142081438));
#11570=CARTESIAN_POINT('',(-37.887410628155,-3.51696669606706,7.67641420814381));
#11571=CARTESIAN_POINT('',(-37.9362164874977,-3.56766025680582,7.67641420814383));
#11572=CARTESIAN_POINT('',(-38.0033910509728,-3.64014239523447,7.67641420814385));
#11573=CARTESIAN_POINT('',(-38.0741286152464,-3.71979241980297,7.67641420814387));
#11574=CARTESIAN_POINT('',(-38.1436567798811,-3.80153512397618,7.67641420814389));
#11575=CARTESIAN_POINT('',(-38.2119180584387,-3.88538658375922,7.67641420814392));
#11576=CARTESIAN_POINT('',(-38.2612179169319,-3.94870234251432,7.67641420814393));
#11577=CARTESIAN_POINT('',(-38.3052222676925,-4.00678960203291,7.67641420814395));
#11578=CARTESIAN_POINT('',(-38.3489043584378,-4.06578744915837,7.67641420814397));
#11579=CARTESIAN_POINT('',(-38.4082006617277,-4.14925254154229,7.67641420814399));
#11580=CARTESIAN_POINT('',(-38.4651564458854,-4.23329856673145,7.67641420814402));
#11581=CARTESIAN_POINT('',(-38.5156022992389,-4.31094412476415,7.67641420814404));
#11582=CARTESIAN_POINT('',(-38.5604832692716,-4.38261636370804,7.67641420814406));
#11583=CARTESIAN_POINT('',(-38.6039900068352,-4.45479686167493,7.67641420814408));
#11584=CARTESIAN_POINT('',(-38.63350081534,-4.50568634244151,7.67641420814409));
#11585=CARTESIAN_POINT('',(-38.6640962773114,-4.55955509241002,7.67641420814411));
#11586=CARTESIAN_POINT('',(-38.696816731451,-4.61857597618947,7.67641420814413));
#11587=CARTESIAN_POINT('',(-38.7535197375664,-4.7257385915015,7.67641420814416));
#11588=CARTESIAN_POINT('',(-38.8279421074218,-4.8759823633163,7.6764142081442));
#11589=CARTESIAN_POINT('',(-38.8872662624708,-5.00898887309895,7.67641420814424));
#11590=CARTESIAN_POINT('',(-38.9494039283935,-5.15899875073657,7.67641420814428));
#11591=CARTESIAN_POINT('',(-39.0038357601641,-5.300373037157,7.67641420814433));
#11592=CARTESIAN_POINT('',(-39.0633960239759,-5.47690633362644,7.67641420814438));
#11593=CARTESIAN_POINT('',(-39.1030136257191,-5.60899727888701,7.67641420814442));
#11594=CARTESIAN_POINT('',(-39.1261472717317,-5.69249543744813,7.67641420814444));
#11595=CARTESIAN_POINT('',(-39.145470400573,-5.76571130942483,7.67641420814446));
#11596=CARTESIAN_POINT('',(-39.1659569577865,-5.84846519689294,7.67641420814449));
#11597=CARTESIAN_POINT('',(-39.1905751153326,-5.95753727174891,7.67641420814452));
#11598=CARTESIAN_POINT('',(-39.2141172252986,-6.07432234911431,7.67641420814455));
#11599=CARTESIAN_POINT('',(-39.2350440759025,-6.19379534869174,7.67641420814459));
#11600=CARTESIAN_POINT('',(-39.247562089541,-6.2766983578976,7.67641420814461));
#11601=CARTESIAN_POINT('',(-39.2575904185073,-6.34923399416254,7.67641420814463));
#11602=CARTESIAN_POINT('',(-39.2662647516742,-6.4175590644748,7.67641420814465));
#11603=CARTESIAN_POINT('',(-39.2765111157575,-6.51274262659322,7.67641420814468));
#11604=CARTESIAN_POINT('',(-39.2849917123035,-6.60886082445778,7.67641420814471));
#11605=CARTESIAN_POINT('',(-39.2916605468105,-6.70589838944068,7.67641420814474));
#11606=CARTESIAN_POINT('',(-39.294882939876,-6.77146035360688,7.67641420814476));
#11607=CARTESIAN_POINT('',(-39.2974409785153,-6.83679466681573,7.67641420814478));
#11608=CARTESIAN_POINT('',(-39.2993614960004,-6.90230206683177,7.6764142081448));
#11609=CARTESIAN_POINT('',(-39.3000000395696,-6.96721307330676,7.67641420814481));
#11610=CARTESIAN_POINT('',(-39.2999999999999,-6.99999999697075,7.67641420814482));
#11611=CARTESIAN_POINT('',(-39.3000000000005,-7.,-4.00000000000011));
#11612=CARTESIAN_POINT('',(-39.3,-7.,7.67641420814339));
#11613=VECTOR('',#11614,1.);
#11614=DIRECTION('',(0.,1.52132050793587E-16,-1.));
#11615=AXIS2_PLACEMENT_3D('',#11616,#11617,#11618);
#11616=CARTESIAN_POINT('',(-34.3000000000029,-7.,-4.00000000000044));
#11617=DIRECTION('',(6.49639072694949E-14,-7.61295788314393E-17,1.));
#11618=DIRECTION('',(5.84066128794802E-13,1.,7.61295787934961E-17));
#11619=CARTESIAN_POINT('',(-40.3,-19.5,-4.00000000000008));
#11620=CARTESIAN_POINT('',(-39.3,-15.7679491924311,-4.00000000000011));
#11621=CARTESIAN_POINT('',(-39.3,-15.7679491924311,-4.00000000000011));
#11622=VECTOR('',#11623,1.);
#11623=DIRECTION('',(-0.258819045102521,-0.965925826289068,8.27558965682828E-15));
#11624=CARTESIAN_POINT('',(-40.8000000000002,-19.5,-4.00000000000001));
#11625=CARTESIAN_POINT('',(-40.8000000000002,-19.5,-4.00000000000001));
#11626=VECTOR('',#11627,1.);
#11627=DIRECTION('',(1.,0.,-6.75015598971827E-14));
#11628=CARTESIAN_POINT('',(-42.8,-18.3452994616208,-3.99999999999989));
#11629=CARTESIAN_POINT('',(-42.8,-18.3452994616209,-3.99999999999989));
#11630=VECTOR('',#11631,1.);
#11631=DIRECTION('',(0.866025403784442,-0.499999999999994,-5.57659179051303E-14));
#11632=CARTESIAN_POINT('',(-42.8,-15.4999999999998,-3.99999999999988));
#11633=CARTESIAN_POINT('',(-42.8,-15.4999999999998,-3.99999999999988));
#11634=VECTOR('',#11635,1.);
#11635=DIRECTION('',(0.,-1.,-7.80390984921247E-16));
#11636=CARTESIAN_POINT('',(-41.3000000000002,-13.9999999989976,-3.99999999999998));
#11637=VECTOR('',#11638,1.);
#11638=DIRECTION('',(-0.707106780950308,-0.707106781422787,4.64747367615183E-14));
#11639=CARTESIAN_POINT('',(-39.3,-7.,-4.00000000000011));
#11640=VECTOR('',#11641,1.);
#11641=DIRECTION('',(0.,-1.,-1.01298308214062E-16));
#11642=CARTESIAN_POINT('',(-32.9,-2.,-39.3));
#11643=VECTOR('',#11644,1.);
#11644=DIRECTION('',(0.,1.,0.));
#11645=CARTESIAN_POINT('',(-15.,-7.,23.1));
#11646=AXIS2_PLACEMENT_3D('',#11647,#11648,#11649);
#11647=CARTESIAN_POINT('',(-15.,-7.,26.1));
#11648=DIRECTION('',(-6.84227765783602E-49,-1.,-6.12323399573676E-17));
#11649=DIRECTION('',(4.18968671627317E-65,6.12323399573676E-17,-1.));
#11650=CARTESIAN_POINT('',(15.,-7.,23.1));
#11651=AXIS2_PLACEMENT_3D('',#11652,#11653,#11654);
#11652=CARTESIAN_POINT('',(15.,-7.,26.1));
#11653=DIRECTION('',(-6.84227765783602E-49,-1.,-6.12323399573676E-17));
#11654=DIRECTION('',(4.18968671627317E-65,6.12323399573676E-17,-1.));
#11655=CARTESIAN_POINT('',(16.4,3.07740813131709E-15,36.7724373827842));
#11656=VECTOR('',#11657,1.);
#11657=DIRECTION('',(0.,-1.,0.));
#11658=CARTESIAN_POINT('',(16.4,3.43086797952235E-15,31.));
#11659=VECTOR('',#11660,1.);
#11660=DIRECTION('',(0.,-1.,0.));
#11661=CARTESIAN_POINT('',(17.,3.07740813131709E-15,36.7724373827842));
#11662=VECTOR('',#11663,1.);
#11663=DIRECTION('',(0.,-1.,0.));
#11664=CARTESIAN_POINT('',(17.,3.39412857554793E-15,31.6));
#11665=VECTOR('',#11666,1.);
#11666=DIRECTION('',(0.,-1.,0.));
#11667=CARTESIAN_POINT('',(18.5,3.39412857554793E-15,31.6));
#11668=VECTOR('',#11669,1.);
#11669=DIRECTION('',(0.,-1.,0.));
#11670=CARTESIAN_POINT('',(20.5,3.51659325546267E-15,29.6));
#11671=VECTOR('',#11672,1.);
#11672=DIRECTION('',(0.,-1.,0.));
#11673=CARTESIAN_POINT('',(20.5,3.94521963516424E-15,22.6));
#11674=VECTOR('',#11675,1.);
#11675=DIRECTION('',(0.,-1.,0.));
#11676=CARTESIAN_POINT('',(18.5,4.06768431507898E-15,20.6));
#11677=VECTOR('',#11678,1.);
#11678=DIRECTION('',(0.,-1.,-1.77635683940025E-15));
#11679=CARTESIAN_POINT('',(11.5,4.06768431507898E-15,20.6));
#11680=VECTOR('',#11681,1.);
#11681=DIRECTION('',(0.,-1.,0.));
#11682=CARTESIAN_POINT('',(9.5,3.94521963516424E-15,22.6));
#11683=VECTOR('',#11684,1.);
#11684=DIRECTION('',(0.,-1.,0.));
#11685=CARTESIAN_POINT('',(9.5,3.51659325546267E-15,29.6));
#11686=VECTOR('',#11687,1.);
#11687=DIRECTION('',(0.,-1.,0.));
#11688=CARTESIAN_POINT('',(11.5,3.39412857554793E-15,31.6));
#11689=VECTOR('',#11690,1.);
#11690=DIRECTION('',(0.,-1.,0.));
#11691=CARTESIAN_POINT('',(13.,3.39412857554793E-15,31.6));
#11692=VECTOR('',#11693,1.);
#11693=DIRECTION('',(0.,-1.,0.));
#11694=CARTESIAN_POINT('',(13.,3.07740813131709E-15,36.7724373827842));
#11695=VECTOR('',#11696,1.);
#11696=DIRECTION('',(0.,-1.,0.));
#11697=CARTESIAN_POINT('',(13.6,3.07740813131709E-15,36.7724373827842));
#11698=VECTOR('',#11699,1.);
#11699=DIRECTION('',(0.,-1.,0.));
#11700=CARTESIAN_POINT('',(13.6,3.43086797952235E-15,31.));
#11701=VECTOR('',#11702,1.);
#11702=DIRECTION('',(0.,-1.,0.));
#11703=CARTESIAN_POINT('',(11.5,3.43086797952235E-15,31.));
#11704=VECTOR('',#11705,1.);
#11705=DIRECTION('',(0.,-1.,0.));
#11706=CARTESIAN_POINT('',(10.1,3.51659325546267E-15,29.6));
#11707=VECTOR('',#11708,1.);
#11708=DIRECTION('',(0.,-1.,0.));
#11709=CARTESIAN_POINT('',(10.1,3.94521963516424E-15,22.6));
#11710=VECTOR('',#11711,1.);
#11711=DIRECTION('',(0.,-1.,0.));
#11712=CARTESIAN_POINT('',(11.5,4.03094491110456E-15,21.2));
#11713=VECTOR('',#11714,1.);
#11714=DIRECTION('',(0.,-1.,0.));
#11715=CARTESIAN_POINT('',(18.5,4.03094491110456E-15,21.2));
#11716=VECTOR('',#11717,1.);
#11717=DIRECTION('',(0.,-1.,0.));
#11718=CARTESIAN_POINT('',(19.9,3.94521963516424E-15,22.6));
#11719=VECTOR('',#11720,1.);
#11720=DIRECTION('',(0.,-1.,0.));
#11721=CARTESIAN_POINT('',(19.9,3.51659325546267E-15,29.6));
#11722=VECTOR('',#11723,1.);
#11723=DIRECTION('',(0.,-1.,0.));
#11724=CARTESIAN_POINT('',(18.5,3.43086797952235E-15,31.));
#11725=VECTOR('',#11726,1.);
#11726=DIRECTION('',(0.,-1.,0.));
#11727=CARTESIAN_POINT('',(31.4,3.07740813131709E-15,36.7724373827842));
#11728=VECTOR('',#11729,1.);
#11729=DIRECTION('',(0.,-1.,0.));
#11730=CARTESIAN_POINT('',(31.4,3.43086797952235E-15,31.));
#11731=VECTOR('',#11732,1.);
#11732=DIRECTION('',(0.,-1.,0.));
#11733=CARTESIAN_POINT('',(32.,3.07740813131709E-15,36.7724373827842));
#11734=VECTOR('',#11735,1.);
#11735=DIRECTION('',(0.,-1.,0.));
#11736=CARTESIAN_POINT('',(32.,3.39412857554793E-15,31.6));
#11737=VECTOR('',#11738,1.);
#11738=DIRECTION('',(0.,-1.,0.));
#11739=CARTESIAN_POINT('',(33.5,3.39412857554793E-15,31.6));
#11740=VECTOR('',#11741,1.);
#11741=DIRECTION('',(0.,-1.,0.));
#11742=CARTESIAN_POINT('',(35.5,3.51659325546267E-15,29.6));
#11743=VECTOR('',#11744,1.);
#11744=DIRECTION('',(0.,-1.,0.));
#11745=CARTESIAN_POINT('',(35.5,3.94521963516424E-15,22.6));
#11746=VECTOR('',#11747,1.);
#11747=DIRECTION('',(0.,-1.,0.));
#11748=AXIS2_PLACEMENT_3D('',#11749,#11750,#11751);
#11749=CARTESIAN_POINT('',(33.5,-2.,22.6));
#11750=DIRECTION('',(0.,1.,6.12323399573677E-17));
#11751=DIRECTION('',(0.600000000000074,4.89858719658907E-17,-0.799999999999945));
#11752=CARTESIAN_POINT('',(33.5,4.06768431507898E-15,20.6));
#11753=VECTOR('',#11754,1.);
#11754=DIRECTION('',(0.,-1.,-1.77635683940025E-15));
#11755=CARTESIAN_POINT('',(26.5,4.06768431507898E-15,20.6));
#11756=VECTOR('',#11757,1.);
#11757=DIRECTION('',(0.,-1.,0.));
#11758=CARTESIAN_POINT('',(24.5,3.94521963516424E-15,22.6));
#11759=VECTOR('',#11760,1.);
#11760=DIRECTION('',(0.,-1.,0.));
#11761=CARTESIAN_POINT('',(24.5,3.51659325546267E-15,29.6));
#11762=VECTOR('',#11763,1.);
#11763=DIRECTION('',(0.,-1.,0.));
#11764=CARTESIAN_POINT('',(26.5,3.39412857554793E-15,31.6));
#11765=VECTOR('',#11766,1.);
#11766=DIRECTION('',(0.,-1.,0.));
#11767=CARTESIAN_POINT('',(28.,3.39412857554793E-15,31.6));
#11768=VECTOR('',#11769,1.);
#11769=DIRECTION('',(0.,-1.,0.));
#11770=CARTESIAN_POINT('',(28.,3.07740813131709E-15,36.7724373827842));
#11771=VECTOR('',#11772,1.);
#11772=DIRECTION('',(0.,-1.,0.));
#11773=CARTESIAN_POINT('',(28.6,3.07740813131709E-15,36.7724373827842));
#11774=VECTOR('',#11775,1.);
#11775=DIRECTION('',(0.,-1.,0.));
#11776=CARTESIAN_POINT('',(28.6,3.43086797952235E-15,31.));
#11777=VECTOR('',#11778,1.);
#11778=DIRECTION('',(0.,-1.,0.));
#11779=CARTESIAN_POINT('',(26.5,3.43086797952235E-15,31.));
#11780=VECTOR('',#11781,1.);
#11781=DIRECTION('',(0.,-1.,0.));
#11782=CARTESIAN_POINT('',(25.1,3.51659325546267E-15,29.6));
#11783=VECTOR('',#11784,1.);
#11784=DIRECTION('',(0.,-1.,0.));
#11785=CARTESIAN_POINT('',(25.1,3.94521963516424E-15,22.6));
#11786=VECTOR('',#11787,1.);
#11787=DIRECTION('',(0.,-1.,0.));
#11788=CARTESIAN_POINT('',(26.5,4.03094491110456E-15,21.2));
#11789=VECTOR('',#11790,1.);
#11790=DIRECTION('',(0.,-1.,0.));
#11791=CARTESIAN_POINT('',(33.5,4.03094491110456E-15,21.2));
#11792=VECTOR('',#11793,1.);
#11793=DIRECTION('',(0.,-1.,0.));
#11794=CARTESIAN_POINT('',(34.9,3.94521963516424E-15,22.6));
#11795=VECTOR('',#11796,1.);
#11796=DIRECTION('',(0.,-1.,0.));
#11797=CARTESIAN_POINT('',(34.9,3.51659325546267E-15,29.6));
#11798=VECTOR('',#11799,1.);
#11799=DIRECTION('',(0.,-1.,0.));
#11800=CARTESIAN_POINT('',(33.5,3.43086797952235E-15,31.));
#11801=VECTOR('',#11802,1.);
#11802=DIRECTION('',(0.,-1.,0.));
#11803=CARTESIAN_POINT('',(-13.6,3.07740813131709E-15,36.7724373827842));
#11804=VECTOR('',#11805,1.);
#11805=DIRECTION('',(0.,-1.,0.));
#11806=CARTESIAN_POINT('',(-13.6,3.43086797952235E-15,31.));
#11807=VECTOR('',#11808,1.);
#11808=DIRECTION('',(0.,-1.,0.));
#11809=CARTESIAN_POINT('',(-13.,3.07740813131709E-15,36.7724373827842));
#11810=VECTOR('',#11811,1.);
#11811=DIRECTION('',(0.,-1.,0.));
#11812=CARTESIAN_POINT('',(-13.,3.39412857554793E-15,31.6));
#11813=VECTOR('',#11814,1.);
#11814=DIRECTION('',(0.,-1.,0.));
#11815=CARTESIAN_POINT('',(-11.5,3.39412857554793E-15,31.6));
#11816=VECTOR('',#11817,1.);
#11817=DIRECTION('',(0.,-1.,0.));
#11818=CARTESIAN_POINT('',(-9.5,3.51659325546267E-15,29.6));
#11819=VECTOR('',#11820,1.);
#11820=DIRECTION('',(0.,-1.,0.));
#11821=CARTESIAN_POINT('',(-9.5,3.94521963516424E-15,22.6));
#11822=VECTOR('',#11823,1.);
#11823=DIRECTION('',(0.,-1.,0.));
#11824=CARTESIAN_POINT('',(-11.5,4.06768431507898E-15,20.6));
#11825=VECTOR('',#11826,1.);
#11826=DIRECTION('',(0.,-1.,-1.77635683940025E-15));
#11827=CARTESIAN_POINT('',(-18.5,4.06768431507898E-15,20.6));
#11828=VECTOR('',#11829,1.);
#11829=DIRECTION('',(0.,-1.,0.));
#11830=CARTESIAN_POINT('',(-20.5,3.94521963516424E-15,22.6));
#11831=VECTOR('',#11832,1.);
#11832=DIRECTION('',(0.,-1.,0.));
#11833=CARTESIAN_POINT('',(-20.5,3.51659325546267E-15,29.6));
#11834=VECTOR('',#11835,1.);
#11835=DIRECTION('',(0.,-1.,0.));
#11836=CARTESIAN_POINT('',(-18.5,3.39412857554793E-15,31.6));
#11837=VECTOR('',#11838,1.);
#11838=DIRECTION('',(0.,-1.,0.));
#11839=CARTESIAN_POINT('',(-17.,3.39412857554793E-15,31.6));
#11840=VECTOR('',#11841,1.);
#11841=DIRECTION('',(0.,-1.,0.));
#11842=CARTESIAN_POINT('',(-17.,3.07740813131709E-15,36.7724373827842));
#11843=VECTOR('',#11844,1.);
#11844=DIRECTION('',(0.,-1.,0.));
#11845=CARTESIAN_POINT('',(-16.4,3.07740813131709E-15,36.7724373827842));
#11846=VECTOR('',#11847,1.);
#11847=DIRECTION('',(0.,-1.,0.));
#11848=CARTESIAN_POINT('',(-16.4,3.43086797952235E-15,31.));
#11849=VECTOR('',#11850,1.);
#11850=DIRECTION('',(0.,-1.,0.));
#11851=CARTESIAN_POINT('',(-18.5,3.43086797952235E-15,31.));
#11852=VECTOR('',#11853,1.);
#11853=DIRECTION('',(0.,-1.,0.));
#11854=CARTESIAN_POINT('',(-19.9,3.51659325546267E-15,29.6));
#11855=VECTOR('',#11856,1.);
#11856=DIRECTION('',(0.,-1.,0.));
#11857=CARTESIAN_POINT('',(-19.9,3.94521963516424E-15,22.6));
#11858=VECTOR('',#11859,1.);
#11859=DIRECTION('',(0.,-1.,0.));
#11860=CARTESIAN_POINT('',(-18.5,4.03094491110456E-15,21.2));
#11861=VECTOR('',#11862,1.);
#11862=DIRECTION('',(0.,-1.,0.));
#11863=CARTESIAN_POINT('',(-11.5,4.03094491110456E-15,21.2));
#11864=VECTOR('',#11865,1.);
#11865=DIRECTION('',(0.,-1.,0.));
#11866=CARTESIAN_POINT('',(-10.1,3.94521963516424E-15,22.6));
#11867=VECTOR('',#11868,1.);
#11868=DIRECTION('',(0.,-1.,0.));
#11869=CARTESIAN_POINT('',(-10.1,3.51659325546267E-15,29.6));
#11870=VECTOR('',#11871,1.);
#11871=DIRECTION('',(0.,-1.,0.));
#11872=CARTESIAN_POINT('',(-11.5,3.43086797952235E-15,31.));
#11873=VECTOR('',#11874,1.);
#11874=DIRECTION('',(0.,-1.,0.));
#11875=CARTESIAN_POINT('',(-15.,-15.5,6.2));
#11876=AXIS2_PLACEMENT_3D('',#11877,#11878,#11879);
#11877=CARTESIAN_POINT('',(-15.,-15.5,13.2));
#11878=DIRECTION('',(0.,-1.,-6.12323399573677E-17));
#11879=DIRECTION('',(6.12323399573677E-17,6.12323399573677E-17,-1.));
#11880=CARTESIAN_POINT('',(3.79640507735683E-16,-15.5,6.2));
#11881=AXIS2_PLACEMENT_3D('',#11882,#11883,#11884);
#11882=CARTESIAN_POINT('',(8.08266887437256E-16,-15.5,13.2));
#11883=DIRECTION('',(0.,-1.,-6.12323399573677E-17));
#11884=DIRECTION('',(6.12323399573677E-17,6.12323399573677E-17,-1.));
#11885=CARTESIAN_POINT('',(15.,-15.5,6.2));
#11886=AXIS2_PLACEMENT_3D('',#11887,#11888,#11889);
#11887=CARTESIAN_POINT('',(15.,-15.5,13.2));
#11888=DIRECTION('',(0.,-1.,-6.12323399573677E-17));
#11889=DIRECTION('',(6.12323399573677E-17,6.12323399573677E-17,-1.));
#11890=AXIS2_PLACEMENT_3D('',#11891,#11892,#11893);
#11891=CARTESIAN_POINT('',(30.,-2.,13.2));
#11892=DIRECTION('',(0.,1.,6.12323399573677E-17));
#11893=DIRECTION('',(0.614285714285717,-4.83174404272354E-17,0.789083684550939));
#11894=CARTESIAN_POINT('',(30.,-15.5,6.2));
#11895=AXIS2_PLACEMENT_3D('',#11896,#11897,#11898);
#11896=CARTESIAN_POINT('',(30.,-15.5,13.2));
#11897=DIRECTION('',(0.,-1.,-6.12323399573677E-17));
#11898=DIRECTION('',(6.12323399573677E-17,6.12323399573677E-17,-1.));
#11899=CARTESIAN_POINT('',(1.4,3.43086797952235E-15,31.));
#11900=VECTOR('',#11901,1.);
#11901=DIRECTION('',(0.,-1.,0.));
#11902=CARTESIAN_POINT('',(1.4,3.07740813131709E-15,36.7724373827842));
#11903=VECTOR('',#11904,1.);
#11904=DIRECTION('',(0.,-1.,0.));
#11905=CARTESIAN_POINT('',(2.,3.07740813131709E-15,36.7724373827842));
#11906=VECTOR('',#11907,1.);
#11907=DIRECTION('',(0.,-1.,0.));
#11908=CARTESIAN_POINT('',(2.00000000000001,3.39412857554793E-15,31.6));
#11909=VECTOR('',#11910,1.);
#11910=DIRECTION('',(0.,-1.,0.));
#11911=CARTESIAN_POINT('',(3.5,3.39412857554793E-15,31.6));
#11912=VECTOR('',#11913,1.);
#11913=DIRECTION('',(0.,-1.,0.));
#11914=CARTESIAN_POINT('',(5.5,3.51659325546267E-15,29.6));
#11915=VECTOR('',#11916,1.);
#11916=DIRECTION('',(0.,-1.,0.));
#11917=CARTESIAN_POINT('',(5.5,3.94521963516424E-15,22.6));
#11918=VECTOR('',#11919,1.);
#11919=DIRECTION('',(0.,-1.,0.));
#11920=CARTESIAN_POINT('',(3.50000000000001,4.06768431507898E-15,20.6));
#11921=VECTOR('',#11922,1.);
#11922=DIRECTION('',(0.,-1.,-1.77635683940025E-15));
#11923=CARTESIAN_POINT('',(-3.5,4.06768431507898E-15,20.6));
#11924=VECTOR('',#11925,1.);
#11925=DIRECTION('',(0.,-1.,0.));
#11926=CARTESIAN_POINT('',(-5.5,3.94521963516424E-15,22.6));
#11927=VECTOR('',#11928,1.);
#11928=DIRECTION('',(0.,-1.,0.));
#11929=CARTESIAN_POINT('',(-5.5,3.51659325546267E-15,29.6));
#11930=VECTOR('',#11931,1.);
#11931=DIRECTION('',(0.,-1.,0.));
#11932=CARTESIAN_POINT('',(-3.5,3.39412857554793E-15,31.6));
#11933=VECTOR('',#11934,1.);
#11934=DIRECTION('',(0.,-1.,0.));
#11935=CARTESIAN_POINT('',(-2.,3.39412857554793E-15,31.6));
#11936=VECTOR('',#11937,1.);
#11937=DIRECTION('',(0.,-1.,0.));
#11938=CARTESIAN_POINT('',(-2.,3.07740813131709E-15,36.7724373827842));
#11939=VECTOR('',#11940,1.);
#11940=DIRECTION('',(0.,-1.,0.));
#11941=CARTESIAN_POINT('',(-1.4,3.07740813131709E-15,36.7724373827842));
#11942=VECTOR('',#11943,1.);
#11943=DIRECTION('',(0.,-1.,0.));
#11944=CARTESIAN_POINT('',(-1.4,3.43086797952235E-15,31.));
#11945=VECTOR('',#11946,1.);
#11946=DIRECTION('',(0.,-1.,0.));
#11947=CARTESIAN_POINT('',(-3.5,3.43086797952235E-15,31.));
#11948=VECTOR('',#11949,1.);
#11949=DIRECTION('',(0.,-1.,0.));
#11950=CARTESIAN_POINT('',(-4.9,3.51659325546267E-15,29.6));
#11951=VECTOR('',#11952,1.);
#11952=DIRECTION('',(0.,-1.,0.));
#11953=CARTESIAN_POINT('',(-4.9,3.94521963516424E-15,22.6));
#11954=VECTOR('',#11955,1.);
#11955=DIRECTION('',(0.,-1.,0.));
#11956=CARTESIAN_POINT('',(-3.5,4.03094491110456E-15,21.2));
#11957=VECTOR('',#11958,1.);
#11958=DIRECTION('',(0.,-1.,0.));
#11959=CARTESIAN_POINT('',(3.50000000000001,4.03094491110456E-15,21.2));
#11960=VECTOR('',#11961,1.);
#11961=DIRECTION('',(0.,-1.,0.));
#11962=CARTESIAN_POINT('',(4.9,3.94521963516424E-15,22.6));
#11963=VECTOR('',#11964,1.);
#11964=DIRECTION('',(0.,-1.,0.));
#11965=CARTESIAN_POINT('',(4.9,3.51659325546267E-15,29.6));
#11966=VECTOR('',#11967,1.);
#11967=DIRECTION('',(0.,-1.,0.));
#11968=CARTESIAN_POINT('',(3.5,3.43086797952235E-15,31.));
#11969=VECTOR('',#11970,1.);
#11970=DIRECTION('',(0.,-1.,0.));
#11971=CARTESIAN_POINT('',(30.,-7.,23.1));
#11972=AXIS2_PLACEMENT_3D('',#11973,#11974,#11975);
#11973=CARTESIAN_POINT('',(30.,-7.,26.1));
#11974=DIRECTION('',(-6.84227765783602E-49,-1.,-6.12323399573676E-17));
#11975=DIRECTION('',(4.18968671627317E-65,6.12323399573676E-17,-1.));
#11976=CARTESIAN_POINT('',(3.08610993385133E-15,-7.,23.1));
#11977=AXIS2_PLACEMENT_3D('',#11978,#11979,#11980);
#11978=CARTESIAN_POINT('',(3.26980695372343E-15,-7.,26.1));
#11979=DIRECTION('',(-6.84227765783602E-49,-1.,-6.12323399573676E-17));
#11980=DIRECTION('',(6.12323399573677E-17,6.12323399573676E-17,-1.));
#11981=CARTESIAN_POINT('',(-30.,-7.,23.1));
#11982=AXIS2_PLACEMENT_3D('',#11983,#11984,#11985);
#11983=CARTESIAN_POINT('',(-30.,-7.,26.1));
#11984=DIRECTION('',(-6.84227765783602E-49,-1.,-6.12323399573676E-17));
#11985=DIRECTION('',(4.18968671627317E-65,6.12323399573676E-17,-1.));
#11986=CARTESIAN_POINT('',(-11.5,-0.599999999999998,-36.3));
#11987=CARTESIAN_POINT('',(-11.5,-0.599999999999998,-36.3));
#11988=VECTOR('',#11989,1.);
#11989=DIRECTION('',(0.,1.,0.));
#11990=CARTESIAN_POINT('',(-9.5,-0.599999999999998,-34.3));
#11991=AXIS2_PLACEMENT_3D('',#11992,#11993,#11994);
#11992=CARTESIAN_POINT('',(-11.5,-0.599999999999998,-34.3));
#11993=DIRECTION('',(0.,1.,6.12323399573677E-17));
#11994=DIRECTION('',(1.,-4.35081943503005E-31,7.105427357601E-15));
#11995=CARTESIAN_POINT('',(-9.5,-0.599999999999998,-34.3));
#11996=VECTOR('',#11997,1.);
#11997=DIRECTION('',(0.,1.,0.));
#11998=CARTESIAN_POINT('',(-9.50000000000002,-0.6,3.7));
#11999=CARTESIAN_POINT('',(-9.50000000000002,-0.6,3.7));
#12000=VECTOR('',#12001,1.);
#12001=DIRECTION('',(5.60954791389553E-16,6.13544303082323E-17,-1.));
#12002=CARTESIAN_POINT('',(-9.50000000000002,-0.6,3.7));
#12003=VECTOR('',#12004,1.);
#12004=DIRECTION('',(0.,1.,0.));
#12005=CARTESIAN_POINT('',(-11.4999999999996,-0.6,5.70000000000002));
#12006=AXIS2_PLACEMENT_3D('',#12007,#12008,#12009);
#12007=CARTESIAN_POINT('',(-11.5,-0.6,3.7));
#12008=DIRECTION('',(0.,1.,6.12323399573677E-17));
#12009=DIRECTION('',(1.95399252334028E-13,-6.12323399573677E-17,1.));
#12010=CARTESIAN_POINT('',(-11.4999999999996,-0.6,5.70000000000002));
#12011=VECTOR('',#12012,1.);
#12012=DIRECTION('',(0.,1.,0.));
#12013=CARTESIAN_POINT('',(-18.5,-0.6,5.69999999999999));
#12014=CARTESIAN_POINT('',(-18.5,-0.6,5.69999999999999));
#12015=VECTOR('',#12016,1.);
#12016=DIRECTION('',(1.,0.,6.34413156928627E-15));
#12017=CARTESIAN_POINT('',(-18.5,-0.6,5.69999999999999));
#12018=VECTOR('',#12019,1.);
#12019=DIRECTION('',(0.,1.,0.));
#12020=CARTESIAN_POINT('',(-20.4999999999999,-0.6,3.7));
#12021=AXIS2_PLACEMENT_3D('',#12022,#12023,#12024);
#12022=CARTESIAN_POINT('',(-18.4999999999999,-0.6,3.69999999999999));
#12023=DIRECTION('',(0.,1.,6.12323399573677E-17));
#12024=DIRECTION('',(-1.,-3.39907768361723E-31,5.55111512312578E-15));
#12025=CARTESIAN_POINT('',(-20.4999999999999,-0.6,3.7));
#12026=VECTOR('',#12027,1.);
#12027=DIRECTION('',(0.,1.,0.));
#12028=CARTESIAN_POINT('',(-20.5,-0.599999999999998,-34.3));
#12029=CARTESIAN_POINT('',(-20.5,-0.599999999999998,-34.3));
#12030=VECTOR('',#12031,1.);
#12031=DIRECTION('',(1.49587944370547E-15,-6.13544303082323E-17,1.));
#12032=CARTESIAN_POINT('',(-20.5,-0.599999999999998,-34.3));
#12033=VECTOR('',#12034,1.);
#12034=DIRECTION('',(0.,1.,0.));
#12035=CARTESIAN_POINT('',(-18.5,-0.599999999999998,-36.3));
#12036=AXIS2_PLACEMENT_3D('',#12037,#12038,#12039);
#12037=CARTESIAN_POINT('',(-18.5,-0.599999999999998,-34.3));
#12038=DIRECTION('',(0.,1.,6.12323399573677E-17));
#12039=DIRECTION('',(0.,6.12323399573677E-17,-1.));
#12040=CARTESIAN_POINT('',(-18.5,-0.599999999999998,-36.3));
#12041=VECTOR('',#12042,1.);
#12042=DIRECTION('',(0.,1.,0.));
#12043=CARTESIAN_POINT('',(-11.5,-0.599999999999998,-36.3));
#12044=VECTOR('',#12045,1.);
#12045=DIRECTION('',(-1.,0.,4.06024420434343E-15));
#12046=CARTESIAN_POINT('',(-26.5,-0.599999999999998,-36.3));
#12047=CARTESIAN_POINT('',(-26.5,-0.599999999999998,-36.3));
#12048=VECTOR('',#12049,1.);
#12049=DIRECTION('',(0.,1.,0.));
#12050=CARTESIAN_POINT('',(-24.5,-0.599999999999998,-34.3));
#12051=AXIS2_PLACEMENT_3D('',#12052,#12053,#12054);
#12052=CARTESIAN_POINT('',(-26.5,-0.599999999999998,-34.3));
#12053=DIRECTION('',(0.,1.,6.12323399573677E-17));
#12054=DIRECTION('',(1.,-4.35081943503005E-31,7.105427357601E-15));
#12055=CARTESIAN_POINT('',(-24.5,-0.599999999999998,-34.3));
#12056=VECTOR('',#12057,1.);
#12057=DIRECTION('',(0.,1.,0.));
#12058=CARTESIAN_POINT('',(-24.5,-0.6,3.7));
#12059=CARTESIAN_POINT('',(-24.5,-0.6,3.7));
#12060=VECTOR('',#12061,1.);
#12061=DIRECTION('',(5.60954791389553E-16,6.13544303082323E-17,-1.));
#12062=CARTESIAN_POINT('',(-24.5,-0.6,3.7));
#12063=VECTOR('',#12064,1.);
#12064=DIRECTION('',(0.,1.,0.));
#12065=CARTESIAN_POINT('',(-26.4999999999996,-0.6,5.70000000000002));
#12066=AXIS2_PLACEMENT_3D('',#12067,#12068,#12069);
#12067=CARTESIAN_POINT('',(-26.5,-0.6,3.7));
#12068=DIRECTION('',(0.,1.,6.12323399573677E-17));
#12069=DIRECTION('',(1.95399252334028E-13,-6.12323399573677E-17,1.));
#12070=CARTESIAN_POINT('',(-26.4999999999996,-0.6,5.70000000000002));
#12071=VECTOR('',#12072,1.);
#12072=DIRECTION('',(0.,1.,0.));
#12073=CARTESIAN_POINT('',(-33.5,-0.6,5.69999999999999));
#12074=CARTESIAN_POINT('',(-33.5,-0.6,5.69999999999999));
#12075=VECTOR('',#12076,1.);
#12076=DIRECTION('',(1.,0.,6.34413156928627E-15));
#12077=CARTESIAN_POINT('',(-33.5,-0.6,5.69999999999999));
#12078=VECTOR('',#12079,1.);
#12079=DIRECTION('',(0.,1.,0.));
#12080=CARTESIAN_POINT('',(-35.4999999999999,-0.6,3.7));
#12081=AXIS2_PLACEMENT_3D('',#12082,#12083,#12084);
#12082=CARTESIAN_POINT('',(-33.4999999999999,-0.6,3.69999999999999));
#12083=DIRECTION('',(0.,1.,6.12323399573677E-17));
#12084=DIRECTION('',(-1.,-3.39907768361723E-31,5.55111512312578E-15));
#12085=CARTESIAN_POINT('',(-35.4999999999999,-0.6,3.7));
#12086=VECTOR('',#12087,1.);
#12087=DIRECTION('',(0.,1.,0.));
#12088=CARTESIAN_POINT('',(-35.5,-0.599999999999998,-34.3));
#12089=CARTESIAN_POINT('',(-35.5,-0.599999999999998,-34.3));
#12090=VECTOR('',#12091,1.);
#12091=DIRECTION('',(1.49587944370547E-15,-6.13544303082323E-17,1.));
#12092=CARTESIAN_POINT('',(-35.5,-0.599999999999998,-34.3));
#12093=VECTOR('',#12094,1.);
#12094=DIRECTION('',(0.,1.,0.));
#12095=CARTESIAN_POINT('',(-33.5,-0.599999999999998,-36.3));
#12096=AXIS2_PLACEMENT_3D('',#12097,#12098,#12099);
#12097=CARTESIAN_POINT('',(-33.5,-0.599999999999998,-34.3));
#12098=DIRECTION('',(0.,1.,6.12323399573677E-17));
#12099=DIRECTION('',(0.,6.12323399573677E-17,-1.));
#12100=CARTESIAN_POINT('',(-33.5,-0.599999999999998,-36.3));
#12101=VECTOR('',#12102,1.);
#12102=DIRECTION('',(0.,1.,0.));
#12103=CARTESIAN_POINT('',(-26.5,-0.599999999999998,-36.3));
#12104=VECTOR('',#12105,1.);
#12105=DIRECTION('',(-1.,0.,4.06024420434343E-15));
#12106=CARTESIAN_POINT('',(18.5,-0.6,-36.3));
#12107=CARTESIAN_POINT('',(18.5,-0.6,-36.3));
#12108=VECTOR('',#12109,1.);
#12109=DIRECTION('',(0.,1.,0.));
#12110=CARTESIAN_POINT('',(20.5,-0.6,-34.3));
#12111=AXIS2_PLACEMENT_3D('',#12112,#12113,#12114);
#12112=CARTESIAN_POINT('',(18.5,-0.6,-34.3));
#12113=DIRECTION('',(0.,1.,6.12323399573677E-17));
#12114=DIRECTION('',(1.,-4.35081943503005E-31,7.105427357601E-15));
#12115=CARTESIAN_POINT('',(20.5,-0.6,-34.3));
#12116=VECTOR('',#12117,1.);
#12117=DIRECTION('',(0.,1.,0.));
#12118=CARTESIAN_POINT('',(20.5,-0.600000000000002,3.69999999999999));
#12119=CARTESIAN_POINT('',(20.5,-0.600000000000002,3.69999999999999));
#12120=VECTOR('',#12121,1.);
#12121=DIRECTION('',(5.60954791389553E-16,6.13544303082323E-17,-1.));
#12122=CARTESIAN_POINT('',(20.5,-0.600000000000002,3.69999999999999));
#12123=VECTOR('',#12124,1.);
#12124=DIRECTION('',(0.,1.,0.));
#12125=CARTESIAN_POINT('',(18.5000000000004,-0.600000000000002,5.70000000000001));
#12126=AXIS2_PLACEMENT_3D('',#12127,#12128,#12129);
#12127=CARTESIAN_POINT('',(18.5,-0.600000000000002,3.7));
#12128=DIRECTION('',(0.,1.,6.12323399573677E-17));
#12129=DIRECTION('',(1.95399252334028E-13,-6.12323399573677E-17,1.));
#12130=CARTESIAN_POINT('',(18.5000000000004,-0.600000000000002,5.70000000000001));
#12131=VECTOR('',#12132,1.);
#12132=DIRECTION('',(0.,1.,0.));
#12133=CARTESIAN_POINT('',(11.5,-0.600000000000002,5.69999999999999));
#12134=CARTESIAN_POINT('',(11.5,-0.600000000000002,5.69999999999998));
#12135=VECTOR('',#12136,1.);
#12136=DIRECTION('',(1.,0.,6.34413156928627E-15));
#12137=CARTESIAN_POINT('',(11.5,-0.600000000000002,5.69999999999999));
#12138=VECTOR('',#12139,1.);
#12139=DIRECTION('',(0.,1.,0.));
#12140=CARTESIAN_POINT('',(9.50000000000005,-0.600000000000002,3.7));
#12141=AXIS2_PLACEMENT_3D('',#12142,#12143,#12144);
#12142=CARTESIAN_POINT('',(11.5000000000001,-0.600000000000002,3.69999999999999));
#12143=DIRECTION('',(0.,1.,6.12323399573677E-17));
#12144=DIRECTION('',(-1.,-3.39907768361723E-31,5.55111512312578E-15));
#12145=CARTESIAN_POINT('',(9.50000000000005,-0.600000000000002,3.7));
#12146=VECTOR('',#12147,1.);
#12147=DIRECTION('',(0.,1.,0.));
#12148=CARTESIAN_POINT('',(9.5,-0.6,-34.3));
#12149=CARTESIAN_POINT('',(9.5,-0.6,-34.3));
#12150=VECTOR('',#12151,1.);
#12151=DIRECTION('',(1.44913321108968E-15,-6.13544303082323E-17,1.));
#12152=CARTESIAN_POINT('',(9.5,-0.6,-34.3));
#12153=VECTOR('',#12154,1.);
#12154=DIRECTION('',(0.,1.,0.));
#12155=CARTESIAN_POINT('',(11.5,-0.6,-36.3));
#12156=AXIS2_PLACEMENT_3D('',#12157,#12158,#12159);
#12157=CARTESIAN_POINT('',(11.5,-0.6,-34.3));
#12158=DIRECTION('',(0.,1.,6.12323399573677E-17));
#12159=DIRECTION('',(0.,6.12323399573677E-17,-1.));
#12160=CARTESIAN_POINT('',(11.5,-0.6,-36.3));
#12161=VECTOR('',#12162,1.);
#12162=DIRECTION('',(0.,1.,0.));
#12163=CARTESIAN_POINT('',(18.5,-0.6,-36.3));
#12164=VECTOR('',#12165,1.);
#12165=DIRECTION('',(-1.,0.,4.06024420434343E-15));
#12166=CARTESIAN_POINT('',(33.5,-0.600000000000001,-36.3));
#12167=CARTESIAN_POINT('',(33.5,-0.600000000000001,-36.3));
#12168=VECTOR('',#12169,1.);
#12169=DIRECTION('',(0.,1.,0.));
#12170=CARTESIAN_POINT('',(35.5,-0.600000000000002,-34.3));
#12171=AXIS2_PLACEMENT_3D('',#12172,#12173,#12174);
#12172=CARTESIAN_POINT('',(33.5,-0.600000000000002,-34.3));
#12173=DIRECTION('',(0.,1.,6.12323399573677E-17));
#12174=DIRECTION('',(1.,-4.35081943503005E-31,7.105427357601E-15));
#12175=CARTESIAN_POINT('',(35.5,-0.600000000000002,-34.3));
#12176=VECTOR('',#12177,1.);
#12177=DIRECTION('',(0.,1.,0.));
#12178=CARTESIAN_POINT('',(35.5,-0.600000000000004,3.69999999999999));
#12179=CARTESIAN_POINT('',(35.5,-0.600000000000004,3.69999999999999));
#12180=VECTOR('',#12181,1.);
#12181=DIRECTION('',(5.60954791389553E-16,6.13544303082323E-17,-1.));
#12182=CARTESIAN_POINT('',(35.5,-0.600000000000004,3.69999999999999));
#12183=VECTOR('',#12184,1.);
#12184=DIRECTION('',(0.,1.,0.));
#12185=CARTESIAN_POINT('',(33.5000000000004,-0.600000000000004,5.70000000000001));
#12186=AXIS2_PLACEMENT_3D('',#12187,#12188,#12189);
#12187=CARTESIAN_POINT('',(33.5,-0.600000000000004,3.7));
#12188=DIRECTION('',(0.,1.,6.12323399573677E-17));
#12189=DIRECTION('',(1.95399252334028E-13,-6.12323399573677E-17,1.));
#12190=CARTESIAN_POINT('',(33.5000000000004,-0.600000000000004,5.70000000000001));
#12191=VECTOR('',#12192,1.);
#12192=DIRECTION('',(0.,1.,0.));
#12193=CARTESIAN_POINT('',(26.5,-0.600000000000004,5.69999999999999));
#12194=CARTESIAN_POINT('',(26.5,-0.600000000000004,5.69999999999998));
#12195=VECTOR('',#12196,1.);
#12196=DIRECTION('',(1.,0.,6.34413156928627E-15));
#12197=CARTESIAN_POINT('',(26.5,-0.600000000000004,5.69999999999999));
#12198=VECTOR('',#12199,1.);
#12199=DIRECTION('',(0.,1.,0.));
#12200=CARTESIAN_POINT('',(24.5000000000001,-0.600000000000004,3.7));
#12201=AXIS2_PLACEMENT_3D('',#12202,#12203,#12204);
#12202=CARTESIAN_POINT('',(26.5000000000001,-0.600000000000004,3.69999999999999));
#12203=DIRECTION('',(0.,1.,6.12323399573677E-17));
#12204=DIRECTION('',(-1.,-3.39907768361723E-31,5.55111512312578E-15));
#12205=CARTESIAN_POINT('',(24.5000000000001,-0.600000000000004,3.7));
#12206=VECTOR('',#12207,1.);
#12207=DIRECTION('',(0.,1.,0.));
#12208=CARTESIAN_POINT('',(24.5,-0.600000000000002,-34.3));
#12209=CARTESIAN_POINT('',(24.5,-0.600000000000002,-34.3));
#12210=VECTOR('',#12211,1.);
#12211=DIRECTION('',(1.49587944370547E-15,-6.13544303082323E-17,1.));
#12212=CARTESIAN_POINT('',(24.5,-0.600000000000002,-34.3));
#12213=VECTOR('',#12214,1.);
#12214=DIRECTION('',(0.,1.,0.));
#12215=CARTESIAN_POINT('',(26.5,-0.600000000000001,-36.3));
#12216=AXIS2_PLACEMENT_3D('',#12217,#12218,#12219);
#12217=CARTESIAN_POINT('',(26.5,-0.600000000000002,-34.3));
#12218=DIRECTION('',(0.,1.,6.12323399573677E-17));
#12219=DIRECTION('',(0.,6.12323399573677E-17,-1.));
#12220=CARTESIAN_POINT('',(26.5,-0.600000000000001,-36.3));
#12221=VECTOR('',#12222,1.);
#12222=DIRECTION('',(0.,1.,0.));
#12223=CARTESIAN_POINT('',(33.5,-0.600000000000001,-36.3));
#12224=VECTOR('',#12225,1.);
#12225=DIRECTION('',(-1.,0.,4.06024420434343E-15));
#12226=CARTESIAN_POINT('',(-28.1841171552633,-0.800000000000002,26.4860848910262));
#12227=CARTESIAN_POINT('',(-28.1841171552633,-0.800000000000002,26.4860848910262));
#12228=VECTOR('',#12229,1.);
#12229=DIRECTION('',(0.,1.,0.));
#12230=CARTESIAN_POINT('',(-31.9046549232499,-0.800000000000002,26.4860848910262));
#12231=CARTESIAN_POINT('',(-31.9046549232499,-0.800000000000002,26.4860848910262));
#12232=VECTOR('',#12233,1.);
#12233=DIRECTION('',(1.,0.,9.54892518326217E-16));
#12234=CARTESIAN_POINT('',(-31.9046549232499,-0.800000000000002,26.4860848910262));
#12235=VECTOR('',#12236,1.);
#12236=DIRECTION('',(0.,1.,0.));
#12237=CARTESIAN_POINT('',(-30.9314843579031,-0.800000000000002,27.3831877581328));
#12238=CARTESIAN_POINT('',(-30.9314843579031,-0.800000000000002,27.3831877581328));
#12239=VECTOR('',#12240,1.);
#12240=DIRECTION('',(-0.735258320322802,0.,-0.677786988954563));
#12241=CARTESIAN_POINT('',(-30.9314843579031,-0.800000000000002,27.3831877581328));
#12242=VECTOR('',#12243,1.);
#12243=DIRECTION('',(0.,1.,0.));
#12244=CARTESIAN_POINT('',(-31.5162135245698,-0.800000000000002,27.9438563741395));
#12245=CARTESIAN_POINT('',(-31.5162135245698,-0.800000000000002,27.9438563741395));
#12246=VECTOR('',#12247,1.);
#12247=DIRECTION('',(0.721801231901642,0.,-0.692100412964241));
#12248=CARTESIAN_POINT('',(-31.5162135245698,-0.800000000000002,27.9438563741395));
#12249=VECTOR('',#12250,1.);
#12250=DIRECTION('',(0.,1.,0.));
#12251=CARTESIAN_POINT('',(-33.1221516743498,-0.800000000000002,26.4780647074728));
#12252=CARTESIAN_POINT('',(-33.1221516743498,-0.800000000000002,26.4780647074728));
#12253=VECTOR('',#12254,1.);
#12254=DIRECTION('',(0.738599917088641,0.,0.674144022058086));
#12255=CARTESIAN_POINT('',(-33.1221516743498,-0.800000000000002,26.4780647074728));
#12256=VECTOR('',#12257,1.);
#12257=DIRECTION('',(0.,1.,0.));
#12258=CARTESIAN_POINT('',(-33.1221516743498,-0.800000000000002,25.3366769963897));
#12259=CARTESIAN_POINT('',(-33.1221516743498,-0.800000000000002,25.3366769963897));
#12260=VECTOR('',#12261,1.);
#12261=DIRECTION('',(0.,-9.72695792888463E-17,1.));
#12262=CARTESIAN_POINT('',(-33.1221516743498,-0.800000000000002,25.3366769963897));
#12263=VECTOR('',#12264,1.);
#12264=DIRECTION('',(0.,1.,0.));
#12265=CARTESIAN_POINT('',(-28.1841171552633,-0.800000000000002,25.3366769963897));
#12266=CARTESIAN_POINT('',(-28.1841171552633,-0.800000000000002,25.3366769963897));
#12267=VECTOR('',#12268,1.);
#12268=DIRECTION('',(-1.,0.,-7.19459061103877E-16));
#12269=CARTESIAN_POINT('',(-28.1841171552633,-0.800000000000002,25.3366769963897));
#12270=VECTOR('',#12271,1.);
#12271=DIRECTION('',(0.,1.,0.));
#12272=CARTESIAN_POINT('',(-28.1841171552633,-0.800000000000001,24.0150419247995));
#12273=CARTESIAN_POINT('',(-28.1841171552633,-0.800000000000001,24.0150419247995));
#12274=VECTOR('',#12275,1.);
#12275=DIRECTION('',(0.,-8.40037502401695E-17,1.));
#12276=CARTESIAN_POINT('',(-28.1841171552633,-0.800000000000001,24.0150419247995));
#12277=VECTOR('',#12278,1.);
#12278=DIRECTION('',(0.,1.,0.));
#12279=CARTESIAN_POINT('',(-27.1428163513036,-0.800000000000001,24.0150419247995));
#12280=CARTESIAN_POINT('',(-27.1428163513036,-0.800000000000001,24.0150419247995));
#12281=VECTOR('',#12282,1.);
#12282=DIRECTION('',(-1.,0.,0.));
#12283=CARTESIAN_POINT('',(-27.1428163513036,-0.800000000000001,24.0150419247995));
#12284=VECTOR('',#12285,1.);
#12285=DIRECTION('',(0.,1.,0.));
#12286=CARTESIAN_POINT('',(-27.1428163513036,-0.800000000000002,27.8076786208398));
#12287=CARTESIAN_POINT('',(-27.1428163513036,-0.800000000000002,27.8076786208398));
#12288=VECTOR('',#12289,1.);
#12289=DIRECTION('',(0.,5.85462364894738E-17,-1.));
#12290=CARTESIAN_POINT('',(-27.1428163513036,-0.800000000000002,27.8076786208398));
#12291=VECTOR('',#12292,1.);
#12292=DIRECTION('',(0.,1.,0.));
#12293=CARTESIAN_POINT('',(-28.1841171552633,-0.800000000000002,27.8076786208398));
#12294=CARTESIAN_POINT('',(-28.1841171552633,-0.800000000000002,27.8076786208398));
#12295=VECTOR('',#12296,1.);
#12296=DIRECTION('',(1.,0.,0.));
#12297=CARTESIAN_POINT('',(-28.1841171552633,-0.800000000000002,27.8076786208398));
#12298=VECTOR('',#12299,1.);
#12299=DIRECTION('',(0.,1.,0.));
#12300=CARTESIAN_POINT('',(-28.1841171552633,-0.800000000000002,26.4860848910262));
#12301=VECTOR('',#12302,1.);
#12302=DIRECTION('',(0.,0.,1.));
#12303=CARTESIAN_POINT('',(-17.8887513496734,-0.800000000000002,27.9718856546131));
#12304=CARTESIAN_POINT('',(-17.8887513496734,-0.800000000000002,27.9718856546131));
#12305=VECTOR('',#12306,1.);
#12306=DIRECTION('',(0.,1.,0.));
#12307=CARTESIAN_POINT('',(-18.0369386872284,-0.800000000000002,27.5153347285812));
#12308=CARTESIAN_POINT('',(-18.0369386872284,-0.800000000000002,27.5153347285812));
#12309=CARTESIAN_POINT('',(-17.9768493434299,-0.800000000000002,27.7316109225996));
#12310=CARTESIAN_POINT('',(-17.8887513496734,-0.800000000000002,27.9718856546131));
#12311=CARTESIAN_POINT('',(-18.0369386872284,-0.800000000000002,27.5153347285812));
#12312=VECTOR('',#12313,1.);
#12313=DIRECTION('',(0.,1.,0.));
#12314=CARTESIAN_POINT('',(-18.1290674234635,-0.800000000000002,27.130882730603));
#12315=CARTESIAN_POINT('',(-18.1290674234635,-0.800000000000002,27.130882730603));
#12316=CARTESIAN_POINT('',(-18.0970280310269,-0.800000000000002,27.2990584941899));
#12317=CARTESIAN_POINT('',(-18.0369386872284,-0.800000000000002,27.5153347285812));
#12318=CARTESIAN_POINT('',(-18.1290674234635,-0.800000000000002,27.130882730603));
#12319=VECTOR('',#12320,1.);
#12320=DIRECTION('',(0.,1.,0.));
#12321=CARTESIAN_POINT('',(-18.2091452336667,-0.800000000000002,26.3298980408062));
#12322=CARTESIAN_POINT('',(-18.2091452336667,-0.800000000000002,26.3298980408062));
#12323=CARTESIAN_POINT('',(-18.2091452336667,-0.800000000000002,26.7183394394863));
#12324=CARTESIAN_POINT('',(-18.1290674234635,-0.800000000000002,27.130882730603));
#12325=CARTESIAN_POINT('',(-18.2091452336667,-0.800000000000002,26.3298980408062));
#12326=VECTOR('',#12327,1.);
#12327=DIRECTION('',(0.,1.,0.));
#12328=CARTESIAN_POINT('',(-18.1030225078968,-0.800000000000002,25.5148780196979));
#12329=CARTESIAN_POINT('',(-18.1030225078968,-0.800000000000002,25.5148780196979));
#12330=CARTESIAN_POINT('',(-18.2091452336667,-0.800000000000002,25.8933355408062));
#12331=CARTESIAN_POINT('',(-18.2091452336667,-0.800000000000002,26.3298980408062));
#12332=CARTESIAN_POINT('',(-18.1030225078968,-0.800000000000002,25.5148780196979));
#12333=VECTOR('',#12334,1.);
#12334=DIRECTION('',(0.,1.,0.));
#12335=CARTESIAN_POINT('',(-17.7686139634803,-0.800000000000002,24.8520760786231));
#12336=CARTESIAN_POINT('',(-17.7686139634803,-0.800000000000002,24.8520760786231));
#12337=CARTESIAN_POINT('',(-17.9968997821268,-0.800000000000002,25.1364204985896));
#12338=CARTESIAN_POINT('',(-18.1030225078968,-0.800000000000002,25.5148780196979));
#12339=CARTESIAN_POINT('',(-17.7686139634803,-0.800000000000002,24.8520760786231));
#12340=VECTOR('',#12341,1.);
#12341=DIRECTION('',(0.,1.,0.));
#12342=CARTESIAN_POINT('',(-17.2599731659421,-0.800000000000001,24.4535887897063));
#12343=CARTESIAN_POINT('',(-17.2599731659421,-0.800000000000001,24.4535887897063));
#12344=CARTESIAN_POINT('',(-17.5603372821268,-0.800000000000002,24.5957609795031));
#12345=CARTESIAN_POINT('',(-17.7686139634803,-0.800000000000002,24.8520760786231));
#12346=CARTESIAN_POINT('',(-17.2599731659421,-0.800000000000001,24.4535887897063));
#12347=VECTOR('',#12348,1.);
#12348=DIRECTION('',(0.,1.,0.));
#12349=CARTESIAN_POINT('',(-16.5430970288271,-0.800000000000001,24.3114165999095));
#12350=CARTESIAN_POINT('',(-16.5430970288271,-0.800000000000001,24.3114165999095));
#12351=CARTESIAN_POINT('',(-16.9596090901302,-0.800000000000001,24.3114165999095));
#12352=CARTESIAN_POINT('',(-17.2599731659421,-0.800000000000001,24.4535887897063));
#12353=CARTESIAN_POINT('',(-16.5430970288271,-0.800000000000001,24.3114165999095));
#12354=VECTOR('',#12355,1.);
#12355=DIRECTION('',(0.,1.,0.));
#12356=CARTESIAN_POINT('',(-15.8982991892502,-0.800000000000001,24.4315539457298));
#12357=CARTESIAN_POINT('',(-15.8982991892502,-0.800000000000001,24.4315539457298));
#12358=CARTESIAN_POINT('',(-16.2146830016533,-0.800000000000001,24.3114165999095));
#12359=CARTESIAN_POINT('',(-16.5430970288271,-0.800000000000001,24.3114165999095));
#12360=CARTESIAN_POINT('',(-15.8982991892502,-0.800000000000001,24.4315539457298));
#12361=VECTOR('',#12362,1.);
#12362=DIRECTION('',(0.,1.,0.));
#12363=CARTESIAN_POINT('',(-15.2134831154602,-0.800000000000002,24.8360357115165));
#12364=CARTESIAN_POINT('',(-15.2134831154602,-0.800000000000002,24.8360357115165));
#12365=CARTESIAN_POINT('',(-15.5418558412301,-0.800000000000002,24.5797206123964));
#12366=CARTESIAN_POINT('',(-15.8982991892502,-0.800000000000001,24.4315539457298));
#12367=CARTESIAN_POINT('',(-15.2134831154602,-0.800000000000002,24.8360357115165));
#12368=VECTOR('',#12369,1.);
#12369=DIRECTION('',(0.,1.,0.));
#12370=CARTESIAN_POINT('',(-14.7569114781671,-0.800000000000002,25.2445482601546));
#12371=CARTESIAN_POINT('',(-14.7569114781671,-0.800000000000002,25.2445482601546));
#12372=CARTESIAN_POINT('',(-15.0372458265433,-0.800000000000002,24.9762235364065));
#12373=CARTESIAN_POINT('',(-15.2134831154602,-0.800000000000002,24.8360357115165));
#12374=CARTESIAN_POINT('',(-14.7569114781671,-0.800000000000002,25.2445482601546));
#12375=VECTOR('',#12376,1.);
#12376=DIRECTION('',(0.,1.,0.));
#12377=CARTESIAN_POINT('',(-13.9879661808069,-0.800000000000002,26.0014839732596));
#12378=CARTESIAN_POINT('',(-13.9879661808069,-0.800000000000002,26.0014839732596));
#12379=CARTESIAN_POINT('',(-14.4765771701638,-0.800000000000002,25.5128729435299));
#12380=CARTESIAN_POINT('',(-14.7569114781671,-0.800000000000002,25.2445482601546));
#12381=CARTESIAN_POINT('',(-13.9879661808069,-0.800000000000002,26.0014839732596));
#12382=VECTOR('',#12383,1.);
#12383=DIRECTION('',(0.,1.,0.));
#12384=CARTESIAN_POINT('',(-13.5534293874904,-0.800000000000002,26.4620450112545));
#12385=CARTESIAN_POINT('',(-13.5534293874904,-0.800000000000002,26.4620450112545));
#12386=CARTESIAN_POINT('',(-13.6915915056969,-0.800000000000002,26.2938485364065));
#12387=CARTESIAN_POINT('',(-13.9879661808069,-0.800000000000002,26.0014839732596));
#12388=CARTESIAN_POINT('',(-13.5534293874904,-0.800000000000002,26.4620450112545));
#12389=VECTOR('',#12390,1.);
#12390=DIRECTION('',(0.,1.,0.));
#12391=CARTESIAN_POINT('',(-13.3431683412301,-0.800000000000002,26.7343798065929));
#12392=CARTESIAN_POINT('',(-13.3431683412301,-0.800000000000002,26.7343798065929));
#12393=CARTESIAN_POINT('',(-13.4152673096566,-0.800000000000002,26.6302414457298));
#12394=CARTESIAN_POINT('',(-13.5534293874904,-0.800000000000002,26.4620450112545));
#12395=CARTESIAN_POINT('',(-13.3431683412301,-0.800000000000002,26.7343798065929));
#12396=VECTOR('',#12397,1.);
#12397=DIRECTION('',(0.,1.,0.));
#12398=CARTESIAN_POINT('',(-13.1629622821268,-0.800000000000002,26.9426151461697));
#12399=CARTESIAN_POINT('',(-13.1629622821268,-0.800000000000002,26.9426151461697));
#12400=CARTESIAN_POINT('',(-13.2710693728036,-0.800000000000002,26.8385181270832));
#12401=CARTESIAN_POINT('',(-13.3431683412301,-0.800000000000002,26.7343798065929));
#12402=CARTESIAN_POINT('',(-13.1629622821268,-0.800000000000002,26.9426151461697));
#12403=VECTOR('',#12404,1.);
#12404=DIRECTION('',(0.,1.,0.));
#12405=CARTESIAN_POINT('',(-13.1629622821268,-0.800000000000001,24.3033964163561));
#12406=CARTESIAN_POINT('',(-13.1629622821268,-0.800000000000001,24.3033964163561));
#12407=VECTOR('',#12408,1.);
#12408=DIRECTION('',(0.,-8.4132702764168E-17,1.));
#12409=CARTESIAN_POINT('',(-13.1629622821268,-0.800000000000001,24.3033964163561));
#12410=VECTOR('',#12411,1.);
#12411=DIRECTION('',(0.,1.,0.));
#12412=CARTESIAN_POINT('',(-12.1216614781671,-0.800000000000001,24.3033964163561));
#12413=CARTESIAN_POINT('',(-12.1216614781671,-0.800000000000001,24.3033964163561));
#12414=VECTOR('',#12415,1.);
#12415=DIRECTION('',(-1.,0.,0.));
#12416=CARTESIAN_POINT('',(-12.1216614781671,-0.800000000000001,24.3033964163561));
#12417=VECTOR('',#12418,1.);
#12418=DIRECTION('',(0.,1.,0.));
#12419=CARTESIAN_POINT('',(-12.1216614781671,-0.800000000000002,28.1000432243595));
#12420=CARTESIAN_POINT('',(-12.1216614781671,-0.800000000000002,28.1000432243595));
#12421=VECTOR('',#12422,1.);
#12422=DIRECTION('',(0.,5.8484398511065E-17,-1.));
#12423=CARTESIAN_POINT('',(-12.1216614781671,-0.800000000000002,28.1000432243595));
#12424=VECTOR('',#12425,1.);
#12425=DIRECTION('',(0.,1.,0.));
#12426=CARTESIAN_POINT('',(-12.98672499321,-0.800000000000002,28.1000432243595));
#12427=CARTESIAN_POINT('',(-12.98672499321,-0.800000000000002,28.1000432243595));
#12428=VECTOR('',#12429,1.);
#12429=DIRECTION('',(1.,0.,0.));
#12430=CARTESIAN_POINT('',(-12.98672499321,-0.800000000000002,28.1000432243595));
#12431=VECTOR('',#12432,1.);
#12432=DIRECTION('',(0.,1.,0.));
#12433=CARTESIAN_POINT('',(-13.2350199087767,-0.800000000000002,27.9999149350866));
#12434=CARTESIAN_POINT('',(-13.2350199087767,-0.800000000000002,27.9999149350866));
#12435=CARTESIAN_POINT('',(-13.1229027061369,-0.800000000000002,28.1000432243595));
#12436=CARTESIAN_POINT('',(-12.98672499321,-0.800000000000002,28.1000432243595));
#12437=CARTESIAN_POINT('',(-13.2350199087767,-0.800000000000002,27.9999149350866));
#12438=VECTOR('',#12439,1.);
#12439=DIRECTION('',(0.,1.,0.));
#12440=CARTESIAN_POINT('',(-13.8117288918901,-0.800000000000002,27.4592554563729));
#12441=CARTESIAN_POINT('',(-13.8117288918901,-0.800000000000002,27.4592554563729));
#12442=VECTOR('',#12443,1.);
#12443=DIRECTION('',(0.729540481863491,0.,0.68393763262624));
#12444=CARTESIAN_POINT('',(-13.8117288918901,-0.800000000000002,27.4592554563729));
#12445=VECTOR('',#12446,1.);
#12446=DIRECTION('',(0.,1.,0.));
#12447=CARTESIAN_POINT('',(-14.568664604995,-0.800000000000002,26.7543889035131));
#12448=CARTESIAN_POINT('',(-14.568664604995,-0.800000000000002,26.7543889035131));
#12449=CARTESIAN_POINT('',(-14.2923196976936,-0.800000000000002,27.0147141145963));
#12450=CARTESIAN_POINT('',(-13.8117288918901,-0.800000000000002,27.4592554563729));
#12451=CARTESIAN_POINT('',(-14.568664604995,-0.800000000000002,26.7543889035131));
#12452=VECTOR('',#12453,1.);
#12453=DIRECTION('',(0.,1.,0.));
#12454=CARTESIAN_POINT('',(-15.0092165056969,-0.800000000000002,26.3458970661362));
#12455=CARTESIAN_POINT('',(-15.0092165056969,-0.800000000000002,26.3458970661362));
#12456=CARTESIAN_POINT('',(-14.8450094719236,-0.800000000000002,26.4940637328028));
#12457=CARTESIAN_POINT('',(-14.568664604995,-0.800000000000002,26.7543889035131));
#12458=CARTESIAN_POINT('',(-15.0092165056969,-0.800000000000002,26.3458970661362));
#12459=VECTOR('',#12460,1.);
#12460=DIRECTION('',(0.,1.,0.));
#12461=CARTESIAN_POINT('',(-15.30960129277,-0.800000000000002,26.0735829013133));
#12462=CARTESIAN_POINT('',(-15.30960129277,-0.800000000000002,26.0735829013133));
#12463=CARTESIAN_POINT('',(-15.1734235394702,-0.800000000000002,26.1977303994695));
#12464=CARTESIAN_POINT('',(-15.0092165056969,-0.800000000000002,26.3458970661362));
#12465=CARTESIAN_POINT('',(-15.30960129277,-0.800000000000002,26.0735829013133));
#12466=VECTOR('',#12467,1.);
#12467=DIRECTION('',(0.,1.,0.));
#12468=CARTESIAN_POINT('',(-15.6239593581168,-0.800000000000002,25.8172471313049));
#12469=CARTESIAN_POINT('',(-15.6239593581168,-0.800000000000002,25.8172471313049));
#12470=CARTESIAN_POINT('',(-15.48178716832,-0.800000000000002,25.9253749332428));
#12471=CARTESIAN_POINT('',(-15.30960129277,-0.800000000000002,26.0735829013133));
#12472=CARTESIAN_POINT('',(-15.6239593581168,-0.800000000000002,25.8172471313049));
#12473=VECTOR('',#12474,1.);
#12474=DIRECTION('',(0.,1.,0.));
#12475=CARTESIAN_POINT('',(-15.9143395563569,-0.800000000000002,25.6410305132764));
#12476=CARTESIAN_POINT('',(-15.9143395563569,-0.800000000000002,25.6410305132764));
#12477=CARTESIAN_POINT('',(-15.7661315479136,-0.800000000000002,25.7091193697398));
#12478=CARTESIAN_POINT('',(-15.6239593581168,-0.800000000000002,25.8172471313049));
#12479=CARTESIAN_POINT('',(-15.9143395563569,-0.800000000000002,25.6410305132764));
#12480=VECTOR('',#12481,1.);
#12481=DIRECTION('',(0.,1.,0.));
#12482=CARTESIAN_POINT('',(-16.4549990754434,-0.800000000000002,25.5088628719397));
#12483=CARTESIAN_POINT('',(-16.4549990754434,-0.800000000000002,25.5088628719397));
#12484=CARTESIAN_POINT('',(-16.1826436092167,-0.800000000000002,25.5088628719397));
#12485=CARTESIAN_POINT('',(-15.9143395563569,-0.800000000000002,25.6410305132764));
#12486=CARTESIAN_POINT('',(-16.4549990754434,-0.800000000000002,25.5088628719397));
#12487=VECTOR('',#12488,1.);
#12488=DIRECTION('',(0.,1.,0.));
#12489=CARTESIAN_POINT('',(-17.0597373390303,-0.800000000000002,25.7531683868045));
#12490=CARTESIAN_POINT('',(-17.0597373390303,-0.800000000000002,25.7531683868045));
#12491=CARTESIAN_POINT('',(-16.8394717039371,-0.800000000000002,25.5088628719397));
#12492=CARTESIAN_POINT('',(-16.4549990754434,-0.800000000000002,25.5088628719397));
#12493=CARTESIAN_POINT('',(-17.0597373390303,-0.800000000000002,25.7531683868045));
#12494=VECTOR('',#12495,1.);
#12495=DIRECTION('',(0.,1.,0.));
#12496=CARTESIAN_POINT('',(-17.2800029741235,-0.800000000000002,26.4380051314829));
#12497=CARTESIAN_POINT('',(-17.2800029741235,-0.800000000000002,26.4380051314829));
#12498=CARTESIAN_POINT('',(-17.2800029741235,-0.800000000000002,25.9974738612965));
#12499=CARTESIAN_POINT('',(-17.0597373390303,-0.800000000000002,25.7531683868045));
#12500=CARTESIAN_POINT('',(-17.2800029741235,-0.800000000000002,26.4380051314829));
#12501=VECTOR('',#12502,1.);
#12502=DIRECTION('',(0.,1.,0.));
#12503=CARTESIAN_POINT('',(-17.1558555163401,-0.800000000000002,27.146881755933));
#12504=CARTESIAN_POINT('',(-17.1558555163401,-0.800000000000002,27.146881755933));
#12505=CARTESIAN_POINT('',(-17.2800029741235,-0.800000000000002,26.7704292706198));
#12506=CARTESIAN_POINT('',(-17.2800029741235,-0.800000000000002,26.4380051314829));
#12507=CARTESIAN_POINT('',(-17.1558555163401,-0.800000000000002,27.146881755933));
#12508=VECTOR('',#12509,1.);
#12509=DIRECTION('',(0.,1.,0.));
#12510=CARTESIAN_POINT('',(-17.0016737019152,-0.800000000000002,27.5493791568129));
#12511=CARTESIAN_POINT('',(-17.0016737019152,-0.800000000000002,27.5493791568129));
#12512=CARTESIAN_POINT('',(-17.0917767314669,-0.800000000000002,27.3431281821429));
#12513=CARTESIAN_POINT('',(-17.1558555163401,-0.800000000000002,27.146881755933));
#12514=CARTESIAN_POINT('',(-17.0016737019152,-0.800000000000002,27.5493791568129));
#12515=VECTOR('',#12516,1.);
#12516=DIRECTION('',(0.,1.,0.));
#12517=CARTESIAN_POINT('',(-16.7873818728036,-0.800000000000002,27.9718856546131));
#12518=CARTESIAN_POINT('',(-16.7873818728036,-0.800000000000002,27.9718856546131));
#12519=CARTESIAN_POINT('',(-16.9115706723636,-0.800000000000002,27.7556301314829));
#12520=CARTESIAN_POINT('',(-17.0016737019152,-0.800000000000002,27.5493791568129));
#12521=CARTESIAN_POINT('',(-16.7873818728036,-0.800000000000002,27.9718856546131));
#12522=VECTOR('',#12523,1.);
#12523=DIRECTION('',(0.,1.,0.));
#12524=CARTESIAN_POINT('',(-17.8887513496734,-0.800000000000002,27.9718856546131));
#12525=VECTOR('',#12526,1.);
#12526=DIRECTION('',(1.,0.,0.));
#12527=CARTESIAN_POINT('',(0.279610732842386,-0.800000000000002,25.8993506481916));
#12528=CARTESIAN_POINT('',(0.279610732842386,-0.800000000000002,25.8993506481916));
#12529=VECTOR('',#12530,1.);
#12530=DIRECTION('',(0.,1.,0.));
#12531=CARTESIAN_POINT('',(0.213526912174041,-0.800000000000002,26.3619374332428));
#12532=CARTESIAN_POINT('',(0.213526912174041,-0.800000000000002,26.3619374332428));
#12533=CARTESIAN_POINT('',(0.213526912174041,-0.800000000000002,26.0976021101966));
#12534=CARTESIAN_POINT('',(0.279610732842386,-0.800000000000002,25.8993506481916));
#12535=CARTESIAN_POINT('',(0.213526912174041,-0.800000000000002,26.3619374332428));
#12536=VECTOR('',#12537,1.);
#12537=DIRECTION('',(0.,1.,0.));
#12538=CARTESIAN_POINT('',(0.213526912174041,-0.800000000000002,26.9947049773032));
#12539=CARTESIAN_POINT('',(0.213526912174041,-0.800000000000002,26.9947049773032));
#12540=VECTOR('',#12541,1.);
#12541=DIRECTION('',(8.77275576984349E-17,0.,-1.));
#12542=CARTESIAN_POINT('',(0.213526912174041,-0.800000000000002,26.9947049773032));
#12543=VECTOR('',#12544,1.);
#12544=DIRECTION('',(0.,1.,0.));
#12545=CARTESIAN_POINT('',(-0.827732550009017,-0.800000000000002,26.9947049773032));
#12546=CARTESIAN_POINT('',(-0.827732550009017,-0.800000000000002,26.9947049773032));
#12547=VECTOR('',#12548,1.);
#12548=DIRECTION('',(1.,0.,0.));
#12549=CARTESIAN_POINT('',(-0.827732550009017,-0.800000000000002,26.9947049773032));
#12550=VECTOR('',#12551,1.);
#12551=DIRECTION('',(0.,1.,0.));
#12552=CARTESIAN_POINT('',(-0.827732550009017,-0.800000000000002,26.3619374332428));
#12553=CARTESIAN_POINT('',(-0.827732550009017,-0.800000000000002,26.3619374332428));
#12554=VECTOR('',#12555,1.);
#12555=DIRECTION('',(0.,0.,1.));
#12556=CARTESIAN_POINT('',(-0.827732550009017,-0.800000000000002,26.3619374332428));
#12557=VECTOR('',#12558,1.);
#12558=DIRECTION('',(0.,1.,0.));
#12559=CARTESIAN_POINT('',(-1.00396983892588,-0.800000000000002,25.6770799773032));
#12560=CARTESIAN_POINT('',(-1.00396983892588,-0.800000000000002,25.6770799773032));
#12561=CARTESIAN_POINT('',(-0.827732550009016,-0.800000000000002,25.9253749332428));
#12562=CARTESIAN_POINT('',(-0.827732550009017,-0.800000000000002,26.3619374332428));
#12563=CARTESIAN_POINT('',(-1.00396983892588,-0.800000000000002,25.6770799773032));
#12564=VECTOR('',#12565,1.);
#12565=DIRECTION('',(0.,1.,0.));
#12566=CARTESIAN_POINT('',(-1.49654959846913,-0.800000000000002,25.4367639035131));
#12567=CARTESIAN_POINT('',(-1.49654959846913,-0.800000000000002,25.4367639035131));
#12568=CARTESIAN_POINT('',(-1.17615571447584,-0.800000000000002,25.4367639035131));
#12569=CARTESIAN_POINT('',(-1.00396983892588,-0.800000000000002,25.6770799773032));
#12570=CARTESIAN_POINT('',(-1.49654959846913,-0.800000000000002,25.4367639035131));
#12571=VECTOR('',#12572,1.);
#12572=DIRECTION('',(0.,1.,0.));
#12573=CARTESIAN_POINT('',(-2.01318990867233,-0.800000000000002,25.6770799773032));
#12574=CARTESIAN_POINT('',(-2.01318990867233,-0.800000000000002,25.6770799773032));
#12575=CARTESIAN_POINT('',(-1.82897373760597,-0.800000000000002,25.4367639035131));
#12576=CARTESIAN_POINT('',(-1.49654959846913,-0.800000000000002,25.4367639035131));
#12577=CARTESIAN_POINT('',(-2.01318990867233,-0.800000000000002,25.6770799773032));
#12578=VECTOR('',#12579,1.);
#12579=DIRECTION('',(0.,1.,0.));
#12580=CARTESIAN_POINT('',(-2.19740603936585,-0.800000000000002,26.3699162346466));
#12581=CARTESIAN_POINT('',(-2.19740603936585,-0.800000000000002,26.3699162346466));
#12582=CARTESIAN_POINT('',(-2.19740603936585,-0.800000000000002,25.9093759079128));
#12583=CARTESIAN_POINT('',(-2.01318990867233,-0.800000000000002,25.6770799773032));
#12584=CARTESIAN_POINT('',(-2.19740603936585,-0.800000000000002,26.3699162346466));
#12585=VECTOR('',#12586,1.);
#12586=DIRECTION('',(0.,1.,0.));
#12587=CARTESIAN_POINT('',(-2.17739694244563,-0.800000000000002,26.7083348910262));
#12588=CARTESIAN_POINT('',(-2.17739694244563,-0.800000000000002,26.7083348910262));
#12589=CARTESIAN_POINT('',(-2.19740603936585,-0.800000000000002,26.5261030848666));
#12590=CARTESIAN_POINT('',(-2.19740603936585,-0.800000000000002,26.3699162346466));
#12591=CARTESIAN_POINT('',(-2.17739694244563,-0.800000000000002,26.7083348910262));
#12592=VECTOR('',#12593,1.);
#12593=DIRECTION('',(0.,1.,0.));
#12594=CARTESIAN_POINT('',(-2.11331815757241,-0.800000000000002,27.0828029710597));
#12595=CARTESIAN_POINT('',(-2.11331815757241,-0.800000000000002,27.0828029710597));
#12596=CARTESIAN_POINT('',(-2.15738780515258,-0.800000000000002,26.8905666568129));
#12597=CARTESIAN_POINT('',(-2.17739694244563,-0.800000000000002,26.7083348910262));
#12598=CARTESIAN_POINT('',(-2.11331815757241,-0.800000000000002,27.0828029710597));
#12599=VECTOR('',#12600,1.);
#12600=DIRECTION('',(0.,1.,0.));
#12601=CARTESIAN_POINT('',(-2.0111848728772,-0.800000000000002,27.4672756399262));
#12602=CARTESIAN_POINT('',(-2.0111848728772,-0.800000000000002,27.4672756399262));
#12603=CARTESIAN_POINT('',(-2.07325858158248,-0.800000000000002,27.263009030163));
#12604=CARTESIAN_POINT('',(-2.11331815757241,-0.800000000000002,27.0828029710597));
#12605=CARTESIAN_POINT('',(-2.0111848728772,-0.800000000000002,27.4672756399262));
#12606=VECTOR('',#12607,1.);
#12607=DIRECTION('',(0.,1.,0.));
#12608=CARTESIAN_POINT('',(-1.8690333135959,-0.800000000000002,27.8797775892663));
#12609=CARTESIAN_POINT('',(-1.8690333135959,-0.800000000000002,27.8797775892663));
#12610=CARTESIAN_POINT('',(-1.9491111237991,-0.800000000000002,27.6715422496895));
#12611=CARTESIAN_POINT('',(-2.0111848728772,-0.800000000000002,27.4672756399262));
#12612=CARTESIAN_POINT('',(-1.8690333135959,-0.800000000000002,27.8797775892663));
#12613=VECTOR('',#12614,1.);
#12614=DIRECTION('',(0.,1.,0.));
#12615=CARTESIAN_POINT('',(-2.94233216821557,-0.800000000000002,27.8797775892663));
#12616=CARTESIAN_POINT('',(-2.94233216821557,-0.800000000000002,27.8797775892663));
#12617=VECTOR('',#12618,1.);
#12618=DIRECTION('',(1.,0.,0.));
#12619=CARTESIAN_POINT('',(-2.94233216821557,-0.800000000000002,27.8797775892663));
#12620=VECTOR('',#12621,1.);
#12621=DIRECTION('',(0.,1.,0.));
#12622=CARTESIAN_POINT('',(-3.13456848246241,-0.800000000000002,27.0668039457298));
#12623=CARTESIAN_POINT('',(-3.13456848246241,-0.800000000000002,27.0668039457298));
#12624=CARTESIAN_POINT('',(-3.06647962599895,-0.800000000000002,27.4632655279632));
#12625=CARTESIAN_POINT('',(-2.94233216821557,-0.800000000000002,27.8797775892663));
#12626=CARTESIAN_POINT('',(-3.13456848246241,-0.800000000000002,27.0668039457298));
#12627=VECTOR('',#12628,1.);
#12628=DIRECTION('',(0.,1.,0.));
#12629=CARTESIAN_POINT('',(-3.19864726733564,-0.800000000000002,26.3018273781832));
#12630=CARTESIAN_POINT('',(-3.19864726733564,-0.800000000000002,26.3018273781832));
#12631=CARTESIAN_POINT('',(-3.19864726733564,-0.800000000000002,26.6703010217197));
#12632=CARTESIAN_POINT('',(-3.13456848246241,-0.800000000000002,27.0668039457298));
#12633=CARTESIAN_POINT('',(-3.19864726733564,-0.800000000000002,26.3018273781832));
#12634=VECTOR('',#12635,1.);
#12635=DIRECTION('',(0.,1.,0.));
#12636=CARTESIAN_POINT('',(-2.78614531799559,-0.800000000000002,24.8240467981496));
#12637=CARTESIAN_POINT('',(-2.78614531799559,-0.800000000000002,24.8240467981496));
#12638=CARTESIAN_POINT('',(-3.19864726733564,-0.800000000000002,25.3446558381664));
#12639=CARTESIAN_POINT('',(-3.19864726733564,-0.800000000000002,26.3018273781832));
#12640=CARTESIAN_POINT('',(-2.78614531799559,-0.800000000000002,24.8240467981496));
#12641=VECTOR('',#12642,1.);
#12642=DIRECTION('',(0.,1.,0.));
#12643=CARTESIAN_POINT('',(-1.64872637709887,-0.800000000000001,24.2953762328028));
#12644=CARTESIAN_POINT('',(-1.64872637709887,-0.800000000000001,24.2953762328028));
#12645=CARTESIAN_POINT('',(-2.37364336865554,-0.800000000000001,24.2953762328028));
#12646=CARTESIAN_POINT('',(-2.78614531799559,-0.800000000000002,24.8240467981496));
#12647=CARTESIAN_POINT('',(-1.64872637709887,-0.800000000000001,24.2953762328028));
#12648=VECTOR('',#12649,1.);
#12649=DIRECTION('',(0.,1.,0.));
#12650=CARTESIAN_POINT('',(-1.17615571447584,-0.800000000000001,24.3654701250614));
#12651=CARTESIAN_POINT('',(-1.17615571447584,-0.800000000000001,24.3654701250614));
#12652=CARTESIAN_POINT('',(-1.39241123760597,-0.800000000000001,24.2953762328028));
#12653=CARTESIAN_POINT('',(-1.64872637709887,-0.800000000000001,24.2953762328028));
#12654=CARTESIAN_POINT('',(-1.17615571447584,-0.800000000000001,24.3654701250614));
#12655=VECTOR('',#12656,1.);
#12656=DIRECTION('',(0.,1.,0.));
#12657=CARTESIAN_POINT('',(-0.779694132242428,-0.800000000000002,24.5997710914661));
#12658=CARTESIAN_POINT('',(-0.779694132242428,-0.800000000000002,24.5997710914661));
#12659=CARTESIAN_POINT('',(-0.959900191345706,-0.800000000000001,24.4355640576928));
#12660=CARTESIAN_POINT('',(-1.17615571447584,-0.800000000000001,24.3654701250614));
#12661=CARTESIAN_POINT('',(-0.779694132242428,-0.800000000000002,24.5997710914661));
#12662=VECTOR('',#12663,1.);
#12663=DIRECTION('',(0.,1.,0.));
#12664=CARTESIAN_POINT('',(-0.335111448689111,-0.800000000000002,25.4688032959497));
#12665=CARTESIAN_POINT('',(-0.335111448689111,-0.800000000000002,25.4688032959497));
#12666=CARTESIAN_POINT('',(-0.439249809552263,-0.800000000000002,24.90412456798));
#12667=CARTESIAN_POINT('',(-0.779694132242428,-0.800000000000002,24.5997710914661));
#12668=CARTESIAN_POINT('',(-0.335111448689111,-0.800000000000002,25.4688032959497));
#12669=VECTOR('',#12670,1.);
#12670=DIRECTION('',(0.,1.,0.));
#12671=CARTESIAN_POINT('',(0.173508677960771,-0.800000000000002,24.4916226186399));
#12672=CARTESIAN_POINT('',(0.173508677960771,-0.800000000000002,24.4916226186399));
#12673=CARTESIAN_POINT('',(-0.2229942460493,-0.800000000000002,24.8280155279632));
#12674=CARTESIAN_POINT('',(-0.335111448689111,-0.800000000000002,25.4688032959497));
#12675=CARTESIAN_POINT('',(0.173508677960771,-0.800000000000002,24.4916226186399));
#12676=VECTOR('',#12677,1.);
#12677=DIRECTION('',(0.,1.,0.));
#12678=CARTESIAN_POINT('',(1.23080846687763,-0.800000000000001,24.1551884079128));
#12679=CARTESIAN_POINT('',(1.23080846687763,-0.800000000000001,24.1551884079128));
#12680=CARTESIAN_POINT('',(0.56596014823111,-0.800000000000001,24.1551884079128));
#12681=CARTESIAN_POINT('',(0.173508677960771,-0.800000000000002,24.4916226186399));
#12682=CARTESIAN_POINT('',(1.23080846687763,-0.800000000000001,24.1551884079128));
#12683=VECTOR('',#12684,1.);
#12684=DIRECTION('',(0.,1.,0.));
#12685=CARTESIAN_POINT('',(2.54640776019418,-0.800000000000002,24.7078781821429));
#12686=CARTESIAN_POINT('',(2.54640776019418,-0.800000000000002,24.7078781821429));
#12687=CARTESIAN_POINT('',(2.08785175799434,-0.800000000000001,24.1551884079128));
#12688=CARTESIAN_POINT('',(1.23080846687763,-0.800000000000001,24.1551884079128));
#12689=CARTESIAN_POINT('',(2.54640776019418,-0.800000000000002,24.7078781821429));
#12690=VECTOR('',#12691,1.);
#12691=DIRECTION('',(0.,1.,0.));
#12692=CARTESIAN_POINT('',(3.00496376239403,-0.800000000000002,26.3378768825828));
#12693=CARTESIAN_POINT('',(3.00496376239403,-0.800000000000002,26.3378768825828));
#12694=CARTESIAN_POINT('',(3.00496376239403,-0.800000000000002,25.2605679563729));
#12695=CARTESIAN_POINT('',(2.54640776019418,-0.800000000000002,24.7078781821429));
#12696=CARTESIAN_POINT('',(3.00496376239403,-0.800000000000002,26.3378768825828));
#12697=VECTOR('',#12698,1.);
#12698=DIRECTION('',(0.,1.,0.));
#12699=CARTESIAN_POINT('',(2.9869596608961,-0.800000000000002,26.7744393825828));
#12700=CARTESIAN_POINT('',(2.9869596608961,-0.800000000000002,26.7744393825828));
#12701=CARTESIAN_POINT('',(3.00496376239403,-0.800000000000002,26.5501636355266));
#12702=CARTESIAN_POINT('',(3.00496376239403,-0.800000000000002,26.3378768825828));
#12703=CARTESIAN_POINT('',(2.9869596608961,-0.800000000000002,26.7744393825828));
#12704=VECTOR('',#12705,1.);
#12705=DIRECTION('',(0.,1.,0.));
#12706=CARTESIAN_POINT('',(2.92889602378107,-0.800000000000002,27.2189807243595));
#12707=CARTESIAN_POINT('',(2.92889602378107,-0.800000000000002,27.2189807243595));
#12708=CARTESIAN_POINT('',(2.968955599771,-0.800000000000002,26.9987150892663));
#12709=CARTESIAN_POINT('',(2.9869596608961,-0.800000000000002,26.7744393825828));
#12710=CARTESIAN_POINT('',(2.92889602378107,-0.800000000000002,27.2189807243595));
#12711=VECTOR('',#12712,1.);
#12712=DIRECTION('',(0.,1.,0.));
#12713=CARTESIAN_POINT('',(2.8387723233411,-0.800000000000002,27.6354720744015));
#12714=CARTESIAN_POINT('',(2.8387723233411,-0.800000000000002,27.6354720744015));
#12715=CARTESIAN_POINT('',(2.89284655975421,-0.800000000000002,27.4232059519732));
#12716=CARTESIAN_POINT('',(2.92889602378107,-0.800000000000002,27.2189807243595));
#12717=CARTESIAN_POINT('',(2.8387723233411,-0.800000000000002,27.6354720744015));
#12718=VECTOR('',#12719,1.);
#12719=DIRECTION('',(0.,1.,0.));
#12720=CARTESIAN_POINT('',(2.70863042906069,-0.800000000000002,28.0600249901462));
#12721=CARTESIAN_POINT('',(2.70863042906069,-0.800000000000002,28.0600249901462));
#12722=CARTESIAN_POINT('',(2.78469812730082,-0.800000000000002,27.8477381968297));
#12723=CARTESIAN_POINT('',(2.8387723233411,-0.800000000000002,27.6354720744015));
#12724=CARTESIAN_POINT('',(2.70863042906069,-0.800000000000002,28.0600249901462));
#12725=VECTOR('',#12726,1.);
#12726=DIRECTION('',(0.,1.,0.));
#12727=CARTESIAN_POINT('',(1.61127102378107,-0.800000000000002,28.0600249901462));
#12728=CARTESIAN_POINT('',(1.61127102378107,-0.800000000000002,28.0600249901462));
#12729=VECTOR('',#12730,1.);
#12730=DIRECTION('',(1.,0.,0.));
#12731=CARTESIAN_POINT('',(1.61127102378107,-0.800000000000002,28.0600249901462));
#12732=VECTOR('',#12733,1.);
#12733=DIRECTION('',(0.,1.,0.));
#12734=CARTESIAN_POINT('',(1.8956154437475,-0.800000000000002,27.247010004833));
#12735=CARTESIAN_POINT('',(1.8956154437475,-0.800000000000002,27.247010004833));
#12736=CARTESIAN_POINT('',(1.80350737840074,-0.800000000000002,27.6835311630564));
#12737=CARTESIAN_POINT('',(1.61127102378107,-0.800000000000002,28.0600249901462));
#12738=CARTESIAN_POINT('',(1.8956154437475,-0.800000000000002,27.247010004833));
#12739=VECTOR('',#12740,1.);
#12740=DIRECTION('',(0.,1.,0.));
#12741=CARTESIAN_POINT('',(1.97170381287596,-0.800000000000002,26.7984585914661));
#12742=CARTESIAN_POINT('',(1.97170381287596,-0.800000000000002,26.7984585914661));
#12743=CARTESIAN_POINT('',(1.94766393310433,-0.800000000000002,27.0187241861865));
#12744=CARTESIAN_POINT('',(1.8956154437475,-0.800000000000002,27.247010004833));
#12745=CARTESIAN_POINT('',(1.97170381287596,-0.800000000000002,26.7984585914661));
#12746=VECTOR('',#12747,1.);
#12747=DIRECTION('',(0.,1.,0.));
#12748=CARTESIAN_POINT('',(1.99574369264758,-0.800000000000002,26.3939767853066));
#12749=CARTESIAN_POINT('',(1.99574369264758,-0.800000000000002,26.3939767853066));
#12750=CARTESIAN_POINT('',(1.99574369264758,-0.800000000000002,26.5781929563729));
#12751=CARTESIAN_POINT('',(1.97170381287596,-0.800000000000002,26.7984585914661));
#12752=CARTESIAN_POINT('',(1.99574369264758,-0.800000000000002,26.3939767853066));
#12753=VECTOR('',#12754,1.);
#12754=DIRECTION('',(0.,1.,0.));
#12755=CARTESIAN_POINT('',(1.94367453240242,-0.800000000000002,25.9213854921681));
#12756=CARTESIAN_POINT('',(1.94367453240242,-0.800000000000002,25.9213854921681));
#12757=CARTESIAN_POINT('',(1.99574369264758,-0.800000000000002,26.1296415026332));
#12758=CARTESIAN_POINT('',(1.99574369264758,-0.800000000000002,26.3939767853066));
#12759=CARTESIAN_POINT('',(1.94367453240242,-0.800000000000002,25.9213854921681));
#12760=VECTOR('',#12761,1.);
#12761=DIRECTION('',(0.,1.,0.));
#12762=CARTESIAN_POINT('',(1.77547805755437,-0.800000000000002,25.5649214732596));
#12763=CARTESIAN_POINT('',(1.77547805755437,-0.800000000000002,25.5649214732596));
#12764=CARTESIAN_POINT('',(1.89160533178443,-0.800000000000002,25.7131294817029));
#12765=CARTESIAN_POINT('',(1.94367453240242,-0.800000000000002,25.9213854921681));
#12766=CARTESIAN_POINT('',(1.77547805755437,-0.800000000000002,25.5649214732596));
#12767=VECTOR('',#12768,1.);
#12768=DIRECTION('',(0.,1.,0.));
#12769=CARTESIAN_POINT('',(1.14667924330753,-0.800000000000002,25.2885972368465));
#12770=CARTESIAN_POINT('',(1.14667924330753,-0.800000000000002,25.2885972368465));
#12771=CARTESIAN_POINT('',(1.55120235087092,-0.800000000000002,25.2885972368465));
#12772=CARTESIAN_POINT('',(1.77547805755437,-0.800000000000002,25.5649214732596));
#12773=CARTESIAN_POINT('',(1.14667924330753,-0.800000000000002,25.2885972368465));
#12774=VECTOR('',#12775,1.);
#12775=DIRECTION('',(0.,1.,0.));
#12776=CARTESIAN_POINT('',(0.461863169517446,-0.800000000000002,25.5689315448498));
#12777=CARTESIAN_POINT('',(0.461863169517446,-0.800000000000002,25.5689315448498));
#12778=CARTESIAN_POINT('',(0.718178268637509,-0.800000000000002,25.2885972368465));
#12779=CARTESIAN_POINT('',(1.14667924330753,-0.800000000000002,25.2885972368465));
#12780=CARTESIAN_POINT('',(0.461863169517446,-0.800000000000002,25.5689315448498));
#12781=VECTOR('',#12782,1.);
#12782=DIRECTION('',(0.,1.,0.));
#12783=CARTESIAN_POINT('',(0.279610732842386,-0.800000000000002,25.8993506481916));
#12784=CARTESIAN_POINT('',(0.345694553510731,-0.800000000000002,25.7010991861865));
#12785=CARTESIAN_POINT('',(0.461863169517446,-0.800000000000002,25.5689315448498));
#12786=CARTESIAN_POINT('',(16.5575597704096,-0.800000000000002,25.7812183381664));
#12787=CARTESIAN_POINT('',(16.5575597704096,-0.800000000000002,25.7812183381664));
#12788=VECTOR('',#12789,1.);
#12789=DIRECTION('',(0.,1.,0.));
#12790=CARTESIAN_POINT('',(16.5575597704096,-0.800000000000002,28.152133055493));
#12791=CARTESIAN_POINT('',(16.5575597704096,-0.800000000000002,28.152133055493));
#12792=VECTOR('',#12793,1.);
#12793=DIRECTION('',(0.,9.36535605023376E-17,-1.));
#12794=CARTESIAN_POINT('',(16.5575597704096,-0.800000000000002,28.152133055493));
#12795=VECTOR('',#12796,1.);
#12796=DIRECTION('',(0.,1.,0.));
#12797=CARTESIAN_POINT('',(15.4121619877362,-0.800000000000002,28.152133055493));
#12798=CARTESIAN_POINT('',(15.4121619877362,-0.800000000000002,28.152133055493));
#12799=VECTOR('',#12800,1.);
#12800=DIRECTION('',(1.,0.,0.));
#12801=CARTESIAN_POINT('',(15.4121619877362,-0.800000000000002,28.152133055493));
#12802=VECTOR('',#12803,1.);
#12803=DIRECTION('',(0.,1.,0.));
#12804=CARTESIAN_POINT('',(11.8678201668898,-0.800000000000002,25.8853153572529));
#12805=CARTESIAN_POINT('',(11.8678201668898,-0.800000000000002,25.8853153572529));
#12806=VECTOR('',#12807,1.);
#12807=DIRECTION('',(0.842439824241932,-5.27768560150454E-17,0.538790443986549));
#12808=CARTESIAN_POINT('',(11.8678201668898,-0.800000000000002,25.8853153572529));
#12809=VECTOR('',#12810,1.);
#12810=DIRECTION('',(0.,1.,0.));
#12811=CARTESIAN_POINT('',(11.8678201668898,-0.800000000000002,24.6478094688599));
#12812=CARTESIAN_POINT('',(11.8678201668898,-0.800000000000002,24.6478094688599));
#12813=VECTOR('',#12814,1.);
#12814=DIRECTION('',(0.,0.,1.));
#12815=CARTESIAN_POINT('',(11.8678201668898,-0.800000000000002,24.6478094688599));
#12816=VECTOR('',#12817,1.);
#12817=DIRECTION('',(0.,1.,0.));
#12818=CARTESIAN_POINT('',(15.5443296290729,-0.800000000000002,24.6478094688599));
#12819=CARTESIAN_POINT('',(15.5443296290729,-0.800000000000002,24.6478094688599));
#12820=VECTOR('',#12821,1.);
#12821=DIRECTION('',(-1.,0.,0.));
#12822=CARTESIAN_POINT('',(15.5443296290729,-0.800000000000002,24.6478094688599));
#12823=VECTOR('',#12824,1.);
#12824=DIRECTION('',(0.,1.,0.));
#12825=CARTESIAN_POINT('',(15.5443296290729,-0.800000000000001,23.9910227159162));
#12826=CARTESIAN_POINT('',(15.5443296290729,-0.800000000000001,23.9910227159162));
#12827=VECTOR('',#12828,1.);
#12828=DIRECTION('',(0.,-1.69038583626898E-16,1.));
#12829=CARTESIAN_POINT('',(15.5443296290729,-0.800000000000001,23.9910227159162));
#12830=VECTOR('',#12831,1.);
#12831=DIRECTION('',(0.,1.,0.));
#12832=CARTESIAN_POINT('',(16.5575597704096,-0.800000000000001,23.9910227159162));
#12833=CARTESIAN_POINT('',(16.5575597704096,-0.800000000000001,23.9910227159162));
#12834=VECTOR('',#12835,1.);
#12835=DIRECTION('',(-1.,0.,0.));
#12836=CARTESIAN_POINT('',(16.5575597704096,-0.800000000000001,23.9910227159162));
#12837=VECTOR('',#12838,1.);
#12838=DIRECTION('',(0.,1.,0.));
#12839=CARTESIAN_POINT('',(16.5575597704096,-0.800000000000002,24.6478094688599));
#12840=CARTESIAN_POINT('',(16.5575597704096,-0.800000000000002,24.6478094688599));
#12841=VECTOR('',#12842,1.);
#12842=DIRECTION('',(0.,1.69038583626898E-16,-1.));
#12843=CARTESIAN_POINT('',(16.5575597704096,-0.800000000000002,24.6478094688599));
#12844=VECTOR('',#12845,1.);
#12845=DIRECTION('',(0.,1.,0.));
#12846=CARTESIAN_POINT('',(17.847155489936,-0.800000000000002,24.6478094688599));
#12847=CARTESIAN_POINT('',(17.847155489936,-0.800000000000002,24.6478094688599));
#12848=VECTOR('',#12849,1.);
#12849=DIRECTION('',(-1.,0.,0.));
#12850=CARTESIAN_POINT('',(17.847155489936,-0.800000000000002,24.6478094688599));
#12851=VECTOR('',#12852,1.);
#12852=DIRECTION('',(0.,1.,0.));
#12853=CARTESIAN_POINT('',(17.847155489936,-0.800000000000002,25.7812183381664));
#12854=CARTESIAN_POINT('',(17.847155489936,-0.800000000000002,25.7812183381664));
#12855=VECTOR('',#12856,1.);
#12856=DIRECTION('',(0.,0.,-1.));
#12857=CARTESIAN_POINT('',(17.847155489936,-0.800000000000002,25.7812183381664));
#12858=VECTOR('',#12859,1.);
#12859=DIRECTION('',(0.,1.,0.));
#12860=CARTESIAN_POINT('',(16.5575597704096,-0.800000000000002,25.7812183381664));
#12861=VECTOR('',#12862,1.);
#12862=DIRECTION('',(1.,0.,0.));
#12863=CARTESIAN_POINT('',(33.0771797189927,-0.800000000000002,26.4260161777432));
#12864=CARTESIAN_POINT('',(33.0771797189927,-0.800000000000002,26.4260161777432));
#12865=VECTOR('',#12866,1.);
#12866=DIRECTION('',(0.,1.,0.));
#12867=CARTESIAN_POINT('',(33.0611600227744,-0.800000000000002,26.7944484795031));
#12868=CARTESIAN_POINT('',(33.0611600227744,-0.800000000000002,26.7944484795031));
#12869=CARTESIAN_POINT('',(33.0771797189927,-0.800000000000002,26.5982020532932));
#12870=CARTESIAN_POINT('',(33.0771797189927,-0.800000000000002,26.4260161777432));
#12871=CARTESIAN_POINT('',(33.0611600227744,-0.800000000000002,26.7944484795031));
#12872=VECTOR('',#12873,1.);
#12873=DIRECTION('',(0.,1.,0.));
#12874=CARTESIAN_POINT('',(33.0131009341195,-0.800000000000002,27.1869413319229));
#12875=CARTESIAN_POINT('',(33.0131009341195,-0.800000000000002,27.1869413319229));
#12876=CARTESIAN_POINT('',(33.0451403265561,-0.800000000000002,26.990694905713));
#12877=CARTESIAN_POINT('',(33.0611600227744,-0.800000000000002,26.7944484795031));
#12878=CARTESIAN_POINT('',(33.0131009341195,-0.800000000000002,27.1869413319229));
#12879=VECTOR('',#12880,1.);
#12880=DIRECTION('',(0.,1.,0.));
#12881=CARTESIAN_POINT('',(32.9309974172328,-0.800000000000002,27.5894387328028));
#12882=CARTESIAN_POINT('',(32.9309974172328,-0.800000000000002,27.5894387328028));
#12883=CARTESIAN_POINT('',(32.9810615416828,-0.800000000000002,27.387197829723));
#12884=CARTESIAN_POINT('',(33.0131009341195,-0.800000000000002,27.1869413319229));
#12885=CARTESIAN_POINT('',(32.9309974172328,-0.800000000000002,27.5894387328028));
#12886=VECTOR('',#12887,1.);
#12887=DIRECTION('',(0.,1.,0.));
#12888=CARTESIAN_POINT('',(32.8208645794998,-0.800000000000002,27.9879260217197));
#12889=CARTESIAN_POINT('',(32.8208645794998,-0.800000000000002,27.9879260217197));
#12890=CARTESIAN_POINT('',(32.8809332927828,-0.800000000000002,27.7916795955098));
#12891=CARTESIAN_POINT('',(32.9309974172328,-0.800000000000002,27.5894387328028));
#12892=CARTESIAN_POINT('',(32.8208645794998,-0.800000000000002,27.9879260217197));
#12893=VECTOR('',#12894,1.);
#12894=DIRECTION('',(0.,1.,0.));
#12895=CARTESIAN_POINT('',(31.7555859488063,-0.800000000000002,27.9879260217197));
#12896=CARTESIAN_POINT('',(31.7555859488063,-0.800000000000002,27.9879260217197));
#12897=VECTOR('',#12898,1.);
#12898=DIRECTION('',(1.,0.,0.));
#12899=CARTESIAN_POINT('',(31.7555859488063,-0.800000000000002,27.9879260217197));
#12900=VECTOR('',#12901,1.);
#12901=DIRECTION('',(0.,1.,0.));
#12902=CARTESIAN_POINT('',(31.8997425438827,-0.800000000000002,27.6474816990295));
#12903=CARTESIAN_POINT('',(31.8997425438827,-0.800000000000002,27.6474816990295));
#12904=CARTESIAN_POINT('',(31.8436839425628,-0.800000000000002,27.8076786208398));
#12905=CARTESIAN_POINT('',(31.7555859488063,-0.800000000000002,27.9879260217197));
#12906=CARTESIAN_POINT('',(31.8997425438827,-0.800000000000002,27.6474816990295));
#12907=VECTOR('',#12908,1.);
#12908=DIRECTION('',(0.,1.,0.));
#12909=CARTESIAN_POINT('',(31.9998707927828,-0.800000000000002,27.3030686061529));
#12910=CARTESIAN_POINT('',(31.9998707927828,-0.800000000000002,27.3030686061529));
#12911=CARTESIAN_POINT('',(31.9558011048298,-0.800000000000002,27.4872847368465));
#12912=CARTESIAN_POINT('',(31.8997425438827,-0.800000000000002,27.6474816990295));
#12913=CARTESIAN_POINT('',(31.9998707927828,-0.800000000000002,27.3030686061529));
#12914=VECTOR('',#12915,1.);
#12915=DIRECTION('',(0.,1.,0.));
#12916=CARTESIAN_POINT('',(32.0839586745762,-0.800000000000002,26.6062222368465));
#12917=CARTESIAN_POINT('',(32.0839586745762,-0.800000000000002,26.6062222368465));
#12918=CARTESIAN_POINT('',(32.0839586745762,-0.800000000000002,26.9666756968297));
#12919=CARTESIAN_POINT('',(31.9998707927828,-0.800000000000002,27.3030686061529));
#12920=CARTESIAN_POINT('',(32.0839586745762,-0.800000000000002,26.6062222368465));
#12921=VECTOR('',#12922,1.);
#12922=DIRECTION('',(0.,1.,0.));
#12923=CARTESIAN_POINT('',(31.8156546217164,-0.800000000000002,25.6530607684199));
#12924=CARTESIAN_POINT('',(31.8156546217164,-0.800000000000002,25.6530607684199));
#12925=CARTESIAN_POINT('',(32.0839586745762,-0.800000000000002,25.969444580823));
#12926=CARTESIAN_POINT('',(32.0839586745762,-0.800000000000002,26.6062222368465));
#12927=CARTESIAN_POINT('',(31.8156546217164,-0.800000000000002,25.6530607684199));
#12928=VECTOR('',#12929,1.);
#12929=DIRECTION('',(0.,1.,0.));
#12930=CARTESIAN_POINT('',(31.058698278096,-0.800000000000002,25.3286568128364));
#12931=CARTESIAN_POINT('',(31.058698278096,-0.800000000000002,25.3286568128364));
#12932=CARTESIAN_POINT('',(31.5432991554897,-0.800000000000002,25.3286568128364));
#12933=CARTESIAN_POINT('',(31.8156546217164,-0.800000000000002,25.6530607684199));
#12934=CARTESIAN_POINT('',(31.058698278096,-0.800000000000002,25.3286568128364));
#12935=VECTOR('',#12936,1.);
#12936=DIRECTION('',(0.,1.,0.));
#12937=CARTESIAN_POINT('',(30.2797483919028,-0.800000000000002,25.6430355490715));
#12938=CARTESIAN_POINT('',(30.2797483919028,-0.800000000000002,25.6430355490715));
#12939=CARTESIAN_POINT('',(30.5500781514461,-0.800000000000002,25.3286568128364));
#12940=CARTESIAN_POINT('',(31.058698278096,-0.800000000000002,25.3286568128364));
#12941=CARTESIAN_POINT('',(30.2797483919028,-0.800000000000002,25.6430355490715));
#12942=VECTOR('',#12943,1.);
#12943=DIRECTION('',(0.,1.,0.));
#12944=CARTESIAN_POINT('',(30.0094186323596,-0.800000000000002,26.5261030848666));
#12945=CARTESIAN_POINT('',(30.0094186323596,-0.800000000000002,26.5261030848666));
#12946=CARTESIAN_POINT('',(30.0094186323596,-0.800000000000002,25.9574142853066));
#12947=CARTESIAN_POINT('',(30.2797483919028,-0.800000000000002,25.6430355490715));
#12948=CARTESIAN_POINT('',(30.0094186323596,-0.800000000000002,26.5261030848666));
#12949=VECTOR('',#12950,1.);
#12950=DIRECTION('',(0.,1.,0.));
#12951=CARTESIAN_POINT('',(30.027443364373,-0.800000000000002,26.8244828361446));
#12952=CARTESIAN_POINT('',(30.027443364373,-0.800000000000002,26.8244828361446));
#12953=CARTESIAN_POINT('',(30.0094186323596,-0.800000000000002,26.6662909097566));
#12954=CARTESIAN_POINT('',(30.0094186323596,-0.800000000000002,26.5261030848666));
#12955=CARTESIAN_POINT('',(30.027443364373,-0.800000000000002,26.8244828361446));
#12956=VECTOR('',#12957,1.);
#12957=DIRECTION('',(0.,1.,0.));
#12958=CARTESIAN_POINT('',(30.0855276723764,-0.800000000000002,27.1428716439699));
#12959=CARTESIAN_POINT('',(30.0855276723764,-0.800000000000002,27.1428716439699));
#12960=CARTESIAN_POINT('',(30.0454680963864,-0.800000000000002,26.9826747221597));
#12961=CARTESIAN_POINT('',(30.027443364373,-0.800000000000002,26.8244828361446));
#12962=CARTESIAN_POINT('',(30.0855276723764,-0.800000000000002,27.1428716439699));
#12963=VECTOR('',#12964,1.);
#12964=DIRECTION('',(0.,1.,0.));
#12965=CARTESIAN_POINT('',(30.1896246914629,-0.800000000000002,27.4772801883864));
#12966=CARTESIAN_POINT('',(30.1896246914629,-0.800000000000002,27.4772801883864));
#12967=CARTESIAN_POINT('',(30.1255459065896,-0.800000000000002,27.3070786777432));
#12968=CARTESIAN_POINT('',(30.0855276723764,-0.800000000000002,27.1428716439699));
#12969=CARTESIAN_POINT('',(30.1896246914629,-0.800000000000002,27.4772801883864));
#12970=VECTOR('',#12971,1.);
#12971=DIRECTION('',(0.,1.,0.));
#12972=CARTESIAN_POINT('',(30.3217923327996,-0.800000000000002,27.7876695239195));
#12973=CARTESIAN_POINT('',(30.3217923327996,-0.800000000000002,27.7876695239195));
#12974=CARTESIAN_POINT('',(30.2537034763361,-0.800000000000002,27.6474816990295));
#12975=CARTESIAN_POINT('',(30.1896246914629,-0.800000000000002,27.4772801883864));
#12976=CARTESIAN_POINT('',(30.3217923327996,-0.800000000000002,27.7876695239195));
#12977=VECTOR('',#12978,1.);
#12978=DIRECTION('',(0.,1.,0.));
#12979=CARTESIAN_POINT('',(26.9817171217164,-0.800000000000002,27.7876695239195));
#12980=CARTESIAN_POINT('',(26.9817171217164,-0.800000000000002,27.7876695239195));
#12981=VECTOR('',#12982,1.);
#12982=DIRECTION('',(1.,0.,1.06366277831463E-15));
#12983=CARTESIAN_POINT('',(26.9817171217164,-0.800000000000002,27.7876695239195));
#12984=VECTOR('',#12985,1.);
#12985=DIRECTION('',(0.,1.,0.));
#12986=CARTESIAN_POINT('',(26.9817171217164,-0.800000000000002,24.5396610364065));
#12987=CARTESIAN_POINT('',(26.9817171217164,-0.800000000000002,24.5396610364065));
#12988=VECTOR('',#12989,1.);
#12989=DIRECTION('',(0.,-3.41816540471926E-17,1.));
#12990=CARTESIAN_POINT('',(26.9817171217164,-0.800000000000002,24.5396610364065));
#12991=VECTOR('',#12992,1.);
#12992=DIRECTION('',(0.,1.,0.));
#12993=CARTESIAN_POINT('',(28.0229765838995,-0.800000000000002,24.5396610364065));
#12994=CARTESIAN_POINT('',(28.0229765838995,-0.800000000000002,24.5396610364065));
#12995=VECTOR('',#12996,1.);
#12996=DIRECTION('',(-1.,0.,0.));
#12997=CARTESIAN_POINT('',(28.0229765838995,-0.800000000000002,24.5396610364065));
#12998=VECTOR('',#12999,1.);
#12999=DIRECTION('',(0.,1.,0.));
#13000=CARTESIAN_POINT('',(28.0229765838995,-0.800000000000002,26.8304979435299));
#13001=CARTESIAN_POINT('',(28.0229765838995,-0.800000000000002,26.8304979435299));
#13002=VECTOR('',#13003,1.);
#13003=DIRECTION('',(0.,4.84636431852869E-17,-1.));
#13004=CARTESIAN_POINT('',(28.0229765838995,-0.800000000000002,26.8304979435299));
#13005=VECTOR('',#13006,1.);
#13006=DIRECTION('',(0.,1.,0.));
#13007=CARTESIAN_POINT('',(29.132324902546,-0.800000000000002,26.8304979435299));
#13008=CARTESIAN_POINT('',(29.132324902546,-0.800000000000002,26.8304979435299));
#13009=VECTOR('',#13010,1.);
#13010=DIRECTION('',(-1.,0.,-3.20252315623918E-15));
#13011=CARTESIAN_POINT('',(29.132324902546,-0.800000000000002,26.8304979435299));
#13012=VECTOR('',#13013,1.);
#13013=DIRECTION('',(0.,1.,0.));
#13014=CARTESIAN_POINT('',(29.0903015921648,-0.800000000000002,26.7023404141563));
#13015=CARTESIAN_POINT('',(29.0903015921648,-0.800000000000002,26.7023404141563));
#13016=CARTESIAN_POINT('',(29.116325877216,-0.800000000000002,26.7904384079128));
#13017=CARTESIAN_POINT('',(29.132324902546,-0.800000000000002,26.8304979435299));
#13018=CARTESIAN_POINT('',(29.0903015921648,-0.800000000000002,26.7023404141563));
#13019=VECTOR('',#13020,1.);
#13020=DIRECTION('',(0.,1.,0.));
#13021=CARTESIAN_POINT('',(29.0482369803797,-0.800000000000002,26.522134355053));
#13022=CARTESIAN_POINT('',(29.0482369803797,-0.800000000000002,26.522134355053));
#13023=CARTESIAN_POINT('',(29.0642773474864,-0.800000000000002,26.6142424203998));
#13024=CARTESIAN_POINT('',(29.0903015921648,-0.800000000000002,26.7023404141563));
#13025=CARTESIAN_POINT('',(29.0482369803797,-0.800000000000002,26.522134355053));
#13026=VECTOR('',#13027,1.);
#13027=DIRECTION('',(0.,1.,0.));
#13028=CARTESIAN_POINT('',(29.0302122483663,-0.800000000000002,26.3499071377264));
#13029=CARTESIAN_POINT('',(29.0302122483663,-0.800000000000002,26.3499071377264));
#13030=CARTESIAN_POINT('',(29.0362067252362,-0.800000000000002,26.4500353866265));
#13031=CARTESIAN_POINT('',(29.0482369803797,-0.800000000000002,26.522134355053));
#13032=CARTESIAN_POINT('',(29.0302122483663,-0.800000000000002,26.3499071377264));
#13033=VECTOR('',#13034,1.);
#13034=DIRECTION('',(0.,1.,0.));
#13035=CARTESIAN_POINT('',(29.0242177714964,-0.800000000000002,26.1656910070329));
#13036=CARTESIAN_POINT('',(29.0242177714964,-0.800000000000002,26.1656910070329));
#13037=CARTESIAN_POINT('',(29.0242177714964,-0.800000000000002,26.2497788888263));
#13038=CARTESIAN_POINT('',(29.0302122483663,-0.800000000000002,26.3499071377264));
#13039=CARTESIAN_POINT('',(29.0242177714964,-0.800000000000002,26.1656910070329));
#13040=VECTOR('',#13041,1.);
#13041=DIRECTION('',(0.,1.,0.));
#13042=CARTESIAN_POINT('',(29.1663900016661,-0.800000000000002,25.368695717938));
#13043=CARTESIAN_POINT('',(29.1663900016661,-0.800000000000002,25.368695717938));
#13044=CARTESIAN_POINT('',(29.0242177714964,-0.800000000000002,25.7411587621764));
#13045=CARTESIAN_POINT('',(29.0242177714964,-0.800000000000002,26.1656910070329));
#13046=CARTESIAN_POINT('',(29.1663900016661,-0.800000000000002,25.368695717938));
#13047=VECTOR('',#13048,1.);
#13048=DIRECTION('',(0.,1.,0.));
#13049=CARTESIAN_POINT('',(29.5808763159129,-0.800000000000002,24.7279286208398));
#13050=CARTESIAN_POINT('',(29.5808763159129,-0.800000000000002,24.7279286208398));
#13051=CARTESIAN_POINT('',(29.3085621914629,-0.800000000000002,24.9962326736995));
#13052=CARTESIAN_POINT('',(29.1663900016661,-0.800000000000002,25.368695717938));
#13053=CARTESIAN_POINT('',(29.5808763159129,-0.800000000000002,24.7279286208398));
#13054=VECTOR('',#13055,1.);
#13055=DIRECTION('',(0.,1.,0.));
#13056=CARTESIAN_POINT('',(30.2176746428247,-0.800000000000001,24.3234261841647));
#13057=CARTESIAN_POINT('',(30.2176746428247,-0.800000000000001,24.3234261841647));
#13058=CARTESIAN_POINT('',(29.8452115985863,-0.800000000000001,24.4676034097566));
#13059=CARTESIAN_POINT('',(29.5808763159129,-0.800000000000002,24.7279286208398));
#13060=CARTESIAN_POINT('',(30.2176746428247,-0.800000000000001,24.3234261841647));
#13061=VECTOR('',#13062,1.);
#13062=DIRECTION('',(0.,1.,0.));
#13063=CARTESIAN_POINT('',(31.0507194363193,-0.800000000000001,24.1792489181999));
#13064=CARTESIAN_POINT('',(31.0507194363193,-0.800000000000001,24.1792489181999));
#13065=CARTESIAN_POINT('',(30.590137727436,-0.800000000000001,24.1792489181999));
#13066=CARTESIAN_POINT('',(30.2176746428247,-0.800000000000001,24.3234261841647));
#13067=CARTESIAN_POINT('',(31.0507194363193,-0.800000000000001,24.1792489181999));
#13068=VECTOR('',#13069,1.);
#13069=DIRECTION('',(0.,1.,0.));
#13070=CARTESIAN_POINT('',(32.5345151641111,-0.800000000000002,24.7699725617365));
#13071=CARTESIAN_POINT('',(32.5345151641111,-0.800000000000002,24.7699725617365));
#13072=CARTESIAN_POINT('',(31.9918506092295,-0.800000000000001,24.1792489181999));
#13073=CARTESIAN_POINT('',(31.0507194363193,-0.800000000000001,24.1792489181999));
#13074=CARTESIAN_POINT('',(32.5345151641111,-0.800000000000002,24.7699725617365));
#13075=VECTOR('',#13076,1.);
#13076=DIRECTION('',(0.,1.,0.));
#13077=CARTESIAN_POINT('',(33.0771797189927,-0.800000000000002,26.4260161777432));
#13078=CARTESIAN_POINT('',(33.0771797189927,-0.800000000000002,25.360696205273));
#13079=CARTESIAN_POINT('',(32.5345151641111,-0.800000000000002,24.7699725617365));
#13080=CARTESIAN_POINT('',(3.5,-0.599999999999998,-36.3));
#13081=CARTESIAN_POINT('',(3.5,-0.599999999999998,-36.3));
#13082=VECTOR('',#13083,1.);
#13083=DIRECTION('',(0.,1.,0.));
#13084=CARTESIAN_POINT('',(5.5,-0.599999999999998,-34.3));
#13085=AXIS2_PLACEMENT_3D('',#13086,#13087,#13088);
#13086=CARTESIAN_POINT('',(3.5,-0.599999999999998,-34.3));
#13087=DIRECTION('',(0.,1.,6.12323399573677E-17));
#13088=DIRECTION('',(1.,-4.35081943503005E-31,7.105427357601E-15));
#13089=CARTESIAN_POINT('',(5.5,-0.599999999999998,-34.3));
#13090=VECTOR('',#13091,1.);
#13091=DIRECTION('',(0.,1.,0.));
#13092=CARTESIAN_POINT('',(5.49999999999998,-0.6,3.7));
#13093=CARTESIAN_POINT('',(5.49999999999998,-0.6,3.7));
#13094=VECTOR('',#13095,1.);
#13095=DIRECTION('',(5.60954791389553E-16,6.13544303082323E-17,-1.));
#13096=CARTESIAN_POINT('',(5.49999999999998,-0.6,3.7));
#13097=VECTOR('',#13098,1.);
#13098=DIRECTION('',(0.,1.,0.));
#13099=CARTESIAN_POINT('',(3.50000000000037,-0.6,5.70000000000002));
#13100=AXIS2_PLACEMENT_3D('',#13101,#13102,#13103);
#13101=CARTESIAN_POINT('',(3.49999999999998,-0.6,3.7));
#13102=DIRECTION('',(0.,1.,6.12323399573677E-17));
#13103=DIRECTION('',(1.95621296938953E-13,-6.12323399573677E-17,1.));
#13104=CARTESIAN_POINT('',(3.50000000000037,-0.6,5.70000000000002));
#13105=VECTOR('',#13106,1.);
#13106=DIRECTION('',(0.,1.,0.));
#13107=CARTESIAN_POINT('',(-3.5,-0.6,5.69999999999999));
#13108=CARTESIAN_POINT('',(-3.5,-0.6,5.69999999999998));
#13109=VECTOR('',#13110,1.);
#13110=DIRECTION('',(1.,0.,6.34413156928627E-15));
#13111=CARTESIAN_POINT('',(-3.5,-0.6,5.69999999999999));
#13112=VECTOR('',#13113,1.);
#13113=DIRECTION('',(0.,1.,0.));
#13114=CARTESIAN_POINT('',(-5.49999999999995,-0.6,3.7));
#13115=AXIS2_PLACEMENT_3D('',#13116,#13117,#13118);
#13116=CARTESIAN_POINT('',(-3.49999999999995,-0.6,3.69999999999999));
#13117=DIRECTION('',(0.,1.,6.12323399573677E-17));
#13118=DIRECTION('',(-1.,-3.39907768361723E-31,5.55111512312578E-15));
#13119=CARTESIAN_POINT('',(-5.49999999999995,-0.6,3.7));
#13120=VECTOR('',#13121,1.);
#13121=DIRECTION('',(0.,1.,0.));
#13122=CARTESIAN_POINT('',(-5.5,-0.599999999999998,-34.3));
#13123=CARTESIAN_POINT('',(-5.5,-0.599999999999998,-34.3));
#13124=VECTOR('',#13125,1.);
#13125=DIRECTION('',(1.47250632739758E-15,-6.13544303082323E-17,1.));
#13126=CARTESIAN_POINT('',(-5.5,-0.599999999999998,-34.3));
#13127=VECTOR('',#13128,1.);
#13128=DIRECTION('',(0.,1.,0.));
#13129=CARTESIAN_POINT('',(-3.5,-0.599999999999998,-36.3));
#13130=AXIS2_PLACEMENT_3D('',#13131,#13132,#13133);
#13131=CARTESIAN_POINT('',(-3.5,-0.599999999999998,-34.3));
#13132=DIRECTION('',(0.,1.,6.12323399573677E-17));
#13133=DIRECTION('',(0.,6.12323399573677E-17,-1.));
#13134=CARTESIAN_POINT('',(-3.5,-0.599999999999998,-36.3));
#13135=VECTOR('',#13136,1.);
#13136=DIRECTION('',(0.,1.,0.));
#13137=CARTESIAN_POINT('',(3.5,-0.599999999999998,-36.3));
#13138=VECTOR('',#13139,1.);
#13139=DIRECTION('',(-1.,0.,4.06024420434343E-15));
#13140=CARTESIAN_POINT('',(-42.8,-15.4999999999998,-3.99999999999989));
#13141=VECTOR('',#13142,1.);
#13142=DIRECTION('',(0.,-6.50146603220491E-14,1.));
#13143=CARTESIAN_POINT('',(-39.3,-6.99553976697339,21.0000000000001));
#13144=CARTESIAN_POINT('',(-39.3,-6.99641598936272,20.9768223339896));
#13145=CARTESIAN_POINT('',(-39.3,-6.99797856722169,20.9288868916454));
#13146=CARTESIAN_POINT('',(-39.3,-6.99957951915594,20.851555403786));
#13147=CARTESIAN_POINT('',(-39.3,-7.,20.7959215504088));
#13148=CARTESIAN_POINT('',(-39.3,-7.,20.7669697220177));
#13149=CARTESIAN_POINT('',(-42.8,-18.34529946162,21.0000000000001));
#13150=VECTOR('',#13151,1.);
#13151=DIRECTION('',(0.,-3.73745479009813E-14,-1.));
#13152=CARTESIAN_POINT('',(-40.8000000000003,-19.5,-4.00000000000002));
#13153=VECTOR('',#13154,1.);
#13154=DIRECTION('',(6.48014975013208E-14,0.,1.));
#13155=CARTESIAN_POINT('',(-40.3,-19.5,-4.00000000000011));
#13156=VECTOR('',#13157,1.);
#13157=DIRECTION('',(0.,0.,1.));
#13158=CARTESIAN_POINT('',(-39.3,-15.7679491924311,-4.00000000000011));
#13159=VECTOR('',#13160,1.);
#13160=DIRECTION('',(0.,0.,1.));
#13161=CARTESIAN_POINT('',(-39.3,-7.,18.7235857918566));
#13162=CARTESIAN_POINT('',(-39.3,-7.,18.5534489468796));
#13163=CARTESIAN_POINT('',(-39.3,-6.98994201687465,18.2505329714458));
#13164=CARTESIAN_POINT('',(-39.3,-6.95785614883777,17.8529594005582));
#13165=CARTESIAN_POINT('',(-39.3,-6.91822884383671,17.5142705374678));
#13166=CARTESIAN_POINT('',(-39.3,-6.87231802327955,17.1987059457326));
#13167=CARTESIAN_POINT('',(-39.3,-6.82070824368636,16.8946674084217));
#13168=CARTESIAN_POINT('',(-39.3,-6.76232468315109,16.5877422070492));
#13169=CARTESIAN_POINT('',(-39.3,-6.69902369909278,16.2809888375099));
#13170=CARTESIAN_POINT('',(-39.3,-6.63157327724635,15.9710473257611));
#13171=CARTESIAN_POINT('',(-39.3,-6.56169022054869,15.6579446106904));
#13172=CARTESIAN_POINT('',(-39.3,-6.49107880347806,15.34016154869));
#13173=CARTESIAN_POINT('',(-39.3,-6.42171508941715,15.0155741271575));
#13174=CARTESIAN_POINT('',(-39.3,-6.35584197866158,14.6806211732947));
#13175=CARTESIAN_POINT('',(-39.3,-6.2960792222155,14.3290372473042));
#13176=CARTESIAN_POINT('',(-39.3,-6.24579050748478,13.948886371894));
#13177=CARTESIAN_POINT('',(-39.3,-6.21222891011256,13.5371399498651));
#13178=CARTESIAN_POINT('',(-39.3,-6.20410440276265,13.1039889431361));
#13179=CARTESIAN_POINT('',(-39.3,-6.22442553817799,12.6761791770529));
#13180=CARTESIAN_POINT('',(-39.3,-6.26706217220187,12.2740502602457));
#13181=CARTESIAN_POINT('',(-39.3,-6.32303192048918,11.9039087107262));
#13182=CARTESIAN_POINT('',(-39.3,-6.38677099702686,11.5573818003371));
#13183=CARTESIAN_POINT('',(-39.3,-6.45531194056389,11.224762165711));
#13184=CARTESIAN_POINT('',(-39.3,-6.52621791668429,10.9008608645521));
#13185=CARTESIAN_POINT('',(-39.3,-6.59735864812445,10.5826930633211));
#13186=CARTESIAN_POINT('',(-39.3,-6.66681972502165,10.2685588101404));
#13187=CARTESIAN_POINT('',(-39.3,-6.73291217403532,9.95742614144224));
#13188=CARTESIAN_POINT('',(-39.3,-6.7941823817675,9.64856544126077));
#13189=CARTESIAN_POINT('',(-39.3,-6.84939392011183,9.34135499901328));
#13190=CARTESIAN_POINT('',(-39.3,-6.89749083149769,9.03518186889888));
#13191=CARTESIAN_POINT('',(-39.3,-6.93723110281263,8.73180876257542));
#13192=CARTESIAN_POINT('',(-39.3,-6.96851025261062,8.42546113050392));
#13193=CARTESIAN_POINT('',(-39.3,-6.98876347547292,8.13674724677721));
#13194=CARTESIAN_POINT('',(-39.3,-6.99827925108243,7.88468299256946));
#13195=CARTESIAN_POINT('',(-39.3,-7.,7.73803016432285));
#13196=CARTESIAN_POINT('',(-39.3,-7.,7.67641420814339));
#13197=CARTESIAN_POINT('',(-30.,-15.5,7.95));
#13198=AXIS2_PLACEMENT_3D('',#13199,#13200,#13201);
#13199=CARTESIAN_POINT('',(-30.,-15.5,13.2));
#13200=DIRECTION('',(0.,-1.,-6.12323399573677E-17));
#13201=DIRECTION('',(6.12323399573677E-17,6.12323399573677E-17,-1.));
#13202=CARTESIAN_POINT('',(-15.,-11.3,23.1));
#13203=AXIS2_PLACEMENT_3D('',#13204,#13205,#13206);
#13204=CARTESIAN_POINT('',(-15.,-11.3,26.1));
#13205=DIRECTION('',(0.,-1.,-6.12323399573677E-17));
#13206=DIRECTION('',(6.12323399573677E-17,6.12323399573677E-17,-1.));
#13207=CARTESIAN_POINT('',(15.,-11.3,23.1));
#13208=AXIS2_PLACEMENT_3D('',#13209,#13210,#13211);
#13209=CARTESIAN_POINT('',(15.,-11.3,26.1));
#13210=DIRECTION('',(0.,-1.,-6.12323399573677E-17));
#13211=DIRECTION('',(6.12323399573677E-17,6.12323399573677E-17,-1.));
#13212=CARTESIAN_POINT('',(-15.,-15.5,7.95));
#13213=AXIS2_PLACEMENT_3D('',#13214,#13215,#13216);
#13214=CARTESIAN_POINT('',(-15.,-15.5,13.2));
#13215=DIRECTION('',(0.,-1.,-6.12323399573677E-17));
#13216=DIRECTION('',(6.12323399573677E-17,6.12323399573677E-17,-1.));
#13217=CARTESIAN_POINT('',(4.86797102661076E-16,-15.5,7.95));
#13218=AXIS2_PLACEMENT_3D('',#13219,#13220,#13221);
#13219=CARTESIAN_POINT('',(8.08266887437256E-16,-15.5,13.2));
#13220=DIRECTION('',(0.,-1.,-6.12323399573677E-17));
#13221=DIRECTION('',(6.12323399573677E-17,6.12323399573677E-17,-1.));
#13222=CARTESIAN_POINT('',(15.,-15.5,7.95));
#13223=AXIS2_PLACEMENT_3D('',#13224,#13225,#13226);
#13224=CARTESIAN_POINT('',(15.,-15.5,13.2));
#13225=DIRECTION('',(0.,-1.,-6.12323399573677E-17));
#13226=DIRECTION('',(6.12323399573677E-17,6.12323399573677E-17,-1.));
#13227=CARTESIAN_POINT('',(30.,-15.5,7.95));
#13228=AXIS2_PLACEMENT_3D('',#13229,#13230,#13231);
#13229=CARTESIAN_POINT('',(30.,-15.5,13.2));
#13230=DIRECTION('',(0.,-1.,-6.12323399573677E-17));
#13231=DIRECTION('',(6.12323399573677E-17,6.12323399573677E-17,-1.));
#13232=CARTESIAN_POINT('',(30.,-11.3,23.1));
#13233=AXIS2_PLACEMENT_3D('',#13234,#13235,#13236);
#13234=CARTESIAN_POINT('',(30.,-11.3,26.1));
#13235=DIRECTION('',(0.,-1.,-6.12323399573677E-17));
#13236=DIRECTION('',(6.12323399573677E-17,6.12323399573677E-17,-1.));
#13237=CARTESIAN_POINT('',(3.08610993385133E-15,-11.3,23.1));
#13238=AXIS2_PLACEMENT_3D('',#13239,#13240,#13241);
#13239=CARTESIAN_POINT('',(3.26980695372343E-15,-11.3,26.1));
#13240=DIRECTION('',(0.,-1.,-6.12323399573677E-17));
#13241=DIRECTION('',(6.12323399573677E-17,6.12323399573677E-17,-1.));
#13242=CARTESIAN_POINT('',(-30.,-11.3,23.1));
#13243=AXIS2_PLACEMENT_3D('',#13244,#13245,#13246);
#13244=CARTESIAN_POINT('',(-30.,-11.3,26.1));
#13245=DIRECTION('',(0.,-1.,-6.12323399573677E-17));
#13246=DIRECTION('',(6.12323399573677E-17,6.12323399573677E-17,-1.));
#13247=CARTESIAN_POINT('',(-10.1,-0.599999999999998,-34.3));
#13248=CARTESIAN_POINT('',(-10.1,-0.6,3.7));
#13249=CARTESIAN_POINT('',(-10.1,-0.599999999999998,-34.3));
#13250=VECTOR('',#13251,1.);
#13251=DIRECTION('',(-5.60954791389553E-16,-6.13544303082323E-17,1.));
#13252=CARTESIAN_POINT('',(-11.4999999999997,-0.6,5.10000000000002));
#13253=AXIS2_PLACEMENT_3D('',#13254,#13255,#13256);
#13254=CARTESIAN_POINT('',(-11.5,-0.6,3.7));
#13255=DIRECTION('',(0.,-1.,-6.12323399573677E-17));
#13256=DIRECTION('',(1.,1.74809709443172E-31,-2.85485920617897E-15));
#13257=CARTESIAN_POINT('',(-18.5,-0.6,5.09999999999999));
#13258=CARTESIAN_POINT('',(-11.4999999999996,-0.6,5.10000000000003));
#13259=VECTOR('',#13260,1.);
#13260=DIRECTION('',(-1.,0.,-6.34413156928627E-15));
#13261=CARTESIAN_POINT('',(-19.8999999999999,-0.6,3.7));
#13262=AXIS2_PLACEMENT_3D('',#13263,#13264,#13265);
#13263=CARTESIAN_POINT('',(-18.4999999999999,-0.6,3.69999999999999));
#13264=DIRECTION('',(0.,-1.,-6.12323399573677E-17));
#13265=DIRECTION('',(-2.79141789048611E-14,-6.12323399573677E-17,1.));
#13266=CARTESIAN_POINT('',(-19.9,-0.599999999999998,-34.3));
#13267=CARTESIAN_POINT('',(-19.8999999999999,-0.6,3.7));
#13268=VECTOR('',#13269,1.);
#13269=DIRECTION('',(-1.49587944370547E-15,6.13544303082323E-17,-1.));
#13270=CARTESIAN_POINT('',(-18.5,-0.599999999999998,-35.7));
#13271=AXIS2_PLACEMENT_3D('',#13272,#13273,#13274);
#13272=CARTESIAN_POINT('',(-18.5,-0.599999999999998,-34.3));
#13273=DIRECTION('',(-8.75811540203011E-47,-1.,-6.12323399573677E-17));
#13274=DIRECTION('',(-1.,3.10772816787861E-31,-5.07530525542929E-15));
#13275=CARTESIAN_POINT('',(-11.5,-0.599999999999998,-35.7));
#13276=CARTESIAN_POINT('',(-18.5,-0.599999999999998,-35.7));
#13277=VECTOR('',#13278,1.);
#13278=DIRECTION('',(1.,0.,-4.06024420434343E-15));
#13279=AXIS2_PLACEMENT_3D('',#13280,#13281,#13282);
#13280=CARTESIAN_POINT('',(-11.5,-0.599999999999998,-34.3));
#13281=DIRECTION('',(0.,-1.,-6.12323399573677E-17));
#13282=DIRECTION('',(0.,6.12323399573676E-17,-1.));
#13283=CARTESIAN_POINT('',(-25.1,-0.599999999999998,-34.3));
#13284=CARTESIAN_POINT('',(-25.1,-0.6,3.7));
#13285=CARTESIAN_POINT('',(-25.1,-0.599999999999998,-34.3));
#13286=VECTOR('',#13287,1.);
#13287=DIRECTION('',(-5.60954791389553E-16,-6.13544303082323E-17,1.));
#13288=CARTESIAN_POINT('',(-26.4999999999997,-0.6,5.10000000000002));
#13289=AXIS2_PLACEMENT_3D('',#13290,#13291,#13292);
#13290=CARTESIAN_POINT('',(-26.5,-0.6,3.7));
#13291=DIRECTION('',(0.,-1.,-6.12323399573677E-17));
#13292=DIRECTION('',(1.,1.74809709443172E-31,-2.85485920617898E-15));
#13293=CARTESIAN_POINT('',(-33.5,-0.6,5.09999999999999));
#13294=CARTESIAN_POINT('',(-26.4999999999996,-0.6,5.10000000000003));
#13295=VECTOR('',#13296,1.);
#13296=DIRECTION('',(-1.,0.,-6.34413156928627E-15));
#13297=CARTESIAN_POINT('',(-34.8999999999999,-0.6,3.7));
#13298=AXIS2_PLACEMENT_3D('',#13299,#13300,#13301);
#13299=CARTESIAN_POINT('',(-33.4999999999999,-0.6,3.69999999999999));
#13300=DIRECTION('',(0.,-1.,-6.12323399573677E-17));
#13301=DIRECTION('',(-3.04518315325757E-14,-6.12323399573677E-17,1.));
#13302=CARTESIAN_POINT('',(-34.9,-0.599999999999998,-34.3));
#13303=CARTESIAN_POINT('',(-34.8999999999999,-0.6,3.7));
#13304=VECTOR('',#13305,1.);
#13305=DIRECTION('',(-1.49587944370547E-15,6.13544303082323E-17,-1.));
#13306=CARTESIAN_POINT('',(-33.5,-0.599999999999998,-35.7));
#13307=AXIS2_PLACEMENT_3D('',#13308,#13309,#13310);
#13308=CARTESIAN_POINT('',(-33.5,-0.599999999999998,-34.3));
#13309=DIRECTION('',(-8.75811540203011E-47,-1.,-6.12323399573677E-17));
#13310=DIRECTION('',(-1.,3.10772816787861E-31,-5.07530525542929E-15));
#13311=CARTESIAN_POINT('',(-26.5,-0.599999999999998,-35.7));
#13312=CARTESIAN_POINT('',(-33.5,-0.599999999999998,-35.7));
#13313=VECTOR('',#13314,1.);
#13314=DIRECTION('',(1.,0.,-4.06024420434343E-15));
#13315=AXIS2_PLACEMENT_3D('',#13316,#13317,#13318);
#13316=CARTESIAN_POINT('',(-26.5,-0.599999999999998,-34.3));
#13317=DIRECTION('',(0.,-1.,-6.12323399573677E-17));
#13318=DIRECTION('',(0.,6.12323399573676E-17,-1.));
#13319=CARTESIAN_POINT('',(19.9,-0.6,-34.3));
#13320=CARTESIAN_POINT('',(19.9,-0.600000000000002,3.7));
#13321=CARTESIAN_POINT('',(19.9,-0.6,-34.3));
#13322=VECTOR('',#13323,1.);
#13323=DIRECTION('',(-5.60954791389553E-16,-6.13544303082323E-17,1.));
#13324=CARTESIAN_POINT('',(18.5000000000003,-0.600000000000002,5.10000000000001));
#13325=AXIS2_PLACEMENT_3D('',#13326,#13327,#13328);
#13326=CARTESIAN_POINT('',(18.5,-0.600000000000002,3.7));
#13327=DIRECTION('',(0.,-1.,-6.12323399573677E-17));
#13328=DIRECTION('',(1.,1.74809709443172E-31,-2.85485920617898E-15));
#13329=CARTESIAN_POINT('',(11.5,-0.600000000000002,5.09999999999998));
#13330=CARTESIAN_POINT('',(18.5000000000004,-0.600000000000002,5.10000000000003));
#13331=VECTOR('',#13332,1.);
#13332=DIRECTION('',(-1.,0.,-6.34413156928627E-15));
#13333=CARTESIAN_POINT('',(10.1000000000001,-0.600000000000002,3.69999999999999));
#13334=AXIS2_PLACEMENT_3D('',#13335,#13336,#13337);
#13335=CARTESIAN_POINT('',(11.5000000000001,-0.600000000000002,3.69999999999999));
#13336=DIRECTION('',(0.,-1.,-6.12323399573677E-17));
#13337=DIRECTION('',(-2.79141789048611E-14,-6.12323399573677E-17,1.));
#13338=CARTESIAN_POINT('',(10.1,-0.6,-34.3));
#13339=CARTESIAN_POINT('',(10.1000000000001,-0.600000000000002,3.7));
#13340=VECTOR('',#13341,1.);
#13341=DIRECTION('',(-1.49587944370547E-15,6.13544303082323E-17,-1.));
#13342=CARTESIAN_POINT('',(11.5,-0.6,-35.7));
#13343=AXIS2_PLACEMENT_3D('',#13344,#13345,#13346);
#13344=CARTESIAN_POINT('',(11.5,-0.6,-34.3));
#13345=DIRECTION('',(-8.75811540203011E-47,-1.,-6.12323399573677E-17));
#13346=DIRECTION('',(-1.,3.10772816787861E-31,-5.07530525542929E-15));
#13347=CARTESIAN_POINT('',(18.5,-0.6,-35.7));
#13348=CARTESIAN_POINT('',(11.5,-0.6,-35.7));
#13349=VECTOR('',#13350,1.);
#13350=DIRECTION('',(1.,0.,-4.06024420434343E-15));
#13351=AXIS2_PLACEMENT_3D('',#13352,#13353,#13354);
#13352=CARTESIAN_POINT('',(18.5,-0.6,-34.3));
#13353=DIRECTION('',(0.,-1.,-6.12323399573677E-17));
#13354=DIRECTION('',(0.,6.12323399573676E-17,-1.));
#13355=CARTESIAN_POINT('',(34.9,-0.600000000000002,-34.3));
#13356=CARTESIAN_POINT('',(34.9,-0.600000000000004,3.7));
#13357=CARTESIAN_POINT('',(34.9,-0.600000000000002,-34.3));
#13358=VECTOR('',#13359,1.);
#13359=DIRECTION('',(-5.60954791389553E-16,-6.13544303082323E-17,1.));
#13360=CARTESIAN_POINT('',(33.5000000000003,-0.600000000000004,5.10000000000001));
#13361=AXIS2_PLACEMENT_3D('',#13362,#13363,#13364);
#13362=CARTESIAN_POINT('',(33.5,-0.600000000000004,3.7));
#13363=DIRECTION('',(0.,-1.,-6.12323399573677E-17));
#13364=DIRECTION('',(1.,1.74809709443172E-31,-2.85485920617898E-15));
#13365=CARTESIAN_POINT('',(26.5,-0.600000000000004,5.09999999999998));
#13366=CARTESIAN_POINT('',(33.5000000000004,-0.600000000000004,5.10000000000003));
#13367=VECTOR('',#13368,1.);
#13368=DIRECTION('',(-1.,0.,-6.34413156928627E-15));
#13369=CARTESIAN_POINT('',(25.1000000000001,-0.600000000000004,3.69999999999999));
#13370=AXIS2_PLACEMENT_3D('',#13371,#13372,#13373);
#13371=CARTESIAN_POINT('',(26.5000000000001,-0.600000000000004,3.69999999999999));
#13372=DIRECTION('',(0.,-1.,-6.12323399573677E-17));
#13373=DIRECTION('',(-2.79141789048611E-14,-6.12323399573677E-17,1.));
#13374=CARTESIAN_POINT('',(25.1,-0.600000000000002,-34.3));
#13375=CARTESIAN_POINT('',(25.1000000000001,-0.600000000000004,3.7));
#13376=VECTOR('',#13377,1.);
#13377=DIRECTION('',(-1.40238697847388E-15,6.13544303082323E-17,-1.));
#13378=CARTESIAN_POINT('',(26.5,-0.600000000000001,-35.7));
#13379=AXIS2_PLACEMENT_3D('',#13380,#13381,#13382);
#13380=CARTESIAN_POINT('',(26.5,-0.600000000000002,-34.3));
#13381=DIRECTION('',(-8.75811540203011E-47,-1.,-6.12323399573677E-17));
#13382=DIRECTION('',(-1.,3.10772816787861E-31,-5.07530525542929E-15));
#13383=CARTESIAN_POINT('',(33.5,-0.600000000000001,-35.7));
#13384=CARTESIAN_POINT('',(26.5,-0.600000000000001,-35.7));
#13385=VECTOR('',#13386,1.);
#13386=DIRECTION('',(1.,0.,-4.06024420434343E-15));
#13387=AXIS2_PLACEMENT_3D('',#13388,#13389,#13390);
#13388=CARTESIAN_POINT('',(33.5,-0.600000000000002,-34.3));
#13389=DIRECTION('',(0.,-1.,-6.12323399573677E-17));
#13390=DIRECTION('',(0.,6.12323399573676E-17,-1.));
#13391=CARTESIAN_POINT('',(13.1814350952996,-0.800000000000002,25.7812183381664));
#13392=CARTESIAN_POINT('',(15.5443296290729,-0.800000000000002,27.2910796524132));
#13393=CARTESIAN_POINT('',(13.1814350952996,-0.800000000000002,25.7812183381664));
#13394=VECTOR('',#13395,1.);
#13395=DIRECTION('',(0.842658356248183,-3.9592910120519E-17,0.538448599817206));
#13396=CARTESIAN_POINT('',(15.5443296290729,-0.800000000000002,25.7812183381664));
#13397=CARTESIAN_POINT('',(15.5443296290729,-0.800000000000002,25.7812183381664));
#13398=VECTOR('',#13399,1.);
#13399=DIRECTION('',(-1.,0.,0.));
#13400=CARTESIAN_POINT('',(15.5443296290729,-0.800000000000002,27.2910796524132));
#13401=VECTOR('',#13402,1.);
#13402=DIRECTION('',(0.,7.35314571046524E-17,-1.));
#13403=CARTESIAN_POINT('',(4.9,-0.599999999999998,-34.3));
#13404=CARTESIAN_POINT('',(4.89999999999998,-0.6,3.7));
#13405=CARTESIAN_POINT('',(4.9,-0.599999999999998,-34.3));
#13406=VECTOR('',#13407,1.);
#13407=DIRECTION('',(-5.60954791389553E-16,-6.13544303082323E-17,1.));
#13408=CARTESIAN_POINT('',(3.50000000000031,-0.6,5.10000000000002));
#13409=AXIS2_PLACEMENT_3D('',#13410,#13411,#13412);
#13410=CARTESIAN_POINT('',(3.49999999999998,-0.6,3.7));
#13411=DIRECTION('',(0.,-1.,-6.12323399573677E-17));
#13412=DIRECTION('',(1.,1.74809709443172E-31,-2.85485920617897E-15));
#13413=CARTESIAN_POINT('',(-3.49999999999999,-0.6,5.09999999999999));
#13414=CARTESIAN_POINT('',(3.50000000000037,-0.6,5.10000000000003));
#13415=VECTOR('',#13416,1.);
#13416=DIRECTION('',(-1.,0.,-6.34413156928627E-15));
#13417=CARTESIAN_POINT('',(-4.89999999999995,-0.6,3.7));
#13418=AXIS2_PLACEMENT_3D('',#13419,#13420,#13421);
#13419=CARTESIAN_POINT('',(-3.49999999999995,-0.6,3.69999999999999));
#13420=DIRECTION('',(0.,-1.,-6.12323399573677E-17));
#13421=DIRECTION('',(-2.88657986402541E-14,-6.12323399573677E-17,1.));
#13422=CARTESIAN_POINT('',(-4.9,-0.599999999999998,-34.3));
#13423=CARTESIAN_POINT('',(-4.89999999999995,-0.6,3.7));
#13424=VECTOR('',#13425,1.);
#13425=DIRECTION('',(-1.47250632739758E-15,6.13544303082323E-17,-1.));
#13426=CARTESIAN_POINT('',(-3.5,-0.599999999999998,-35.7));
#13427=AXIS2_PLACEMENT_3D('',#13428,#13429,#13430);
#13428=CARTESIAN_POINT('',(-3.5,-0.599999999999998,-34.3));
#13429=DIRECTION('',(-8.75811540203011E-47,-1.,-6.12323399573677E-17));
#13430=DIRECTION('',(-1.,3.10772816787861E-31,-5.07530525542929E-15));
#13431=CARTESIAN_POINT('',(3.5,-0.599999999999998,-35.7));
#13432=CARTESIAN_POINT('',(-3.49999999999999,-0.599999999999998,-35.7));
#13433=VECTOR('',#13434,1.);
#13434=DIRECTION('',(1.,0.,-4.06024420434343E-15));
#13435=AXIS2_PLACEMENT_3D('',#13436,#13437,#13438);
#13436=CARTESIAN_POINT('',(3.5,-0.599999999999998,-34.3));
#13437=DIRECTION('',(0.,-1.,-6.12323399573677E-17));
#13438=DIRECTION('',(0.,6.12323399573676E-17,-1.));
#13439=CARTESIAN_POINT('',(-30.,-0.400000000000004,7.95));
#13440=AXIS2_PLACEMENT_3D('',#13441,#13442,#13443);
#13441=CARTESIAN_POINT('',(-30.,-0.400000000000005,13.2));
#13442=DIRECTION('',(1.22464679914735E-16,-1.,-6.12323399573677E-17));
#13443=DIRECTION('',(-6.12323399573677E-17,6.12323399573676E-17,-1.));
#13444=CARTESIAN_POINT('',(-15.,-0.400000000000002,7.95));
#13445=AXIS2_PLACEMENT_3D('',#13446,#13447,#13448);
#13446=CARTESIAN_POINT('',(-15.,-0.400000000000003,13.2));
#13447=DIRECTION('',(1.22464679914735E-16,-1.,-6.12323399573677E-17));
#13448=DIRECTION('',(-6.12323399573677E-17,6.12323399573676E-17,-1.));
#13449=CARTESIAN_POINT('',(-1.99311266561231E-15,-0.400000000000001,7.95));
#13450=AXIS2_PLACEMENT_3D('',#13451,#13452,#13453);
#13451=CARTESIAN_POINT('',(-1.02870331128377E-15,-0.400000000000001,13.2));
#13452=DIRECTION('',(1.22464679914735E-16,-1.,-6.12323399573677E-17));
#13453=DIRECTION('',(-6.12323399573677E-17,6.12323399573676E-17,-1.));
#13454=CARTESIAN_POINT('',(15.,-0.399999999999999,7.95));
#13455=AXIS2_PLACEMENT_3D('',#13456,#13457,#13458);
#13456=CARTESIAN_POINT('',(15.,-0.399999999999999,13.2));
#13457=DIRECTION('',(1.22464679914735E-16,-1.,-6.12323399573677E-17));
#13458=DIRECTION('',(-6.12323399573677E-17,6.12323399573676E-17,-1.));
#13459=CARTESIAN_POINT('',(30.,-0.399999999999997,7.95));
#13460=AXIS2_PLACEMENT_3D('',#13461,#13462,#13463);
#13461=CARTESIAN_POINT('',(30.,-0.399999999999997,13.2));
#13462=DIRECTION('',(1.22464679914735E-16,-1.,-6.12323399573677E-17));
#13463=DIRECTION('',(-6.12323399573677E-17,6.12323399573676E-17,-1.));
#13464=CARTESIAN_POINT('',(-10.1,-2.2655965784226E-16,3.7));
#13465=CARTESIAN_POINT('',(-10.1,2.10026926053771E-15,-34.3));
#13466=CARTESIAN_POINT('',(-10.1,2.10484650366275E-15,-34.3));
#13467=VECTOR('',#13468,1.);
#13468=DIRECTION('',(-5.60954791389553E-16,-6.12933851328E-17,1.));
#13469=CARTESIAN_POINT('',(-10.1,-0.6,3.7));
#13470=VECTOR('',#13471,1.);
#13471=DIRECTION('',(0.,1.,0.));
#13472=CARTESIAN_POINT('',(-10.1,-0.599999999999998,-34.3));
#13473=VECTOR('',#13474,1.);
#13474=DIRECTION('',(0.,1.,0.));
#13475=CARTESIAN_POINT('',(-11.4999999999997,-3.12284933782576E-16,5.10000000000002));
#13476=AXIS2_PLACEMENT_3D('',#13477,#13478,#13479);
#13477=CARTESIAN_POINT('',(-11.5,-2.26559657842261E-16,3.7));
#13478=DIRECTION('',(0.,-1.,-6.12323399573677E-17));
#13479=DIRECTION('',(1.,2.13656311541654E-31,-3.48927236310763E-15));
#13480=CARTESIAN_POINT('',(-11.4999999999997,-0.6,5.10000000000002));
#13481=VECTOR('',#13482,1.);
#13482=DIRECTION('',(0.,1.,0.));
#13483=CARTESIAN_POINT('',(-18.5,-3.12284933782574E-16,5.09999999999999));
#13484=CARTESIAN_POINT('',(-11.4999999999996,-3.22675920585062E-16,5.10000000000003));
#13485=VECTOR('',#13486,1.);
#13486=DIRECTION('',(-1.,1.90171825365769E-31,-6.21724893790054E-15));
#13487=CARTESIAN_POINT('',(-18.5,-0.6,5.09999999999999));
#13488=VECTOR('',#13489,1.);
#13489=DIRECTION('',(0.,1.,0.));
#13490=CARTESIAN_POINT('',(-19.8999999999999,-2.2655965784226E-16,3.7));
#13491=AXIS2_PLACEMENT_3D('',#13492,#13493,#13494);
#13492=CARTESIAN_POINT('',(-18.4999999999999,-2.2655965784226E-16,3.69999999999999));
#13493=DIRECTION('',(0.,-1.,-6.12323399573677E-17));
#13494=DIRECTION('',(-2.79141789048611E-14,-6.12323399573677E-17,1.));
#13495=CARTESIAN_POINT('',(-19.8999999999999,-0.6,3.7));
#13496=VECTOR('',#13497,1.);
#13497=DIRECTION('',(0.,1.,7.40148683083438E-16));
#13498=CARTESIAN_POINT('',(-19.9,2.10026926053771E-15,-34.3));
#13499=CARTESIAN_POINT('',(-19.8999999999999,-2.24302131383646E-16,3.7));
#13500=VECTOR('',#13501,1.);
#13501=DIRECTION('',(-1.49587944370547E-15,6.12933851328E-17,-1.));
#13502=CARTESIAN_POINT('',(-19.9,-0.599999999999998,-34.3));
#13503=VECTOR('',#13504,1.);
#13504=DIRECTION('',(0.,1.,0.));
#13505=CARTESIAN_POINT('',(-18.5,2.18599453647802E-15,-35.7));
#13506=AXIS2_PLACEMENT_3D('',#13507,#13508,#13509);
#13507=CARTESIAN_POINT('',(-18.5,2.10026926053771E-15,-34.3));
#13508=DIRECTION('',(0.,-1.,-6.12323399573677E-17));
#13509=DIRECTION('',(-1.,3.10772816787861E-31,-5.07530525542929E-15));
#13510=CARTESIAN_POINT('',(-18.5,-0.599999999999998,-35.7));
#13511=VECTOR('',#13512,1.);
#13512=DIRECTION('',(0.,1.,0.));
#13513=CARTESIAN_POINT('',(-11.5,2.18599453647803E-15,-35.7));
#13514=CARTESIAN_POINT('',(-18.5,2.20322029286417E-15,-35.7));
#13515=VECTOR('',#13516,1.);
#13516=DIRECTION('',(1.,1.12694415031573E-31,-4.06024420434343E-15));
#13517=CARTESIAN_POINT('',(-11.5,-0.599999999999998,-35.7));
#13518=VECTOR('',#13519,1.);
#13519=DIRECTION('',(0.,1.,0.));
#13520=AXIS2_PLACEMENT_3D('',#13521,#13522,#13523);
#13521=CARTESIAN_POINT('',(-11.5,2.10026926053771E-15,-34.3));
#13522=DIRECTION('',(0.,-1.,-6.12323399573676E-17));
#13523=DIRECTION('',(0.,6.12323399573676E-17,-1.));
#13524=CARTESIAN_POINT('',(-25.1,-2.2655965784226E-16,3.7));
#13525=CARTESIAN_POINT('',(-25.1,2.10026926053771E-15,-34.3));
#13526=CARTESIAN_POINT('',(-25.1,2.10484650366275E-15,-34.3));
#13527=VECTOR('',#13528,1.);
#13528=DIRECTION('',(-5.60954791389553E-16,-6.12933851328E-17,1.));
#13529=CARTESIAN_POINT('',(-25.1,-0.6,3.7));
#13530=VECTOR('',#13531,1.);
#13531=DIRECTION('',(0.,1.,0.));
#13532=CARTESIAN_POINT('',(-25.1,-0.599999999999998,-34.3));
#13533=VECTOR('',#13534,1.);
#13534=DIRECTION('',(0.,1.,0.));
#13535=CARTESIAN_POINT('',(-26.4999999999997,-3.12284933782576E-16,5.10000000000002));
#13536=AXIS2_PLACEMENT_3D('',#13537,#13538,#13539);
#13537=CARTESIAN_POINT('',(-26.5,-2.26559657842261E-16,3.7));
#13538=DIRECTION('',(0.,-1.,-6.12323399573677E-17));
#13539=DIRECTION('',(1.,2.13656311541655E-31,-3.48927236310764E-15));
#13540=CARTESIAN_POINT('',(-26.4999999999997,-0.6,5.10000000000002));
#13541=VECTOR('',#13542,1.);
#13542=DIRECTION('',(0.,1.,0.));
#13543=CARTESIAN_POINT('',(-33.5,-3.12284933782574E-16,5.09999999999999));
#13544=CARTESIAN_POINT('',(-26.4999999999996,-3.22675920585062E-16,5.10000000000003));
#13545=VECTOR('',#13546,1.);
#13546=DIRECTION('',(-1.,1.90171825365769E-31,-6.21724893790054E-15));
#13547=CARTESIAN_POINT('',(-33.5,-0.6,5.09999999999999));
#13548=VECTOR('',#13549,1.);
#13549=DIRECTION('',(0.,1.,0.));
#13550=CARTESIAN_POINT('',(-34.8999999999999,-2.2655965784226E-16,3.7));
#13551=AXIS2_PLACEMENT_3D('',#13552,#13553,#13554);
#13552=CARTESIAN_POINT('',(-33.4999999999999,-2.2655965784226E-16,3.69999999999999));
#13553=DIRECTION('',(0.,-1.,-6.12323399573677E-17));
#13554=DIRECTION('',(-3.04518315325757E-14,-6.12323399573677E-17,1.));
#13555=CARTESIAN_POINT('',(-34.8999999999999,-0.6,3.7));
#13556=VECTOR('',#13557,1.);
#13557=DIRECTION('',(0.,1.,7.40148683083438E-16));
#13558=CARTESIAN_POINT('',(-34.9,2.10026926053771E-15,-34.3));
#13559=CARTESIAN_POINT('',(-34.8999999999999,-2.24302131383646E-16,3.7));
#13560=VECTOR('',#13561,1.);
#13561=DIRECTION('',(-1.49587944370547E-15,6.12933851328E-17,-1.));
#13562=CARTESIAN_POINT('',(-34.9,-0.599999999999998,-34.3));
#13563=VECTOR('',#13564,1.);
#13564=DIRECTION('',(0.,1.,0.));
#13565=CARTESIAN_POINT('',(-33.5,2.18599453647802E-15,-35.7));
#13566=AXIS2_PLACEMENT_3D('',#13567,#13568,#13569);
#13567=CARTESIAN_POINT('',(-33.5,2.10026926053771E-15,-34.3));
#13568=DIRECTION('',(0.,-1.,-6.12323399573677E-17));
#13569=DIRECTION('',(-1.,3.10772816787861E-31,-5.07530525542929E-15));
#13570=CARTESIAN_POINT('',(-33.5,-0.599999999999998,-35.7));
#13571=VECTOR('',#13572,1.);
#13572=DIRECTION('',(0.,1.,0.));
#13573=CARTESIAN_POINT('',(-26.5,2.18599453647803E-15,-35.7));
#13574=CARTESIAN_POINT('',(-33.5,2.20322029286417E-15,-35.7));
#13575=VECTOR('',#13576,1.);
#13576=DIRECTION('',(1.,1.12694415031573E-31,-4.06024420434342E-15));
#13577=CARTESIAN_POINT('',(-26.5,-0.599999999999998,-35.7));
#13578=VECTOR('',#13579,1.);
#13579=DIRECTION('',(0.,1.,0.));
#13580=AXIS2_PLACEMENT_3D('',#13581,#13582,#13583);
#13581=CARTESIAN_POINT('',(-26.5,2.10026926053771E-15,-34.3));
#13582=DIRECTION('',(0.,-1.,-6.12323399573676E-17));
#13583=DIRECTION('',(0.,6.12323399573676E-17,-1.));
#13584=CARTESIAN_POINT('',(19.9,-2.06352985656329E-15,3.7));
#13585=CARTESIAN_POINT('',(19.9,2.63299061816681E-16,-34.3));
#13586=CARTESIAN_POINT('',(19.9,2.10484650366275E-15,-34.3));
#13587=VECTOR('',#13588,1.);
#13588=DIRECTION('',(-5.60954791389553E-16,-6.12933851328E-17,1.));
#13589=CARTESIAN_POINT('',(19.9,-0.600000000000002,3.7));
#13590=VECTOR('',#13591,1.);
#13591=DIRECTION('',(0.,1.,0.));
#13592=CARTESIAN_POINT('',(19.9,-0.6,-34.3));
#13593=VECTOR('',#13594,1.);
#13594=DIRECTION('',(0.,1.,0.));
#13595=CARTESIAN_POINT('',(18.5000000000003,-2.14925513250361E-15,5.10000000000001));
#13596=AXIS2_PLACEMENT_3D('',#13597,#13598,#13599);
#13597=CARTESIAN_POINT('',(18.5,-2.2655965784226E-16,3.7));
#13598=DIRECTION('',(0.,-1.,-6.12323399573677E-17));
#13599=DIRECTION('',(1.,2.13656311541655E-31,-3.48927236310764E-15));
#13600=CARTESIAN_POINT('',(18.5000000000003,-0.600000000000002,5.10000000000001));
#13601=VECTOR('',#13602,1.);
#13602=DIRECTION('',(0.,1.,0.));
#13603=CARTESIAN_POINT('',(11.5,-2.1492551325036E-15,5.09999999999998));
#13604=CARTESIAN_POINT('',(18.5000000000004,-3.22675920585062E-16,5.10000000000003));
#13605=VECTOR('',#13606,1.);
#13606=DIRECTION('',(-1.,1.97215226305242E-31,-6.21724893790054E-15));
#13607=CARTESIAN_POINT('',(11.5,-0.600000000000002,5.09999999999998));
#13608=VECTOR('',#13609,1.);
#13609=DIRECTION('',(0.,1.,0.));
#13610=CARTESIAN_POINT('',(10.1000000000001,-2.06352985656329E-15,3.69999999999999));
#13611=AXIS2_PLACEMENT_3D('',#13612,#13613,#13614);
#13612=CARTESIAN_POINT('',(11.5000000000001,-2.2655965784226E-16,3.69999999999999));
#13613=DIRECTION('',(0.,-1.,-6.12323399573677E-17));
#13614=DIRECTION('',(-2.91830052187184E-14,-6.12323399573677E-17,1.));
#13615=CARTESIAN_POINT('',(10.1000000000001,-0.600000000000002,3.69999999999999));
#13616=VECTOR('',#13617,1.);
#13617=DIRECTION('',(0.,1.,7.40148683083438E-16));
#13618=CARTESIAN_POINT('',(10.1,2.63299061816681E-16,-34.3));
#13619=CARTESIAN_POINT('',(10.1000000000001,-2.24302131383646E-16,3.7));
#13620=VECTOR('',#13621,1.);
#13621=DIRECTION('',(-1.49587944370547E-15,6.12933851328E-17,-1.));
#13622=CARTESIAN_POINT('',(10.1,-0.6,-34.3));
#13623=VECTOR('',#13624,1.);
#13624=DIRECTION('',(0.,1.,0.));
#13625=CARTESIAN_POINT('',(11.5,3.49024337756995E-16,-35.7));
#13626=AXIS2_PLACEMENT_3D('',#13627,#13628,#13629);
#13627=CARTESIAN_POINT('',(11.5,2.10026926053771E-15,-34.3));
#13628=DIRECTION('',(0.,-1.,-6.12323399573677E-17));
#13629=DIRECTION('',(-1.,3.10772816787861E-31,-5.07530525542929E-15));
#13630=CARTESIAN_POINT('',(11.5,-0.6,-35.7));
#13631=VECTOR('',#13632,1.);
#13632=DIRECTION('',(0.,1.,0.));
#13633=CARTESIAN_POINT('',(18.5,3.49024337756997E-16,-35.7));
#13634=CARTESIAN_POINT('',(11.5,2.20322029286417E-15,-35.7));
#13635=VECTOR('',#13636,1.);
#13636=DIRECTION('',(1.,1.12694415031573E-31,-4.06024420434343E-15));
#13637=CARTESIAN_POINT('',(18.5,-0.6,-35.7));
#13638=VECTOR('',#13639,1.);
#13639=DIRECTION('',(0.,1.,0.));
#13640=AXIS2_PLACEMENT_3D('',#13641,#13642,#13643);
#13641=CARTESIAN_POINT('',(18.5,2.10026926053771E-15,-34.3));
#13642=DIRECTION('',(0.,-1.,-6.12323399573676E-17));
#13643=DIRECTION('',(0.,6.12323399573676E-17,-1.));
#13644=CARTESIAN_POINT('',(34.9,-3.90050005528432E-15,3.7));
#13645=CARTESIAN_POINT('',(34.9,-1.57367113690435E-15,-34.3));
#13646=CARTESIAN_POINT('',(34.9,2.10484650366275E-15,-34.3));
#13647=VECTOR('',#13648,1.);
#13648=DIRECTION('',(-5.60954791389553E-16,-6.12933851328E-17,1.));
#13649=CARTESIAN_POINT('',(34.9,-0.600000000000004,3.7));
#13650=VECTOR('',#13651,1.);
#13651=DIRECTION('',(0.,1.,0.));
#13652=CARTESIAN_POINT('',(34.9,-0.600000000000002,-34.3));
#13653=VECTOR('',#13654,1.);
#13654=DIRECTION('',(0.,1.,0.));
#13655=CARTESIAN_POINT('',(33.5000000000003,-3.98622533122464E-15,5.10000000000001));
#13656=AXIS2_PLACEMENT_3D('',#13657,#13658,#13659);
#13657=CARTESIAN_POINT('',(33.5,-2.2655965784226E-16,3.7));
#13658=DIRECTION('',(0.,-1.,-6.12323399573677E-17));
#13659=DIRECTION('',(1.,2.13656311541655E-31,-3.48927236310764E-15));
#13660=CARTESIAN_POINT('',(33.5000000000003,-0.600000000000004,5.10000000000001));
#13661=VECTOR('',#13662,1.);
#13662=DIRECTION('',(0.,1.,0.));
#13663=CARTESIAN_POINT('',(26.5,-3.98622533122463E-15,5.09999999999998));
#13664=CARTESIAN_POINT('',(33.5000000000004,-3.22675920585062E-16,5.10000000000003));
#13665=VECTOR('',#13666,1.);
#13666=DIRECTION('',(-1.,1.90171825365769E-31,-6.21724893790054E-15));
#13667=CARTESIAN_POINT('',(26.5,-0.600000000000004,5.09999999999998));
#13668=VECTOR('',#13669,1.);
#13669=DIRECTION('',(0.,1.,0.));
#13670=CARTESIAN_POINT('',(25.1000000000001,-3.90050005528432E-15,3.69999999999999));
#13671=AXIS2_PLACEMENT_3D('',#13672,#13673,#13674);
#13672=CARTESIAN_POINT('',(26.5000000000001,-2.2655965784226E-16,3.69999999999999));
#13673=DIRECTION('',(0.,-1.,-6.12323399573677E-17));
#13674=DIRECTION('',(-2.79141789048611E-14,-6.12323399573677E-17,1.));
#13675=CARTESIAN_POINT('',(25.1000000000001,-0.600000000000004,3.69999999999999));
#13676=VECTOR('',#13677,1.);
#13677=DIRECTION('',(0.,1.,7.40148683083438E-16));
#13678=CARTESIAN_POINT('',(25.1,-1.57367113690435E-15,-34.3));
#13679=CARTESIAN_POINT('',(25.1000000000001,-2.24302131383646E-16,3.7));
#13680=VECTOR('',#13681,1.);
#13681=DIRECTION('',(-1.49587944370547E-15,6.12933851328E-17,-1.));
#13682=CARTESIAN_POINT('',(25.1,-0.600000000000002,-34.3));
#13683=VECTOR('',#13684,1.);
#13684=DIRECTION('',(0.,1.,0.));
#13685=CARTESIAN_POINT('',(26.5,-1.48794586096404E-15,-35.7));
#13686=AXIS2_PLACEMENT_3D('',#13687,#13688,#13689);
#13687=CARTESIAN_POINT('',(26.5,2.10026926053771E-15,-34.3));
#13688=DIRECTION('',(0.,-1.,-6.12323399573677E-17));
#13689=DIRECTION('',(-1.,3.10772816787861E-31,-5.07530525542929E-15));
#13690=CARTESIAN_POINT('',(26.5,-0.600000000000001,-35.7));
#13691=VECTOR('',#13692,1.);
#13692=DIRECTION('',(0.,1.,0.));
#13693=CARTESIAN_POINT('',(33.5,-1.48794586096403E-15,-35.7));
#13694=CARTESIAN_POINT('',(26.5,2.20322029286417E-15,-35.7));
#13695=VECTOR('',#13696,1.);
#13696=DIRECTION('',(1.,1.12694415031573E-31,-4.06024420434343E-15));
#13697=CARTESIAN_POINT('',(33.5,-0.600000000000001,-35.7));
#13698=VECTOR('',#13699,1.);
#13699=DIRECTION('',(0.,1.,0.));
#13700=AXIS2_PLACEMENT_3D('',#13701,#13702,#13703);
#13701=CARTESIAN_POINT('',(33.5,2.10026926053771E-15,-34.3));
#13702=DIRECTION('',(0.,-1.,-6.12323399573676E-17));
#13703=DIRECTION('',(0.,6.12323399573676E-17,-1.));
#13704=CARTESIAN_POINT('',(13.1814350952996,-1.57864432579772E-15,25.7812183381664));
#13705=CARTESIAN_POINT('',(15.5443296290729,-1.67109666708016E-15,27.2910796524132));
#13706=CARTESIAN_POINT('',(13.1814350952996,-1.51096712890521E-15,25.7812183381664));
#13707=VECTOR('',#13708,1.);
#13708=DIRECTION('',(0.842658356248183,-3.62816889170474E-17,0.538448599817206));
#13709=CARTESIAN_POINT('',(13.1814350952996,-0.800000000000002,25.7812183381664));
#13710=VECTOR('',#13711,1.);
#13711=DIRECTION('',(0.,1.,0.));
#13712=CARTESIAN_POINT('',(15.5443296290729,-0.800000000000002,27.2910796524132));
#13713=VECTOR('',#13714,1.);
#13714=DIRECTION('',(0.,1.,0.));
#13715=CARTESIAN_POINT('',(15.5443296290729,-1.57864432579772E-15,25.7812183381664));
#13716=CARTESIAN_POINT('',(15.5443296290729,-1.56647828013647E-15,25.7812183381664));
#13717=VECTOR('',#13718,1.);
#13718=DIRECTION('',(-1.,0.,0.));
#13719=CARTESIAN_POINT('',(15.5443296290729,-0.800000000000002,25.7812183381664));
#13720=VECTOR('',#13721,1.);
#13721=DIRECTION('',(0.,1.,0.));
#13722=CARTESIAN_POINT('',(15.5443296290729,-1.66821560200895E-15,27.2910796524132));
#13723=VECTOR('',#13724,1.);
#13724=DIRECTION('',(0.,6.73818985310101E-17,-1.));
#13725=CARTESIAN_POINT('',(4.89999999999998,-2.2655965784226E-16,3.7));
#13726=CARTESIAN_POINT('',(4.9,2.10026926053771E-15,-34.3));
#13727=CARTESIAN_POINT('',(4.9,2.10484650366275E-15,-34.3));
#13728=VECTOR('',#13729,1.);
#13729=DIRECTION('',(-5.60954791389553E-16,-6.12933851328E-17,1.));
#13730=CARTESIAN_POINT('',(4.89999999999998,-0.6,3.7));
#13731=VECTOR('',#13732,1.);
#13732=DIRECTION('',(0.,1.,0.));
#13733=CARTESIAN_POINT('',(4.9,-0.599999999999998,-34.3));
#13734=VECTOR('',#13735,1.);
#13735=DIRECTION('',(0.,1.,0.));
#13736=CARTESIAN_POINT('',(3.50000000000031,-3.12284933782576E-16,5.10000000000002));
#13737=AXIS2_PLACEMENT_3D('',#13738,#13739,#13740);
#13738=CARTESIAN_POINT('',(3.49999999999998,-2.26559657842261E-16,3.7));
#13739=DIRECTION('',(0.,-1.,-6.12323399573677E-17));
#13740=DIRECTION('',(1.,2.13656311541654E-31,-3.48927236310763E-15));
#13741=CARTESIAN_POINT('',(3.50000000000031,-0.6,5.10000000000002));
#13742=VECTOR('',#13743,1.);
#13743=DIRECTION('',(0.,1.,0.));
#13744=CARTESIAN_POINT('',(-3.49999999999999,-3.12284933782574E-16,5.09999999999999));
#13745=CARTESIAN_POINT('',(3.50000000000037,-3.22675920585062E-16,5.10000000000003));
#13746=VECTOR('',#13747,1.);
#13747=DIRECTION('',(-1.,1.83128424426297E-31,-6.21724893790055E-15));
#13748=CARTESIAN_POINT('',(-3.49999999999999,-0.6,5.09999999999999));
#13749=VECTOR('',#13750,1.);
#13750=DIRECTION('',(0.,1.,0.));
#13751=CARTESIAN_POINT('',(-4.89999999999995,-2.2655965784226E-16,3.7));
#13752=AXIS2_PLACEMENT_3D('',#13753,#13754,#13755);
#13753=CARTESIAN_POINT('',(-3.49999999999995,-2.2655965784226E-16,3.69999999999999));
#13754=DIRECTION('',(0.,-1.,-6.12323399573677E-17));
#13755=DIRECTION('',(-2.88657986402541E-14,-6.12323399573677E-17,1.));
#13756=CARTESIAN_POINT('',(-4.89999999999995,-0.6,3.7));
#13757=VECTOR('',#13758,1.);
#13758=DIRECTION('',(0.,1.,7.40148683083438E-16));
#13759=CARTESIAN_POINT('',(-4.9,2.10026926053771E-15,-34.3));
#13760=CARTESIAN_POINT('',(-4.89999999999995,-2.24302131383646E-16,3.7));
#13761=VECTOR('',#13762,1.);
#13762=DIRECTION('',(-1.47250632739758E-15,6.12933851328E-17,-1.));
#13763=CARTESIAN_POINT('',(-4.9,-0.599999999999998,-34.3));
#13764=VECTOR('',#13765,1.);
#13765=DIRECTION('',(0.,1.,0.));
#13766=CARTESIAN_POINT('',(-3.5,2.18599453647802E-15,-35.7));
#13767=AXIS2_PLACEMENT_3D('',#13768,#13769,#13770);
#13768=CARTESIAN_POINT('',(-3.5,2.10026926053771E-15,-34.3));
#13769=DIRECTION('',(0.,-1.,-6.12323399573677E-17));
#13770=DIRECTION('',(-1.,3.10772816787861E-31,-5.07530525542929E-15));
#13771=CARTESIAN_POINT('',(-3.5,-0.599999999999998,-35.7));
#13772=VECTOR('',#13773,1.);
#13773=DIRECTION('',(0.,1.,0.));
#13774=CARTESIAN_POINT('',(3.5,2.18599453647803E-15,-35.7));
#13775=CARTESIAN_POINT('',(-3.49999999999999,2.20322029286417E-15,-35.7));
#13776=VECTOR('',#13777,1.);
#13777=DIRECTION('',(1.,1.12694415031573E-31,-4.06024420434343E-15));
#13778=CARTESIAN_POINT('',(3.5,-0.599999999999998,-35.7));
#13779=VECTOR('',#13780,1.);
#13780=DIRECTION('',(0.,1.,0.));
#13781=AXIS2_PLACEMENT_3D('',#13782,#13783,#13784);
#13782=CARTESIAN_POINT('',(3.5,2.10026926053771E-15,-34.3));
#13783=DIRECTION('',(0.,-1.,-6.12323399573676E-17));
#13784=DIRECTION('',(0.,6.12323399573676E-17,-1.));
#13785=CARTESIAN_POINT('',(34.3,-2.,20.7669697220177));
#13786=CARTESIAN_POINT('',(34.3408719102994,-1.99999989537163,20.7669697220177));
#13787=CARTESIAN_POINT('',(34.4225558529432,-2.00100170307604,20.7669697220177));
#13788=CARTESIAN_POINT('',(34.5182950394788,-2.00452321884142,20.7669697220177));
#13789=CARTESIAN_POINT('',(34.5996820287059,-2.00886071862613,20.7669697220177));
#13790=CARTESIAN_POINT('',(34.6936282603575,-2.01501844692119,20.7669697220177));
#13791=CARTESIAN_POINT('',(34.846359648863,-2.02871830068345,20.7669697220176));
#13792=CARTESIAN_POINT('',(35.0110798005202,-2.04983213903021,20.7669697220176));
#13793=CARTESIAN_POINT('',(35.1757874829161,-2.07662530217754,20.7669697220176));
#13794=CARTESIAN_POINT('',(35.3672912973301,-2.11332124256684,20.7669697220175));
#13795=CARTESIAN_POINT('',(35.5588690574889,-2.15939866529134,20.7669697220174));
#13796=CARTESIAN_POINT('',(35.7591195602131,-2.21672855025368,20.7669697220173));
#13797=CARTESIAN_POINT('',(35.9494751766442,-2.27789204789577,20.7669697220172));
#13798=CARTESIAN_POINT('',(36.1410596063418,-2.34967440652369,20.766969722017));
#13799=CARTESIAN_POINT('',(36.2992364112358,-2.4165797107362,20.7669697220169));
#13800=CARTESIAN_POINT('',(36.4257951690923,-2.47366988609709,20.7669697220167));
#13801=CARTESIAN_POINT('',(36.5640098568869,-2.54071764800263,20.7669697220166));
#13802=CARTESIAN_POINT('',(36.7188798859675,-2.62290300036525,20.7669697220164));
#13803=CARTESIAN_POINT('',(36.8201613145019,-2.681220490351,20.7669697220163));
#13804=CARTESIAN_POINT('',(36.908157416278,-2.73388445528988,20.7669697220162));
#13805=CARTESIAN_POINT('',(36.9834694921939,-2.78044356125221,20.7669697220161));
#13806=CARTESIAN_POINT('',(37.0892102525059,-2.84968501861422,20.7669697220159));
#13807=CARTESIAN_POINT('',(37.1851963458419,-2.91588624580906,20.7669697220158));
#13808=CARTESIAN_POINT('',(37.2747564374556,-2.98072050058096,20.7669697220156));
#13809=CARTESIAN_POINT('',(37.343529148034,-3.03277466789111,20.7669697220155));
#13810=CARTESIAN_POINT('',(37.3954824076253,-3.07333098966816,20.7669697220154));
#13811=CARTESIAN_POINT('',(37.4438561783831,-3.11183244406118,20.7669697220153));
#13812=CARTESIAN_POINT('',(37.5018319406685,-3.15931496117193,20.7669697220152));
#13813=CARTESIAN_POINT('',(37.5674398078294,-3.21500850302575,20.7669697220151));
#13814=CARTESIAN_POINT('',(37.628999877996,-3.26906004731002,20.766969722015));
#13815=CARTESIAN_POINT('',(37.6881344619005,-3.32268937153791,20.7669697220148));
#13816=CARTESIAN_POINT('',(37.7456361503765,-3.37651294294303,20.7669697220147));
#13817=CARTESIAN_POINT('',(37.802274237355,-3.4312268257394,20.7669697220146));
#13818=CARTESIAN_POINT('',(37.8443934646272,-3.47321732834924,20.7669697220145));
#13819=CARTESIAN_POINT('',(37.8874106281113,-3.5169666960245,20.7669697220144));
#13820=CARTESIAN_POINT('',(37.9362164874631,-3.56766025676848,20.7669697220143));
#13821=CARTESIAN_POINT('',(38.0033910509225,-3.64014239518046,20.7669697220141));
#13822=CARTESIAN_POINT('',(38.0741286151906,-3.71979241974678,20.7669697220139));
#13823=CARTESIAN_POINT('',(38.1436567798288,-3.80153512391258,20.7669697220137));
#13824=CARTESIAN_POINT('',(38.2119180583908,-3.88538658370212,20.7669697220136));
#13825=CARTESIAN_POINT('',(38.2612179168941,-3.94870234247008,20.7669697220134));
#13826=CARTESIAN_POINT('',(38.305222267663,-4.00678960199576,20.7669697220133));
#13827=CARTESIAN_POINT('',(38.3489043584161,-4.06578744912782,20.7669697220131));
#13828=CARTESIAN_POINT('',(38.408200661698,-4.14925254150027,20.7669697220129));
#13829=CARTESIAN_POINT('',(38.4651564458535,-4.23329856668856,20.7669697220128));
#13830=CARTESIAN_POINT('',(38.5156022992109,-4.31094412472251,20.7669697220126));
#13831=CARTESIAN_POINT('',(38.5604832692487,-4.38261636366911,20.7669697220124));
#13832=CARTESIAN_POINT('',(38.6039900068168,-4.45479686164775,20.7669697220122));
#13833=CARTESIAN_POINT('',(38.6335008153224,-4.50568634241368,20.7669697220121));
#13834=CARTESIAN_POINT('',(38.6640962772994,-4.5595550923901,20.766969722012));
#13835=CARTESIAN_POINT('',(38.6968167314387,-4.61857597616573,20.7669697220119));
#13836=CARTESIAN_POINT('',(38.7535197375544,-4.72573859147957,20.7669697220116));
#13837=CARTESIAN_POINT('',(38.827942107409,-4.87598236329155,20.7669697220113));
#13838=CARTESIAN_POINT('',(38.887266262461,-5.00898887307891,20.766969722011));
#13839=CARTESIAN_POINT('',(38.9494039283867,-5.1589987507202,20.7669697220106));
#13840=CARTESIAN_POINT('',(39.0038357601594,-5.30037303714526,20.7669697220103));
#13841=CARTESIAN_POINT('',(39.0633960239716,-5.47690633361263,20.7669697220099));
#13842=CARTESIAN_POINT('',(39.1030136257162,-5.60899727887807,20.7669697220096));
#13843=CARTESIAN_POINT('',(39.1261472717294,-5.69249543744103,20.7669697220094));
#13844=CARTESIAN_POINT('',(39.1454704005719,-5.76571130942051,20.7669697220092));
#13845=CARTESIAN_POINT('',(39.1659569577854,-5.84846519688773,20.766969722009));
#13846=CARTESIAN_POINT('',(39.1905751153313,-5.95753727174452,20.7669697220087));
#13847=CARTESIAN_POINT('',(39.2141172252978,-6.07432234910953,20.7669697220085));
#13848=CARTESIAN_POINT('',(39.2350440759019,-6.19379534868832,20.7669697220082));
#13849=CARTESIAN_POINT('',(39.2475620895403,-6.27669835789431,20.766969722008));
#13850=CARTESIAN_POINT('',(39.2575904185069,-6.34923399416,20.7669697220078));
#13851=CARTESIAN_POINT('',(39.266264751674,-6.41755906447224,20.7669697220077));
#13852=CARTESIAN_POINT('',(39.2765111157575,-6.51274262659175,20.7669697220074));
#13853=CARTESIAN_POINT('',(39.2849917123035,-6.60886082445703,20.7669697220072));
#13854=CARTESIAN_POINT('',(39.2916605468105,-6.7058983894408,20.766969722007));
#13855=CARTESIAN_POINT('',(39.2948829398762,-6.77146035360766,20.7669697220068));
#13856=CARTESIAN_POINT('',(39.2974409785151,-6.83679466681843,20.7669697220067));
#13857=CARTESIAN_POINT('',(39.2993614960004,-6.90230206683411,20.7669697220065));
#13858=CARTESIAN_POINT('',(39.3000000395698,-6.96721307330876,20.7669697220064));
#13859=CARTESIAN_POINT('',(39.3,-6.9999999969708,20.7669697220063));
#13860=CARTESIAN_POINT('',(34.3,-2.,18.7235857918566));
#13861=CARTESIAN_POINT('',(34.3419831915516,-1.99999987999531,18.7235857918604));
#13862=CARTESIAN_POINT('',(34.4259257909772,-2.00105735830998,18.7235857918679));
#13863=CARTESIAN_POINT('',(34.5216642656456,-2.00467581244018,18.7235857918248));
#13864=CARTESIAN_POINT('',(34.6053738517294,-2.00919404317163,18.7235857919032));
#13865=CARTESIAN_POINT('',(34.6885260847058,-2.01473046151908,18.7235857912449));
#13866=CARTESIAN_POINT('',(34.8007470075739,-2.02462321820132,18.7235857950136));
#13867=CARTESIAN_POINT('',(34.9230072702738,-2.03846266956324,18.7235857910556));
#13868=CARTESIAN_POINT('',(35.0429995242831,-2.05502815298297,18.7235857922395));
#13869=CARTESIAN_POINT('',(35.1222678026569,-2.06791584270676,18.7235857918631));
#13870=CARTESIAN_POINT('',(35.2001842832571,-2.08154309058831,18.7235857918514));
#13871=CARTESIAN_POINT('',(35.2773794901514,-2.09598998055119,18.7235857919555));
#13872=CARTESIAN_POINT('',(35.3911921386978,-2.12006541296742,18.7235857920283));
#13873=CARTESIAN_POINT('',(35.5027474911403,-2.1463737470885,18.7235857916846));
#13874=CARTESIAN_POINT('',(35.6111706654418,-2.17455434940237,18.7235857925491));
#13875=CARTESIAN_POINT('',(35.6884279122532,-2.1964734126578,18.7235857926689));
#13876=CARTESIAN_POINT('',(35.7577874885829,-2.21711805294582,18.7235857915675));
#13877=CARTESIAN_POINT('',(35.8255491120154,-2.23808567331022,18.7235857919968));
#13878=CARTESIAN_POINT('',(35.9194282836925,-2.26913779196209,18.7235857918405));
#13879=CARTESIAN_POINT('',(36.0164726072824,-2.30349189362521,18.7235857920089));
#13880=CARTESIAN_POINT('',(36.1113739226845,-2.33928155609432,18.72358579183));
#13881=CARTESIAN_POINT('',(36.2042436475233,-2.37645537702846,18.723585791917));
#13882=CARTESIAN_POINT('',(36.2715039459267,-2.40494588947203,18.7235857919383));
#13883=CARTESIAN_POINT('',(36.3316826340506,-2.43128433690823,18.723585791898));
#13884=CARTESIAN_POINT('',(36.4008662827001,-2.46237645683806,18.7235857918357));
#13885=CARTESIAN_POINT('',(36.5023733784631,-2.5105530817586,18.7235857919059));
#13886=CARTESIAN_POINT('',(36.6178043540821,-2.56904479673311,18.7235857918497));
#13887=CARTESIAN_POINT('',(36.7223229484728,-2.62545203467943,18.7235857919095));
#13888=CARTESIAN_POINT('',(36.7973267952919,-2.66815558145901,18.7235857919082));
#13889=CARTESIAN_POINT('',(36.8534752160453,-2.70109400112185,18.7235857918757));
#13890=CARTESIAN_POINT('',(36.9107772217924,-2.73546666659011,18.7235857918479));
#13891=CARTESIAN_POINT('',(36.9887867391481,-2.78406594194123,18.7235857918693));
#13892=CARTESIAN_POINT('',(37.0798281439686,-2.84347282136927,18.7235857919574));
#13893=CARTESIAN_POINT('',(37.1744104866493,-2.90824844565225,18.723585791844));
#13894=CARTESIAN_POINT('',(37.2625320534755,-2.97171344657864,18.7235857918992));
#13895=CARTESIAN_POINT('',(37.3329138533482,-3.02467742340491,18.7235857919248));
#13896=CARTESIAN_POINT('',(37.4137037319875,-3.08731322772764,18.7235857918673));
#13897=CARTESIAN_POINT('',(37.5327443643037,-3.18382215755063,18.7235857918702));
#13898=CARTESIAN_POINT('',(37.6799323798901,-3.31337239691483,18.7235857918374));
#13899=CARTESIAN_POINT('',(37.796326927415,-3.42494898799897,18.7235857919209));
#13900=CARTESIAN_POINT('',(37.9096407033084,-3.5389488738803,18.7235857918623));
#13901=CARTESIAN_POINT('',(38.0150316548142,-3.65152080996906,18.7235857918994));
#13902=CARTESIAN_POINT('',(38.134992902644,-3.79050663567534,18.7235857918609));
#13903=CARTESIAN_POINT('',(38.2075413466894,-3.88002674850132,18.7235857918806));
#13904=CARTESIAN_POINT('',(38.2725526056171,-3.96330545023888,18.7235857918982));
#13905=CARTESIAN_POINT('',(38.3407334310431,-4.05377858476016,18.7235857918407));
#13906=CARTESIAN_POINT('',(38.4318024889518,-4.18259652123956,18.7235857918901));
#13907=CARTESIAN_POINT('',(38.5176562443754,-4.31320245856515,18.7235857918642));
#13908=CARTESIAN_POINT('',(38.5769905422417,-4.40963264795197,18.7235857918687));
#13909=CARTESIAN_POINT('',(38.6215943319584,-4.48497367851879,18.7235857918877));
#13910=CARTESIAN_POINT('',(38.6662351386381,-4.56270690500202,18.7235857918679));
#13911=CARTESIAN_POINT('',(38.724714254674,-4.67014944054541,18.7235857918445));
#13912=CARTESIAN_POINT('',(38.7874904468062,-4.7934427165902,18.7235857919008));
#13913=CARTESIAN_POINT('',(38.846292644718,-4.91734895154497,18.7235857918412));
#13914=CARTESIAN_POINT('',(38.8839803328472,-5.00270338772034,18.7235857918735));
#13915=CARTESIAN_POINT('',(38.9199433187128,-5.08733415179081,18.7235857918785));
#13916=CARTESIAN_POINT('',(38.954675241465,-5.17242776698277,18.7235857918515));
#13917=CARTESIAN_POINT('',(39.0059048277933,-5.3082659231074,18.7235857918659));
#13918=CARTESIAN_POINT('',(39.0554914780129,-5.45270389938043,18.7235857918751));
#13919=CARTESIAN_POINT('',(39.0905210628641,-5.566685382284,18.7235857918626));
#13920=CARTESIAN_POINT('',(39.118899379709,-5.66572176076599,18.7235857918758));
#13921=CARTESIAN_POINT('',(39.140928408661,-5.74720919951373,18.723585791859));
#13922=CARTESIAN_POINT('',(39.1666056819395,-5.85126241650519,18.7235857918533));
#13923=CARTESIAN_POINT('',(39.1908655235253,-5.95894321010582,18.7235857918773));
#13924=CARTESIAN_POINT('',(39.214208921847,-6.07483622404013,18.7235857918599));
#13925=CARTESIAN_POINT('',(39.2314175292181,-6.17310413907524,18.7235857918618));
#13926=CARTESIAN_POINT('',(39.2444401884886,-6.25579427888954,18.7235857918759));
#13927=CARTESIAN_POINT('',(39.2549286408258,-6.32826799577251,18.7235857918724));
#13928=CARTESIAN_POINT('',(39.266264702902,-6.41755866016048,18.7235857918593));
#13929=CARTESIAN_POINT('',(39.2765110651132,-6.51274211545183,18.7235857918552));
#13930=CARTESIAN_POINT('',(39.2849916669971,-6.60886024672449,18.7235857918593));
#13931=CARTESIAN_POINT('',(39.2909855998513,-6.6960772499097,18.7235857918564));
#13932=CARTESIAN_POINT('',(39.2943692368187,-6.76100862233757,18.7235857918561));
#13933=CARTESIAN_POINT('',(39.2971323804649,-6.8263352335539,18.7235857919022));
#13934=CARTESIAN_POINT('',(39.2993553906825,-6.90168160186164,18.723585791985));
#13935=CARTESIAN_POINT('',(39.300000045653,-6.96721299497148,18.723585791944));
#13936=CARTESIAN_POINT('',(39.3,-7.,18.7235857918566));
#13937=CARTESIAN_POINT('',(34.3,-2.,7.67641420814344));
#13938=CARTESIAN_POINT('',(34.3334832313063,-1.99999994216708,7.67641420814167));
#13939=CARTESIAN_POINT('',(34.4006261732352,-2.00067452229112,7.67641420813814));
#13940=CARTESIAN_POINT('',(34.5004383610863,-2.00368847976733,7.67641420816453));
#13941=CARTESIAN_POINT('',(34.5678200427268,-2.00706704954273,7.67641420809806));
#13942=CARTESIAN_POINT('',(34.6354522585858,-2.01114615385101,7.67641420819513));
#13943=CARTESIAN_POINT('',(34.7043174470885,-2.01602674117869,7.6764141989863));
#13944=CARTESIAN_POINT('',(34.809592347857,-2.02564762302349,7.67641424191324));
#13945=CARTESIAN_POINT('',(34.9221326419013,-2.03838065062207,7.67641419769594));
#13946=CARTESIAN_POINT('',(35.0536981654749,-2.05644379565907,7.67641421218194));
#13947=CARTESIAN_POINT('',(35.1566601429237,-2.07358280855565,7.676414207868));
#13948=CARTESIAN_POINT('',(35.2828187415682,-2.09703666828658,7.67641420832657));
#13949=CARTESIAN_POINT('',(35.4226776565677,-2.12629812758141,7.67641420795824));
#13950=CARTESIAN_POINT('',(35.6075337404345,-2.1727719947094,7.67641420810329));
#13951=CARTESIAN_POINT('',(35.7285881171263,-2.20808524901842,7.67641420811113));
#13952=CARTESIAN_POINT('',(35.8414555422089,-2.24315288592306,7.67641420816064));
#13953=CARTESIAN_POINT('',(35.962924548506,-2.28335009089292,7.67641420806414));
#13954=CARTESIAN_POINT('',(36.1417309446707,-2.35017854868296,7.6764142080858));
#13955=CARTESIAN_POINT('',(36.2663419868256,-2.40240481897984,7.67641420812183));
#13956=CARTESIAN_POINT('',(36.393996959157,-2.45900875942819,7.67641420816025));
#13957=CARTESIAN_POINT('',(36.5285485099951,-2.52236786173569,7.67641420800309));
#13958=CARTESIAN_POINT('',(36.6993939063183,-2.61204591919088,7.67641420811008));
#13959=CARTESIAN_POINT('',(36.8277637860192,-2.68551867728309,7.6764142080757));
#13960=CARTESIAN_POINT('',(36.9566291837438,-2.76317309104352,7.67641420818623));
#13961=CARTESIAN_POINT('',(37.1108682797825,-2.86266261083562,7.67641420804478));
#13962=CARTESIAN_POINT('',(37.2625320804103,-2.97094259531673,7.67641420807397));
#13963=CARTESIAN_POINT('',(37.3966532488233,-3.07359535192227,7.67641420810815));
#13964=CARTESIAN_POINT('',(37.5694537991177,-3.21316949263791,7.67641420816839));
#13965=CARTESIAN_POINT('',(37.7281769792253,-3.35732002954367,7.67641420807804));
#13966=CARTESIAN_POINT('',(37.94856336482,-3.57716387747792,7.67641420812921));
#13967=CARTESIAN_POINT('',(38.1068903082766,-3.75276799162213,7.67641420817426));
#13968=CARTESIAN_POINT('',(38.3114617157137,-4.01138950951148,7.67641420809193));
#13969=CARTESIAN_POINT('',(38.4702427055674,-4.23527965698689,7.67641420812368));
#13970=CARTESIAN_POINT('',(38.5991590771092,-4.44437192410337,7.67641420809749));
#13971=CARTESIAN_POINT('',(38.7027472735919,-4.62814485999596,7.67641420815578));
#13972=CARTESIAN_POINT('',(38.7879017282992,-4.79174220992371,7.67641420809625));
#13973=CARTESIAN_POINT('',(38.8645121303714,-4.95708012176439,7.67641420814444));
#13974=CARTESIAN_POINT('',(38.9160986694674,-5.07797537308834,7.67641420811799));
#13975=CARTESIAN_POINT('',(38.9570016048479,-5.17867277659292,7.6764142081475));
#13976=CARTESIAN_POINT('',(39.0047759178936,-5.30487957866423,7.67641420813363));
#13977=CARTESIAN_POINT('',(39.0560173519397,-5.45436683892026,7.67641420812711));
#13978=CARTESIAN_POINT('',(39.0944952271035,-5.57966198513916,7.67641420813537));
#13979=CARTESIAN_POINT('',(39.1223440425878,-5.67830693948463,7.67641420812632));
#13980=CARTESIAN_POINT('',(39.1440125135987,-5.75970707418381,7.67641420814207));
#13981=CARTESIAN_POINT('',(39.1666057251813,-5.8512625936644,7.67641420814656));
#13982=CARTESIAN_POINT('',(39.1908655592088,-5.95894338068848,7.67641420812294));
#13983=CARTESIAN_POINT('',(39.2142089460375,-6.07483635707688,7.67641420814065));
#13984=CARTESIAN_POINT('',(39.2335978983097,-6.18555490318661,7.67641420813651));
#13985=CARTESIAN_POINT('',(39.2463071098693,-6.26829506580838,7.67641420812442));
#13986=CARTESIAN_POINT('',(39.2565203904778,-6.34080573197372,7.6764142081299));
#13987=CARTESIAN_POINT('',(39.2662646992137,-6.41755862502446,7.6764142081407));
#13988=CARTESIAN_POINT('',(39.2765110596495,-6.51274206152546,7.67641420814488));
#13989=CARTESIAN_POINT('',(39.2849916620516,-6.60886018574761,7.67641420814047));
#13990=CARTESIAN_POINT('',(39.2914146859708,-6.70232081182736,7.67641420814477));
#13991=CARTESIAN_POINT('',(39.294676455073,-6.76725921180231,7.67641420814193));
#13992=CARTESIAN_POINT('',(39.297316936821,-6.83259051073405,7.67641420809108));
#13993=CARTESIAN_POINT('',(39.2993553914107,-6.90168158048003,7.67641420801777));
#13994=CARTESIAN_POINT('',(39.3000000421533,-6.96721298663494,7.67641420805851));
#13995=CARTESIAN_POINT('',(39.3,-6.99999999870669,7.67641420814345));
ENDSEC;
END-ISO-10303-21;
