ISO-10303-21;
HEADER;
FILE_DESCRIPTION(('STEP AP203'),
    '1');
FILE_NAME('Корпус блока управления датчика уровня жидкости',
    '2026-07-02T08:00:29',
    ('rizz'),
    (''),
    'C3D Converter',
    'C3D Toolkit',
    '');
/**/
FILE_SCHEMA(('CONFIG_CONTROL_DESIGN'));
ENDSEC;

DATA;
#1=PRODUCT_DEFINITION('','UNSPECIFIED',#28,#31);
#2=SHAPE_DEFINITION_REPRESENTATION(#26,#3);
#3=SHAPE_REPRESENTATION('NONE',(#4),#8);
#4=AXIS2_PLACEMENT_3D('',#5,#6,#7);
#5=CARTESIAN_POINT('',(0.,0.,0.));
#6=DIRECTION('',(0.,0.,1.));
#7=DIRECTION('',(1.,0.,0.));
#8=(GEOMETRIC_REPRESENTATION_CONTEXT(3)GLOBAL_UNCERTAINTY_ASSIGNED_CONTEXT((#10))
GLOBAL_UNIT_ASSIGNED_CONTEXT((#9,#11,#12))REPRESENTATION_CONTEXT('NONE','NONE'));
#9=(LENGTH_UNIT()NAMED_UNIT(*)SI_UNIT(.MILLI.,.METRE.));
#10=UNCERTAINTY_MEASURE_WITH_UNIT(LENGTH_MEASURE(1.E-5),#9,'NONE','NONE');
#11=(NAMED_UNIT(*)PLANE_ANGLE_UNIT()SI_UNIT($,.RADIAN.));
#12=(NAMED_UNIT(*)SI_UNIT($,.STERADIAN.)SOLID_ANGLE_UNIT());
#13=MANIFOLD_SOLID_BREP('',#14);
#14=CLOSED_SHELL('',(#53,#54,#55,#56,#57,#58,#59,#60,#61,#62,#63,#64,#65,#66,#67,
#68,#69,#70,#71,#72,#73,#74,#75,#76,#77,#78,#79,#80,#81,#82,#83,#84,#85,#86,#87,
#88,#89,#90,#91,#92,#93,#94,#95,#96,#97,#98,#99,#100,#101,#102,#103,#104,#105,#106,
#107,#108,#109,#110,#111,#112,#113,#114,#115,#116,#117,#118,#119,#120,#121,#122,
#123,#124,#125,#126,#127,#128,#129,#130,#131,#132,#133,#134,#135,#136,#137,#138,
#139,#140,#141,#142,#143,#144,#145,#146,#147,#148,#149,#150,#151,#152,#153,#154,
#155,#156,#157,#158,#159,#160,#161,#162,#163,#164,#165,#166,#167,#168,#169,#170,
#171,#172,#173,#174,#175,#176,#177,#178,#179,#180,#181,#182,#183,#184,#185,#186,
#187,#188,#189,#190,#191,#192,#193,#194,#195,#196,#197,#198,#199,#200,#201,#202,
#203,#204,#205,#206,#207,#208,#209,#210,#211,#212,#213,#214,#215,#216,#217,#218,
#219,#220,#221,#222,#223,#224,#225,#226,#227,#228,#229,#230,#231,#232,#233,#234,
#235,#236,#237,#238,#239,#240,#241,#242,#243,#244,#245,#246,#247,#248,#249,#250,
#251,#252,#253,#254,#255,#256,#257,#258,#259,#260,#261,#262,#263,#264,#265,#266,
#267,#268,#269,#270,#271,#272,#273,#274,#275,#276,#277,#278));
#15=COLOUR_RGB('',1.,1.,0.);
#16=FILL_AREA_STYLE_COLOUR('',#15);
#17=FILL_AREA_STYLE($,(#16));
#18=SURFACE_STYLE_FILL_AREA(#17);
#19=SURFACE_SIDE_STYLE('',(#18));
#20=SURFACE_STYLE_USAGE(.BOTH.,#19);
#21=PRESENTATION_STYLE_ASSIGNMENT((#20));
#22=MECHANICAL_DESIGN_GEOMETRIC_PRESENTATION_REPRESENTATION('NONE',(#23),#8);
#23=STYLED_ITEM('',(#21),#13);
#24=ADVANCED_BREP_SHAPE_REPRESENTATION('NONE',(#13),#8);
#25=SHAPE_REPRESENTATION_RELATIONSHIP('','',#3,#24);
#26=PRODUCT_DEFINITION_SHAPE('NONE','NONE',#1);
#27=MECHANICAL_CONTEXT('NONE',#32,'mechanical');
#28=PRODUCT_DEFINITION_FORMATION_WITH_SPECIFIED_SOURCE('ANY','UNSPECIFIED',#29,.NOT_KNOWN.);
#29=PRODUCT('','\X2\041A043E0440043F04430441\X0\ \X2\0431043B043E043A0430\X0\ \X2\0443043F044004300432043B0435043D0438044F\X0\ \X2\04340430044204470438043A0430\X0\ \X2\04430440043E0432043D044F\X0\ \X2\043604380434043A043E044104420438\X0\',
'NONE',(#27));
#30=PRODUCT_RELATED_PRODUCT_CATEGORY('detail','',(#29));
#31=DESIGN_CONTEXT('detailed design',#32,'design');
#32=APPLICATION_CONTEXT('configuration controlled 3d designs of mechanical parts and assemblies');
#33=APPLICATION_PROTOCOL_DEFINITION('international standard','config_control_design',
1994,#32);
#34=CC_DESIGN_DATE_AND_TIME_ASSIGNMENT(#35,#39,(#1));
#35=DATE_AND_TIME(#36,#37);
#36=CALENDAR_DATE(0,1,1);
#37=LOCAL_TIME(0,0,0.,#38);
#38=COORDINATED_UNIVERSAL_TIME_OFFSET(0,0,.AHEAD.);
#39=DATE_TIME_ROLE('creation_date');
#40=CC_DESIGN_APPROVAL(#41,(#1));
#41=APPROVAL(#42,'UNSPECIFIED');
#42=APPROVAL_STATUS('not_yet_approved');
#43=APPROVAL_DATE_TIME(#44,#41);
#44=DATE_AND_TIME(#45,#46);
#45=CALENDAR_DATE(0,1,1);
#46=LOCAL_TIME(0,0,0.,#47);
#47=COORDINATED_UNIVERSAL_TIME_OFFSET(0,0,.AHEAD.);
#48=PERSON('UNSPECIFIED','rizz','UNSPECIFIED',('UNSPECIFIED'),('UNSPECIFIED'),('UNSPECIFIED'));
#49=ORGANIZATION('UNSPECIFIED','UNSPECIFIED','UNSPECIFIED');
#50=PERSON_AND_ORGANIZATION(#48,#49);
#51=PERSON_AND_ORGANIZATION_ROLE('creator');
#52=CC_DESIGN_PERSON_AND_ORGANIZATION_ASSIGNMENT(#50,#51,(#28,#1));
#53=ADVANCED_FACE('',(#279,#281),#283,.F.);
#54=ADVANCED_FACE('',(#288),#290,.F.);
#55=ADVANCED_FACE('',(#295,#297),#299,.F.);
#56=ADVANCED_FACE('',(#304,#306,#308),#310,.F.);
#57=ADVANCED_FACE('',(#315),#317,.T.);
#58=ADVANCED_FACE('',(#322),#324,.F.);
#59=ADVANCED_FACE('',(#329),#331,.F.);
#60=ADVANCED_FACE('',(#336),#338,.F.);
#61=ADVANCED_FACE('',(#343),#345,.T.);
#62=ADVANCED_FACE('',(#350),#352,.T.);
#63=ADVANCED_FACE('',(#357),#359,.T.);
#64=ADVANCED_FACE('',(#364),#366,.T.);
#65=ADVANCED_FACE('',(#371),#373,.F.);
#66=ADVANCED_FACE('',(#378),#380,.T.);
#67=ADVANCED_FACE('',(#385),#387,.T.);
#68=ADVANCED_FACE('',(#392),#394,.T.);
#69=ADVANCED_FACE('',(#399),#401,.T.);
#70=ADVANCED_FACE('',(#406,#408),#410,.T.);
#71=ADVANCED_FACE('',(#415),#417,.T.);
#72=ADVANCED_FACE('',(#422),#424,.T.);
#73=ADVANCED_FACE('',(#429),#431,.T.);
#74=ADVANCED_FACE('',(#436),#438,.T.);
#75=ADVANCED_FACE('',(#443),#445,.T.);
#76=ADVANCED_FACE('',(#450),#452,.T.);
#77=ADVANCED_FACE('',(#457),#459,.T.);
#78=ADVANCED_FACE('',(#464),#466,.T.);
#79=ADVANCED_FACE('',(#471),#473,.T.);
#80=ADVANCED_FACE('',(#478),#480,.T.);
#81=ADVANCED_FACE('',(#485),#487,.F.);
#82=ADVANCED_FACE('',(#492),#494,.T.);
#83=ADVANCED_FACE('',(#499,#501),#503,.F.);
#84=ADVANCED_FACE('',(#508,#510,#512,#514,#516,#518,#520,#522,#524),#526,.T.);
#85=ADVANCED_FACE('',(#531),#533,.T.);
#86=ADVANCED_FACE('',(#538),#540,.F.);
#87=ADVANCED_FACE('',(#545),#547,.T.);
#88=ADVANCED_FACE('',(#662),#664,.F.);
#89=ADVANCED_FACE('',(#669,#671,#673,#675,#677),#679,.T.);
#90=ADVANCED_FACE('',(#684),#686,.F.);
#91=ADVANCED_FACE('',(#691),#693,.F.);
#92=ADVANCED_FACE('',(#698),#700,.T.);
#93=ADVANCED_FACE('',(#705),#707,.F.);
#94=ADVANCED_FACE('',(#712),#714,.F.);
#95=ADVANCED_FACE('',(#719),#721,.F.);
#96=ADVANCED_FACE('',(#726),#728,.T.);
#97=ADVANCED_FACE('',(#733),#735,.F.);
#98=ADVANCED_FACE('',(#740,#742),#744,.F.);
#99=ADVANCED_FACE('',(#749),#751,.F.);
#100=ADVANCED_FACE('',(#756),#758,.T.);
#101=ADVANCED_FACE('',(#763),#765,.F.);
#102=ADVANCED_FACE('',(#770),#772,.F.);
#103=ADVANCED_FACE('',(#777),#779,.F.);
#104=ADVANCED_FACE('',(#783),#785,.F.);
#105=ADVANCED_FACE('',(#790),#792,.F.);
#106=ADVANCED_FACE('',(#796),#798,.F.);
#107=ADVANCED_FACE('',(#802),#804,.F.);
#108=ADVANCED_FACE('',(#809),#811,.F.);
#109=ADVANCED_FACE('',(#816),#818,.F.);
#110=ADVANCED_FACE('',(#822),#824,.F.);
#111=ADVANCED_FACE('',(#828),#830,.F.);
#112=ADVANCED_FACE('',(#834),#836,.F.);
#113=ADVANCED_FACE('',(#840),#842,.F.);
#114=ADVANCED_FACE('',(#847),#849,.F.);
#115=ADVANCED_FACE('',(#854),#856,.F.);
#116=ADVANCED_FACE('',(#860),#862,.F.);
#117=ADVANCED_FACE('',(#866),#868,.F.);
#118=ADVANCED_FACE('',(#873),#875,.F.);
#119=ADVANCED_FACE('',(#879),#881,.F.);
#120=ADVANCED_FACE('',(#885),#887,.F.);
#121=ADVANCED_FACE('',(#892),#894,.F.);
#122=ADVANCED_FACE('',(#899),#901,.F.);
#123=ADVANCED_FACE('',(#905),#907,.F.);
#124=ADVANCED_FACE('',(#911),#913,.F.);
#125=ADVANCED_FACE('',(#918),#920,.F.);
#126=ADVANCED_FACE('',(#925),#927,.F.);
#127=ADVANCED_FACE('',(#931),#933,.F.);
#128=ADVANCED_FACE('',(#938),#940,.F.);
#129=ADVANCED_FACE('',(#944),#946,.F.);
#130=ADVANCED_FACE('',(#950),#952,.F.);
#131=ADVANCED_FACE('',(#957),#959,.F.);
#132=ADVANCED_FACE('',(#963),#965,.F.);
#133=ADVANCED_FACE('',(#969),#971,.F.);
#134=ADVANCED_FACE('',(#975),#977,.F.);
#135=ADVANCED_FACE('',(#982),#984,.F.);
#136=ADVANCED_FACE('',(#988),#990,.F.);
#137=ADVANCED_FACE('',(#994),#996,.F.);
#138=ADVANCED_FACE('',(#1001),#1003,.F.);
#139=ADVANCED_FACE('',(#1007),#1009,.F.);
#140=ADVANCED_FACE('',(#1013),#1015,.F.);
#141=ADVANCED_FACE('',(#1020),#1022,.F.);
#142=ADVANCED_FACE('',(#1026),#1028,.F.);
#143=ADVANCED_FACE('',(#1032),#1034,.F.);
#144=ADVANCED_FACE('',(#1039),#1041,.F.);
#145=ADVANCED_FACE('',(#1045),#1047,.F.);
#146=ADVANCED_FACE('',(#1051),#1053,.F.);
#147=ADVANCED_FACE('',(#1058),#1060,.F.);
#148=ADVANCED_FACE('',(#1064),#1066,.F.);
#149=ADVANCED_FACE('',(#1070),#1072,.F.);
#150=ADVANCED_FACE('',(#1077),#1079,.F.);
#151=ADVANCED_FACE('',(#1083),#1085,.F.);
#152=ADVANCED_FACE('',(#1089),#1091,.F.);
#153=ADVANCED_FACE('',(#1096),#1098,.F.);
#154=ADVANCED_FACE('',(#1103),#1105,.F.);
#155=ADVANCED_FACE('',(#1110),#1112,.F.);
#156=ADVANCED_FACE('',(#1116),#1118,.F.);
#157=ADVANCED_FACE('',(#1122),#1124,.F.);
#158=ADVANCED_FACE('',(#1129),#1131,.F.);
#159=ADVANCED_FACE('',(#1135),#1137,.F.);
#160=ADVANCED_FACE('',(#1142),#1144,.F.);
#161=ADVANCED_FACE('',(#1149),#1151,.F.);
#162=ADVANCED_FACE('',(#1155),#1157,.F.);
#163=ADVANCED_FACE('',(#1162),#1164,.F.);
#164=ADVANCED_FACE('',(#1168),#1170,.F.);
#165=ADVANCED_FACE('',(#1175),#1177,.F.);
#166=ADVANCED_FACE('',(#1182),#1184,.F.);
#167=ADVANCED_FACE('',(#1188),#1190,.F.);
#168=ADVANCED_FACE('',(#1195),#1197,.F.);
#169=ADVANCED_FACE('',(#1201),#1203,.F.);
#170=ADVANCED_FACE('',(#1207),#1209,.F.);
#171=ADVANCED_FACE('',(#1213),#1215,.F.);
#172=ADVANCED_FACE('',(#1219),#1221,.F.);
#173=ADVANCED_FACE('',(#1226),#1228,.F.);
#174=ADVANCED_FACE('',(#1232),#1234,.F.);
#175=ADVANCED_FACE('',(#1238),#1240,.F.);
#176=ADVANCED_FACE('',(#1245),#1247,.F.);
#177=ADVANCED_FACE('',(#1251),#1253,.F.);
#178=ADVANCED_FACE('',(#1257),#1259,.F.);
#179=ADVANCED_FACE('',(#1263),#1265,.F.);
#180=ADVANCED_FACE('',(#1270),#1272,.F.);
#181=ADVANCED_FACE('',(#1277),#1279,.F.);
#182=ADVANCED_FACE('',(#1284,#1286),#1288,.F.);
#183=ADVANCED_FACE('',(#1293,#1295),#1297,.F.);
#184=ADVANCED_FACE('',(#1302,#1304),#1306,.F.);
#185=ADVANCED_FACE('',(#1311),#1313,.F.);
#186=ADVANCED_FACE('',(#1318),#1320,.T.);
#187=ADVANCED_FACE('',(#1325),#1327,.F.);
#188=ADVANCED_FACE('',(#1332),#1334,.T.);
#189=ADVANCED_FACE('',(#1339),#1341,.F.);
#190=ADVANCED_FACE('',(#1346),#1348,.F.);
#191=ADVANCED_FACE('',(#1353),#1355,.F.);
#192=ADVANCED_FACE('',(#1360),#1362,.F.);
#193=ADVANCED_FACE('',(#1367),#1369,.F.);
#194=ADVANCED_FACE('',(#1374),#1376,.T.);
#195=ADVANCED_FACE('',(#1381,#1383),#1385,.F.);
#196=ADVANCED_FACE('',(#1390),#1392,.T.);
#197=ADVANCED_FACE('',(#1397),#1399,.F.);
#198=ADVANCED_FACE('',(#1404,#1406),#1408,.F.);
#199=ADVANCED_FACE('',(#1413,#1415),#1417,.F.);
#200=ADVANCED_FACE('',(#1422,#1424),#1426,.F.);
#201=ADVANCED_FACE('',(#1431,#1433),#1435,.F.);
#202=ADVANCED_FACE('',(#1440,#1442,#1444,#1446,#1448),#1450,.T.);
#203=ADVANCED_FACE('',(#1455),#1457,.T.);
#204=ADVANCED_FACE('',(#1462),#1464,.T.);
#205=ADVANCED_FACE('',(#1469,#1471,#1473),#1475,.T.);
#206=ADVANCED_FACE('',(#1480,#1482),#1484,.T.);
#207=ADVANCED_FACE('',(#1489,#1491),#1493,.T.);
#208=ADVANCED_FACE('',(#1498,#1500),#1502,.T.);
#209=ADVANCED_FACE('',(#1507),#1509,.T.);
#210=ADVANCED_FACE('',(#1514),#1516,.T.);
#211=ADVANCED_FACE('',(#1521),#1523,.F.);
#212=ADVANCED_FACE('',(#1528),#1530,.F.);
#213=ADVANCED_FACE('',(#1535),#1537,.T.);
#214=ADVANCED_FACE('',(#1542),#1544,.T.);
#215=ADVANCED_FACE('',(#1549,#1551),#1553,.T.);
#216=ADVANCED_FACE('',(#1558,#1560),#1562,.T.);
#217=ADVANCED_FACE('',(#1567,#1569),#1571,.T.);
#218=ADVANCED_FACE('',(#1576,#1578),#1580,.T.);
#219=ADVANCED_FACE('',(#1585),#1587,.T.);
#220=ADVANCED_FACE('',(#1592),#1594,.T.);
#221=ADVANCED_FACE('',(#1599),#1601,.T.);
#222=ADVANCED_FACE('',(#1606),#1608,.T.);
#223=ADVANCED_FACE('',(#1612),#1614,.T.);
#224=ADVANCED_FACE('',(#1618),#1620,.T.);
#225=ADVANCED_FACE('',(#1625),#1627,.T.);
#226=ADVANCED_FACE('',(#1631),#1633,.T.);
#227=ADVANCED_FACE('',(#1637),#1639,.T.);
#228=ADVANCED_FACE('',(#1644),#1646,.T.);
#229=ADVANCED_FACE('',(#1651),#1653,.T.);
#230=ADVANCED_FACE('',(#1658),#1660,.T.);
#231=ADVANCED_FACE('',(#1664),#1666,.T.);
#232=ADVANCED_FACE('',(#1670),#1672,.T.);
#233=ADVANCED_FACE('',(#1677),#1679,.T.);
#234=ADVANCED_FACE('',(#1683),#1685,.T.);
#235=ADVANCED_FACE('',(#1689),#1691,.T.);
#236=ADVANCED_FACE('',(#1696),#1698,.T.);
#237=ADVANCED_FACE('',(#1702),#1704,.T.);
#238=ADVANCED_FACE('',(#1708),#1710,.T.);
#239=ADVANCED_FACE('',(#1715),#1717,.T.);
#240=ADVANCED_FACE('',(#1721),#1723,.T.);
#241=ADVANCED_FACE('',(#1727),#1729,.T.);
#242=ADVANCED_FACE('',(#1734),#1736,.T.);
#243=ADVANCED_FACE('',(#1740),#1742,.T.);
#244=ADVANCED_FACE('',(#1746),#1748,.T.);
#245=ADVANCED_FACE('',(#1753),#1755,.T.);
#246=ADVANCED_FACE('',(#1759),#1761,.T.);
#247=ADVANCED_FACE('',(#1765),#1767,.T.);
#248=ADVANCED_FACE('',(#1772),#1774,.T.);
#249=ADVANCED_FACE('',(#1779),#1781,.T.);
#250=ADVANCED_FACE('',(#1786),#1788,.T.);
#251=ADVANCED_FACE('',(#1793),#1795,.T.);
#252=ADVANCED_FACE('',(#1800),#1802,.T.);
#253=ADVANCED_FACE('',(#1807),#1809,.T.);
#254=ADVANCED_FACE('',(#1814,#1816),#1818,.T.);
#255=ADVANCED_FACE('',(#1823,#1825),#1827,.T.);
#256=ADVANCED_FACE('',(#1832,#1834),#1836,.T.);
#257=ADVANCED_FACE('',(#1841,#1843),#1845,.T.);
#258=ADVANCED_FACE('',(#1850),#1852,.T.);
#259=ADVANCED_FACE('',(#1857),#1859,.T.);
#260=ADVANCED_FACE('',(#1864),#1866,.T.);
#261=ADVANCED_FACE('',(#1871),#1873,.T.);
#262=ADVANCED_FACE('',(#1878),#1880,.T.);
#263=ADVANCED_FACE('',(#1885,#1887),#1889,.F.);
#264=ADVANCED_FACE('',(#1894,#1896),#1898,.F.);
#265=ADVANCED_FACE('',(#1903,#1905),#1907,.F.);
#266=ADVANCED_FACE('',(#1912,#1914),#1916,.F.);
#267=ADVANCED_FACE('',(#1921),#1923,.T.);
#268=ADVANCED_FACE('',(#1928),#1930,.T.);
#269=ADVANCED_FACE('',(#1935),#1937,.T.);
#270=ADVANCED_FACE('',(#1942),#1944,.T.);
#271=ADVANCED_FACE('',(#1949,#1951),#1953,.F.);
#272=ADVANCED_FACE('',(#1958),#1960,.F.);
#273=ADVANCED_FACE('',(#1965),#1967,.F.);
#274=ADVANCED_FACE('',(#2082),#2084,.F.);
#275=ADVANCED_FACE('',(#2089),#2091,.F.);
#276=ADVANCED_FACE('',(#2096),#2098,.F.);
#277=ADVANCED_FACE('',(#2103),#2105,.T.);
#278=ADVANCED_FACE('',(#2110),#2112,.T.);
#279=FACE_OUTER_BOUND('',#280,.T.);
#280=EDGE_LOOP('',(#2117));
#281=FACE_OUTER_BOUND('',#282,.T.);
#282=EDGE_LOOP('',(#2118));
#283=CYLINDRICAL_SURFACE('',#284,2.5);
#284=AXIS2_PLACEMENT_3D('',#285,#286,#287);
#285=CARTESIAN_POINT('',(-28.,-52.2,0.143267754982064));
#286=DIRECTION('',(1.,3.74939945665464E-32,-3.06161699786838E-16));
#287=DIRECTION('',(-3.06161699786838E-16,2.44929359829471E-16,-1.));
#288=FACE_BOUND('',#289,.T.);
#289=EDGE_LOOP('',(#2119,#2120,#2121,#2122,#2123,#2124,#2125,#2126,#2127));
#290=PLANE('',#291);
#291=AXIS2_PLACEMENT_3D('',#292,#293,#294);
#292=CARTESIAN_POINT('',(-22.,-4.04935141318702E-31,3.30654635769785E-15));
#293=DIRECTION('',(-1.,-3.74939945665464E-32,3.06161699786838E-16));
#294=DIRECTION('',(-3.06161699786838E-16,0.,-1.));
#295=FACE_BOUND('',#296,.T.);
#296=EDGE_LOOP('',(#2128,#2129,#2130));
#297=FACE_OUTER_BOUND('',#298,.T.);
#298=EDGE_LOOP('',(#2131));
#299=CYLINDRICAL_SURFACE('',#300,4.);
#300=AXIS2_PLACEMENT_3D('',#301,#302,#303);
#301=CARTESIAN_POINT('',(-24.,-52.2,0.143267754982063));
#302=DIRECTION('',(-1.,-3.74939945665464E-32,3.06161699786838E-16));
#303=DIRECTION('',(-3.06161699786838E-16,2.44929359829471E-16,-1.));
#304=FACE_BOUND('',#305,.T.);
#305=EDGE_LOOP('',(#2132,#2133,#2134,#2135,#2136,#2137,#2138,#2139,#2140,#2141,#2142,
#2143,#2144,#2145,#2146,#2147,#2148,#2149,#2150,#2151,#2152,#2153,#2154,#2155,#2156,
#2157,#2158,#2159,#2160,#2161,#2162,#2163));
#306=FACE_BOUND('',#307,.T.);
#307=EDGE_LOOP('',(#2164));
#308=FACE_BOUND('',#309,.T.);
#309=EDGE_LOOP('',(#2165));
#310=PLANE('',#311);
#311=AXIS2_PLACEMENT_3D('',#312,#313,#314);
#312=CARTESIAN_POINT('',(-28.,0.,5.14351655641888E-15));
#313=DIRECTION('',(1.,0.,-1.83697019872103E-16));
#314=DIRECTION('',(-1.83697019872103E-16,1.22464679914735E-16,-1.));
#315=FACE_BOUND('',#316,.T.);
#316=EDGE_LOOP('',(#2166,#2167,#2168,#2169,#2170,#2171,#2172,#2173,#2174,#2175));
#317=PLANE('',#318);
#318=AXIS2_PLACEMENT_3D('',#319,#320,#321);
#319=CARTESIAN_POINT('',(-28.,-46.2,50.));
#320=DIRECTION('',(-3.60622128101034E-32,-1.,-1.4210854715202E-16));
#321=DIRECTION('',(-2.1316282072803E-16,1.4210854715202E-16,-1.));
#322=FACE_BOUND('',#323,.T.);
#323=EDGE_LOOP('',(#2176,#2177,#2178,#2179,#2180));
#324=PLANE('',#325);
#325=AXIS2_PLACEMENT_3D('',#326,#327,#328);
#326=CARTESIAN_POINT('',(-28.,-58.2,5.50000000000108));
#327=DIRECTION('',(-2.09345661157846E-16,0.707106781186516,-0.707106781186579));
#328=DIRECTION('',(4.18691322315692E-16,0.707106781186579,0.707106781186516));
#329=FACE_BOUND('',#330,.T.);
#330=EDGE_LOOP('',(#2181,#2182,#2183,#2184));
#331=PLANE('',#332);
#332=AXIS2_PLACEMENT_3D('',#333,#334,#335);
#333=CARTESIAN_POINT('',(-28.,-58.2,-5.50000000000109));
#334=DIRECTION('',(0.,1.,1.22464679914735E-16));
#335=DIRECTION('',(0.,-1.22464679914735E-16,1.));
#336=FACE_BOUND('',#337,.T.);
#337=EDGE_LOOP('',(#2185,#2186,#2187,#2188,#2189));
#338=PLANE('',#339);
#339=AXIS2_PLACEMENT_3D('',#340,#341,#342);
#340=CARTESIAN_POINT('',(-28.,-46.2,-17.5));
#341=DIRECTION('',(2.46519032881566E-32,0.707106781186516,0.70710678118658));
#342=DIRECTION('',(4.18691322315692E-16,-0.70710678118658,0.707106781186516));
#343=FACE_BOUND('',#344,.T.);
#344=EDGE_LOOP('',(#2190,#2191,#2192,#2193));
#345=CYLINDRICAL_SURFACE('',#346,4.);
#346=AXIS2_PLACEMENT_3D('',#347,#348,#349);
#347=CARTESIAN_POINT('',(-44.,54.2,3.8431457505086));
#348=DIRECTION('',(-1.,0.,2.80477395694776E-16));
#349=DIRECTION('',(1.98327468465328E-16,0.707106781186515,0.707106781186581));
#350=FACE_BOUND('',#351,.T.);
#351=EDGE_LOOP('',(#2194,#2195,#2196,#2197));
#352=PLANE('',#353);
#353=AXIS2_PLACEMENT_3D('',#354,#355,#356);
#354=CARTESIAN_POINT('',(-28.,58.2,-5.50000000000109));
#355=DIRECTION('',(0.,1.,0.));
#356=DIRECTION('',(0.,0.,1.));
#357=FACE_BOUND('',#358,.T.);
#358=EDGE_LOOP('',(#2198,#2199,#2200,#2201));
#359=CYLINDRICAL_SURFACE('',#360,4.);
#360=AXIS2_PLACEMENT_3D('',#361,#362,#363);
#361=CARTESIAN_POINT('',(-44.,54.2,-3.84314575050859));
#362=DIRECTION('',(-1.,3.73969860926369E-16,2.80477395694776E-16));
#363=DIRECTION('',(3.73969860926369E-16,1.,4.44089209850063E-16));
#364=FACE_BOUND('',#365,.T.);
#365=EDGE_LOOP('',(#2202,#2203,#2204,#2205,#2206));
#366=PLANE('',#367);
#367=AXIS2_PLACEMENT_3D('',#368,#369,#370);
#368=CARTESIAN_POINT('',(-28.,46.2,-17.5));
#369=DIRECTION('',(-2.46519032881566E-32,0.707106781186516,-0.707106781186579));
#370=DIRECTION('',(4.18691322315692E-16,0.707106781186579,0.707106781186516));
#371=FACE_BOUND('',#372,.T.);
#372=EDGE_LOOP('',(#2207,#2208,#2209,#2210));
#373=CYLINDRICAL_SURFACE('',#374,4.);
#374=AXIS2_PLACEMENT_3D('',#375,#376,#377);
#375=CARTESIAN_POINT('',(14.,50.2,-19.1568542494925));
#376=DIRECTION('',(1.,0.,-1.225073682345E-16));
#377=DIRECTION('',(8.66257908239363E-17,-0.707106781186515,0.70710678118658));
#378=FACE_BOUND('',#379,.T.);
#379=EDGE_LOOP('',(#2211,#2212,#2213,#2214,#2215,#2216,#2217,#2218,#2219,#2220));
#380=PLANE('',#381);
#381=AXIS2_PLACEMENT_3D('',#382,#383,#384);
#382=CARTESIAN_POINT('',(-28.,46.2,-50.));
#383=DIRECTION('',(-1.80311064050517E-32,1.,-7.105427357601E-17));
#384=DIRECTION('',(2.1316282072803E-16,7.105427357601E-17,1.));
#385=FACE_BOUND('',#386,.T.);
#386=EDGE_LOOP('',(#2221,#2222,#2223,#2224));
#387=CYLINDRICAL_SURFACE('',#388,7.6);
#388=AXIS2_PLACEMENT_3D('',#389,#390,#391);
#389=CARTESIAN_POINT('',(-58.4,38.6,-42.4));
#390=DIRECTION('',(-1.,0.,1.60032147693716E-16));
#391=DIRECTION('',(1.49618000041918E-31,1.,9.3492465231592E-16));
#392=FACE_BOUND('',#393,.T.);
#393=EDGE_LOOP('',(#2225,#2226,#2227,#2228));
#394=PLANE('',#395);
#395=AXIS2_PLACEMENT_3D('',#396,#397,#398);
#396=CARTESIAN_POINT('',(-28.,-46.2,-50.));
#397=DIRECTION('',(-2.53765262771464E-16,1.53797128952403E-16,-1.));
#398=DIRECTION('',(0.,1.,1.53797128952403E-16));
#399=FACE_BOUND('',#400,.T.);
#400=EDGE_LOOP('',(#2229,#2230,#2231,#2232));
#401=CYLINDRICAL_SURFACE('',#402,5.);
#402=AXIS2_PLACEMENT_3D('',#403,#404,#405);
#403=CARTESIAN_POINT('',(-28.,25.25,-50.));
#404=DIRECTION('',(1.,0.,3.06161699786838E-16));
#405=DIRECTION('',(3.06161699786838E-16,0.,-1.));
#406=FACE_BOUND('',#407,.T.);
#407=EDGE_LOOP('',(#2233,#2234,#2235,#2236));
#408=FACE_BOUND('',#409,.T.);
#409=EDGE_LOOP('',(#2237,#2238));
#410=PLANE('',#411);
#411=AXIS2_PLACEMENT_3D('',#412,#413,#414);
#412=CARTESIAN_POINT('',(-28.,-46.2,-50.));
#413=DIRECTION('',(-2.53765262771464E-16,1.53797128952403E-16,-1.));
#414=DIRECTION('',(0.,1.,1.53797128952403E-16));
#415=FACE_BOUND('',#416,.T.);
#416=EDGE_LOOP('',(#2239,#2240,#2241,#2242));
#417=CYLINDRICAL_SURFACE('',#418,5.);
#418=AXIS2_PLACEMENT_3D('',#419,#420,#421);
#419=CARTESIAN_POINT('',(-28.,-25.25,-50.));
#420=DIRECTION('',(1.,0.,3.06161699786838E-16));
#421=DIRECTION('',(3.06161699786838E-16,0.,-1.));
#422=FACE_BOUND('',#423,.T.);
#423=EDGE_LOOP('',(#2243,#2244,#2245,#2246,#2247,#2248,#2249));
#424=PLANE('',#425);
#425=AXIS2_PLACEMENT_3D('',#426,#427,#428);
#426=CARTESIAN_POINT('',(-28.,-46.2,-50.));
#427=DIRECTION('',(-2.53765262771464E-16,1.53797128952403E-16,-1.));
#428=DIRECTION('',(0.,1.,1.53797128952403E-16));
#429=FACE_BOUND('',#430,.T.);
#430=EDGE_LOOP('',(#2250,#2251,#2252,#2253,#2254));
#431=CYLINDRICAL_SURFACE('',#432,7.6);
#432=AXIS2_PLACEMENT_3D('',#433,#434,#435);
#433=CARTESIAN_POINT('',(-58.4,-38.6,-42.4));
#434=DIRECTION('',(-1.,0.,4.80096443081149E-16));
#435=DIRECTION('',(-4.80096443081149E-16,0.,-1.));
#436=FACE_BOUND('',#437,.T.);
#437=EDGE_LOOP('',(#2255,#2256,#2257,#2258,#2259));
#438=CYLINDRICAL_SURFACE('',#439,7.6);
#439=AXIS2_PLACEMENT_3D('',#440,#441,#442);
#440=CARTESIAN_POINT('',(-58.4,-38.6,42.4));
#441=DIRECTION('',(-1.,-8.00160738468581E-17,3.20064295387432E-16));
#442=DIRECTION('',(8.0016073846858E-17,-1.,-9.34924652315921E-16));
#443=FACE_BOUND('',#444,.T.);
#444=EDGE_LOOP('',(#2260,#2261,#2262,#2263,#2264,#2265,#2266));
#445=PLANE('',#446);
#446=AXIS2_PLACEMENT_3D('',#447,#448,#449);
#447=CARTESIAN_POINT('',(-28.,46.2,50.));
#448=DIRECTION('',(2.53765262771464E-16,-1.53797128952403E-16,1.));
#449=DIRECTION('',(0.,-1.,-1.53797128952403E-16));
#450=FACE_BOUND('',#451,.T.);
#451=EDGE_LOOP('',(#2267,#2268,#2269,#2270));
#452=CYLINDRICAL_SURFACE('',#453,5.);
#453=AXIS2_PLACEMENT_3D('',#454,#455,#456);
#454=CARTESIAN_POINT('',(-28.,-25.25,50.));
#455=DIRECTION('',(1.,0.,-3.06161699786838E-16));
#456=DIRECTION('',(3.06161699786838E-16,0.,1.));
#457=FACE_BOUND('',#458,.T.);
#458=EDGE_LOOP('',(#2271,#2272,#2273,#2274));
#459=PLANE('',#460);
#460=AXIS2_PLACEMENT_3D('',#461,#462,#463);
#461=CARTESIAN_POINT('',(-28.,46.2,50.));
#462=DIRECTION('',(2.53765262771464E-16,-1.53797128952403E-16,1.));
#463=DIRECTION('',(0.,-1.,-1.53797128952403E-16));
#464=FACE_BOUND('',#465,.T.);
#465=EDGE_LOOP('',(#2275,#2276,#2277,#2278));
#466=CYLINDRICAL_SURFACE('',#467,5.);
#467=AXIS2_PLACEMENT_3D('',#468,#469,#470);
#468=CARTESIAN_POINT('',(-28.,25.25,50.));
#469=DIRECTION('',(1.,0.,-3.06161699786838E-16));
#470=DIRECTION('',(3.06161699786838E-16,0.,1.));
#471=FACE_BOUND('',#472,.T.);
#472=EDGE_LOOP('',(#2279,#2280,#2281,#2282));
#473=PLANE('',#474);
#474=AXIS2_PLACEMENT_3D('',#475,#476,#477);
#475=CARTESIAN_POINT('',(-28.,46.2,50.));
#476=DIRECTION('',(2.53765262771464E-16,-1.53797128952403E-16,1.));
#477=DIRECTION('',(0.,-1.,-1.53797128952403E-16));
#478=FACE_BOUND('',#479,.T.);
#479=EDGE_LOOP('',(#2283,#2284,#2285,#2286));
#480=CYLINDRICAL_SURFACE('',#481,7.6);
#481=AXIS2_PLACEMENT_3D('',#482,#483,#484);
#482=CARTESIAN_POINT('',(-58.4,38.6,42.4));
#483=DIRECTION('',(-1.,0.,-8.00160738468581E-17));
#484=DIRECTION('',(-8.00160738468581E-17,0.,1.));
#485=FACE_BOUND('',#486,.T.);
#486=EDGE_LOOP('',(#2287,#2288,#2289,#2290));
#487=CYLINDRICAL_SURFACE('',#488,4.);
#488=AXIS2_PLACEMENT_3D('',#489,#490,#491);
#489=CARTESIAN_POINT('',(-44.,50.2,19.1568542494925));
#490=DIRECTION('',(-1.,2.45014736469E-16,-4.2877578882075E-16));
#491=DIRECTION('',(1.2993868623592E-16,-0.707106781186515,-0.70710678118658));
#492=FACE_BOUND('',#493,.T.);
#493=EDGE_LOOP('',(#2291,#2292,#2293,#2294,#2295));
#494=PLANE('',#495);
#495=AXIS2_PLACEMENT_3D('',#496,#497,#498);
#496=CARTESIAN_POINT('',(-28.,58.2,5.50000000000108));
#497=DIRECTION('',(2.09345661157846E-16,0.707106781186516,0.707106781186579));
#498=DIRECTION('',(4.18691322315692E-16,-0.707106781186579,0.707106781186516));
#499=FACE_OUTER_BOUND('',#500,.T.);
#500=EDGE_LOOP('',(#2296));
#501=FACE_OUTER_BOUND('',#502,.T.);
#502=EDGE_LOOP('',(#2297));
#503=CYLINDRICAL_SURFACE('',#504,2.5);
#504=AXIS2_PLACEMENT_3D('',#505,#506,#507);
#505=CARTESIAN_POINT('',(-28.,52.2,0.14326775498207));
#506=DIRECTION('',(1.,0.,-3.06161699786838E-16));
#507=DIRECTION('',(-3.06161699786838E-16,-1.22464679914735E-16,-1.));
#508=FACE_BOUND('',#509,.T.);
#509=EDGE_LOOP('',(#2298,#2299,#2300,#2301,#2302,#2303,#2304,#2305));
#510=FACE_BOUND('',#511,.T.);
#511=EDGE_LOOP('',(#2306,#2307,#2308,#2309,#2310,#2311,#2312,#2313,#2314));
#512=FACE_BOUND('',#513,.T.);
#513=EDGE_LOOP('',(#2315,#2316,#2317,#2318,#2319,#2320,#2321,#2322,#2323,#2324,#2325,
#2326,#2327,#2328));
#514=FACE_BOUND('',#515,.T.);
#515=EDGE_LOOP('',(#2329,#2330,#2331,#2332,#2333,#2334,#2335,#2336,#2337,#2338,#2339,
#2340,#2341,#2342));
#516=FACE_BOUND('',#517,.T.);
#517=EDGE_LOOP('',(#2343,#2344,#2345,#2346,#2347,#2348,#2349,#2350,#2351,#2352,#2353,
#2354));
#518=FACE_BOUND('',#519,.T.);
#519=EDGE_LOOP('',(#2355,#2356,#2357,#2358,#2359,#2360,#2361,#2362,#2363,#2364,#2365,
#2366,#2367,#2368,#2369,#2370,#2371,#2372));
#520=FACE_BOUND('',#521,.T.);
#521=EDGE_LOOP('',(#2373,#2374,#2375,#2376,#2377,#2378,#2379,#2380,#2381,#2382,#2383,
#2384,#2385));
#522=FACE_BOUND('',#523,.T.);
#523=EDGE_LOOP('',(#2386));
#524=FACE_BOUND('',#525,.T.);
#525=EDGE_LOOP('',(#2387));
#526=PLANE('',#527);
#527=AXIS2_PLACEMENT_3D('',#528,#529,#530);
#528=CARTESIAN_POINT('',(-17.5,0.,3.2146978477618E-15));
#529=DIRECTION('',(1.,0.,-1.83697019872103E-16));
#530=DIRECTION('',(-1.83697019872103E-16,-1.22464679914735E-16,-1.));
#531=FACE_BOUND('',#532,.T.);
#532=EDGE_LOOP('',(#2388,#2389,#2390,#2391,#2392,#2393,#2394,#2395,#2396));
#533=PLANE('',#534);
#534=AXIS2_PLACEMENT_3D('',#535,#536,#537);
#535=CARTESIAN_POINT('',(-22.,0.,3.30654635769785E-15));
#536=DIRECTION('',(1.,0.,-3.06161699786838E-16));
#537=DIRECTION('',(-3.06161699786838E-16,1.22464679914735E-16,-1.));
#538=FACE_BOUND('',#539,.T.);
#539=EDGE_LOOP('',(#2397,#2398,#2399,#2400,#2401));
#540=CYLINDRICAL_SURFACE('',#541,4.);
#541=AXIS2_PLACEMENT_3D('',#542,#543,#544);
#542=CARTESIAN_POINT('',(-18.,50.2,49.5));
#543=DIRECTION('',(2.87087974044485E-16,7.17719935111212E-17,1.));
#544=DIRECTION('',(-1.,2.06048762102417E-32,2.87087974044485E-16));
#545=FACE_BOUND('',#546,.T.);
#546=EDGE_LOOP('',(#2402,#2403,#2404,#2405));
#547=(BOUNDED_SURFACE()B_SPLINE_SURFACE(3,2,(
(#548,#549,#550),
(#551,#552,#553),
(#554,#555,#556),
(#557,#558,#559),
(#560,#561,#562),
(#563,#564,#565),
(#566,#567,#568),
(#569,#570,#571),
(#572,#573,#574),
(#575,#576,#577),
(#578,#579,#580),
(#581,#582,#583),
(#584,#585,#586),
(#587,#588,#589),
(#590,#591,#592),
(#593,#594,#595),
(#596,#597,#598),
(#599,#600,#601),
(#602,#603,#604),
(#605,#606,#607),
(#608,#609,#610),
(#611,#612,#613),
(#614,#615,#616),
(#617,#618,#619),
(#620,#621,#622),
(#623,#624,#625),
(#626,#627,#628),
(#629,#630,#631),
(#632,#633,#634),
(#635,#636,#637),
(#638,#639,#640),
(#641,#642,#643),
(#644,#645,#646),
(#647,#648,#649),
(#650,#651,#652),
(#653,#654,#655),
(#656,#657,#658),
(#659,#660,#661)),
.UNSPECIFIED.,.F.,.F.,.F.)B_SPLINE_SURFACE_WITH_KNOTS((4,1,1,1,1,1,1,1,1,1,1,1,1,
1,1,1,1,1,1,1,1,1,1,1,1,1,1,1,1,1,1,1,1,1,1,4),
(3,3),
(-2.41700012540065E-6,0.267428593116267,0.366753816374429,0.433541631948858,0.4848483151747,
0.526629484668662,0.565560403982016,0.600497672557557,0.634291540575891,0.666874433338792,
0.699389751403468,0.731905069468143,0.765082831752268,0.798990612954067,0.833884007417166,
0.869032996223892,0.904378852166675,0.939665980901888,0.974772851450738,1.01027398700979,
1.04616938757903,1.08314897072683,1.12090991874597,1.15945223163647,1.1995554385829,
1.24210290121032,1.28709461951873,1.33692766685915,1.39529935420538,1.46220968155742,
1.55003220034369,1.65211979010959,1.76972050261032,1.87927612833497,1.9844844881045,
2.09439751939333),
(0.,1.),
.UNSPECIFIED.)GEOMETRIC_REPRESENTATION_ITEM()RATIONAL_B_SPLINE_SURFACE((
(1.,0.707106041133517,1.),
(1.,0.734390996359961,1.),
(1.,0.766805881625099,1.),
(1.,0.797341647183146,1.),
(1.,0.810899614973693,1.),
(1.,0.819954965066418,1.),
(1.,0.826838539384515,1.),
(1.,0.832418027602668,1.),
(1.,0.837228628786726,1.),
(1.,0.841419972102885,1.),
(1.,0.845194903912954,1.),
(1.,0.848615025694311,1.),
(1.,0.851748524804998,1.),
(1.,0.854611516480833,1.),
(1.,0.857213624785487,1.),
(1.,0.859521881262089,1.),
(1.,0.861506891124519,1.),
(1.,0.863140523347667,1.),
(1.,0.864414160209355,1.),
(1.,0.865331016500442,1.),
(1.,0.865891333142377,1.),
(1.,0.866089222881827,1.),
(1.,0.865903327306158,1.),
(1.,0.86530562420295,1.),
(1.,0.864264095128138,1.),
(1.,0.862721162601709,1.),
(1.,0.860588536684589,1.),
(1.,0.857714738172802,1.),
(1.,0.853810883871483,1.),
(1.,0.848436572032772,1.),
(1.,0.84061105082977,1.),
(1.,0.829265911104448,1.),
(1.,0.812864010550515,1.),
(1.,0.791802195913726,1.),
(1.,0.766861619648887,1.),
(1.,0.739062202331924,1.),
(1.,0.718323820930002,1.),
(1.,0.707106041133516,1.)))REPRESENTATION_ITEM('')SURFACE());
#548=CARTESIAN_POINT('',(-18.0000000000097,46.2,3.60738870620179));
#549=CARTESIAN_POINT('',(-22.0000083727068,46.2,3.60737420407961));
#550=CARTESIAN_POINT('',(-22.,50.2000083727399,3.60737420410996));
#551=CARTESIAN_POINT('',(-18.0148019258638,46.2,2.93313585298778));
#552=CARTESIAN_POINT('',(-21.69987472369,46.2,3.42498197702771));
#553=CARTESIAN_POINT('',(-22.,49.9010681600075,3.43495369688289));
#554=CARTESIAN_POINT('',(-18.1281217141444,46.2000000000001,2.33950347156063));
#555=CARTESIAN_POINT('',(-21.4128359025401,46.2,3.01891937620215));
#556=CARTESIAN_POINT('',(-22.,49.5211372568793,3.14404709073698));
#557=CARTESIAN_POINT('',(-18.2489356885824,46.2,1.81940809887771));
#558=CARTESIAN_POINT('',(-21.1992578131506,46.2,2.50511251958342));
#559=CARTESIAN_POINT('',(-22.,49.1356195363548,2.72168236966123));
#560=CARTESIAN_POINT('',(-18.3063343299869,46.2,1.58404170520093));
#561=CARTESIAN_POINT('',(-21.1155823576088,46.2,2.24993785215083));
#562=CARTESIAN_POINT('',(-22.,48.9544747235168,2.4858799188679));
#563=CARTESIAN_POINT('',(-18.3460910327186,46.2,1.41990642587745));
#564=CARTESIAN_POINT('',(-21.0637369287029,46.2,2.06322697717721));
#565=CARTESIAN_POINT('',(-22.,48.8280832745709,2.29799353426529));
#566=CARTESIAN_POINT('',(-18.375331771637,46.2,1.29640246016853));
#567=CARTESIAN_POINT('',(-21.0263992143213,46.2,1.90978382749631));
#568=CARTESIAN_POINT('',(-22.,48.734388418938,2.14292759550895));
#569=CARTESIAN_POINT('',(-18.3988692697063,46.2,1.19369408161351));
#570=CARTESIAN_POINT('',(-20.9974217445885,46.2,1.7759747918744));
#571=CARTESIAN_POINT('',(-22.,48.6583505611751,2.00448024712768));
#572=CARTESIAN_POINT('',(-18.4187445362455,46.2,1.1034468199054));
#573=CARTESIAN_POINT('',(-20.9733373104368,46.2,1.6519451195531));
#574=CARTESIAN_POINT('',(-22.,48.5936394374376,1.87550231256605));
#575=CARTESIAN_POINT('',(-18.4361431578927,46.2,1.02066528932772));
#576=CARTESIAN_POINT('',(-20.9530116017618,46.2,1.5357205066339));
#577=CARTESIAN_POINT('',(-22.,48.5365664583307,1.75112167179683));
#578=CARTESIAN_POINT('',(-18.4516301650611,46.2,0.942893121260511));
#579=CARTESIAN_POINT('',(-20.9352187667137,46.2,1.42272969473719));
#580=CARTESIAN_POINT('',(-22.,48.4854014482523,1.62902660507712));
#581=CARTESIAN_POINT('',(-18.4656543437458,46.2,0.867919497186525));
#582=CARTESIAN_POINT('',(-20.9195088194698,46.2,1.31163150911426));
#583=CARTESIAN_POINT('',(-22.,48.4387536163909,1.50661202105735));
#584=CARTESIAN_POINT('',(-18.4784181948028,46.2,0.794521866996118));
#585=CARTESIAN_POINT('',(-20.9054511517375,46.2,1.20027104125313));
#586=CARTESIAN_POINT('',(-22.,48.3960225686422,1.38244234372347));
#587=CARTESIAN_POINT('',(-18.4900514788603,46.2,0.721622107615624));
#588=CARTESIAN_POINT('',(-20.8928823918454,46.2,1.08773197930139));
#589=CARTESIAN_POINT('',(-22.,48.3568368947828,1.25507649345917));
#590=CARTESIAN_POINT('',(-18.5005458854239,46.2,0.64875679933354));
#591=CARTESIAN_POINT('',(-20.8816832038824,46.2,0.97289145041101));
#592=CARTESIAN_POINT('',(-22.,48.3212832062144,1.12400214731459));
#593=CARTESIAN_POINT('',(-18.5098307059545,46.2,0.575788997150106));
#594=CARTESIAN_POINT('',(-20.8719250480676,46.2,0.856192818840994));
#595=CARTESIAN_POINT('',(-22.,48.2896601986308,0.989279747208519));
#596=CARTESIAN_POINT('',(-18.517788867145,46.2,0.503036469874077));
#597=CARTESIAN_POINT('',(-20.8636639353664,46.2,0.738208123721391));
#598=CARTESIAN_POINT('',(-22.,48.2624271374824,0.851877432765468));
#599=CARTESIAN_POINT('',(-18.5243398193783,46.2,0.430791189859065));
#600=CARTESIAN_POINT('',(-20.8569543719446,46.2,0.620066237979708));
#601=CARTESIAN_POINT('',(-22.,48.239918685571,0.712816457355434));
#602=CARTESIAN_POINT('',(-18.5294515212243,46.2,0.359159784763369));
#603=CARTESIAN_POINT('',(-20.851778598464,46.2,0.502202589177835));
#604=CARTESIAN_POINT('',(-22.,48.2222974712623,0.572825005775939));
#605=CARTESIAN_POINT('',(-18.5331270722424,46.2,0.287910076546281));
#606=CARTESIAN_POINT('',(-20.8480823189473,46.2,0.384342727139616));
#607=CARTESIAN_POINT('',(-22.,48.209595231255,0.43197976017084));
#608=CARTESIAN_POINT('',(-18.5353725581756,46.2,0.216437051565203));
#609=CARTESIAN_POINT('',(-20.8458355972426,46.2,0.265926307569209));
#610=CARTESIAN_POINT('',(-22.,48.2018218953682,0.289602824455578));
#611=CARTESIAN_POINT('',(-18.5361546856408,46.2,0.144098521887897));
#612=CARTESIAN_POINT('',(-20.8450443255551,46.2,0.145490610549824));
#613=CARTESIAN_POINT('',(-22.,48.1991119512929,0.144931063921904));
#614=CARTESIAN_POINT('',(-18.5353970680211,46.2,0.0702570044600685));
#615=CARTESIAN_POINT('',(-20.8457875782425,46.2,0.0225435768000969));
#616=CARTESIAN_POINT('',(-22.,48.2017370230278,-0.00275733784433967));
#617=CARTESIAN_POINT('',(-18.5329907399684,46.2,-0.00557356905848724));
#618=CARTESIAN_POINT('',(-20.8481840691058,46.2,-0.103414125158507));
#619=CARTESIAN_POINT('',(-22.,48.2100673171901,-0.153810437556879));
#620=CARTESIAN_POINT('',(-18.5287819241479,46.2,-0.0842008560428166));
#621=CARTESIAN_POINT('',(-20.8523849130629,46.2,-0.232992570820675));
#622=CARTESIAN_POINT('',(-22.,48.2246103391164,-0.309108013397619));
#623=CARTESIAN_POINT('',(-18.5225338466333,46.2,-0.166782486309913));
#624=CARTESIAN_POINT('',(-20.8586662505961,46.2,-0.368140520791075));
#625=CARTESIAN_POINT('',(-22.,48.2461367589003,-0.470037500403525));
#626=CARTESIAN_POINT('',(-18.513849178028,46.2,-0.255228359912563));
#627=CARTESIAN_POINT('',(-20.8674638734611,46.2,-0.510837215230688));
#628=CARTESIAN_POINT('',(-22.,48.2759351799991,-0.63911844491801));
#629=CARTESIAN_POINT('',(-18.5020326673787,46.2,-0.352692737802727));
#630=CARTESIAN_POINT('',(-20.8795337221765,46.2,-0.664926454512862));
#631=CARTESIAN_POINT('',(-22.,48.3162572071395,-0.820613611733778));
#632=CARTESIAN_POINT('',(-18.485905802142,46.2,-0.463834903264702));
#633=CARTESIAN_POINT('',(-20.8963270958192,46.2,-0.837534778375671));
#634=CARTESIAN_POINT('',(-22.,48.3708905164824,-1.02031325047007));
#635=CARTESIAN_POINT('',(-18.4632183717693,46.2,-0.597368335775509));
#636=CARTESIAN_POINT('',(-20.9202146183107,46.2,-1.03599723292074));
#637=CARTESIAN_POINT('',(-22.,48.4470190532475,-1.24869073737674));
#638=CARTESIAN_POINT('',(-18.4305826120931,46.2,-0.764134671399313));
#639=CARTESIAN_POINT('',(-20.956626738492,46.2,-1.27943918500138));
#640=CARTESIAN_POINT('',(-22.,48.5551429137519,-1.51439912137356));
#641=CARTESIAN_POINT('',(-18.3830058482446,46.2,-0.979655737296335));
#642=CARTESIAN_POINT('',(-21.0130196802166,46.2,-1.57586392769028));
#643=CARTESIAN_POINT('',(-22.,48.7101599891447,-1.82355535788704));
#644=CARTESIAN_POINT('',(-18.3170057409073,46.2,-1.2543255497433));
#645=CARTESIAN_POINT('',(-21.1028811324309,46.2,-1.93469932816586));
#646=CARTESIAN_POINT('',(-22.,48.9210031669847,-2.16072549385407));
#647=CARTESIAN_POINT('',(-18.2325841302286,46.2,-1.59921795185567));
#648=CARTESIAN_POINT('',(-21.2345916855786,46.2,-2.32094891487999));
#649=CARTESIAN_POINT('',(-22.,49.1871715307714,-2.50018607784295));
#650=CARTESIAN_POINT('',(-18.1397699019348,46.2,-2.0092702299386));
#651=CARTESIAN_POINT('',(-21.4180196108731,46.2,-2.70448393130926));
#652=CARTESIAN_POINT('',(-22.,49.4840114150399,-2.80311957655264));
#653=CARTESIAN_POINT('',(-18.0458399392093,46.2,-2.53936504501571));
#654=CARTESIAN_POINT('',(-21.6610914016983,46.2,-3.05724443580414));
#655=CARTESIAN_POINT('',(-22.,49.8205863965324,-3.08183110214656));
#656=CARTESIAN_POINT('',(-18.0007584707057,46.2,-3.00281966129156));
#657=CARTESIAN_POINT('',(-21.874901956876,46.2,-3.24837500771452));
#658=CARTESIAN_POINT('',(-22.,50.0620198611242,-3.2411751313348));
#659=CARTESIAN_POINT('',(-18.0000000000094,46.2,-3.32085319623767));
#660=CARTESIAN_POINT('',(-22.0000083727061,46.2,-3.32083869411547));
#661=CARTESIAN_POINT('',(-22.,50.2000083727399,-3.32083869414583));
#662=FACE_BOUND('',#663,.T.);
#663=EDGE_LOOP('',(#2406,#2407,#2408,#2409,#2410));
#664=CYLINDRICAL_SURFACE('',#665,4.);
#665=AXIS2_PLACEMENT_3D('',#666,#667,#668);
#666=CARTESIAN_POINT('',(-18.,50.2,49.5));
#667=DIRECTION('',(2.87087974044485E-16,7.17719935111212E-17,1.));
#668=DIRECTION('',(-1.,2.06048762102417E-32,2.87087974044485E-16));
#669=FACE_BOUND('',#670,.T.);
#670=EDGE_LOOP('',(#2411,#2412,#2413,#2414,#2415,#2416,#2417,#2418,#2419,#2420,#2421,
#2422,#2423,#2424,#2425,#2426,#2427,#2428,#2429,#2430,#2431,#2432,#2433,#2434,#2435,
#2436,#2437,#2438));
#671=FACE_BOUND('',#672,.T.);
#672=EDGE_LOOP('',(#2439));
#673=FACE_BOUND('',#674,.T.);
#674=EDGE_LOOP('',(#2440));
#675=FACE_BOUND('',#676,.T.);
#676=EDGE_LOOP('',(#2441));
#677=FACE_BOUND('',#678,.T.);
#678=EDGE_LOOP('',(#2442));
#679=PLANE('',#680);
#680=AXIS2_PLACEMENT_3D('',#681,#682,#683);
#681=CARTESIAN_POINT('',(0.,0.,0.));
#682=DIRECTION('',(1.,0.,-1.83697019872103E-16));
#683=DIRECTION('',(-1.83697019872103E-16,1.22464679914735E-16,-1.));
#684=FACE_BOUND('',#685,.T.);
#685=EDGE_LOOP('',(#2443,#2444,#2445,#2446));
#686=PLANE('',#687);
#687=AXIS2_PLACEMENT_3D('',#688,#689,#690);
#688=CARTESIAN_POINT('',(-12.8,-12.9464249196573,50.));
#689=DIRECTION('',(-1.,0.,2.48689957516035E-16));
#690=DIRECTION('',(0.,1.,0.));
#691=FACE_BOUND('',#692,.T.);
#692=EDGE_LOOP('',(#2447,#2448,#2449,#2450));
#693=CYLINDRICAL_SURFACE('',#694,3.3);
#694=AXIS2_PLACEMENT_3D('',#695,#696,#697);
#695=CARTESIAN_POINT('',(-9.99999999999999,-11.2,50.));
#696=DIRECTION('',(-2.53765262771464E-16,1.53797128952403E-16,-1.));
#697=DIRECTION('',(-0.848484848484848,0.529219672623424,2.96708446767977E-16));
#698=FACE_BOUND('',#699,.T.);
#699=EDGE_LOOP('',(#2451,#2452,#2453,#2454));
#700=CYLINDRICAL_SURFACE('',#701,4.);
#701=AXIS2_PLACEMENT_3D('',#702,#703,#704);
#702=CARTESIAN_POINT('',(-4.00000000000001,-32.2,-61.1999999999996));
#703=DIRECTION('',(2.22044604925038E-16,0.,1.));
#704=DIRECTION('',(-4.44089209850063E-16,-1.,7.88860905221012E-31));
#705=FACE_BOUND('',#706,.T.);
#706=EDGE_LOOP('',(#2455,#2456,#2457,#2458));
#707=PLANE('',#708);
#708=AXIS2_PLACEMENT_3D('',#709,#710,#711);
#709=CARTESIAN_POINT('',(-17.5,-36.2,-50.));
#710=DIRECTION('',(0.,1.,-1.4210854715202E-16));
#711=DIRECTION('',(2.1316282072803E-16,1.4210854715202E-16,1.));
#712=FACE_BOUND('',#713,.T.);
#713=EDGE_LOOP('',(#2459,#2460,#2461,#2462,#2463));
#714=CYLINDRICAL_SURFACE('',#715,4.);
#715=AXIS2_PLACEMENT_3D('',#716,#717,#718);
#716=CARTESIAN_POINT('',(-13.5,-40.2,-61.1999999999999));
#717=DIRECTION('',(-2.0185873175003E-16,-1.00929365875015E-15,-1.));
#718=DIRECTION('',(-1.,1.7763568394003E-15,2.01858731750028E-16));
#719=FACE_BOUND('',#720,.T.);
#720=EDGE_LOOP('',(#2464,#2465,#2466,#2467,#2468));
#721=CYLINDRICAL_SURFACE('',#722,4.);
#722=AXIS2_PLACEMENT_3D('',#723,#724,#725);
#723=CARTESIAN_POINT('',(-13.5,-40.2,37.2));
#724=DIRECTION('',(-2.96059473233374E-16,0.,-1.));
#725=DIRECTION('',(-1.,1.77635683940025E-15,2.96059473233374E-16));
#726=FACE_BOUND('',#727,.T.);
#727=EDGE_LOOP('',(#2469,#2470,#2471,#2472));
#728=CYLINDRICAL_SURFACE('',#729,4.);
#729=AXIS2_PLACEMENT_3D('',#730,#731,#732);
#730=CARTESIAN_POINT('',(-3.99999999999999,-32.2,37.1999999999997));
#731=DIRECTION('',(2.22044604925027E-16,0.,1.));
#732=DIRECTION('',(-7.88860905220995E-31,-1.,7.88860905221012E-31));
#733=FACE_BOUND('',#734,.T.);
#734=EDGE_LOOP('',(#2473,#2474,#2475,#2476));
#735=PLANE('',#736);
#736=AXIS2_PLACEMENT_3D('',#737,#738,#739);
#737=CARTESIAN_POINT('',(-17.5,-36.2,-50.));
#738=DIRECTION('',(0.,1.,-1.4210854715202E-16));
#739=DIRECTION('',(2.1316282072803E-16,1.4210854715202E-16,1.));
#740=FACE_OUTER_BOUND('',#741,.T.);
#741=EDGE_LOOP('',(#2477));
#742=FACE_OUTER_BOUND('',#743,.T.);
#743=EDGE_LOOP('',(#2478));
#744=CONICAL_SURFACE('',#745,3.25,0.785398163397448);
#745=AXIS2_PLACEMENT_3D('',#746,#747,#748);
#746=CARTESIAN_POINT('',(-24.75,52.2,0.143267754982069));
#747=DIRECTION('',(1.,0.,-3.06161699786838E-16));
#748=DIRECTION('',(-3.06161699786838E-16,0.,-1.));
#749=FACE_BOUND('',#750,.T.);
#750=EDGE_LOOP('',(#2479,#2480,#2481,#2482));
#751=CYLINDRICAL_SURFACE('',#752,4.);
#752=AXIS2_PLACEMENT_3D('',#753,#754,#755);
#753=CARTESIAN_POINT('',(-13.5,-16.6,-44.4));
#754=DIRECTION('',(0.,-1.,0.));
#755=DIRECTION('',(-1.,0.,0.));
#756=FACE_BOUND('',#757,.T.);
#757=EDGE_LOOP('',(#2483,#2484,#2485,#2486,#2487,#2488));
#758=PLANE('',#759);
#759=AXIS2_PLACEMENT_3D('',#760,#761,#762);
#760=CARTESIAN_POINT('',(-26.4,-32.6,-48.4));
#761=DIRECTION('',(-1.05365844256918E-31,1.,-1.46806350363657E-16));
#762=DIRECTION('',(2.20209525545486E-16,1.46806350363657E-16,1.));
#763=FACE_BOUND('',#764,.T.);
#764=EDGE_LOOP('',(#2489,#2490,#2491,#2492));
#765=CYLINDRICAL_SURFACE('',#766,4.);
#766=AXIS2_PLACEMENT_3D('',#767,#768,#769);
#767=CARTESIAN_POINT('',(-13.5,-56.2,44.4));
#768=DIRECTION('',(0.,1.,0.));
#769=DIRECTION('',(-1.,0.,0.));
#770=FACE_BOUND('',#771,.T.);
#771=EDGE_LOOP('',(#2493,#2494,#2495,#2496));
#772=PLANE('',#773);
#773=AXIS2_PLACEMENT_3D('',#774,#775,#776);
#774=CARTESIAN_POINT('',(-18.3,-41.4585062088996,27.7228530046549));
#775=DIRECTION('',(0.,-1.,0.));
#776=DIRECTION('',(0.,0.,-1.));
#777=FACE_BOUND('',#778,.T.);
#778=EDGE_LOOP('',(#2497,#2498,#2499,#2500));
#779=SURFACE_OF_LINEAR_EXTRUSION('',#780,#781);
#780=B_SPLINE_CURVE_WITH_KNOTS('',2,
(#2501,#2502,#2503),
.UNSPECIFIED.,.F.,.F.,
(3,3),
(0.,1.),
.UNSPECIFIED.);
#781=VECTOR('',#782,0.800000000000001);
#782=DIRECTION('',(1.,0.,-1.83697019872103E-16));
#783=FACE_BOUND('',#784,.T.);
#784=EDGE_LOOP('',(#2504,#2505,#2506,#2507));
#785=PLANE('',#786);
#786=AXIS2_PLACEMENT_3D('',#787,#788,#789);
#787=CARTESIAN_POINT('',(-18.3,-36.7717018311498,27.9649467748413));
#788=DIRECTION('',(0.,0.,1.));
#789=DIRECTION('',(0.,-1.,0.));
#790=FACE_BOUND('',#791,.T.);
#791=EDGE_LOOP('',(#2508,#2509,#2510,#2511));
#792=SURFACE_OF_LINEAR_EXTRUSION('',#793,#794);
#793=B_SPLINE_CURVE_WITH_KNOTS('',2,
(#2512,#2513,#2514),
.UNSPECIFIED.,.F.,.F.,
(3,3),
(0.,1.),
.UNSPECIFIED.);
#794=VECTOR('',#795,0.800000000000001);
#795=DIRECTION('',(1.,0.,-1.83697019872103E-16));
#796=FACE_BOUND('',#797,.T.);
#797=EDGE_LOOP('',(#2515,#2516,#2517,#2518));
#798=SURFACE_OF_LINEAR_EXTRUSION('',#799,#800);
#799=B_SPLINE_CURVE_WITH_KNOTS('',2,
(#2519,#2520,#2521),
.UNSPECIFIED.,.F.,.F.,
(3,3),
(0.,1.),
.UNSPECIFIED.);
#800=VECTOR('',#801,0.800000000000001);
#801=DIRECTION('',(1.,0.,-1.83697019872103E-16));
#802=FACE_BOUND('',#803,.T.);
#803=EDGE_LOOP('',(#2522,#2523,#2524,#2525));
#804=PLANE('',#805);
#805=AXIS2_PLACEMENT_3D('',#806,#807,#808);
#806=CARTESIAN_POINT('',(-18.3,-40.9769645422329,27.4807592748413));
#807=DIRECTION('',(0.,0.,-1.));
#808=DIRECTION('',(0.,1.,0.));
#809=FACE_BOUND('',#810,.T.);
#810=EDGE_LOOP('',(#2526,#2527,#2528,#2529));
#811=PLANE('',#812);
#812=AXIS2_PLACEMENT_3D('',#813,#814,#815);
#813=CARTESIAN_POINT('',(-18.3,-40.9769645422329,26.3553292473115));
#814=DIRECTION('',(0.,1.,0.));
#815=DIRECTION('',(0.,0.,1.));
#816=FACE_BOUND('',#817,.T.);
#817=EDGE_LOOP('',(#2530,#2531,#2532,#2533));
#818=SURFACE_OF_LINEAR_EXTRUSION('',#819,#820);
#819=B_SPLINE_CURVE_WITH_KNOTS('',2,
(#2534,#2535,#2536),
.UNSPECIFIED.,.F.,.F.,
(3,3),
(0.,1.),
.UNSPECIFIED.);
#820=VECTOR('',#821,0.800000000000001);
#821=DIRECTION('',(1.,0.,-1.83697019872103E-16));
#822=FACE_BOUND('',#823,.T.);
#823=EDGE_LOOP('',(#2537,#2538,#2539,#2540));
#824=SURFACE_OF_LINEAR_EXTRUSION('',#825,#826);
#825=B_SPLINE_CURVE_WITH_KNOTS('',2,
(#2541,#2542,#2543),
.UNSPECIFIED.,.F.,.F.,
(3,3),
(0.,1.),
.UNSPECIFIED.);
#826=VECTOR('',#827,0.800000000000001);
#827=DIRECTION('',(1.,0.,-1.83697019872103E-16));
#828=FACE_BOUND('',#829,.T.);
#829=EDGE_LOOP('',(#2544,#2545,#2546,#2547));
#830=SURFACE_OF_LINEAR_EXTRUSION('',#831,#832);
#831=B_SPLINE_CURVE_WITH_KNOTS('',2,
(#2548,#2549,#2550),
.UNSPECIFIED.,.F.,.F.,
(3,3),
(0.,1.),
.UNSPECIFIED.);
#832=VECTOR('',#833,0.800000000000001);
#833=DIRECTION('',(1.,0.,-1.83697019872103E-16));
#834=FACE_BOUND('',#835,.T.);
#835=EDGE_LOOP('',(#2551,#2552,#2553,#2554));
#836=SURFACE_OF_LINEAR_EXTRUSION('',#837,#838);
#837=B_SPLINE_CURVE_WITH_KNOTS('',2,
(#2555,#2556,#2557),
.UNSPECIFIED.,.F.,.F.,
(3,3),
(0.,1.),
.UNSPECIFIED.);
#838=VECTOR('',#839,0.800000000000001);
#839=DIRECTION('',(1.,0.,-1.83697019872103E-16));
#840=FACE_BOUND('',#841,.T.);
#841=EDGE_LOOP('',(#2558,#2559,#2560,#2561));
#842=PLANE('',#843);
#843=AXIS2_PLACEMENT_3D('',#844,#845,#846);
#844=CARTESIAN_POINT('',(-18.3,-37.6191953333496,22.7182597039947));
#845=DIRECTION('',(0.,-0.396881029598151,0.917870060708547));
#846=DIRECTION('',(0.,-0.917870060708547,-0.396881029598151));
#847=FACE_BOUND('',#848,.T.);
#848=EDGE_LOOP('',(#2562,#2563,#2564,#2565));
#849=PLANE('',#850);
#850=AXIS2_PLACEMENT_3D('',#851,#852,#853);
#851=CARTESIAN_POINT('',(-18.3,-41.2161230462766,22.7182597039947));
#852=DIRECTION('',(0.,0.,-1.));
#853=DIRECTION('',(0.,1.,0.));
#854=FACE_BOUND('',#855,.T.);
#855=EDGE_LOOP('',(#2566,#2567,#2568,#2569));
#856=SURFACE_OF_LINEAR_EXTRUSION('',#857,#858);
#857=B_SPLINE_CURVE_WITH_KNOTS('',2,
(#2570,#2571,#2572),
.UNSPECIFIED.,.F.,.F.,
(3,3),
(0.,1.),
.UNSPECIFIED.);
#858=VECTOR('',#859,0.800000000000001);
#859=DIRECTION('',(1.,0.,-1.83697019872103E-16));
#860=FACE_BOUND('',#861,.T.);
#861=EDGE_LOOP('',(#2573,#2574,#2575,#2576));
#862=SURFACE_OF_LINEAR_EXTRUSION('',#863,#864);
#863=B_SPLINE_CURVE_WITH_KNOTS('',2,
(#2577,#2578,#2579),
.UNSPECIFIED.,.F.,.F.,
(3,3),
(0.,1.),
.UNSPECIFIED.);
#864=VECTOR('',#865,0.800000000000001);
#865=DIRECTION('',(1.,0.,-1.83697019872103E-16));
#866=FACE_BOUND('',#867,.T.);
#867=EDGE_LOOP('',(#2580,#2581,#2582,#2583));
#868=PLANE('',#869);
#869=AXIS2_PLACEMENT_3D('',#870,#871,#872);
#870=CARTESIAN_POINT('',(-18.3,-36.7717018311498,23.2024472039947));
#871=DIRECTION('',(0.,0.,1.));
#872=DIRECTION('',(0.,-1.,0.));
#873=FACE_BOUND('',#874,.T.);
#874=EDGE_LOOP('',(#2584,#2585,#2586,#2587));
#875=SURFACE_OF_LINEAR_EXTRUSION('',#876,#877);
#876=B_SPLINE_CURVE_WITH_KNOTS('',2,
(#2588,#2589,#2590),
.UNSPECIFIED.,.F.,.F.,
(3,3),
(0.,1.),
.UNSPECIFIED.);
#877=VECTOR('',#878,0.800000000000001);
#878=DIRECTION('',(1.,0.,-1.83697019872103E-16));
#879=FACE_BOUND('',#880,.T.);
#880=EDGE_LOOP('',(#2591,#2592,#2593,#2594));
#881=SURFACE_OF_LINEAR_EXTRUSION('',#882,#883);
#882=B_SPLINE_CURVE_WITH_KNOTS('',2,
(#2595,#2596,#2597),
.UNSPECIFIED.,.F.,.F.,
(3,3),
(0.,1.),
.UNSPECIFIED.);
#883=VECTOR('',#884,0.800000000000001);
#884=DIRECTION('',(1.,0.,-1.83697019872103E-16));
#885=FACE_BOUND('',#886,.T.);
#886=EDGE_LOOP('',(#2598,#2599,#2600,#2601));
#887=PLANE('',#888);
#888=AXIS2_PLACEMENT_3D('',#889,#890,#891);
#889=CARTESIAN_POINT('',(-18.3,-40.3686295440767,21.1466347039947));
#890=DIRECTION('',(0.,0.395996719299556,-0.91825192529283));
#891=DIRECTION('',(0.,0.91825192529283,0.395996719299556));
#892=FACE_BOUND('',#893,.T.);
#893=EDGE_LOOP('',(#2602,#2603,#2604,#2605));
#894=PLANE('',#895);
#895=AXIS2_PLACEMENT_3D('',#896,#897,#898);
#896=CARTESIAN_POINT('',(-18.3,-36.7717018311498,21.1466347039947));
#897=DIRECTION('',(0.,0.,1.));
#898=DIRECTION('',(0.,-1.,0.));
#899=FACE_BOUND('',#900,.T.);
#900=EDGE_LOOP('',(#2606,#2607,#2608,#2609));
#901=SURFACE_OF_LINEAR_EXTRUSION('',#902,#903);
#902=B_SPLINE_CURVE_WITH_KNOTS('',2,
(#2610,#2611,#2612),
.UNSPECIFIED.,.F.,.F.,
(3,3),
(0.,1.),
.UNSPECIFIED.);
#903=VECTOR('',#904,0.800000000000001);
#904=DIRECTION('',(1.,0.,-1.83697019872103E-16));
#905=FACE_BOUND('',#906,.T.);
#906=EDGE_LOOP('',(#2613,#2614,#2615,#2616));
#907=SURFACE_OF_LINEAR_EXTRUSION('',#908,#909);
#908=B_SPLINE_CURVE_WITH_KNOTS('',2,
(#2617,#2618,#2619),
.UNSPECIFIED.,.F.,.F.,
(3,3),
(0.,1.),
.UNSPECIFIED.);
#909=VECTOR('',#910,0.800000000000001);
#910=DIRECTION('',(1.,0.,-1.83697019872103E-16));
#911=FACE_BOUND('',#912,.T.);
#912=EDGE_LOOP('',(#2620,#2621,#2622,#2623));
#913=PLANE('',#914);
#914=AXIS2_PLACEMENT_3D('',#915,#916,#917);
#915=CARTESIAN_POINT('',(-18.3,-41.2161230462766,20.6624472039947));
#916=DIRECTION('',(0.,0.,-1.));
#917=DIRECTION('',(0.,1.,0.));
#918=FACE_BOUND('',#919,.T.);
#919=EDGE_LOOP('',(#2624,#2625,#2626,#2627));
#920=PLANE('',#921);
#921=AXIS2_PLACEMENT_3D('',#922,#923,#924);
#922=CARTESIAN_POINT('',(-18.3,-36.7717018311498,15.5295312684784));
#923=DIRECTION('',(0.,0.,1.));
#924=DIRECTION('',(0.,-1.,0.));
#925=FACE_BOUND('',#926,.T.);
#926=EDGE_LOOP('',(#2628,#2629,#2630,#2631));
#927=SURFACE_OF_LINEAR_EXTRUSION('',#928,#929);
#928=B_SPLINE_CURVE_WITH_KNOTS('',2,
(#2632,#2633,#2634),
.UNSPECIFIED.,.F.,.F.,
(3,3),
(0.,1.),
.UNSPECIFIED.);
#929=VECTOR('',#930,0.800000000000001);
#930=DIRECTION('',(1.,0.,-1.83697019872103E-16));
#931=FACE_BOUND('',#932,.T.);
#932=EDGE_LOOP('',(#2635,#2636,#2637,#2638));
#933=PLANE('',#934);
#934=AXIS2_PLACEMENT_3D('',#935,#936,#937);
#935=CARTESIAN_POINT('',(-18.3,-36.5319645422329,14.2613502662785));
#936=DIRECTION('',(0.,1.,0.));
#937=DIRECTION('',(0.,0.,1.));
#938=FACE_BOUND('',#939,.T.);
#939=EDGE_LOOP('',(#2639,#2640,#2641,#2642));
#940=SURFACE_OF_LINEAR_EXTRUSION('',#941,#942);
#941=B_SPLINE_CURVE_WITH_KNOTS('',2,
(#2643,#2644,#2645),
.UNSPECIFIED.,.F.,.F.,
(3,3),
(0.,1.),
.UNSPECIFIED.);
#942=VECTOR('',#943,0.800000000000001);
#943=DIRECTION('',(1.,0.,-1.83697019872103E-16));
#944=FACE_BOUND('',#945,.T.);
#945=EDGE_LOOP('',(#2646,#2647,#2648,#2649));
#946=SURFACE_OF_LINEAR_EXTRUSION('',#947,#948);
#947=B_SPLINE_CURVE_WITH_KNOTS('',2,
(#2650,#2651,#2652),
.UNSPECIFIED.,.F.,.F.,
(3,3),
(0.,1.),
.UNSPECIFIED.);
#948=VECTOR('',#949,0.800000000000001);
#949=DIRECTION('',(1.,0.,-1.83697019872103E-16));
#950=FACE_BOUND('',#951,.T.);
#951=EDGE_LOOP('',(#2653,#2654,#2655,#2656));
#952=PLANE('',#953);
#953=AXIS2_PLACEMENT_3D('',#954,#955,#956);
#954=CARTESIAN_POINT('',(-18.3,-37.9671637382732,13.1641562684784));
#955=DIRECTION('',(0.,0.,-1.));
#956=DIRECTION('',(0.,1.,0.));
#957=FACE_BOUND('',#958,.T.);
#958=EDGE_LOOP('',(#2657,#2658,#2659,#2660));
#959=SURFACE_OF_LINEAR_EXTRUSION('',#960,#961);
#960=B_SPLINE_CURVE_WITH_KNOTS('',2,
(#2661,#2662,#2663),
.UNSPECIFIED.,.F.,.F.,
(3,3),
(0.,1.),
.UNSPECIFIED.);
#961=VECTOR('',#962,0.800000000000001);
#962=DIRECTION('',(1.,0.,-1.83697019872103E-16));
#963=FACE_BOUND('',#964,.T.);
#964=EDGE_LOOP('',(#2664,#2665,#2666,#2667));
#965=SURFACE_OF_LINEAR_EXTRUSION('',#966,#967);
#966=B_SPLINE_CURVE_WITH_KNOTS('',2,
(#2668,#2669,#2670),
.UNSPECIFIED.,.F.,.F.,
(3,3),
(0.,1.),
.UNSPECIFIED.);
#967=VECTOR('',#968,0.800000000000001);
#968=DIRECTION('',(1.,0.,-1.83697019872103E-16));
#969=FACE_BOUND('',#970,.T.);
#970=EDGE_LOOP('',(#2671,#2672,#2673,#2674));
#971=SURFACE_OF_LINEAR_EXTRUSION('',#972,#973);
#972=B_SPLINE_CURVE_WITH_KNOTS('',2,
(#2675,#2676,#2677),
.UNSPECIFIED.,.F.,.F.,
(3,3),
(0.,1.),
.UNSPECIFIED.);
#973=VECTOR('',#974,0.800000000000001);
#974=DIRECTION('',(1.,0.,-1.83697019872103E-16));
#975=FACE_BOUND('',#976,.T.);
#976=EDGE_LOOP('',(#2678,#2679,#2680,#2681));
#977=PLANE('',#978);
#978=AXIS2_PLACEMENT_3D('',#979,#980,#981);
#979=CARTESIAN_POINT('',(-18.3,-40.3607333858534,12.9895312684784));
#980=DIRECTION('',(0.,0.,-1.));
#981=DIRECTION('',(0.,1.,0.));
#982=FACE_BOUND('',#983,.T.);
#983=EDGE_LOOP('',(#2682,#2683,#2684,#2685));
#984=SURFACE_OF_LINEAR_EXTRUSION('',#985,#986);
#985=B_SPLINE_CURVE_WITH_KNOTS('',2,
(#2686,#2687,#2688),
.UNSPECIFIED.,.F.,.F.,
(3,3),
(0.,1.),
.UNSPECIFIED.);
#986=VECTOR('',#987,0.800000000000001);
#987=DIRECTION('',(1.,0.,-1.83697019872103E-16));
#988=FACE_BOUND('',#989,.T.);
#989=EDGE_LOOP('',(#2689,#2690,#2691,#2692));
#990=SURFACE_OF_LINEAR_EXTRUSION('',#991,#992);
#991=B_SPLINE_CURVE_WITH_KNOTS('',2,
(#2693,#2694,#2695),
.UNSPECIFIED.,.F.,.F.,
(3,3),
(0.,1.),
.UNSPECIFIED.);
#992=VECTOR('',#993,0.800000000000001);
#993=DIRECTION('',(1.,0.,-1.83697019872103E-16));
#994=FACE_BOUND('',#995,.T.);
#995=EDGE_LOOP('',(#2696,#2697,#2698,#2699));
#996=PLANE('',#997);
#997=AXIS2_PLACEMENT_3D('',#998,#999,#1000);
#998=CARTESIAN_POINT('',(-18.3,-41.4585062088996,15.2871067640787));
#999=DIRECTION('',(0.,-1.,0.));
#1000=DIRECTION('',(0.,0.,-1.));
#1001=FACE_BOUND('',#1002,.T.);
#1002=EDGE_LOOP('',(#2700,#2701,#2702,#2703));
#1003=SURFACE_OF_LINEAR_EXTRUSION('',#1004,#1005);
#1004=B_SPLINE_CURVE_WITH_KNOTS('',2,
(#2704,#2705,#2706),
.UNSPECIFIED.,.F.,.F.,
(3,3),
(0.,1.),
.UNSPECIFIED.);
#1005=VECTOR('',#1006,0.800000000000001);
#1006=DIRECTION('',(1.,0.,-1.83697019872103E-16));
#1007=FACE_BOUND('',#1008,.T.);
#1008=EDGE_LOOP('',(#2707,#2708,#2709,#2710));
#1009=SURFACE_OF_LINEAR_EXTRUSION('',#1010,#1011);
#1010=B_SPLINE_CURVE_WITH_KNOTS('',2,
(#2711,#2712,#2713),
.UNSPECIFIED.,.F.,.F.,
(3,3),
(0.,1.),
.UNSPECIFIED.);
#1011=VECTOR('',#1012,0.800000000000001);
#1012=DIRECTION('',(1.,0.,-1.83697019872103E-16));
#1013=FACE_BOUND('',#1014,.T.);
#1014=EDGE_LOOP('',(#2714,#2715,#2716,#2717));
#1015=PLANE('',#1016);
#1016=AXIS2_PLACEMENT_3D('',#1017,#1018,#1019);
#1017=CARTESIAN_POINT('',(-18.3,-41.4585062088996,10.9926301418498));
#1018=DIRECTION('',(0.,-1.,0.));
#1019=DIRECTION('',(0.,0.,-1.));
#1020=FACE_BOUND('',#1021,.T.);
#1021=EDGE_LOOP('',(#2718,#2719,#2720,#2721));
#1022=SURFACE_OF_LINEAR_EXTRUSION('',#1023,#1024);
#1023=B_SPLINE_CURVE_WITH_KNOTS('',2,
(#2722,#2723,#2724),
.UNSPECIFIED.,.F.,.F.,
(3,3),
(0.,1.),
.UNSPECIFIED.);
#1024=VECTOR('',#1025,0.800000000000001);
#1025=DIRECTION('',(1.,0.,-1.83697019872103E-16));
#1026=FACE_BOUND('',#1027,.T.);
#1027=EDGE_LOOP('',(#2725,#2726,#2727,#2728));
#1028=SURFACE_OF_LINEAR_EXTRUSION('',#1029,#1030);
#1029=B_SPLINE_CURVE_WITH_KNOTS('',2,
(#2729,#2730,#2731),
.UNSPECIFIED.,.F.,.F.,
(3,3),
(0.,1.),
.UNSPECIFIED.);
#1030=VECTOR('',#1031,0.800000000000001);
#1031=DIRECTION('',(1.,0.,-1.83697019872103E-16));
#1032=FACE_BOUND('',#1033,.T.);
#1033=EDGE_LOOP('',(#2732,#2733,#2734,#2735));
#1034=PLANE('',#1035);
#1035=AXIS2_PLACEMENT_3D('',#1036,#1037,#1038);
#1036=CARTESIAN_POINT('',(-18.3,-37.6263886813698,12.0899482053528));
#1037=DIRECTION('',(0.,0.,1.));
#1038=DIRECTION('',(0.,-1.,0.));
#1039=FACE_BOUND('',#1040,.T.);
#1040=EDGE_LOOP('',(#2736,#2737,#2738,#2739));
#1041=SURFACE_OF_LINEAR_EXTRUSION('',#1042,#1043);
#1042=B_SPLINE_CURVE_WITH_KNOTS('',2,
(#2740,#2741,#2742),
.UNSPECIFIED.,.F.,.F.,
(3,3),
(0.,1.),
.UNSPECIFIED.);
#1043=VECTOR('',#1044,0.800000000000001);
#1044=DIRECTION('',(1.,0.,-1.83697019872103E-16));
#1045=FACE_BOUND('',#1046,.T.);
#1046=EDGE_LOOP('',(#2743,#2744,#2745,#2746));
#1047=SURFACE_OF_LINEAR_EXTRUSION('',#1048,#1049);
#1048=B_SPLINE_CURVE_WITH_KNOTS('',2,
(#2747,#2748,#2749),
.UNSPECIFIED.,.F.,.F.,
(3,3),
(0.,1.),
.UNSPECIFIED.);
#1049=VECTOR('',#1050,0.800000000000001);
#1050=DIRECTION('',(1.,0.,-1.83697019872103E-16));
#1051=FACE_BOUND('',#1052,.T.);
#1052=EDGE_LOOP('',(#2750,#2751,#2752,#2753));
#1053=PLANE('',#1054);
#1054=AXIS2_PLACEMENT_3D('',#1055,#1056,#1057);
#1055=CARTESIAN_POINT('',(-18.3,-36.5319645422329,10.6506975151999));
#1056=DIRECTION('',(0.,1.,0.));
#1057=DIRECTION('',(0.,0.,1.));
#1058=FACE_BOUND('',#1059,.T.);
#1059=EDGE_LOOP('',(#2754,#2755,#2756,#2757));
#1060=SURFACE_OF_LINEAR_EXTRUSION('',#1061,#1062);
#1061=B_SPLINE_CURVE_WITH_KNOTS('',2,
(#2758,#2759,#2760),
.UNSPECIFIED.,.F.,.F.,
(3,3),
(0.,1.),
.UNSPECIFIED.);
#1062=VECTOR('',#1063,0.800000000000001);
#1063=DIRECTION('',(1.,0.,-1.83697019872103E-16));
#1064=FACE_BOUND('',#1065,.T.);
#1065=EDGE_LOOP('',(#2761,#2762,#2763,#2764));
#1066=SURFACE_OF_LINEAR_EXTRUSION('',#1067,#1068);
#1067=B_SPLINE_CURVE_WITH_KNOTS('',2,
(#2765,#2766,#2767),
.UNSPECIFIED.,.F.,.F.,
(3,3),
(0.,1.),
.UNSPECIFIED.);
#1068=VECTOR('',#1069,0.800000000000001);
#1069=DIRECTION('',(1.,0.,-1.83697019872103E-16));
#1070=FACE_BOUND('',#1071,.T.);
#1071=EDGE_LOOP('',(#2768,#2769,#2770,#2771));
#1072=PLANE('',#1073);
#1073=AXIS2_PLACEMENT_3D('',#1074,#1075,#1076);
#1074=CARTESIAN_POINT('',(-18.3,-40.3614361960566,9.54994820535277));
#1075=DIRECTION('',(0.,0.,-1.));
#1076=DIRECTION('',(0.,1.,0.));
#1077=FACE_BOUND('',#1078,.T.);
#1078=EDGE_LOOP('',(#2772,#2773,#2774,#2775));
#1079=SURFACE_OF_LINEAR_EXTRUSION('',#1080,#1081);
#1080=B_SPLINE_CURVE_WITH_KNOTS('',2,
(#2776,#2777,#2778),
.UNSPECIFIED.,.F.,.F.,
(3,3),
(0.,1.),
.UNSPECIFIED.);
#1081=VECTOR('',#1082,0.800000000000001);
#1082=DIRECTION('',(1.,0.,-1.83697019872103E-16));
#1083=FACE_BOUND('',#1084,.T.);
#1084=EDGE_LOOP('',(#2779,#2780,#2781,#2782));
#1085=SURFACE_OF_LINEAR_EXTRUSION('',#1086,#1087);
#1086=B_SPLINE_CURVE_WITH_KNOTS('',2,
(#2783,#2784,#2785),
.UNSPECIFIED.,.F.,.F.,
(3,3),
(0.,1.),
.UNSPECIFIED.);
#1087=VECTOR('',#1088,0.800000000000001);
#1088=DIRECTION('',(1.,0.,-1.83697019872103E-16));
#1089=FACE_BOUND('',#1090,.T.);
#1090=EDGE_LOOP('',(#2786,#2787,#2788,#2789));
#1091=PLANE('',#1092);
#1092=AXIS2_PLACEMENT_3D('',#1093,#1094,#1095);
#1093=CARTESIAN_POINT('',(-18.3,-41.4585062088996,6.5204693247884));
#1094=DIRECTION('',(0.,0.,1.));
#1095=DIRECTION('',(0.,-1.,0.));
#1096=FACE_BOUND('',#1097,.T.);
#1097=EDGE_LOOP('',(#2790,#2791,#2792,#2793));
#1098=PLANE('',#1099);
#1099=AXIS2_PLACEMENT_3D('',#1100,#1101,#1102);
#1100=CARTESIAN_POINT('',(-18.3,-41.4585062088996,8.42939671282532));
#1101=DIRECTION('',(0.,-1.,0.));
#1102=DIRECTION('',(0.,0.,-1.));
#1103=FACE_BOUND('',#1104,.T.);
#1104=EDGE_LOOP('',(#2794,#2795,#2796,#2797));
#1105=PLANE('',#1106);
#1106=AXIS2_PLACEMENT_3D('',#1107,#1108,#1109);
#1107=CARTESIAN_POINT('',(-18.3,-41.5547070293899,8.42939671282532));
#1108=DIRECTION('',(0.,0.,-1.));
#1109=DIRECTION('',(0.,1.,0.));
#1110=FACE_BOUND('',#1111,.T.);
#1111=EDGE_LOOP('',(#2798,#2799,#2800,#2801));
#1112=SURFACE_OF_LINEAR_EXTRUSION('',#1113,#1114);
#1113=B_SPLINE_CURVE_WITH_KNOTS('',2,
(#2802,#2803,#2804),
.UNSPECIFIED.,.F.,.F.,
(3,3),
(0.,1.),
.UNSPECIFIED.);
#1114=VECTOR('',#1115,0.800000000000001);
#1115=DIRECTION('',(1.,0.,-1.83697019872103E-16));
#1116=FACE_BOUND('',#1117,.T.);
#1117=EDGE_LOOP('',(#2805,#2806,#2807,#2808));
#1118=SURFACE_OF_LINEAR_EXTRUSION('',#1119,#1120);
#1119=B_SPLINE_CURVE_WITH_KNOTS('',2,
(#2809,#2810,#2811),
.UNSPECIFIED.,.F.,.F.,
(3,3),
(0.,1.),
.UNSPECIFIED.);
#1120=VECTOR('',#1121,0.800000000000001);
#1121=DIRECTION('',(1.,0.,-1.83697019872103E-16));
#1122=FACE_BOUND('',#1123,.T.);
#1123=EDGE_LOOP('',(#2812,#2813,#2814,#2815));
#1124=PLANE('',#1125);
#1125=AXIS2_PLACEMENT_3D('',#1126,#1127,#1128);
#1126=CARTESIAN_POINT('',(-18.3,-41.2166191475965,8.91424568125186));
#1127=DIRECTION('',(0.,0.,1.));
#1128=DIRECTION('',(0.,-1.,0.));
#1129=FACE_BOUND('',#1130,.T.);
#1130=EDGE_LOOP('',(#2816,#2817,#2818,#2819));
#1131=SURFACE_OF_LINEAR_EXTRUSION('',#1132,#1133);
#1132=B_SPLINE_CURVE_WITH_KNOTS('',2,
(#2820,#2821,#2822),
.UNSPECIFIED.,.F.,.F.,
(3,3),
(0.,1.),
.UNSPECIFIED.);
#1133=VECTOR('',#1134,0.800000000000001);
#1134=DIRECTION('',(1.,0.,-1.83697019872103E-16));
#1135=FACE_BOUND('',#1136,.T.);
#1136=EDGE_LOOP('',(#2823,#2824,#2825,#2826));
#1137=PLANE('',#1138);
#1138=AXIS2_PLACEMENT_3D('',#1139,#1140,#1141);
#1139=CARTESIAN_POINT('',(-18.3,-40.9769645422329,8.5570168394752));
#1140=DIRECTION('',(0.,1.,0.));
#1141=DIRECTION('',(0.,0.,1.));
#1142=FACE_BOUND('',#1143,.T.);
#1143=EDGE_LOOP('',(#2827,#2828,#2829,#2830));
#1144=PLANE('',#1145);
#1145=AXIS2_PLACEMENT_3D('',#1146,#1147,#1148);
#1146=CARTESIAN_POINT('',(-18.3,-36.7389182867333,8.22955363279175));
#1147=DIRECTION('',(0.,0.077037866332659,0.997028167681792));
#1148=DIRECTION('',(0.,-0.997028167681792,0.077037866332659));
#1149=FACE_BOUND('',#1150,.T.);
#1150=EDGE_LOOP('',(#2831,#2832,#2833,#2834));
#1151=SURFACE_OF_LINEAR_EXTRUSION('',#1152,#1153);
#1152=B_SPLINE_CURVE_WITH_KNOTS('',2,
(#2835,#2836,#2837),
.UNSPECIFIED.,.F.,.F.,
(3,3),
(0.,1.),
.UNSPECIFIED.);
#1153=VECTOR('',#1154,0.800000000000001);
#1154=DIRECTION('',(1.,0.,-1.83697019872103E-16));
#1155=FACE_BOUND('',#1156,.T.);
#1156=EDGE_LOOP('',(#2838,#2839,#2840,#2841));
#1157=PLANE('',#1158);
#1158=AXIS2_PLACEMENT_3D('',#1159,#1160,#1161);
#1159=CARTESIAN_POINT('',(-18.3,-36.5266728755663,6.6165874617254));
#1160=DIRECTION('',(0.,1.,0.));
#1161=DIRECTION('',(0.,0.,1.));
#1162=FACE_BOUND('',#1163,.T.);
#1163=EDGE_LOOP('',(#2842,#2843,#2844,#2845));
#1164=SURFACE_OF_LINEAR_EXTRUSION('',#1165,#1166);
#1165=B_SPLINE_CURVE_WITH_KNOTS('',2,
(#2846,#2847,#2848),
.UNSPECIFIED.,.F.,.F.,
(3,3),
(0.,1.),
.UNSPECIFIED.);
#1166=VECTOR('',#1167,0.800000000000001);
#1167=DIRECTION('',(1.,0.,-1.83697019872103E-16));
#1168=FACE_BOUND('',#1169,.T.);
#1169=EDGE_LOOP('',(#2849,#2850,#2851,#2852));
#1170=PLANE('',#1171);
#1171=AXIS2_PLACEMENT_3D('',#1172,#1173,#1174);
#1172=CARTESIAN_POINT('',(-18.3,-40.9769645422329,6.37494849145506));
#1173=DIRECTION('',(0.,-2.10945111191306E-16,-1.));
#1174=DIRECTION('',(0.,1.,-2.10945111191306E-16));
#1175=FACE_BOUND('',#1176,.T.);
#1176=EDGE_LOOP('',(#2853,#2854,#2855,#2856));
#1177=PLANE('',#1178);
#1178=AXIS2_PLACEMENT_3D('',#1179,#1180,#1181);
#1179=CARTESIAN_POINT('',(-18.3,-40.9769645422329,6.27883031414523));
#1180=DIRECTION('',(0.,1.,0.));
#1181=DIRECTION('',(0.,0.,1.));
#1182=FACE_BOUND('',#1183,.T.);
#1183=EDGE_LOOP('',(#2857,#2858,#2859,#2860));
#1184=SURFACE_OF_LINEAR_EXTRUSION('',#1185,#1186);
#1185=B_SPLINE_CURVE_WITH_KNOTS('',2,
(#2861,#2862,#2863),
.UNSPECIFIED.,.F.,.F.,
(3,3),
(0.,1.),
.UNSPECIFIED.);
#1186=VECTOR('',#1187,0.800000000000001);
#1187=DIRECTION('',(1.,0.,-1.83697019872103E-16));
#1188=FACE_BOUND('',#1189,.T.);
#1189=EDGE_LOOP('',(#2864,#2865,#2866,#2867));
#1190=PLANE('',#1191);
#1191=AXIS2_PLACEMENT_3D('',#1192,#1193,#1194);
#1192=CARTESIAN_POINT('',(-18.3,-41.5548723964965,6.03640580974554));
#1193=DIRECTION('',(0.,0.,-1.));
#1194=DIRECTION('',(0.,1.,0.));
#1195=FACE_BOUND('',#1196,.T.);
#1196=EDGE_LOOP('',(#2868,#2869,#2870,#2871));
#1197=SURFACE_OF_LINEAR_EXTRUSION('',#1198,#1199);
#1198=B_SPLINE_CURVE_WITH_KNOTS('',2,
(#2872,#2873,#2874),
.UNSPECIFIED.,.F.,.F.,
(3,3),
(0.,1.),
.UNSPECIFIED.);
#1199=VECTOR('',#1200,0.800000000000001);
#1200=DIRECTION('',(1.,0.,-1.83697019872103E-16));
#1201=FACE_BOUND('',#1202,.T.);
#1202=EDGE_LOOP('',(#2875,#2876,#2877,#2878));
#1203=SURFACE_OF_LINEAR_EXTRUSION('',#1204,#1205);
#1204=B_SPLINE_CURVE_WITH_KNOTS('',2,
(#2879,#2880,#2881),
.UNSPECIFIED.,.F.,.F.,
(3,3),
(0.,1.),
.UNSPECIFIED.);
#1205=VECTOR('',#1206,0.800000000000001);
#1206=DIRECTION('',(1.,0.,-1.83697019872103E-16));
#1207=FACE_BOUND('',#1208,.T.);
#1208=EDGE_LOOP('',(#2882,#2883,#2884,#2885));
#1209=SURFACE_OF_LINEAR_EXTRUSION('',#1210,#1211);
#1210=B_SPLINE_CURVE_WITH_KNOTS('',2,
(#2886,#2887,#2888),
.UNSPECIFIED.,.F.,.F.,
(3,3),
(0.,1.),
.UNSPECIFIED.);
#1211=VECTOR('',#1212,0.800000000000001);
#1212=DIRECTION('',(1.,0.,-1.83697019872103E-16));
#1213=FACE_BOUND('',#1214,.T.);
#1214=EDGE_LOOP('',(#2889,#2890,#2891,#2892));
#1215=SURFACE_OF_LINEAR_EXTRUSION('',#1216,#1217);
#1216=B_SPLINE_CURVE_WITH_KNOTS('',2,
(#2893,#2894,#2895),
.UNSPECIFIED.,.F.,.F.,
(3,3),
(0.,1.),
.UNSPECIFIED.);
#1217=VECTOR('',#1218,0.800000000000001);
#1218=DIRECTION('',(1.,0.,-1.83697019872103E-16));
#1219=FACE_BOUND('',#1220,.T.);
#1220=EDGE_LOOP('',(#2896,#2897,#2898,#2899));
#1221=PLANE('',#1222);
#1222=AXIS2_PLACEMENT_3D('',#1223,#1224,#1225);
#1223=CARTESIAN_POINT('',(-18.3,-36.7401171982564,4.1433122229831));
#1224=DIRECTION('',(0.,0.260076695688181,0.965587962000313));
#1225=DIRECTION('',(0.,-0.965587962000313,0.260076695688181));
#1226=FACE_BOUND('',#1227,.T.);
#1227=EDGE_LOOP('',(#2900,#2901,#2902,#2903));
#1228=SURFACE_OF_LINEAR_EXTRUSION('',#1229,#1230);
#1229=B_SPLINE_CURVE_WITH_KNOTS('',2,
(#2904,#2905,#2906),
.UNSPECIFIED.,.F.,.F.,
(3,3),
(0.,1.),
.UNSPECIFIED.);
#1230=VECTOR('',#1231,0.800000000000001);
#1231=DIRECTION('',(1.,0.,-1.83697019872103E-16));
#1232=FACE_BOUND('',#1233,.T.);
#1233=EDGE_LOOP('',(#2907,#2908,#2909,#2910));
#1234=SURFACE_OF_LINEAR_EXTRUSION('',#1235,#1236);
#1235=B_SPLINE_CURVE_WITH_KNOTS('',2,
(#2911,#2912,#2913),
.UNSPECIFIED.,.F.,.F.,
(3,3),
(0.,1.),
.UNSPECIFIED.);
#1236=VECTOR('',#1237,0.800000000000001);
#1237=DIRECTION('',(1.,0.,-1.83697019872103E-16));
#1238=FACE_BOUND('',#1239,.T.);
#1239=EDGE_LOOP('',(#2914,#2915,#2916,#2917));
#1240=PLANE('',#1241);
#1241=AXIS2_PLACEMENT_3D('',#1242,#1243,#1244);
#1242=CARTESIAN_POINT('',(-18.3,-41.1522923120633,2.48028196783954));
#1243=DIRECTION('',(-5.35732149343989E-16,0.261921271643254,-0.965089243262394));
#1244=DIRECTION('',(0.,0.965089243262394,0.261921271643254));
#1245=FACE_BOUND('',#1246,.T.);
#1246=EDGE_LOOP('',(#2918,#2919,#2920,#2921));
#1247=SURFACE_OF_LINEAR_EXTRUSION('',#1248,#1249);
#1248=B_SPLINE_CURVE_WITH_KNOTS('',2,
(#2922,#2923,#2924),
.UNSPECIFIED.,.F.,.F.,
(3,3),
(0.,1.),
.UNSPECIFIED.);
#1249=VECTOR('',#1250,0.800000000000001);
#1250=DIRECTION('',(1.,0.,-1.83697019872103E-16));
#1251=FACE_BOUND('',#1252,.T.);
#1252=EDGE_LOOP('',(#2925,#2926,#2927,#2928));
#1253=SURFACE_OF_LINEAR_EXTRUSION('',#1254,#1255);
#1254=B_SPLINE_CURVE_WITH_KNOTS('',2,
(#2929,#2930,#2931),
.UNSPECIFIED.,.F.,.F.,
(3,3),
(0.,1.),
.UNSPECIFIED.);
#1255=VECTOR('',#1256,0.800000000000001);
#1256=DIRECTION('',(1.,0.,-1.83697019872103E-16));
#1257=FACE_BOUND('',#1258,.T.);
#1258=EDGE_LOOP('',(#2932,#2933,#2934,#2935));
#1259=SURFACE_OF_LINEAR_EXTRUSION('',#1260,#1261);
#1260=B_SPLINE_CURVE_WITH_KNOTS('',2,
(#2936,#2937,#2938),
.UNSPECIFIED.,.F.,.F.,
(3,3),
(0.,1.),
.UNSPECIFIED.);
#1261=VECTOR('',#1262,0.800000000000001);
#1262=DIRECTION('',(1.,0.,-1.83697019872103E-16));
#1263=FACE_BOUND('',#1264,.T.);
#1264=EDGE_LOOP('',(#2939,#2940,#2941,#2942));
#1265=PLANE('',#1266);
#1266=AXIS2_PLACEMENT_3D('',#1267,#1268,#1269);
#1267=CARTESIAN_POINT('',(-18.3,-40.0879645422329,3.26733468076648));
#1268=DIRECTION('',(5.35928580143261E-16,-0.260613924616412,0.965443101532157));
#1269=DIRECTION('',(0.,-0.965443101532157,-0.260613924616412));
#1270=FACE_BOUND('',#1271,.T.);
#1271=EDGE_LOOP('',(#2943,#2944,#2945,#2946));
#1272=PLANE('',#1273);
#1273=AXIS2_PLACEMENT_3D('',#1274,#1275,#1276);
#1274=CARTESIAN_POINT('',(-18.3,-40.0879645422329,4.55366444030973));
#1275=DIRECTION('',(0.,-1.,0.));
#1276=DIRECTION('',(0.,0.,-1.));
#1277=FACE_BOUND('',#1278,.T.);
#1278=EDGE_LOOP('',(#2947,#2948,#2949,#2950));
#1279=PLANE('',#1280);
#1280=AXIS2_PLACEMENT_3D('',#1281,#1282,#1283);
#1281=CARTESIAN_POINT('',(-18.3,-41.2768531876133,4.87459576739957));
#1282=DIRECTION('',(0.,-0.260613924616409,-0.965443101532158));
#1283=DIRECTION('',(0.,0.965443101532158,-0.260613924616409));
#1284=FACE_OUTER_BOUND('',#1285,.T.);
#1285=EDGE_LOOP('',(#2951));
#1286=FACE_OUTER_BOUND('',#1287,.T.);
#1287=EDGE_LOOP('',(#2952));
#1288=CYLINDRICAL_SURFACE('',#1289,3.25);
#1289=AXIS2_PLACEMENT_3D('',#1290,#1291,#1292);
#1290=CARTESIAN_POINT('',(-26.5,-39.1,-4.60000000000001));
#1291=DIRECTION('',(1.,0.,-1.83697019872103E-16));
#1292=DIRECTION('',(-1.83697019872103E-16,-1.22464679914735E-16,-1.));
#1293=FACE_OUTER_BOUND('',#1294,.T.);
#1294=EDGE_LOOP('',(#2953));
#1295=FACE_OUTER_BOUND('',#1296,.T.);
#1296=EDGE_LOOP('',(#2954));
#1297=CYLINDRICAL_SURFACE('',#1298,3.25);
#1298=AXIS2_PLACEMENT_3D('',#1299,#1300,#1301);
#1299=CARTESIAN_POINT('',(-26.5,-39.1,35.4));
#1300=DIRECTION('',(1.,0.,-1.83697019872103E-16));
#1301=DIRECTION('',(-1.83697019872103E-16,-1.22464679914735E-16,-1.));
#1302=FACE_BOUND('',#1303,.T.);
#1303=EDGE_LOOP('',(#2955,#2956,#2957));
#1304=FACE_OUTER_BOUND('',#1305,.T.);
#1305=EDGE_LOOP('',(#2958));
#1306=CYLINDRICAL_SURFACE('',#1307,4.);
#1307=AXIS2_PLACEMENT_3D('',#1308,#1309,#1310);
#1308=CARTESIAN_POINT('',(-24.,52.2,0.143267754982069));
#1309=DIRECTION('',(1.,0.,-3.06161699786838E-16));
#1310=DIRECTION('',(-3.06161699786838E-16,-1.22464679914735E-16,-1.));
#1311=FACE_BOUND('',#1312,.T.);
#1312=EDGE_LOOP('',(#2959,#2960,#2961,#2962,#2963,#2964,#2965));
#1313=PLANE('',#1314);
#1314=AXIS2_PLACEMENT_3D('',#1315,#1316,#1317);
#1315=CARTESIAN_POINT('',(-28.,46.2,48.4));
#1316=DIRECTION('',(2.53765262771464E-16,-1.53797128952403E-16,1.));
#1317=DIRECTION('',(0.,-1.,-1.53797128952403E-16));
#1318=FACE_BOUND('',#1319,.T.);
#1319=EDGE_LOOP('',(#2966,#2967,#2968,#2969));
#1320=CYLINDRICAL_SURFACE('',#1321,5.);
#1321=AXIS2_PLACEMENT_3D('',#1322,#1323,#1324);
#1322=CARTESIAN_POINT('',(-28.,-25.25,50.));
#1323=DIRECTION('',(1.,0.,-3.06161699786838E-16));
#1324=DIRECTION('',(3.06161699786838E-16,0.,1.));
#1325=FACE_BOUND('',#1326,.T.);
#1326=EDGE_LOOP('',(#2970,#2971,#2972,#2973));
#1327=PLANE('',#1328);
#1328=AXIS2_PLACEMENT_3D('',#1329,#1330,#1331);
#1329=CARTESIAN_POINT('',(-28.,46.2,48.4));
#1330=DIRECTION('',(2.53765262771464E-16,-1.53797128952403E-16,1.));
#1331=DIRECTION('',(0.,-1.,-1.53797128952403E-16));
#1332=FACE_BOUND('',#1333,.T.);
#1333=EDGE_LOOP('',(#2974,#2975,#2976,#2977));
#1334=CYLINDRICAL_SURFACE('',#1335,5.);
#1335=AXIS2_PLACEMENT_3D('',#1336,#1337,#1338);
#1336=CARTESIAN_POINT('',(-28.,25.25,50.));
#1337=DIRECTION('',(1.,0.,-3.06161699786838E-16));
#1338=DIRECTION('',(3.06161699786838E-16,0.,1.));
#1339=FACE_BOUND('',#1340,.T.);
#1340=EDGE_LOOP('',(#2978,#2979,#2980,#2981));
#1341=PLANE('',#1342);
#1342=AXIS2_PLACEMENT_3D('',#1343,#1344,#1345);
#1343=CARTESIAN_POINT('',(-28.,46.2,48.4));
#1344=DIRECTION('',(2.53765262771464E-16,-1.53797128952403E-16,1.));
#1345=DIRECTION('',(0.,-1.,-1.53797128952403E-16));
#1346=FACE_BOUND('',#1347,.T.);
#1347=EDGE_LOOP('',(#2982,#2983,#2984,#2985));
#1348=CYLINDRICAL_SURFACE('',#1349,6.);
#1349=AXIS2_PLACEMENT_3D('',#1350,#1351,#1352);
#1350=CARTESIAN_POINT('',(-58.4,38.6,42.4));
#1351=DIRECTION('',(-1.,0.,-8.00160738468581E-17));
#1352=DIRECTION('',(-8.00160738468581E-17,0.,1.));
#1353=FACE_BOUND('',#1354,.T.);
#1354=EDGE_LOOP('',(#2986,#2987,#2988,#2989));
#1355=PLANE('',#1356);
#1356=AXIS2_PLACEMENT_3D('',#1357,#1358,#1359);
#1357=CARTESIAN_POINT('',(-28.,44.6,-50.));
#1358=DIRECTION('',(-1.80311064050517E-32,1.,-7.105427357601E-17));
#1359=DIRECTION('',(2.1316282072803E-16,7.105427357601E-17,1.));
#1360=FACE_BOUND('',#1361,.T.);
#1361=EDGE_LOOP('',(#2990,#2991,#2992,#2993));
#1362=CYLINDRICAL_SURFACE('',#1363,6.);
#1363=AXIS2_PLACEMENT_3D('',#1364,#1365,#1366);
#1364=CARTESIAN_POINT('',(-58.4,38.6,-42.4));
#1365=DIRECTION('',(-1.,0.,1.60032147693716E-16));
#1366=DIRECTION('',(1.49618000041918E-31,1.,9.3492465231592E-16));
#1367=FACE_BOUND('',#1368,.T.);
#1368=EDGE_LOOP('',(#2994,#2995,#2996,#2997));
#1369=PLANE('',#1370);
#1370=AXIS2_PLACEMENT_3D('',#1371,#1372,#1373);
#1371=CARTESIAN_POINT('',(-28.,-46.2,-48.4));
#1372=DIRECTION('',(-2.53765262771464E-16,1.53797128952403E-16,-1.));
#1373=DIRECTION('',(0.,1.,1.53797128952403E-16));
#1374=FACE_BOUND('',#1375,.T.);
#1375=EDGE_LOOP('',(#2998,#2999,#3000,#3001));
#1376=CYLINDRICAL_SURFACE('',#1377,5.);
#1377=AXIS2_PLACEMENT_3D('',#1378,#1379,#1380);
#1378=CARTESIAN_POINT('',(-28.,25.25,-50.));
#1379=DIRECTION('',(1.,0.,3.06161699786838E-16));
#1380=DIRECTION('',(3.06161699786838E-16,0.,-1.));
#1381=FACE_BOUND('',#1382,.T.);
#1382=EDGE_LOOP('',(#3002,#3003,#3004,#3005));
#1383=FACE_BOUND('',#1384,.T.);
#1384=EDGE_LOOP('',(#3006,#3007));
#1385=PLANE('',#1386);
#1386=AXIS2_PLACEMENT_3D('',#1387,#1388,#1389);
#1387=CARTESIAN_POINT('',(-28.,-46.2,-48.4));
#1388=DIRECTION('',(-2.53765262771464E-16,1.53797128952403E-16,-1.));
#1389=DIRECTION('',(0.,1.,1.53797128952403E-16));
#1390=FACE_BOUND('',#1391,.T.);
#1391=EDGE_LOOP('',(#3008,#3009,#3010,#3011));
#1392=CYLINDRICAL_SURFACE('',#1393,5.);
#1393=AXIS2_PLACEMENT_3D('',#1394,#1395,#1396);
#1394=CARTESIAN_POINT('',(-28.,-25.25,-50.));
#1395=DIRECTION('',(1.,0.,3.06161699786838E-16));
#1396=DIRECTION('',(3.06161699786838E-16,0.,-1.));
#1397=FACE_BOUND('',#1398,.T.);
#1398=EDGE_LOOP('',(#3012,#3013,#3014,#3015,#3016,#3017,#3018));
#1399=PLANE('',#1400);
#1400=AXIS2_PLACEMENT_3D('',#1401,#1402,#1403);
#1401=CARTESIAN_POINT('',(-28.,-46.2,-48.4));
#1402=DIRECTION('',(-2.53765262771464E-16,1.53797128952403E-16,-1.));
#1403=DIRECTION('',(0.,1.,1.53797128952403E-16));
#1404=FACE_OUTER_BOUND('',#1405,.T.);
#1405=EDGE_LOOP('',(#3019));
#1406=FACE_OUTER_BOUND('',#1407,.T.);
#1407=EDGE_LOOP('',(#3020));
#1408=CYLINDRICAL_SURFACE('',#1409,3.);
#1409=AXIS2_PLACEMENT_3D('',#1410,#1411,#1412);
#1410=CARTESIAN_POINT('',(-20.,25.25,-50.));
#1411=DIRECTION('',(-1.,0.,-1.83697019872103E-16));
#1412=DIRECTION('',(-1.83697019872103E-16,-1.22464679914735E-16,1.));
#1413=FACE_OUTER_BOUND('',#1414,.T.);
#1414=EDGE_LOOP('',(#3021));
#1415=FACE_OUTER_BOUND('',#1416,.T.);
#1416=EDGE_LOOP('',(#3022));
#1417=CYLINDRICAL_SURFACE('',#1418,3.);
#1418=AXIS2_PLACEMENT_3D('',#1419,#1420,#1421);
#1419=CARTESIAN_POINT('',(-20.,-25.25,-50.));
#1420=DIRECTION('',(-1.,0.,-1.83697019872103E-16));
#1421=DIRECTION('',(-1.83697019872103E-16,-1.22464679914735E-16,1.));
#1422=FACE_OUTER_BOUND('',#1423,.T.);
#1423=EDGE_LOOP('',(#3023));
#1424=FACE_OUTER_BOUND('',#1425,.T.);
#1425=EDGE_LOOP('',(#3024));
#1426=CYLINDRICAL_SURFACE('',#1427,3.);
#1427=AXIS2_PLACEMENT_3D('',#1428,#1429,#1430);
#1428=CARTESIAN_POINT('',(-20.,-25.25,50.));
#1429=DIRECTION('',(1.,0.,-1.83697019872103E-16));
#1430=DIRECTION('',(-1.83697019872103E-16,-1.22464679914735E-16,-1.));
#1431=FACE_OUTER_BOUND('',#1432,.T.);
#1432=EDGE_LOOP('',(#3025));
#1433=FACE_OUTER_BOUND('',#1434,.T.);
#1434=EDGE_LOOP('',(#3026));
#1435=CYLINDRICAL_SURFACE('',#1436,3.);
#1436=AXIS2_PLACEMENT_3D('',#1437,#1438,#1439);
#1437=CARTESIAN_POINT('',(-20.,25.25,50.));
#1438=DIRECTION('',(1.,0.,-1.83697019872103E-16));
#1439=DIRECTION('',(-1.83697019872103E-16,-1.22464679914735E-16,-1.));
#1440=FACE_BOUND('',#1441,.T.);
#1441=EDGE_LOOP('',(#3027,#3028,#3029,#3030,#3031,#3032,#3033,#3034,#3035,#3036,
#3037,#3038,#3039,#3040));
#1442=FACE_BOUND('',#1443,.T.);
#1443=EDGE_LOOP('',(#3041));
#1444=FACE_BOUND('',#1445,.T.);
#1445=EDGE_LOOP('',(#3042));
#1446=FACE_BOUND('',#1447,.T.);
#1447=EDGE_LOOP('',(#3043));
#1448=FACE_BOUND('',#1449,.T.);
#1449=EDGE_LOOP('',(#3044));
#1450=PLANE('',#1451);
#1451=AXIS2_PLACEMENT_3D('',#1452,#1453,#1454);
#1452=CARTESIAN_POINT('',(-26.4,0.,4.84960132462352E-15));
#1453=DIRECTION('',(1.,0.,-1.83697019872103E-16));
#1454=DIRECTION('',(-1.83697019872103E-16,1.22464679914735E-16,-1.));
#1455=FACE_BOUND('',#1456,.T.);
#1456=EDGE_LOOP('',(#3045,#3046,#3047,#3048,#3049,#3050,#3051,#3052,#3053));
#1457=PLANE('',#1458);
#1458=AXIS2_PLACEMENT_3D('',#1459,#1460,#1461);
#1459=CARTESIAN_POINT('',(-18.3,0.,3.36165546365948E-15));
#1460=DIRECTION('',(1.,0.,-1.83697019872103E-16));
#1461=DIRECTION('',(-1.83697019872103E-16,-1.22464679914735E-16,-1.));
#1462=FACE_BOUND('',#1463,.T.);
#1463=EDGE_LOOP('',(#3054,#3055,#3056,#3057,#3058,#3059,#3060,#3061,#3062,#3063,
#3064,#3065,#3066,#3067));
#1464=PLANE('',#1465);
#1465=AXIS2_PLACEMENT_3D('',#1466,#1467,#1468);
#1466=CARTESIAN_POINT('',(-18.3,0.,3.36165546365948E-15));
#1467=DIRECTION('',(1.,0.,-1.83697019872103E-16));
#1468=DIRECTION('',(-1.83697019872103E-16,-1.22464679914735E-16,-1.));
#1469=FACE_BOUND('',#1470,.T.);
#1470=EDGE_LOOP('',(#3068,#3069,#3070,#3071,#3072,#3073,#3074,#3075,#3076,#3077,
#3078,#3079,#3080,#3081));
#1471=FACE_BOUND('',#1472,.T.);
#1472=EDGE_LOOP('',(#3082,#3083,#3084,#3085,#3086,#3087,#3088,#3089));
#1473=FACE_BOUND('',#1474,.T.);
#1474=EDGE_LOOP('',(#3090,#3091,#3092,#3093,#3094,#3095,#3096,#3097));
#1475=PLANE('',#1476);
#1476=AXIS2_PLACEMENT_3D('',#1477,#1478,#1479);
#1477=CARTESIAN_POINT('',(-18.3,0.,3.36165546365948E-15));
#1478=DIRECTION('',(1.,0.,-1.83697019872103E-16));
#1479=DIRECTION('',(-1.83697019872103E-16,-1.22464679914735E-16,-1.));
#1480=FACE_BOUND('',#1481,.T.);
#1481=EDGE_LOOP('',(#3098,#3099,#3100,#3101,#3102,#3103,#3104,#3105,#3106,#3107,
#3108,#3109));
#1482=FACE_BOUND('',#1483,.T.);
#1483=EDGE_LOOP('',(#3110,#3111,#3112,#3113,#3114,#3115,#3116,#3117,#3118,#3119,
#3120,#3121));
#1484=PLANE('',#1485);
#1485=AXIS2_PLACEMENT_3D('',#1486,#1487,#1488);
#1486=CARTESIAN_POINT('',(-18.3,0.,3.36165546365948E-15));
#1487=DIRECTION('',(1.,0.,-1.83697019872103E-16));
#1488=DIRECTION('',(-1.83697019872103E-16,-1.22464679914735E-16,-1.));
#1489=FACE_BOUND('',#1490,.T.);
#1490=EDGE_LOOP('',(#3122,#3123,#3124,#3125,#3126,#3127,#3128,#3129,#3130,#3131,
#3132,#3133,#3134,#3135,#3136,#3137,#3138,#3139));
#1491=FACE_BOUND('',#1492,.T.);
#1492=EDGE_LOOP('',(#3140,#3141,#3142,#3143));
#1493=PLANE('',#1494);
#1494=AXIS2_PLACEMENT_3D('',#1495,#1496,#1497);
#1495=CARTESIAN_POINT('',(-18.3,0.,3.36165546365948E-15));
#1496=DIRECTION('',(1.,0.,-1.83697019872103E-16));
#1497=DIRECTION('',(-1.83697019872103E-16,-1.22464679914735E-16,-1.));
#1498=FACE_BOUND('',#1499,.T.);
#1499=EDGE_LOOP('',(#3144,#3145,#3146,#3147,#3148,#3149,#3150,#3151,#3152,#3153,
#3154,#3155,#3156));
#1500=FACE_BOUND('',#1501,.T.);
#1501=EDGE_LOOP('',(#3157,#3158,#3159));
#1502=PLANE('',#1503);
#1503=AXIS2_PLACEMENT_3D('',#1504,#1505,#1506);
#1504=CARTESIAN_POINT('',(-18.3,0.,3.36165546365948E-15));
#1505=DIRECTION('',(1.,0.,-1.83697019872103E-16));
#1506=DIRECTION('',(-1.83697019872103E-16,-1.22464679914735E-16,-1.));
#1507=FACE_BOUND('',#1508,.T.);
#1508=EDGE_LOOP('',(#3160));
#1509=PLANE('',#1510);
#1510=AXIS2_PLACEMENT_3D('',#1511,#1512,#1513);
#1511=CARTESIAN_POINT('',(-26.5,0.,4.86797102661073E-15));
#1512=DIRECTION('',(1.,0.,-1.83697019872103E-16));
#1513=DIRECTION('',(-1.83697019872103E-16,-1.22464679914735E-16,-1.));
#1514=FACE_BOUND('',#1515,.T.);
#1515=EDGE_LOOP('',(#3161));
#1516=PLANE('',#1517);
#1517=AXIS2_PLACEMENT_3D('',#1518,#1519,#1520);
#1518=CARTESIAN_POINT('',(-26.5,0.,4.86797102661073E-15));
#1519=DIRECTION('',(1.,0.,-1.83697019872103E-16));
#1520=DIRECTION('',(-1.83697019872103E-16,-1.22464679914735E-16,-1.));
#1521=FACE_BOUND('',#1522,.T.);
#1522=EDGE_LOOP('',(#3162));
#1523=PLANE('',#1524);
#1524=AXIS2_PLACEMENT_3D('',#1525,#1526,#1527);
#1525=CARTESIAN_POINT('',(-20.,0.,-3.67394039744206E-15));
#1526=DIRECTION('',(-1.,0.,-1.83697019872103E-16));
#1527=DIRECTION('',(-1.83697019872103E-16,-1.22464679914735E-16,1.));
#1528=FACE_BOUND('',#1529,.T.);
#1529=EDGE_LOOP('',(#3163));
#1530=PLANE('',#1531);
#1531=AXIS2_PLACEMENT_3D('',#1532,#1533,#1534);
#1532=CARTESIAN_POINT('',(-20.,0.,-3.67394039744206E-15));
#1533=DIRECTION('',(-1.,0.,-1.83697019872103E-16));
#1534=DIRECTION('',(-1.83697019872103E-16,-1.22464679914735E-16,1.));
#1535=FACE_BOUND('',#1536,.T.);
#1536=EDGE_LOOP('',(#3164));
#1537=PLANE('',#1538);
#1538=AXIS2_PLACEMENT_3D('',#1539,#1540,#1541);
#1539=CARTESIAN_POINT('',(-20.,0.,3.67394039744206E-15));
#1540=DIRECTION('',(1.,0.,-1.83697019872103E-16));
#1541=DIRECTION('',(-1.83697019872103E-16,-1.22464679914735E-16,-1.));
#1542=FACE_BOUND('',#1543,.T.);
#1543=EDGE_LOOP('',(#3165));
#1544=PLANE('',#1545);
#1545=AXIS2_PLACEMENT_3D('',#1546,#1547,#1548);
#1546=CARTESIAN_POINT('',(-20.,0.,3.67394039744206E-15));
#1547=DIRECTION('',(1.,0.,-1.83697019872103E-16));
#1548=DIRECTION('',(-1.83697019872103E-16,-1.22464679914735E-16,-1.));
#1549=FACE_OUTER_BOUND('',#1550,.T.);
#1550=EDGE_LOOP('',(#3166));
#1551=FACE_OUTER_BOUND('',#1552,.T.);
#1552=EDGE_LOOP('',(#3167));
#1553=CYLINDRICAL_SURFACE('',#1554,3.5);
#1554=AXIS2_PLACEMENT_3D('',#1555,#1556,#1557);
#1555=CARTESIAN_POINT('',(-26.4,-25.4,-39.));
#1556=DIRECTION('',(1.,0.,-1.83697019872103E-16));
#1557=DIRECTION('',(-1.83697019872103E-16,-1.22464679914735E-16,-1.));
#1558=FACE_OUTER_BOUND('',#1559,.T.);
#1559=EDGE_LOOP('',(#3168));
#1560=FACE_OUTER_BOUND('',#1561,.T.);
#1561=EDGE_LOOP('',(#3169));
#1562=CYLINDRICAL_SURFACE('',#1563,3.5);
#1563=AXIS2_PLACEMENT_3D('',#1564,#1565,#1566);
#1564=CARTESIAN_POINT('',(-26.4,-25.4,15.5));
#1565=DIRECTION('',(1.,0.,-1.83697019872103E-16));
#1566=DIRECTION('',(-1.83697019872103E-16,-1.22464679914735E-16,-1.));
#1567=FACE_OUTER_BOUND('',#1568,.T.);
#1568=EDGE_LOOP('',(#3170));
#1569=FACE_OUTER_BOUND('',#1570,.T.);
#1570=EDGE_LOOP('',(#3171));
#1571=CYLINDRICAL_SURFACE('',#1572,3.5);
#1572=AXIS2_PLACEMENT_3D('',#1573,#1574,#1575);
#1573=CARTESIAN_POINT('',(-26.4,38.6,-39.));
#1574=DIRECTION('',(1.,0.,-1.83697019872103E-16));
#1575=DIRECTION('',(-1.83697019872103E-16,-1.22464679914735E-16,-1.));
#1576=FACE_OUTER_BOUND('',#1577,.T.);
#1577=EDGE_LOOP('',(#3172));
#1578=FACE_OUTER_BOUND('',#1579,.T.);
#1579=EDGE_LOOP('',(#3173));
#1580=CYLINDRICAL_SURFACE('',#1581,3.5);
#1581=AXIS2_PLACEMENT_3D('',#1582,#1583,#1584);
#1582=CARTESIAN_POINT('',(-26.4,38.6,39.));
#1583=DIRECTION('',(1.,0.,-1.83697019872103E-16));
#1584=DIRECTION('',(-1.83697019872103E-16,-1.22464679914735E-16,-1.));
#1585=FACE_BOUND('',#1586,.T.);
#1586=EDGE_LOOP('',(#3174,#3175,#3176,#3177));
#1587=PLANE('',#1588);
#1588=AXIS2_PLACEMENT_3D('',#1589,#1590,#1591);
#1589=CARTESIAN_POINT('',(-18.3,-38.5851312088996,15.0453437684784));
#1590=DIRECTION('',(0.,-1.,0.));
#1591=DIRECTION('',(0.,0.,-1.));
#1592=FACE_BOUND('',#1593,.T.);
#1593=EDGE_LOOP('',(#3178,#3179,#3180,#3181));
#1594=PLANE('',#1595);
#1595=AXIS2_PLACEMENT_3D('',#1596,#1597,#1598);
#1596=CARTESIAN_POINT('',(-18.3,-37.0135062088996,15.0453437684784));
#1597=DIRECTION('',(0.,0.,1.));
#1598=DIRECTION('',(0.,-1.,0.));
#1599=FACE_BOUND('',#1600,.T.);
#1600=EDGE_LOOP('',(#3182,#3183,#3184,#3185));
#1601=PLANE('',#1602);
#1602=AXIS2_PLACEMENT_3D('',#1603,#1604,#1605);
#1603=CARTESIAN_POINT('',(-18.3,-37.0135062088996,14.2613089245019));
#1604=DIRECTION('',(0.,1.,0.));
#1605=DIRECTION('',(0.,0.,1.));
#1606=FACE_BOUND('',#1607,.T.);
#1607=EDGE_LOOP('',(#3186,#3187,#3188,#3189));
#1608=SURFACE_OF_LINEAR_EXTRUSION('',#1609,#1610);
#1609=B_SPLINE_CURVE_WITH_KNOTS('',2,
(#3190,#3191,#3192),
.UNSPECIFIED.,.F.,.F.,
(3,3),
(0.,1.),
.UNSPECIFIED.);
#1610=VECTOR('',#1611,0.800000000000001);
#1611=DIRECTION('',(1.,0.,-1.83697019872103E-16));
#1612=FACE_BOUND('',#1613,.T.);
#1613=EDGE_LOOP('',(#3193,#3194,#3195,#3196));
#1614=SURFACE_OF_LINEAR_EXTRUSION('',#1615,#1616);
#1615=B_SPLINE_CURVE_WITH_KNOTS('',2,
(#3197,#3198,#3199),
.UNSPECIFIED.,.F.,.F.,
(3,3),
(0.,1.),
.UNSPECIFIED.);
#1616=VECTOR('',#1617,0.800000000000001);
#1617=DIRECTION('',(1.,0.,-1.83697019872103E-16));
#1618=FACE_BOUND('',#1619,.T.);
#1619=EDGE_LOOP('',(#3200,#3201,#3202,#3203));
#1620=PLANE('',#1621);
#1621=AXIS2_PLACEMENT_3D('',#1622,#1623,#1624);
#1622=CARTESIAN_POINT('',(-18.3,-37.9671223964965,13.6483437684784));
#1623=DIRECTION('',(0.,0.,-1.));
#1624=DIRECTION('',(0.,1.,0.));
#1625=FACE_BOUND('',#1626,.T.);
#1626=EDGE_LOOP('',(#3204,#3205,#3206,#3207));
#1627=SURFACE_OF_LINEAR_EXTRUSION('',#1628,#1629);
#1628=B_SPLINE_CURVE_WITH_KNOTS('',2,
(#3208,#3209,#3210),
.UNSPECIFIED.,.F.,.F.,
(3,3),
(0.,1.),
.UNSPECIFIED.);
#1629=VECTOR('',#1630,0.800000000000001);
#1630=DIRECTION('',(1.,0.,-1.83697019872103E-16));
#1631=FACE_BOUND('',#1632,.T.);
#1632=EDGE_LOOP('',(#3211,#3212,#3213,#3214));
#1633=SURFACE_OF_LINEAR_EXTRUSION('',#1634,#1635);
#1634=B_SPLINE_CURVE_WITH_KNOTS('',2,
(#3215,#3216,#3217),
.UNSPECIFIED.,.F.,.F.,
(3,3),
(0.,1.),
.UNSPECIFIED.);
#1635=VECTOR('',#1636,0.800000000000001);
#1636=DIRECTION('',(1.,0.,-1.83697019872103E-16));
#1637=FACE_BOUND('',#1638,.T.);
#1638=EDGE_LOOP('',(#3218,#3219,#3220,#3221));
#1639=PLANE('',#1640);
#1640=AXIS2_PLACEMENT_3D('',#1641,#1642,#1643);
#1641=CARTESIAN_POINT('',(-18.3,-40.9769645422329,15.0453437684784));
#1642=DIRECTION('',(0.,-1.,0.));
#1643=DIRECTION('',(0.,0.,-1.));
#1644=FACE_BOUND('',#1645,.T.);
#1645=EDGE_LOOP('',(#3222,#3223,#3224,#3225));
#1646=PLANE('',#1647);
#1647=AXIS2_PLACEMENT_3D('',#1648,#1649,#1650);
#1648=CARTESIAN_POINT('',(-18.3,-39.0666728755663,15.0453437684784));
#1649=DIRECTION('',(0.,0.,1.));
#1650=DIRECTION('',(0.,-1.,0.));
#1651=FACE_BOUND('',#1652,.T.);
#1652=EDGE_LOOP('',(#3226,#3227,#3228,#3229));
#1653=PLANE('',#1654);
#1654=AXIS2_PLACEMENT_3D('',#1655,#1656,#1657);
#1655=CARTESIAN_POINT('',(-18.3,-39.0666728755663,14.0901152515917));
#1656=DIRECTION('',(0.,1.,0.));
#1657=DIRECTION('',(0.,0.,1.));
#1658=FACE_BOUND('',#1659,.T.);
#1659=EDGE_LOOP('',(#3230,#3231,#3232,#3233));
#1660=SURFACE_OF_LINEAR_EXTRUSION('',#1661,#1662);
#1661=B_SPLINE_CURVE_WITH_KNOTS('',2,
(#3234,#3235,#3236),
.UNSPECIFIED.,.F.,.F.,
(3,3),
(0.,1.),
.UNSPECIFIED.);
#1662=VECTOR('',#1663,0.800000000000001);
#1663=DIRECTION('',(1.,0.,-1.83697019872103E-16));
#1664=FACE_BOUND('',#1665,.T.);
#1665=EDGE_LOOP('',(#3237,#3238,#3239,#3240));
#1666=SURFACE_OF_LINEAR_EXTRUSION('',#1667,#1668);
#1667=B_SPLINE_CURVE_WITH_KNOTS('',2,
(#3241,#3242,#3243),
.UNSPECIFIED.,.F.,.F.,
(3,3),
(0.,1.),
.UNSPECIFIED.);
#1668=VECTOR('',#1669,0.800000000000001);
#1669=DIRECTION('',(1.,0.,-1.83697019872103E-16));
#1670=FACE_BOUND('',#1671,.T.);
#1671=EDGE_LOOP('',(#3244,#3245,#3246,#3247));
#1672=PLANE('',#1673);
#1673=AXIS2_PLACEMENT_3D('',#1674,#1675,#1676);
#1674=CARTESIAN_POINT('',(-18.3,-40.3611054618433,13.4737187684784));
#1675=DIRECTION('',(0.,0.,-1.));
#1676=DIRECTION('',(0.,1.,0.));
#1677=FACE_BOUND('',#1678,.T.);
#1678=EDGE_LOOP('',(#3248,#3249,#3250,#3251));
#1679=SURFACE_OF_LINEAR_EXTRUSION('',#1680,#1681);
#1680=B_SPLINE_CURVE_WITH_KNOTS('',2,
(#3252,#3253,#3254),
.UNSPECIFIED.,.F.,.F.,
(3,3),
(0.,1.),
.UNSPECIFIED.);
#1681=VECTOR('',#1682,0.800000000000001);
#1682=DIRECTION('',(1.,0.,-1.83697019872103E-16));
#1683=FACE_BOUND('',#1684,.T.);
#1684=EDGE_LOOP('',(#3255,#3256,#3257,#3258));
#1685=SURFACE_OF_LINEAR_EXTRUSION('',#1686,#1687);
#1686=B_SPLINE_CURVE_WITH_KNOTS('',2,
(#3259,#3260,#3261),
.UNSPECIFIED.,.F.,.F.,
(3,3),
(0.,1.),
.UNSPECIFIED.);
#1687=VECTOR('',#1688,0.800000000000001);
#1688=DIRECTION('',(1.,0.,-1.83697019872103E-16));
#1689=FACE_BOUND('',#1690,.T.);
#1690=EDGE_LOOP('',(#3262,#3263,#3264,#3265));
#1691=PLANE('',#1692);
#1692=AXIS2_PLACEMENT_3D('',#1693,#1694,#1695);
#1693=CARTESIAN_POINT('',(-18.3,-40.3618082720465,10.0341357053528));
#1694=DIRECTION('',(0.,0.,-1.));
#1695=DIRECTION('',(0.,1.,0.));
#1696=FACE_BOUND('',#1697,.T.);
#1697=EDGE_LOOP('',(#3266,#3267,#3268,#3269));
#1698=SURFACE_OF_LINEAR_EXTRUSION('',#1699,#1700);
#1699=B_SPLINE_CURVE_WITH_KNOTS('',2,
(#3270,#3271,#3272),
.UNSPECIFIED.,.F.,.F.,
(3,3),
(0.,1.),
.UNSPECIFIED.);
#1700=VECTOR('',#1701,0.800000000000001);
#1701=DIRECTION('',(1.,0.,-1.83697019872103E-16));
#1702=FACE_BOUND('',#1703,.T.);
#1703=EDGE_LOOP('',(#3273,#3274,#3275,#3276));
#1704=SURFACE_OF_LINEAR_EXTRUSION('',#1705,#1706);
#1705=B_SPLINE_CURVE_WITH_KNOTS('',2,
(#3277,#3278,#3279),
.UNSPECIFIED.,.F.,.F.,
(3,3),
(0.,1.),
.UNSPECIFIED.);
#1706=VECTOR('',#1707,0.800000000000001);
#1707=DIRECTION('',(1.,0.,-1.83697019872103E-16));
#1708=FACE_BOUND('',#1709,.T.);
#1709=EDGE_LOOP('',(#3280,#3281,#3282,#3283));
#1710=PLANE('',#1711);
#1711=AXIS2_PLACEMENT_3D('',#1712,#1713,#1714);
#1712=CARTESIAN_POINT('',(-18.3,-40.9769645422329,10.9927541671798));
#1713=DIRECTION('',(0.,-1.,0.));
#1714=DIRECTION('',(0.,0.,-1.));
#1715=FACE_BOUND('',#1716,.T.);
#1716=EDGE_LOOP('',(#3284,#3285,#3286,#3287));
#1717=SURFACE_OF_LINEAR_EXTRUSION('',#1718,#1719);
#1718=B_SPLINE_CURVE_WITH_KNOTS('',2,
(#3288,#3289,#3290),
.UNSPECIFIED.,.F.,.F.,
(3,3),
(0.,1.),
.UNSPECIFIED.);
#1719=VECTOR('',#1720,0.800000000000001);
#1720=DIRECTION('',(1.,0.,-1.83697019872103E-16));
#1721=FACE_BOUND('',#1722,.T.);
#1722=EDGE_LOOP('',(#3291,#3292,#3293,#3294));
#1723=SURFACE_OF_LINEAR_EXTRUSION('',#1724,#1725);
#1724=B_SPLINE_CURVE_WITH_KNOTS('',2,
(#3295,#3296,#3297),
.UNSPECIFIED.,.F.,.F.,
(3,3),
(0.,1.),
.UNSPECIFIED.);
#1725=VECTOR('',#1726,0.800000000000001);
#1726=DIRECTION('',(1.,0.,-1.83697019872103E-16));
#1727=FACE_BOUND('',#1728,.T.);
#1728=EDGE_LOOP('',(#3298,#3299,#3300,#3301));
#1729=PLANE('',#1730);
#1730=AXIS2_PLACEMENT_3D('',#1731,#1732,#1733);
#1731=CARTESIAN_POINT('',(-18.3,-37.6260166053798,11.6057607053528));
#1732=DIRECTION('',(0.,0.,1.));
#1733=DIRECTION('',(0.,-1.,0.));
#1734=FACE_BOUND('',#1735,.T.);
#1735=EDGE_LOOP('',(#3302,#3303,#3304,#3305));
#1736=SURFACE_OF_LINEAR_EXTRUSION('',#1737,#1738);
#1737=B_SPLINE_CURVE_WITH_KNOTS('',2,
(#3306,#3307,#3308),
.UNSPECIFIED.,.F.,.F.,
(3,3),
(0.,1.),
.UNSPECIFIED.);
#1738=VECTOR('',#1739,0.800000000000001);
#1739=DIRECTION('',(1.,0.,-1.83697019872103E-16));
#1740=FACE_BOUND('',#1741,.T.);
#1741=EDGE_LOOP('',(#3309,#3310,#3311,#3312));
#1742=SURFACE_OF_LINEAR_EXTRUSION('',#1743,#1744);
#1743=B_SPLINE_CURVE_WITH_KNOTS('',2,
(#3313,#3314,#3315),
.UNSPECIFIED.,.F.,.F.,
(3,3),
(0.,1.),
.UNSPECIFIED.);
#1744=VECTOR('',#1745,0.800000000000001);
#1745=DIRECTION('',(1.,0.,-1.83697019872103E-16));
#1746=FACE_BOUND('',#1747,.T.);
#1747=EDGE_LOOP('',(#3316,#3317,#3318,#3319));
#1748=PLANE('',#1749);
#1749=AXIS2_PLACEMENT_3D('',#1750,#1751,#1752);
#1750=CARTESIAN_POINT('',(-18.3,-37.0135062088996,10.6505321884661));
#1751=DIRECTION('',(0.,1.,0.));
#1752=DIRECTION('',(0.,0.,1.));
#1753=FACE_BOUND('',#1754,.T.);
#1754=EDGE_LOOP('',(#3320,#3321,#3322,#3323));
#1755=SURFACE_OF_LINEAR_EXTRUSION('',#1756,#1757);
#1756=B_SPLINE_CURVE_WITH_KNOTS('',2,
(#3324,#3325,#3326),
.UNSPECIFIED.,.F.,.F.,
(3,3),
(0.,1.),
.UNSPECIFIED.);
#1757=VECTOR('',#1758,0.800000000000001);
#1758=DIRECTION('',(1.,0.,-1.83697019872103E-16));
#1759=FACE_BOUND('',#1760,.T.);
#1760=EDGE_LOOP('',(#3327,#3328,#3329,#3330));
#1761=SURFACE_OF_LINEAR_EXTRUSION('',#1762,#1763);
#1762=B_SPLINE_CURVE_WITH_KNOTS('',2,
(#3331,#3332,#3333),
.UNSPECIFIED.,.F.,.F.,
(3,3),
(0.,1.),
.UNSPECIFIED.);
#1763=VECTOR('',#1764,0.800000000000001);
#1764=DIRECTION('',(1.,0.,-1.83697019872103E-16));
#1765=FACE_BOUND('',#1766,.T.);
#1766=EDGE_LOOP('',(#3334,#3335,#3336,#3337));
#1767=PLANE('',#1768);
#1768=AXIS2_PLACEMENT_3D('',#1769,#1770,#1771);
#1769=CARTESIAN_POINT('',(-18.3,-40.9769645422329,6.85913599145506));
#1770=DIRECTION('',(0.,-2.23792987640976E-16,-1.));
#1771=DIRECTION('',(0.,1.,-2.23792987640976E-16));
#1772=FACE_BOUND('',#1773,.T.);
#1773=EDGE_LOOP('',(#3338,#3339,#3340,#3341));
#1774=PLANE('',#1775);
#1775=AXIS2_PLACEMENT_3D('',#1776,#1777,#1778);
#1776=CARTESIAN_POINT('',(-18.3,-40.9769645422329,8.07386284351884));
#1777=DIRECTION('',(0.,-1.,0.));
#1778=DIRECTION('',(0.,0.,-1.));
#1779=FACE_BOUND('',#1780,.T.);
#1780=EDGE_LOOP('',(#3342,#3343,#3344,#3345));
#1781=PLANE('',#1782);
#1782=AXIS2_PLACEMENT_3D('',#1783,#1784,#1785);
#1783=CARTESIAN_POINT('',(-18.3,-37.0082145422329,7.76541657148863));
#1784=DIRECTION('',(0.,0.0774850851776766,0.996993511300354));
#1785=DIRECTION('',(0.,-0.996993511300354,0.0774850851776766));
#1786=FACE_BOUND('',#1787,.T.);
#1787=EDGE_LOOP('',(#3346,#3347,#3348,#3349));
#1788=PLANE('',#1789);
#1789=AXIS2_PLACEMENT_3D('',#1790,#1791,#1792);
#1790=CARTESIAN_POINT('',(-18.3,-37.0082145422329,6.85913599145506));
#1791=DIRECTION('',(0.,1.,0.));
#1792=DIRECTION('',(0.,0.,1.));
#1793=FACE_BOUND('',#1794,.T.);
#1794=EDGE_LOOP('',(#3350,#3351,#3352,#3353));
#1795=PLANE('',#1796);
#1796=AXIS2_PLACEMENT_3D('',#1797,#1798,#1799);
#1797=CARTESIAN_POINT('',(-18.3,-39.6064228755663,3.37610323986976));
#1798=DIRECTION('',(-5.38171169977146E-16,0.245158576803186,-0.969482992228248));
#1799=DIRECTION('',(0.,0.969482992228248,0.245158576803186));
#1800=FACE_BOUND('',#1801,.T.);
#1801=EDGE_LOOP('',(#3354,#3355,#3356,#3357));
#1802=PLANE('',#1803);
#1803=AXIS2_PLACEMENT_3D('',#1804,#1805,#1806);
#1804=CARTESIAN_POINT('',(-18.3,-39.6064228755663,4.44377965323666));
#1805=DIRECTION('',(0.,-1.,0.));
#1806=DIRECTION('',(0.,0.,-1.));
#1807=FACE_BOUND('',#1808,.T.);
#1808=EDGE_LOOP('',(#3358,#3359,#3360,#3361));
#1809=PLANE('',#1810);
#1810=AXIS2_PLACEMENT_3D('',#1811,#1812,#1813);
#1811=CARTESIAN_POINT('',(-18.3,-37.4930634702866,3.91052023142643));
#1812=DIRECTION('',(5.38241169590783E-16,0.244659371549277,0.969609092321804));
#1813=DIRECTION('',(0.,-0.969609092321804,0.244659371549277));
#1814=FACE_BOUND('',#1815,.T.);
#1815=EDGE_LOOP('',(#3362));
#1816=FACE_BOUND('',#1817,.T.);
#1817=EDGE_LOOP('',(#3363));
#1818=PLANE('',#1819);
#1819=AXIS2_PLACEMENT_3D('',#1820,#1821,#1822);
#1820=CARTESIAN_POINT('',(-19.4,0.,3.5637221855188E-15));
#1821=DIRECTION('',(1.,0.,-1.83697019872103E-16));
#1822=DIRECTION('',(-1.83697019872103E-16,-1.22464679914735E-16,-1.));
#1823=FACE_BOUND('',#1824,.T.);
#1824=EDGE_LOOP('',(#3364));
#1825=FACE_BOUND('',#1826,.T.);
#1826=EDGE_LOOP('',(#3365));
#1827=PLANE('',#1828);
#1828=AXIS2_PLACEMENT_3D('',#1829,#1830,#1831);
#1829=CARTESIAN_POINT('',(-19.4,0.,3.5637221855188E-15));
#1830=DIRECTION('',(1.,0.,-1.83697019872103E-16));
#1831=DIRECTION('',(-1.83697019872103E-16,-1.22464679914735E-16,-1.));
#1832=FACE_BOUND('',#1833,.T.);
#1833=EDGE_LOOP('',(#3366));
#1834=FACE_BOUND('',#1835,.T.);
#1835=EDGE_LOOP('',(#3367));
#1836=PLANE('',#1837);
#1837=AXIS2_PLACEMENT_3D('',#1838,#1839,#1840);
#1838=CARTESIAN_POINT('',(-19.4,0.,3.5637221855188E-15));
#1839=DIRECTION('',(1.,0.,-1.83697019872103E-16));
#1840=DIRECTION('',(-1.83697019872103E-16,-1.22464679914735E-16,-1.));
#1841=FACE_BOUND('',#1842,.T.);
#1842=EDGE_LOOP('',(#3368));
#1843=FACE_BOUND('',#1844,.T.);
#1844=EDGE_LOOP('',(#3369));
#1845=PLANE('',#1846);
#1846=AXIS2_PLACEMENT_3D('',#1847,#1848,#1849);
#1847=CARTESIAN_POINT('',(-19.4,0.,3.5637221855188E-15));
#1848=DIRECTION('',(1.,0.,-1.83697019872103E-16));
#1849=DIRECTION('',(-1.83697019872103E-16,-1.22464679914735E-16,-1.));
#1850=FACE_BOUND('',#1851,.T.);
#1851=EDGE_LOOP('',(#3370,#3371,#3372,#3373,#3374,#3375,#3376,#3377));
#1852=PLANE('',#1853);
#1853=AXIS2_PLACEMENT_3D('',#1854,#1855,#1856);
#1854=CARTESIAN_POINT('',(-17.5,0.,3.2146978477618E-15));
#1855=DIRECTION('',(1.,0.,-1.83697019872103E-16));
#1856=DIRECTION('',(-1.83697019872103E-16,-1.22464679914735E-16,-1.));
#1857=FACE_BOUND('',#1858,.T.);
#1858=EDGE_LOOP('',(#3378,#3379,#3380,#3381,#3382,#3383,#3384,#3385));
#1859=PLANE('',#1860);
#1860=AXIS2_PLACEMENT_3D('',#1861,#1862,#1863);
#1861=CARTESIAN_POINT('',(-17.5,0.,3.2146978477618E-15));
#1862=DIRECTION('',(1.,0.,-1.83697019872103E-16));
#1863=DIRECTION('',(-1.83697019872103E-16,-1.22464679914735E-16,-1.));
#1864=FACE_BOUND('',#1865,.T.);
#1865=EDGE_LOOP('',(#3386,#3387,#3388,#3389,#3390,#3391,#3392,#3393,#3394,#3395,
#3396,#3397));
#1866=PLANE('',#1867);
#1867=AXIS2_PLACEMENT_3D('',#1868,#1869,#1870);
#1868=CARTESIAN_POINT('',(-17.5,0.,3.2146978477618E-15));
#1869=DIRECTION('',(1.,0.,-1.83697019872103E-16));
#1870=DIRECTION('',(-1.83697019872103E-16,-1.22464679914735E-16,-1.));
#1871=FACE_BOUND('',#1872,.T.);
#1872=EDGE_LOOP('',(#3398,#3399,#3400,#3401));
#1873=PLANE('',#1874);
#1874=AXIS2_PLACEMENT_3D('',#1875,#1876,#1877);
#1875=CARTESIAN_POINT('',(-17.5,0.,3.2146978477618E-15));
#1876=DIRECTION('',(1.,0.,-1.83697019872103E-16));
#1877=DIRECTION('',(-1.83697019872103E-16,-1.22464679914735E-16,-1.));
#1878=FACE_BOUND('',#1879,.T.);
#1879=EDGE_LOOP('',(#3402,#3403,#3404));
#1880=PLANE('',#1881);
#1881=AXIS2_PLACEMENT_3D('',#1882,#1883,#1884);
#1882=CARTESIAN_POINT('',(-17.5,0.,3.2146978477618E-15));
#1883=DIRECTION('',(1.,0.,-1.83697019872103E-16));
#1884=DIRECTION('',(-1.83697019872103E-16,-1.22464679914735E-16,-1.));
#1885=FACE_OUTER_BOUND('',#1886,.T.);
#1886=EDGE_LOOP('',(#3405));
#1887=FACE_OUTER_BOUND('',#1888,.T.);
#1888=EDGE_LOOP('',(#3406));
#1889=CYLINDRICAL_SURFACE('',#1890,0.85);
#1890=AXIS2_PLACEMENT_3D('',#1891,#1892,#1893);
#1891=CARTESIAN_POINT('',(-25.4,-25.4,-39.));
#1892=DIRECTION('',(1.,0.,-1.83697019872103E-16));
#1893=DIRECTION('',(-1.83697019872103E-16,-1.22464679914735E-16,-1.));
#1894=FACE_OUTER_BOUND('',#1895,.T.);
#1895=EDGE_LOOP('',(#3407));
#1896=FACE_OUTER_BOUND('',#1897,.T.);
#1897=EDGE_LOOP('',(#3408));
#1898=CYLINDRICAL_SURFACE('',#1899,0.85);
#1899=AXIS2_PLACEMENT_3D('',#1900,#1901,#1902);
#1900=CARTESIAN_POINT('',(-25.4,-25.4,15.5));
#1901=DIRECTION('',(1.,0.,-1.83697019872103E-16));
#1902=DIRECTION('',(-1.83697019872103E-16,-1.22464679914735E-16,-1.));
#1903=FACE_OUTER_BOUND('',#1904,.T.);
#1904=EDGE_LOOP('',(#3409));
#1905=FACE_OUTER_BOUND('',#1906,.T.);
#1906=EDGE_LOOP('',(#3410));
#1907=CYLINDRICAL_SURFACE('',#1908,0.85);
#1908=AXIS2_PLACEMENT_3D('',#1909,#1910,#1911);
#1909=CARTESIAN_POINT('',(-25.4,38.6,-39.));
#1910=DIRECTION('',(1.,0.,-1.83697019872103E-16));
#1911=DIRECTION('',(-1.83697019872103E-16,-1.22464679914735E-16,-1.));
#1912=FACE_OUTER_BOUND('',#1913,.T.);
#1913=EDGE_LOOP('',(#3411));
#1914=FACE_OUTER_BOUND('',#1915,.T.);
#1915=EDGE_LOOP('',(#3412));
#1916=CYLINDRICAL_SURFACE('',#1917,0.85);
#1917=AXIS2_PLACEMENT_3D('',#1918,#1919,#1920);
#1918=CARTESIAN_POINT('',(-25.4,38.6,39.));
#1919=DIRECTION('',(1.,0.,-1.83697019872103E-16));
#1920=DIRECTION('',(-1.83697019872103E-16,-1.22464679914735E-16,-1.));
#1921=FACE_BOUND('',#1922,.T.);
#1922=EDGE_LOOP('',(#3413));
#1923=PLANE('',#1924);
#1924=AXIS2_PLACEMENT_3D('',#1925,#1926,#1927);
#1925=CARTESIAN_POINT('',(-25.4,0.,4.66590430475141E-15));
#1926=DIRECTION('',(1.,0.,-1.83697019872103E-16));
#1927=DIRECTION('',(-1.83697019872103E-16,-1.22464679914735E-16,-1.));
#1928=FACE_BOUND('',#1929,.T.);
#1929=EDGE_LOOP('',(#3414));
#1930=PLANE('',#1931);
#1931=AXIS2_PLACEMENT_3D('',#1932,#1933,#1934);
#1932=CARTESIAN_POINT('',(-25.4,0.,4.66590430475141E-15));
#1933=DIRECTION('',(1.,0.,-1.83697019872103E-16));
#1934=DIRECTION('',(-1.83697019872103E-16,-1.22464679914735E-16,-1.));
#1935=FACE_BOUND('',#1936,.T.);
#1936=EDGE_LOOP('',(#3415));
#1937=PLANE('',#1938);
#1938=AXIS2_PLACEMENT_3D('',#1939,#1940,#1941);
#1939=CARTESIAN_POINT('',(-25.4,0.,4.66590430475141E-15));
#1940=DIRECTION('',(1.,0.,-1.83697019872103E-16));
#1941=DIRECTION('',(-1.83697019872103E-16,-1.22464679914735E-16,-1.));
#1942=FACE_BOUND('',#1943,.T.);
#1943=EDGE_LOOP('',(#3416));
#1944=PLANE('',#1945);
#1945=AXIS2_PLACEMENT_3D('',#1946,#1947,#1948);
#1946=CARTESIAN_POINT('',(-25.4,0.,4.66590430475141E-15));
#1947=DIRECTION('',(1.,0.,-1.83697019872103E-16));
#1948=DIRECTION('',(-1.83697019872103E-16,-1.22464679914735E-16,-1.));
#1949=FACE_OUTER_BOUND('',#1950,.T.);
#1950=EDGE_LOOP('',(#3417));
#1951=FACE_OUTER_BOUND('',#1952,.T.);
#1952=EDGE_LOOP('',(#3418));
#1953=CONICAL_SURFACE('',#1954,3.25,0.785398163397448);
#1954=AXIS2_PLACEMENT_3D('',#1955,#1956,#1957);
#1955=CARTESIAN_POINT('',(-24.75,-52.2,0.143267754982063));
#1956=DIRECTION('',(1.,3.74939945665464E-32,-3.06161699786838E-16));
#1957=DIRECTION('',(-3.06161699786838E-16,-1.14792251082923E-47,-1.));
#1958=FACE_BOUND('',#1959,.T.);
#1959=EDGE_LOOP('',(#3419,#3420,#3421,#3422,#3423));
#1960=CYLINDRICAL_SURFACE('',#1961,4.);
#1961=AXIS2_PLACEMENT_3D('',#1962,#1963,#1964);
#1962=CARTESIAN_POINT('',(-18.,-50.2,49.5));
#1963=DIRECTION('',(-3.22973970800046E-16,0.,-1.));
#1964=DIRECTION('',(-1.,1.77635683940025E-15,3.22973970800046E-16));
#1965=FACE_BOUND('',#1966,.T.);
#1966=EDGE_LOOP('',(#3424,#3425,#3426,#3427));
#1967=(BOUNDED_SURFACE()B_SPLINE_SURFACE(3,2,(
(#1968,#1969,#1970),
(#1971,#1972,#1973),
(#1974,#1975,#1976),
(#1977,#1978,#1979),
(#1980,#1981,#1982),
(#1983,#1984,#1985),
(#1986,#1987,#1988),
(#1989,#1990,#1991),
(#1992,#1993,#1994),
(#1995,#1996,#1997),
(#1998,#1999,#2000),
(#2001,#2002,#2003),
(#2004,#2005,#2006),
(#2007,#2008,#2009),
(#2010,#2011,#2012),
(#2013,#2014,#2015),
(#2016,#2017,#2018),
(#2019,#2020,#2021),
(#2022,#2023,#2024),
(#2025,#2026,#2027),
(#2028,#2029,#2030),
(#2031,#2032,#2033),
(#2034,#2035,#2036),
(#2037,#2038,#2039),
(#2040,#2041,#2042),
(#2043,#2044,#2045),
(#2046,#2047,#2048),
(#2049,#2050,#2051),
(#2052,#2053,#2054),
(#2055,#2056,#2057),
(#2058,#2059,#2060),
(#2061,#2062,#2063),
(#2064,#2065,#2066),
(#2067,#2068,#2069),
(#2070,#2071,#2072),
(#2073,#2074,#2075),
(#2076,#2077,#2078),
(#2079,#2080,#2081)),
.UNSPECIFIED.,.F.,.F.,.F.)B_SPLINE_SURFACE_WITH_KNOTS((4,1,1,1,1,1,1,1,1,1,1,1,1,
1,1,1,1,1,1,1,1,1,1,1,1,1,1,1,1,1,1,1,1,1,1,4),
(3,3),
(-2.41700012540068E-6,0.267428593105409,0.366753816360889,0.433541631934821,0.484848315161157,
0.526629484655498,0.565560403969084,0.600497672544651,0.634291540562956,0.66687443332559,
0.699389751389815,0.731905069454041,0.765082831737333,0.798990612938099,0.833884007399935,
0.869032996205364,0.904378852146871,0.93966598088086,0.974772851428457,1.01027398698587,
1.04616938755309,1.08314897069786,1.12090991871294,1.15945223159834,1.19955543853855,
1.24210290115952,1.28709461946126,1.33692766679524,1.3952993541361,1.46220968148384,
1.55003220026385,1.65211979002466,1.76972050252484,1.87927612825104,1.98448448802176,
2.09439751939331),
(0.,1.),
.UNSPECIFIED.)GEOMETRIC_REPRESENTATION_ITEM()RATIONAL_B_SPLINE_SURFACE((
(1.,0.707106041133518,1.),
(1.,0.734390996358855,1.),
(1.,0.766805881623,1.),
(1.,0.797341647180572,1.),
(1.,0.810899614971242,1.),
(1.,0.819954965064204,1.),
(1.,0.826838539382526,1.),
(1.,0.832418027600856,1.),
(1.,0.837228628785058,1.),
(1.,0.841419972101332,1.),
(1.,0.845194903911497,1.),
(1.,0.848615025692939,1.),
(1.,0.851748524803702,1.),
(1.,0.854611516479609,1.),
(1.,0.857213624784336,1.),
(1.,0.859521881261024,1.),
(1.,0.861506891123561,1.),
(1.,0.863140523346847,1.),
(1.,0.864414160208697,1.),
(1.,0.865331016499968,1.),
(1.,0.865891333142115,1.),
(1.,0.866089222881812,1.),
(1.,0.865903327306451,1.),
(1.,0.865305624203646,1.),
(1.,0.864264095129369,1.),
(1.,0.862721162603649,1.),
(1.,0.860588536687435,1.),
(1.,0.857714738176773,1.),
(1.,0.853810883876821,1.),
(1.,0.848436572039725,1.),
(1.,0.840611050838774,1.),
(1.,0.829265911116042,1.),
(1.,0.812864010565191,1.),
(1.,0.791802195931385,1.),
(1.,0.76686161966914,1.),
(1.,0.739062202347544,1.),
(1.,0.718323820938446,1.),
(1.,0.707106041133519,1.)))REPRESENTATION_ITEM('')SURFACE());
#1968=CARTESIAN_POINT('',(-18.0000000000097,-46.2,3.60738870620173));
#1969=CARTESIAN_POINT('',(-22.0000083727068,-46.2,3.60737420407958));
#1970=CARTESIAN_POINT('',(-22.,-50.2000083727399,3.60737420410994));
#1971=CARTESIAN_POINT('',(-18.0148019258622,-46.1999999999999,2.93313585301279));
#1972=CARTESIAN_POINT('',(-21.6998747237018,-46.2,3.42498197703571));
#1973=CARTESIAN_POINT('',(-22.,-49.9010681600191,3.43495369688959));
#1974=CARTESIAN_POINT('',(-18.128121714137,-46.2000000000001,2.33950347159659));
#1975=CARTESIAN_POINT('',(-21.4128359025573,-46.2,3.01891937622907));
#1976=CARTESIAN_POINT('',(-22.,-49.5211372569035,3.14404709075631));
#1977=CARTESIAN_POINT('',(-18.2489356885724,-46.2,1.8194080989194));
#1978=CARTESIAN_POINT('',(-21.1992578131674,-46.2,2.50511251962823));
#1979=CARTESIAN_POINT('',(-22.,-49.1356195363865,2.72168236969851));
#1980=CARTESIAN_POINT('',(-18.306334329977,-46.2,1.58404170524146));
#1981=CARTESIAN_POINT('',(-21.1155823576233,-46.2,2.24993785219882));
#1982=CARTESIAN_POINT('',(-22.,-48.9544747235481,2.48587991891123));
#1983=CARTESIAN_POINT('',(-18.3460910327095,-46.2,1.41990642591537));
#1984=CARTESIAN_POINT('',(-21.0637369287152,-46.2,2.0632269772246));
#1985=CARTESIAN_POINT('',(-22.,-48.8280832746,2.29799353431077));
#1986=CARTESIAN_POINT('',(-18.3753317716288,-46.2,1.29640246020381));
#1987=CARTESIAN_POINT('',(-21.0263992143318,-46.2,1.90978382754222));
#1988=CARTESIAN_POINT('',(-22.,-48.7343884189645,2.14292759555489));
#1989=CARTESIAN_POINT('',(-18.3988692696989,-46.2,1.19369408164675));
#1990=CARTESIAN_POINT('',(-20.9974217445978,-46.2,1.77597479191938));
#1991=CARTESIAN_POINT('',(-22.,-48.6583505611993,2.00448024717384));
#1992=CARTESIAN_POINT('',(-18.4187445362386,-46.2,1.10344681993731));
#1993=CARTESIAN_POINT('',(-20.973337310445,-46.2,1.65194511959763));
#1994=CARTESIAN_POINT('',(-22.,-48.5936394374601,1.87550231261282));
#1995=CARTESIAN_POINT('',(-18.4361431578863,-46.2,1.02066528935885));
#1996=CARTESIAN_POINT('',(-20.9530116017692,-46.2,1.53572050667856));
#1997=CARTESIAN_POINT('',(-22.,-48.5365664583517,1.75112167184466));
#1998=CARTESIAN_POINT('',(-18.4516301650552,-46.2,0.942893121291349));
#1999=CARTESIAN_POINT('',(-20.9352187667205,-46.2,1.42272969478252));
#2000=CARTESIAN_POINT('',(-22.,-48.485401448272,1.62902660512651));
#2001=CARTESIAN_POINT('',(-18.4656543437402,-46.2,0.867919497217534));
#2002=CARTESIAN_POINT('',(-20.919508819476,-46.2,1.31163150916075));
#2003=CARTESIAN_POINT('',(-22.,-48.4387536164096,1.50661202110889));
#2004=CARTESIAN_POINT('',(-18.4784181947975,-46.2,0.794521867027719));
#2005=CARTESIAN_POINT('',(-20.9054511517433,-46.2,1.20027104130141));
#2006=CARTESIAN_POINT('',(-22.,-48.3960225686599,1.38244234377779));
#2007=CARTESIAN_POINT('',(-18.4900514788554,-46.2,0.721622107648297));
#2008=CARTESIAN_POINT('',(-20.8928823918507,-46.2,1.08773197935211));
#2009=CARTESIAN_POINT('',(-22.,-48.3568368947996,1.25507649351711));
#2010=CARTESIAN_POINT('',(-18.5005458854192,-46.2,0.648756799367772));
#2011=CARTESIAN_POINT('',(-20.8816832038873,-46.2,0.972891450465093));
#2012=CARTESIAN_POINT('',(-22.,-48.3212832062302,1.12400214737697));
#2013=CARTESIAN_POINT('',(-18.5098307059502,-46.2,0.575788997186228));
#2014=CARTESIAN_POINT('',(-20.8719250480721,-46.2,0.856192818898934));
#2015=CARTESIAN_POINT('',(-22.,-48.2896601986455,0.989279747275988));
#2016=CARTESIAN_POINT('',(-18.5177888671412,-46.2,0.503036469912285));
#2017=CARTESIAN_POINT('',(-20.8636639353704,-46.2,0.738208123783479));
#2018=CARTESIAN_POINT('',(-22.,-48.2624271374956,0.851877432838324));
#2019=CARTESIAN_POINT('',(-18.524339819375,-46.2,0.430791189899407));
#2020=CARTESIAN_POINT('',(-20.8569543719479,-46.2,0.620066238045887));
#2021=CARTESIAN_POINT('',(-22.,-48.2399186855823,0.712816457433712));
#2022=CARTESIAN_POINT('',(-18.5294515212217,-46.2,0.359159784805991));
#2023=CARTESIAN_POINT('',(-20.8517785984666,-46.2,0.502202589248096));
#2024=CARTESIAN_POINT('',(-22.,-48.2222974712714,0.572825005859738));
#2025=CARTESIAN_POINT('',(-18.5331270722405,-46.2,0.287910076591471));
#2026=CARTESIAN_POINT('',(-20.8480823189492,-46.2,0.384342727214351));
#2027=CARTESIAN_POINT('',(-22.,-48.2095952312615,0.431979760260561));
#2028=CARTESIAN_POINT('',(-18.5353725581746,-46.2,0.21643705161372));
#2029=CARTESIAN_POINT('',(-20.8458355972436,-46.2,0.265926307649359));
#2030=CARTESIAN_POINT('',(-22.,-48.2018218953719,0.289602824552466));
#2031=CARTESIAN_POINT('',(-18.5361546856407,-46.2,0.144098521940949));
#2032=CARTESIAN_POINT('',(-20.8450443255551,-46.2,0.145490610637383));
#2033=CARTESIAN_POINT('',(-22.,-48.1991119512931,0.144931064028067));
#2034=CARTESIAN_POINT('',(-18.5353970680223,-46.2,0.0702570045193929));
#2035=CARTESIAN_POINT('',(-20.8457875782413,-46.2,0.0225435768977987));
#2036=CARTESIAN_POINT('',(-22.,-48.2017370230237,-0.00275733772581278));
#2037=CARTESIAN_POINT('',(-18.5329907399712,-46.2,-0.00557356899073541));
#2038=CARTESIAN_POINT('',(-20.8481840691029,-46.2,-0.103414125047175));
#2039=CARTESIAN_POINT('',(-22.,-48.2100673171804,-0.153810437422335));
#2040=CARTESIAN_POINT('',(-18.5287819241528,-46.2,-0.0842008559643717));
#2041=CARTESIAN_POINT('',(-20.8523849130579,-46.2,-0.232992570692026));
#2042=CARTESIAN_POINT('',(-22.,-48.2246103390992,-0.309108013243512));
#2043=CARTESIAN_POINT('',(-18.5225338466412,-46.2,-0.166782486218703));
#2044=CARTESIAN_POINT('',(-20.8586662505882,-46.2,-0.368140520642316));
#2045=CARTESIAN_POINT('',(-22.,-48.2461367588733,-0.470037500227176));
#2046=CARTESIAN_POINT('',(-18.5138491780395,-46.2,-0.255228359806909));
#2047=CARTESIAN_POINT('',(-20.8674638734493,-46.2,-0.510837215059846));
#2048=CARTESIAN_POINT('',(-22.,-48.2759351799596,-0.639118444718258));
#2049=CARTESIAN_POINT('',(-18.5020326673949,-46.2,-0.352692737681365));
#2050=CARTESIAN_POINT('',(-20.8795337221596,-46.2,-0.66492645431938));
#2051=CARTESIAN_POINT('',(-22.,-48.3162572070848,-0.820613611511288));
#2052=CARTESIAN_POINT('',(-18.4859058021637,-46.2,-0.463834903126773));
#2053=CARTESIAN_POINT('',(-20.8963270957959,-46.2,-0.837534778160345));
#2054=CARTESIAN_POINT('',(-22.,-48.3708905164091,-1.02031325022765));
#2055=CARTESIAN_POINT('',(-18.463218371798,-46.2,-0.59736833561927));
#2056=CARTESIAN_POINT('',(-20.9202146182792,-46.2,-1.0359972326857));
#2057=CARTESIAN_POINT('',(-22.,-48.4470190531521,-1.24869073711804));
#2058=CARTESIAN_POINT('',(-18.4305826121304,-46.2,-0.764134671221132));
#2059=CARTESIAN_POINT('',(-20.9566267384489,-46.2,-1.279439184746));
#2060=CARTESIAN_POINT('',(-22.,-48.5551429136294,-1.51439912110294));
#2061=CARTESIAN_POINT('',(-18.3830058482926,-46.2,-0.979655737089673));
#2062=CARTESIAN_POINT('',(-21.0130196801565,-46.2,-1.57586392741394));
#2063=CARTESIAN_POINT('',(-22.,-48.7101599889898,-1.82355535761099));
#2064=CARTESIAN_POINT('',(-18.3170057409673,-46.2,-1.25432554949937));
#2065=CARTESIAN_POINT('',(-21.1028811323456,-46.2,-1.93469932787283));
#2066=CARTESIAN_POINT('',(-22.,-48.9210031667948,-2.16072549358321));
#2067=CARTESIAN_POINT('',(-18.2325841302991,-46.2,-1.59921795156207));
#2068=CARTESIAN_POINT('',(-21.2345916854597,-46.2,-2.32094891458244));
#2069=CARTESIAN_POINT('',(-22.,-49.1871715305492,-2.50018607758963));
#2070=CARTESIAN_POINT('',(-18.1397699020071,-46.2,-2.00927022959081));
#2071=CARTESIAN_POINT('',(-21.4180196107115,-46.2,-2.70448393102376));
#2072=CARTESIAN_POINT('',(-22.,-49.4840114148012,-2.80311957633365));
#2073=CARTESIAN_POINT('',(-18.0458399392495,-46.2,-2.53936504470499));
#2074=CARTESIAN_POINT('',(-21.6610914015458,-46.2,-3.05724443564254));
#2075=CARTESIAN_POINT('',(-22.,-49.820586396359,-3.08183110202635));
#2076=CARTESIAN_POINT('',(-18.000758470708,-46.2,-3.00281966109709));
#2077=CARTESIAN_POINT('',(-21.8749019567828,-46.2,-3.24837500765986));
#2078=CARTESIAN_POINT('',(-22.,-50.0620198610391,-3.24117513128568));
#2079=CARTESIAN_POINT('',(-18.0000000000094,-46.2,-3.32085319623759));
#2080=CARTESIAN_POINT('',(-22.0000083727061,-46.2,-3.32083869411545));
#2081=CARTESIAN_POINT('',(-22.,-50.2000083727399,-3.32083869414581));
#2082=FACE_BOUND('',#2083,.T.);
#2083=EDGE_LOOP('',(#3428,#3429,#3430,#3431,#3432));
#2084=CYLINDRICAL_SURFACE('',#2085,4.);
#2085=AXIS2_PLACEMENT_3D('',#2086,#2087,#2088);
#2086=CARTESIAN_POINT('',(-18.,-50.2,49.5));
#2087=DIRECTION('',(-3.22973970800046E-16,0.,-1.));
#2088=DIRECTION('',(-1.,1.77635683940025E-15,3.22973970800046E-16));
#2089=FACE_BOUND('',#2090,.T.);
#2090=EDGE_LOOP('',(#3433,#3434,#3435,#3436));
#2091=CYLINDRICAL_SURFACE('',#2092,4.);
#2092=AXIS2_PLACEMENT_3D('',#2093,#2094,#2095);
#2093=CARTESIAN_POINT('',(-44.,-50.2,19.1568542494925));
#2094=DIRECTION('',(1.,-1.69176841847643E-16,-3.38353683695286E-16));
#2095=DIRECTION('',(-1.19626092090209E-16,0.707106781186515,-0.70710678118658));
#2096=FACE_BOUND('',#2097,.T.);
#2097=EDGE_LOOP('',(#3437,#3438,#3439,#3440));
#2098=CYLINDRICAL_SURFACE('',#2099,4.);
#2099=AXIS2_PLACEMENT_3D('',#2100,#2101,#2102);
#2100=CARTESIAN_POINT('',(-2.,-50.2,-19.1568542494925));
#2101=DIRECTION('',(-1.,-3.38353683695286E-16,5.07530525542929E-16));
#2102=DIRECTION('',(1.19626092090218E-16,0.707106781186518,0.707106781186577));
#2103=FACE_BOUND('',#2104,.T.);
#2104=EDGE_LOOP('',(#3441,#3442,#3443,#3444));
#2105=CYLINDRICAL_SURFACE('',#2106,4.);
#2106=AXIS2_PLACEMENT_3D('',#2107,#2108,#2109);
#2107=CARTESIAN_POINT('',(-44.,-54.2,3.84314575050859));
#2108=DIRECTION('',(1.,1.86984930463184E-16,-2.80477395694776E-16));
#2109=DIRECTION('',(3.30545780775535E-16,-0.707106781186515,0.70710678118658));
#2110=FACE_BOUND('',#2111,.T.);
#2111=EDGE_LOOP('',(#3445,#3446,#3447,#3448));
#2112=CYLINDRICAL_SURFACE('',#2113,4.);
#2113=AXIS2_PLACEMENT_3D('',#2114,#2115,#2116);
#2114=CARTESIAN_POINT('',(-44.,-54.2,-3.84314575050861));
#2115=DIRECTION('',(1.,1.86984930463184E-16,-2.80477395694776E-16));
#2116=DIRECTION('',(1.86984930463184E-16,-1.,-5.55111512312579E-16));
#2117=ORIENTED_EDGE('',*,*,#3449,.T.);
#2118=ORIENTED_EDGE('',*,*,#3450,.F.);
#2119=ORIENTED_EDGE('',*,*,#3451,.F.);
#2120=ORIENTED_EDGE('',*,*,#3452,.F.);
#2121=ORIENTED_EDGE('',*,*,#3453,.T.);
#2122=ORIENTED_EDGE('',*,*,#3454,.T.);
#2123=ORIENTED_EDGE('',*,*,#3455,.T.);
#2124=ORIENTED_EDGE('',*,*,#3456,.T.);
#2125=ORIENTED_EDGE('',*,*,#3457,.F.);
#2126=ORIENTED_EDGE('',*,*,#3458,.F.);
#2127=ORIENTED_EDGE('',*,*,#3459,.F.);
#2128=ORIENTED_EDGE('',*,*,#3455,.F.);
#2129=ORIENTED_EDGE('',*,*,#3454,.F.);
#2130=ORIENTED_EDGE('',*,*,#3460,.T.);
#2131=ORIENTED_EDGE('',*,*,#3461,.F.);
#2132=ORIENTED_EDGE('',*,*,#3462,.F.);
#2133=ORIENTED_EDGE('',*,*,#3463,.T.);
#2134=ORIENTED_EDGE('',*,*,#3464,.F.);
#2135=ORIENTED_EDGE('',*,*,#3465,.T.);
#2136=ORIENTED_EDGE('',*,*,#3466,.F.);
#2137=ORIENTED_EDGE('',*,*,#3467,.F.);
#2138=ORIENTED_EDGE('',*,*,#3468,.F.);
#2139=ORIENTED_EDGE('',*,*,#3469,.F.);
#2140=ORIENTED_EDGE('',*,*,#3470,.F.);
#2141=ORIENTED_EDGE('',*,*,#3471,.F.);
#2142=ORIENTED_EDGE('',*,*,#3472,.F.);
#2143=ORIENTED_EDGE('',*,*,#3473,.F.);
#2144=ORIENTED_EDGE('',*,*,#3474,.F.);
#2145=ORIENTED_EDGE('',*,*,#3475,.F.);
#2146=ORIENTED_EDGE('',*,*,#3476,.F.);
#2147=ORIENTED_EDGE('',*,*,#3477,.F.);
#2148=ORIENTED_EDGE('',*,*,#3478,.F.);
#2149=ORIENTED_EDGE('',*,*,#3479,.F.);
#2150=ORIENTED_EDGE('',*,*,#3480,.F.);
#2151=ORIENTED_EDGE('',*,*,#3481,.F.);
#2152=ORIENTED_EDGE('',*,*,#3482,.F.);
#2153=ORIENTED_EDGE('',*,*,#3483,.F.);
#2154=ORIENTED_EDGE('',*,*,#3484,.F.);
#2155=ORIENTED_EDGE('',*,*,#3485,.F.);
#2156=ORIENTED_EDGE('',*,*,#3486,.F.);
#2157=ORIENTED_EDGE('',*,*,#3487,.F.);
#2158=ORIENTED_EDGE('',*,*,#3488,.F.);
#2159=ORIENTED_EDGE('',*,*,#3489,.F.);
#2160=ORIENTED_EDGE('',*,*,#3490,.F.);
#2161=ORIENTED_EDGE('',*,*,#3491,.F.);
#2162=ORIENTED_EDGE('',*,*,#3492,.F.);
#2163=ORIENTED_EDGE('',*,*,#3493,.T.);
#2164=ORIENTED_EDGE('',*,*,#3450,.T.);
#2165=ORIENTED_EDGE('',*,*,#3494,.T.);
#2166=ORIENTED_EDGE('',*,*,#3495,.F.);
#2167=ORIENTED_EDGE('',*,*,#3491,.T.);
#2168=ORIENTED_EDGE('',*,*,#3496,.T.);
#2169=ORIENTED_EDGE('',*,*,#3497,.T.);
#2170=ORIENTED_EDGE('',*,*,#3498,.F.);
#2171=ORIENTED_EDGE('',*,*,#3467,.T.);
#2172=ORIENTED_EDGE('',*,*,#3499,.F.);
#2173=ORIENTED_EDGE('',*,*,#3500,.F.);
#2174=ORIENTED_EDGE('',*,*,#3501,.F.);
#2175=ORIENTED_EDGE('',*,*,#3502,.F.);
#2176=ORIENTED_EDGE('',*,*,#3503,.T.);
#2177=ORIENTED_EDGE('',*,*,#3457,.T.);
#2178=ORIENTED_EDGE('',*,*,#3504,.F.);
#2179=ORIENTED_EDGE('',*,*,#3505,.T.);
#2180=ORIENTED_EDGE('',*,*,#3465,.F.);
#2181=ORIENTED_EDGE('',*,*,#3506,.T.);
#2182=ORIENTED_EDGE('',*,*,#3459,.T.);
#2183=ORIENTED_EDGE('',*,*,#3507,.F.);
#2184=ORIENTED_EDGE('',*,*,#3463,.F.);
#2185=ORIENTED_EDGE('',*,*,#3508,.F.);
#2186=ORIENTED_EDGE('',*,*,#3493,.F.);
#2187=ORIENTED_EDGE('',*,*,#3509,.T.);
#2188=ORIENTED_EDGE('',*,*,#3510,.F.);
#2189=ORIENTED_EDGE('',*,*,#3452,.T.);
#2190=ORIENTED_EDGE('',*,*,#3511,.F.);
#2191=ORIENTED_EDGE('',*,*,#3478,.T.);
#2192=ORIENTED_EDGE('',*,*,#3512,.T.);
#2193=ORIENTED_EDGE('',*,*,#3513,.T.);
#2194=ORIENTED_EDGE('',*,*,#3511,.T.);
#2195=ORIENTED_EDGE('',*,*,#3514,.F.);
#2196=ORIENTED_EDGE('',*,*,#3515,.F.);
#2197=ORIENTED_EDGE('',*,*,#3479,.T.);
#2198=ORIENTED_EDGE('',*,*,#3516,.F.);
#2199=ORIENTED_EDGE('',*,*,#3480,.T.);
#2200=ORIENTED_EDGE('',*,*,#3515,.T.);
#2201=ORIENTED_EDGE('',*,*,#3517,.T.);
#2202=ORIENTED_EDGE('',*,*,#3516,.T.);
#2203=ORIENTED_EDGE('',*,*,#3518,.F.);
#2204=ORIENTED_EDGE('',*,*,#3519,.F.);
#2205=ORIENTED_EDGE('',*,*,#3520,.T.);
#2206=ORIENTED_EDGE('',*,*,#3481,.T.);
#2207=ORIENTED_EDGE('',*,*,#3521,.T.);
#2208=ORIENTED_EDGE('',*,*,#3482,.T.);
#2209=ORIENTED_EDGE('',*,*,#3520,.F.);
#2210=ORIENTED_EDGE('',*,*,#3522,.T.);
#2211=ORIENTED_EDGE('',*,*,#3521,.F.);
#2212=ORIENTED_EDGE('',*,*,#3523,.F.);
#2213=ORIENTED_EDGE('',*,*,#3524,.F.);
#2214=ORIENTED_EDGE('',*,*,#3525,.F.);
#2215=ORIENTED_EDGE('',*,*,#3526,.F.);
#2216=ORIENTED_EDGE('',*,*,#3475,.T.);
#2217=ORIENTED_EDGE('',*,*,#3527,.T.);
#2218=ORIENTED_EDGE('',*,*,#3528,.F.);
#2219=ORIENTED_EDGE('',*,*,#3529,.F.);
#2220=ORIENTED_EDGE('',*,*,#3483,.T.);
#2221=ORIENTED_EDGE('',*,*,#3530,.F.);
#2222=ORIENTED_EDGE('',*,*,#3484,.T.);
#2223=ORIENTED_EDGE('',*,*,#3529,.T.);
#2224=ORIENTED_EDGE('',*,*,#3531,.T.);
#2225=ORIENTED_EDGE('',*,*,#3532,.F.);
#2226=ORIENTED_EDGE('',*,*,#3485,.T.);
#2227=ORIENTED_EDGE('',*,*,#3530,.T.);
#2228=ORIENTED_EDGE('',*,*,#3533,.F.);
#2229=ORIENTED_EDGE('',*,*,#3534,.T.);
#2230=ORIENTED_EDGE('',*,*,#3486,.T.);
#2231=ORIENTED_EDGE('',*,*,#3532,.T.);
#2232=ORIENTED_EDGE('',*,*,#3535,.F.);
#2233=ORIENTED_EDGE('',*,*,#3534,.F.);
#2234=ORIENTED_EDGE('',*,*,#3536,.F.);
#2235=ORIENTED_EDGE('',*,*,#3537,.F.);
#2236=ORIENTED_EDGE('',*,*,#3487,.T.);
#2237=ORIENTED_EDGE('',*,*,#3538,.T.);
#2238=ORIENTED_EDGE('',*,*,#3539,.T.);
#2239=ORIENTED_EDGE('',*,*,#3540,.T.);
#2240=ORIENTED_EDGE('',*,*,#3488,.T.);
#2241=ORIENTED_EDGE('',*,*,#3537,.T.);
#2242=ORIENTED_EDGE('',*,*,#3541,.F.);
#2243=ORIENTED_EDGE('',*,*,#3542,.F.);
#2244=ORIENTED_EDGE('',*,*,#3543,.T.);
#2245=ORIENTED_EDGE('',*,*,#3544,.F.);
#2246=ORIENTED_EDGE('',*,*,#3545,.F.);
#2247=ORIENTED_EDGE('',*,*,#3489,.T.);
#2248=ORIENTED_EDGE('',*,*,#3540,.F.);
#2249=ORIENTED_EDGE('',*,*,#3546,.F.);
#2250=ORIENTED_EDGE('',*,*,#3547,.F.);
#2251=ORIENTED_EDGE('',*,*,#3548,.T.);
#2252=ORIENTED_EDGE('',*,*,#3496,.F.);
#2253=ORIENTED_EDGE('',*,*,#3490,.T.);
#2254=ORIENTED_EDGE('',*,*,#3545,.T.);
#2255=ORIENTED_EDGE('',*,*,#3549,.F.);
#2256=ORIENTED_EDGE('',*,*,#3550,.F.);
#2257=ORIENTED_EDGE('',*,*,#3468,.T.);
#2258=ORIENTED_EDGE('',*,*,#3498,.T.);
#2259=ORIENTED_EDGE('',*,*,#3551,.T.);
#2260=ORIENTED_EDGE('',*,*,#3552,.F.);
#2261=ORIENTED_EDGE('',*,*,#3553,.F.);
#2262=ORIENTED_EDGE('',*,*,#3554,.F.);
#2263=ORIENTED_EDGE('',*,*,#3469,.T.);
#2264=ORIENTED_EDGE('',*,*,#3550,.T.);
#2265=ORIENTED_EDGE('',*,*,#3555,.F.);
#2266=ORIENTED_EDGE('',*,*,#3556,.T.);
#2267=ORIENTED_EDGE('',*,*,#3557,.T.);
#2268=ORIENTED_EDGE('',*,*,#3470,.T.);
#2269=ORIENTED_EDGE('',*,*,#3554,.T.);
#2270=ORIENTED_EDGE('',*,*,#3558,.F.);
#2271=ORIENTED_EDGE('',*,*,#3559,.F.);
#2272=ORIENTED_EDGE('',*,*,#3471,.T.);
#2273=ORIENTED_EDGE('',*,*,#3557,.F.);
#2274=ORIENTED_EDGE('',*,*,#3560,.F.);
#2275=ORIENTED_EDGE('',*,*,#3561,.T.);
#2276=ORIENTED_EDGE('',*,*,#3472,.T.);
#2277=ORIENTED_EDGE('',*,*,#3559,.T.);
#2278=ORIENTED_EDGE('',*,*,#3562,.F.);
#2279=ORIENTED_EDGE('',*,*,#3561,.F.);
#2280=ORIENTED_EDGE('',*,*,#3563,.F.);
#2281=ORIENTED_EDGE('',*,*,#3564,.F.);
#2282=ORIENTED_EDGE('',*,*,#3473,.T.);
#2283=ORIENTED_EDGE('',*,*,#3527,.F.);
#2284=ORIENTED_EDGE('',*,*,#3474,.T.);
#2285=ORIENTED_EDGE('',*,*,#3564,.T.);
#2286=ORIENTED_EDGE('',*,*,#3565,.T.);
#2287=ORIENTED_EDGE('',*,*,#3526,.T.);
#2288=ORIENTED_EDGE('',*,*,#3566,.T.);
#2289=ORIENTED_EDGE('',*,*,#3567,.F.);
#2290=ORIENTED_EDGE('',*,*,#3476,.T.);
#2291=ORIENTED_EDGE('',*,*,#3512,.F.);
#2292=ORIENTED_EDGE('',*,*,#3477,.T.);
#2293=ORIENTED_EDGE('',*,*,#3567,.T.);
#2294=ORIENTED_EDGE('',*,*,#3568,.F.);
#2295=ORIENTED_EDGE('',*,*,#3569,.F.);
#2296=ORIENTED_EDGE('',*,*,#3570,.T.);
#2297=ORIENTED_EDGE('',*,*,#3494,.F.);
#2298=ORIENTED_EDGE('',*,*,#3571,.T.);
#2299=ORIENTED_EDGE('',*,*,#3572,.T.);
#2300=ORIENTED_EDGE('',*,*,#3573,.T.);
#2301=ORIENTED_EDGE('',*,*,#3574,.T.);
#2302=ORIENTED_EDGE('',*,*,#3551,.F.);
#2303=ORIENTED_EDGE('',*,*,#3497,.F.);
#2304=ORIENTED_EDGE('',*,*,#3548,.F.);
#2305=ORIENTED_EDGE('',*,*,#3575,.T.);
#2306=ORIENTED_EDGE('',*,*,#3576,.T.);
#2307=ORIENTED_EDGE('',*,*,#3577,.T.);
#2308=ORIENTED_EDGE('',*,*,#3578,.T.);
#2309=ORIENTED_EDGE('',*,*,#3579,.T.);
#2310=ORIENTED_EDGE('',*,*,#3580,.T.);
#2311=ORIENTED_EDGE('',*,*,#3581,.T.);
#2312=ORIENTED_EDGE('',*,*,#3582,.T.);
#2313=ORIENTED_EDGE('',*,*,#3583,.T.);
#2314=ORIENTED_EDGE('',*,*,#3584,.T.);
#2315=ORIENTED_EDGE('',*,*,#3585,.T.);
#2316=ORIENTED_EDGE('',*,*,#3586,.T.);
#2317=ORIENTED_EDGE('',*,*,#3587,.T.);
#2318=ORIENTED_EDGE('',*,*,#3588,.T.);
#2319=ORIENTED_EDGE('',*,*,#3589,.T.);
#2320=ORIENTED_EDGE('',*,*,#3590,.T.);
#2321=ORIENTED_EDGE('',*,*,#3591,.T.);
#2322=ORIENTED_EDGE('',*,*,#3592,.T.);
#2323=ORIENTED_EDGE('',*,*,#3593,.T.);
#2324=ORIENTED_EDGE('',*,*,#3594,.T.);
#2325=ORIENTED_EDGE('',*,*,#3595,.T.);
#2326=ORIENTED_EDGE('',*,*,#3596,.T.);
#2327=ORIENTED_EDGE('',*,*,#3597,.T.);
#2328=ORIENTED_EDGE('',*,*,#3598,.T.);
#2329=ORIENTED_EDGE('',*,*,#3599,.T.);
#2330=ORIENTED_EDGE('',*,*,#3600,.T.);
#2331=ORIENTED_EDGE('',*,*,#3601,.T.);
#2332=ORIENTED_EDGE('',*,*,#3602,.T.);
#2333=ORIENTED_EDGE('',*,*,#3603,.T.);
#2334=ORIENTED_EDGE('',*,*,#3604,.T.);
#2335=ORIENTED_EDGE('',*,*,#3605,.T.);
#2336=ORIENTED_EDGE('',*,*,#3606,.T.);
#2337=ORIENTED_EDGE('',*,*,#3607,.T.);
#2338=ORIENTED_EDGE('',*,*,#3608,.T.);
#2339=ORIENTED_EDGE('',*,*,#3609,.T.);
#2340=ORIENTED_EDGE('',*,*,#3610,.T.);
#2341=ORIENTED_EDGE('',*,*,#3611,.T.);
#2342=ORIENTED_EDGE('',*,*,#3612,.T.);
#2343=ORIENTED_EDGE('',*,*,#3613,.T.);
#2344=ORIENTED_EDGE('',*,*,#3614,.T.);
#2345=ORIENTED_EDGE('',*,*,#3615,.T.);
#2346=ORIENTED_EDGE('',*,*,#3616,.T.);
#2347=ORIENTED_EDGE('',*,*,#3617,.T.);
#2348=ORIENTED_EDGE('',*,*,#3618,.T.);
#2349=ORIENTED_EDGE('',*,*,#3619,.T.);
#2350=ORIENTED_EDGE('',*,*,#3620,.T.);
#2351=ORIENTED_EDGE('',*,*,#3621,.T.);
#2352=ORIENTED_EDGE('',*,*,#3622,.T.);
#2353=ORIENTED_EDGE('',*,*,#3623,.T.);
#2354=ORIENTED_EDGE('',*,*,#3624,.T.);
#2355=ORIENTED_EDGE('',*,*,#3625,.T.);
#2356=ORIENTED_EDGE('',*,*,#3626,.T.);
#2357=ORIENTED_EDGE('',*,*,#3627,.T.);
#2358=ORIENTED_EDGE('',*,*,#3628,.T.);
#2359=ORIENTED_EDGE('',*,*,#3629,.T.);
#2360=ORIENTED_EDGE('',*,*,#3630,.T.);
#2361=ORIENTED_EDGE('',*,*,#3631,.T.);
#2362=ORIENTED_EDGE('',*,*,#3632,.T.);
#2363=ORIENTED_EDGE('',*,*,#3633,.T.);
#2364=ORIENTED_EDGE('',*,*,#3634,.T.);
#2365=ORIENTED_EDGE('',*,*,#3635,.T.);
#2366=ORIENTED_EDGE('',*,*,#3636,.T.);
#2367=ORIENTED_EDGE('',*,*,#3637,.T.);
#2368=ORIENTED_EDGE('',*,*,#3638,.T.);
#2369=ORIENTED_EDGE('',*,*,#3639,.T.);
#2370=ORIENTED_EDGE('',*,*,#3640,.T.);
#2371=ORIENTED_EDGE('',*,*,#3641,.T.);
#2372=ORIENTED_EDGE('',*,*,#3642,.T.);
#2373=ORIENTED_EDGE('',*,*,#3643,.T.);
#2374=ORIENTED_EDGE('',*,*,#3644,.T.);
#2375=ORIENTED_EDGE('',*,*,#3645,.T.);
#2376=ORIENTED_EDGE('',*,*,#3646,.T.);
#2377=ORIENTED_EDGE('',*,*,#3647,.T.);
#2378=ORIENTED_EDGE('',*,*,#3648,.T.);
#2379=ORIENTED_EDGE('',*,*,#3649,.T.);
#2380=ORIENTED_EDGE('',*,*,#3650,.T.);
#2381=ORIENTED_EDGE('',*,*,#3651,.T.);
#2382=ORIENTED_EDGE('',*,*,#3652,.T.);
#2383=ORIENTED_EDGE('',*,*,#3653,.T.);
#2384=ORIENTED_EDGE('',*,*,#3654,.T.);
#2385=ORIENTED_EDGE('',*,*,#3655,.T.);
#2386=ORIENTED_EDGE('',*,*,#3656,.T.);
#2387=ORIENTED_EDGE('',*,*,#3657,.T.);
#2388=ORIENTED_EDGE('',*,*,#3513,.F.);
#2389=ORIENTED_EDGE('',*,*,#3569,.T.);
#2390=ORIENTED_EDGE('',*,*,#3658,.T.);
#2391=ORIENTED_EDGE('',*,*,#3659,.T.);
#2392=ORIENTED_EDGE('',*,*,#3660,.T.);
#2393=ORIENTED_EDGE('',*,*,#3661,.T.);
#2394=ORIENTED_EDGE('',*,*,#3518,.T.);
#2395=ORIENTED_EDGE('',*,*,#3517,.F.);
#2396=ORIENTED_EDGE('',*,*,#3514,.T.);
#2397=ORIENTED_EDGE('',*,*,#3522,.F.);
#2398=ORIENTED_EDGE('',*,*,#3519,.T.);
#2399=ORIENTED_EDGE('',*,*,#3661,.F.);
#2400=ORIENTED_EDGE('',*,*,#3662,.F.);
#2401=ORIENTED_EDGE('',*,*,#3523,.T.);
#2402=ORIENTED_EDGE('',*,*,#3524,.T.);
#2403=ORIENTED_EDGE('',*,*,#3662,.T.);
#2404=ORIENTED_EDGE('',*,*,#3663,.F.);
#2405=ORIENTED_EDGE('',*,*,#3664,.F.);
#2406=ORIENTED_EDGE('',*,*,#3566,.F.);
#2407=ORIENTED_EDGE('',*,*,#3525,.T.);
#2408=ORIENTED_EDGE('',*,*,#3664,.T.);
#2409=ORIENTED_EDGE('',*,*,#3658,.F.);
#2410=ORIENTED_EDGE('',*,*,#3568,.T.);
#2411=ORIENTED_EDGE('',*,*,#3665,.T.);
#2412=ORIENTED_EDGE('',*,*,#3546,.T.);
#2413=ORIENTED_EDGE('',*,*,#3541,.T.);
#2414=ORIENTED_EDGE('',*,*,#3536,.T.);
#2415=ORIENTED_EDGE('',*,*,#3535,.T.);
#2416=ORIENTED_EDGE('',*,*,#3533,.T.);
#2417=ORIENTED_EDGE('',*,*,#3531,.F.);
#2418=ORIENTED_EDGE('',*,*,#3528,.T.);
#2419=ORIENTED_EDGE('',*,*,#3565,.F.);
#2420=ORIENTED_EDGE('',*,*,#3563,.T.);
#2421=ORIENTED_EDGE('',*,*,#3562,.T.);
#2422=ORIENTED_EDGE('',*,*,#3560,.T.);
#2423=ORIENTED_EDGE('',*,*,#3558,.T.);
#2424=ORIENTED_EDGE('',*,*,#3553,.T.);
#2425=ORIENTED_EDGE('',*,*,#3666,.T.);
#2426=ORIENTED_EDGE('',*,*,#3667,.F.);
#2427=ORIENTED_EDGE('',*,*,#3668,.T.);
#2428=ORIENTED_EDGE('',*,*,#3669,.F.);
#2429=ORIENTED_EDGE('',*,*,#3670,.T.);
#2430=ORIENTED_EDGE('',*,*,#3671,.F.);
#2431=ORIENTED_EDGE('',*,*,#3672,.T.);
#2432=ORIENTED_EDGE('',*,*,#3673,.F.);
#2433=ORIENTED_EDGE('',*,*,#3674,.T.);
#2434=ORIENTED_EDGE('',*,*,#3675,.F.);
#2435=ORIENTED_EDGE('',*,*,#3676,.T.);
#2436=ORIENTED_EDGE('',*,*,#3677,.F.);
#2437=ORIENTED_EDGE('',*,*,#3678,.T.);
#2438=ORIENTED_EDGE('',*,*,#3679,.F.);
#2439=ORIENTED_EDGE('',*,*,#3680,.T.);
#2440=ORIENTED_EDGE('',*,*,#3681,.T.);
#2441=ORIENTED_EDGE('',*,*,#3682,.T.);
#2442=ORIENTED_EDGE('',*,*,#3683,.T.);
#2443=ORIENTED_EDGE('',*,*,#3684,.F.);
#2444=ORIENTED_EDGE('',*,*,#3685,.T.);
#2445=ORIENTED_EDGE('',*,*,#3538,.F.);
#2446=ORIENTED_EDGE('',*,*,#3686,.F.);
#2447=ORIENTED_EDGE('',*,*,#3687,.F.);
#2448=ORIENTED_EDGE('',*,*,#3686,.T.);
#2449=ORIENTED_EDGE('',*,*,#3539,.F.);
#2450=ORIENTED_EDGE('',*,*,#3685,.F.);
#2451=ORIENTED_EDGE('',*,*,#3665,.F.);
#2452=ORIENTED_EDGE('',*,*,#3688,.T.);
#2453=ORIENTED_EDGE('',*,*,#3689,.T.);
#2454=ORIENTED_EDGE('',*,*,#3542,.T.);
#2455=ORIENTED_EDGE('',*,*,#3689,.F.);
#2456=ORIENTED_EDGE('',*,*,#3690,.F.);
#2457=ORIENTED_EDGE('',*,*,#3691,.F.);
#2458=ORIENTED_EDGE('',*,*,#3543,.F.);
#2459=ORIENTED_EDGE('',*,*,#3692,.F.);
#2460=ORIENTED_EDGE('',*,*,#3575,.F.);
#2461=ORIENTED_EDGE('',*,*,#3547,.T.);
#2462=ORIENTED_EDGE('',*,*,#3544,.T.);
#2463=ORIENTED_EDGE('',*,*,#3691,.T.);
#2464=ORIENTED_EDGE('',*,*,#3693,.F.);
#2465=ORIENTED_EDGE('',*,*,#3694,.T.);
#2466=ORIENTED_EDGE('',*,*,#3555,.T.);
#2467=ORIENTED_EDGE('',*,*,#3549,.T.);
#2468=ORIENTED_EDGE('',*,*,#3574,.F.);
#2469=ORIENTED_EDGE('',*,*,#3666,.F.);
#2470=ORIENTED_EDGE('',*,*,#3552,.T.);
#2471=ORIENTED_EDGE('',*,*,#3695,.T.);
#2472=ORIENTED_EDGE('',*,*,#3696,.T.);
#2473=ORIENTED_EDGE('',*,*,#3695,.F.);
#2474=ORIENTED_EDGE('',*,*,#3556,.F.);
#2475=ORIENTED_EDGE('',*,*,#3694,.F.);
#2476=ORIENTED_EDGE('',*,*,#3697,.F.);
#2477=ORIENTED_EDGE('',*,*,#3698,.T.);
#2478=ORIENTED_EDGE('',*,*,#3570,.F.);
#2479=ORIENTED_EDGE('',*,*,#3699,.T.);
#2480=ORIENTED_EDGE('',*,*,#3700,.T.);
#2481=ORIENTED_EDGE('',*,*,#3571,.F.);
#2482=ORIENTED_EDGE('',*,*,#3692,.T.);
#2483=ORIENTED_EDGE('',*,*,#3700,.F.);
#2484=ORIENTED_EDGE('',*,*,#3701,.T.);
#2485=ORIENTED_EDGE('',*,*,#3702,.T.);
#2486=ORIENTED_EDGE('',*,*,#3703,.T.);
#2487=ORIENTED_EDGE('',*,*,#3704,.F.);
#2488=ORIENTED_EDGE('',*,*,#3572,.F.);
#2489=ORIENTED_EDGE('',*,*,#3705,.T.);
#2490=ORIENTED_EDGE('',*,*,#3693,.T.);
#2491=ORIENTED_EDGE('',*,*,#3573,.F.);
#2492=ORIENTED_EDGE('',*,*,#3704,.T.);
#2493=ORIENTED_EDGE('',*,*,#3576,.F.);
#2494=ORIENTED_EDGE('',*,*,#3706,.F.);
#2495=ORIENTED_EDGE('',*,*,#3707,.F.);
#2496=ORIENTED_EDGE('',*,*,#3708,.T.);
#2497=ORIENTED_EDGE('',*,*,#3577,.F.);
#2498=ORIENTED_EDGE('',*,*,#3708,.F.);
#2499=ORIENTED_EDGE('',*,*,#3709,.F.);
#2500=ORIENTED_EDGE('',*,*,#3710,.T.);
#2501=CARTESIAN_POINT('',(-18.3,-41.2161230462766,27.9649467748413));
#2502=CARTESIAN_POINT('',(-18.3,-41.4585062088996,27.9649467748413));
#2503=CARTESIAN_POINT('',(-18.3,-41.4585062088996,27.7228530046549));
#2504=ORIENTED_EDGE('',*,*,#3578,.F.);
#2505=ORIENTED_EDGE('',*,*,#3710,.F.);
#2506=ORIENTED_EDGE('',*,*,#3711,.F.);
#2507=ORIENTED_EDGE('',*,*,#3712,.T.);
#2508=ORIENTED_EDGE('',*,*,#3579,.F.);
#2509=ORIENTED_EDGE('',*,*,#3712,.F.);
#2510=ORIENTED_EDGE('',*,*,#3713,.F.);
#2511=ORIENTED_EDGE('',*,*,#3714,.T.);
#2512=CARTESIAN_POINT('',(-18.3,-36.5319645422329,27.7228530046549));
#2513=CARTESIAN_POINT('',(-18.3,-36.5319645422329,27.9649467748413));
#2514=CARTESIAN_POINT('',(-18.3,-36.7717018311498,27.9649467748413));
#2515=ORIENTED_EDGE('',*,*,#3580,.F.);
#2516=ORIENTED_EDGE('',*,*,#3714,.F.);
#2517=ORIENTED_EDGE('',*,*,#3715,.F.);
#2518=ORIENTED_EDGE('',*,*,#3716,.T.);
#2519=CARTESIAN_POINT('',(-18.3,-36.7717018311498,27.4807592748413));
#2520=CARTESIAN_POINT('',(-18.3,-36.5319645422329,27.4807592748413));
#2521=CARTESIAN_POINT('',(-18.3,-36.5319645422329,27.7228530046549));
#2522=ORIENTED_EDGE('',*,*,#3581,.F.);
#2523=ORIENTED_EDGE('',*,*,#3716,.F.);
#2524=ORIENTED_EDGE('',*,*,#3717,.F.);
#2525=ORIENTED_EDGE('',*,*,#3718,.T.);
#2526=ORIENTED_EDGE('',*,*,#3582,.F.);
#2527=ORIENTED_EDGE('',*,*,#3718,.F.);
#2528=ORIENTED_EDGE('',*,*,#3719,.F.);
#2529=ORIENTED_EDGE('',*,*,#3720,.T.);
#2530=ORIENTED_EDGE('',*,*,#3583,.F.);
#2531=ORIENTED_EDGE('',*,*,#3720,.F.);
#2532=ORIENTED_EDGE('',*,*,#3721,.F.);
#2533=ORIENTED_EDGE('',*,*,#3722,.T.);
#2534=CARTESIAN_POINT('',(-18.3,-41.2164124387132,26.1129047429118));
#2535=CARTESIAN_POINT('',(-18.3,-40.9769645422329,26.1129047429118));
#2536=CARTESIAN_POINT('',(-18.3,-40.9769645422329,26.3553292473115));
#2537=ORIENTED_EDGE('',*,*,#3584,.F.);
#2538=ORIENTED_EDGE('',*,*,#3722,.F.);
#2539=ORIENTED_EDGE('',*,*,#3723,.F.);
#2540=ORIENTED_EDGE('',*,*,#3706,.T.);
#2541=CARTESIAN_POINT('',(-18.3,-41.4585062088996,26.3553292473115));
#2542=CARTESIAN_POINT('',(-18.3,-41.4585062088996,26.1129047429118));
#2543=CARTESIAN_POINT('',(-18.3,-41.2164124387132,26.1129047429118));
#2544=ORIENTED_EDGE('',*,*,#3585,.F.);
#2545=ORIENTED_EDGE('',*,*,#3724,.F.);
#2546=ORIENTED_EDGE('',*,*,#3725,.F.);
#2547=ORIENTED_EDGE('',*,*,#3726,.T.);
#2548=CARTESIAN_POINT('',(-18.3,-41.4585062088996,20.9051610604582));
#2549=CARTESIAN_POINT('',(-18.3,-41.4585062088996,20.6624472039947));
#2550=CARTESIAN_POINT('',(-18.3,-41.2161230462766,20.6624472039947));
#2551=ORIENTED_EDGE('',*,*,#3586,.F.);
#2552=ORIENTED_EDGE('',*,*,#3726,.F.);
#2553=ORIENTED_EDGE('',*,*,#3727,.F.);
#2554=ORIENTED_EDGE('',*,*,#3728,.T.);
#2555=CARTESIAN_POINT('',(-18.3,-41.2906197973765,21.1307597039947));
#2556=CARTESIAN_POINT('',(-18.3,-41.4585062088996,21.0566763706614));
#2557=CARTESIAN_POINT('',(-18.3,-41.4585062088996,20.9051610604582));
#2558=ORIENTED_EDGE('',*,*,#3587,.F.);
#2559=ORIENTED_EDGE('',*,*,#3728,.F.);
#2560=ORIENTED_EDGE('',*,*,#3729,.F.);
#2561=ORIENTED_EDGE('',*,*,#3730,.T.);
#2562=ORIENTED_EDGE('',*,*,#3588,.F.);
#2563=ORIENTED_EDGE('',*,*,#3730,.F.);
#2564=ORIENTED_EDGE('',*,*,#3731,.F.);
#2565=ORIENTED_EDGE('',*,*,#3732,.T.);
#2566=ORIENTED_EDGE('',*,*,#3589,.F.);
#2567=ORIENTED_EDGE('',*,*,#3732,.F.);
#2568=ORIENTED_EDGE('',*,*,#3733,.F.);
#2569=ORIENTED_EDGE('',*,*,#3734,.T.);
#2570=CARTESIAN_POINT('',(-18.3,-41.4585062088996,22.9603534338083));
#2571=CARTESIAN_POINT('',(-18.3,-41.4585062088996,22.7182597039947));
#2572=CARTESIAN_POINT('',(-18.3,-41.2161230462766,22.7182597039947));
#2573=ORIENTED_EDGE('',*,*,#3590,.F.);
#2574=ORIENTED_EDGE('',*,*,#3734,.F.);
#2575=ORIENTED_EDGE('',*,*,#3735,.F.);
#2576=ORIENTED_EDGE('',*,*,#3736,.T.);
#2577=CARTESIAN_POINT('',(-18.3,-41.2161230462766,23.2024472039947));
#2578=CARTESIAN_POINT('',(-18.3,-41.4585062088996,23.2024472039947));
#2579=CARTESIAN_POINT('',(-18.3,-41.4585062088996,22.9603534338083));
#2580=ORIENTED_EDGE('',*,*,#3591,.F.);
#2581=ORIENTED_EDGE('',*,*,#3736,.F.);
#2582=ORIENTED_EDGE('',*,*,#3737,.F.);
#2583=ORIENTED_EDGE('',*,*,#3738,.T.);
#2584=ORIENTED_EDGE('',*,*,#3592,.F.);
#2585=ORIENTED_EDGE('',*,*,#3738,.F.);
#2586=ORIENTED_EDGE('',*,*,#3739,.F.);
#2587=ORIENTED_EDGE('',*,*,#3740,.T.);
#2588=CARTESIAN_POINT('',(-18.3,-36.5319645422329,22.9631646342483));
#2589=CARTESIAN_POINT('',(-18.3,-36.5319645422329,23.2024472039947));
#2590=CARTESIAN_POINT('',(-18.3,-36.7717018311498,23.2024472039947));
#2591=ORIENTED_EDGE('',*,*,#3593,.F.);
#2592=ORIENTED_EDGE('',*,*,#3740,.F.);
#2593=ORIENTED_EDGE('',*,*,#3741,.F.);
#2594=ORIENTED_EDGE('',*,*,#3742,.T.);
#2595=CARTESIAN_POINT('',(-18.3,-36.6719456582396,22.740831950695));
#2596=CARTESIAN_POINT('',(-18.3,-36.5319645422329,22.8037118240451));
#2597=CARTESIAN_POINT('',(-18.3,-36.5319645422329,22.9631646342483));
#2598=ORIENTED_EDGE('',*,*,#3594,.F.);
#2599=ORIENTED_EDGE('',*,*,#3742,.F.);
#2600=ORIENTED_EDGE('',*,*,#3743,.F.);
#2601=ORIENTED_EDGE('',*,*,#3744,.T.);
#2602=ORIENTED_EDGE('',*,*,#3595,.F.);
#2603=ORIENTED_EDGE('',*,*,#3744,.F.);
#2604=ORIENTED_EDGE('',*,*,#3745,.F.);
#2605=ORIENTED_EDGE('',*,*,#3746,.T.);
#2606=ORIENTED_EDGE('',*,*,#3596,.F.);
#2607=ORIENTED_EDGE('',*,*,#3746,.F.);
#2608=ORIENTED_EDGE('',*,*,#3747,.F.);
#2609=ORIENTED_EDGE('',*,*,#3748,.T.);
#2610=CARTESIAN_POINT('',(-18.3,-36.5319645422329,20.9045409338083));
#2611=CARTESIAN_POINT('',(-18.3,-36.5319645422329,21.1466347039947));
#2612=CARTESIAN_POINT('',(-18.3,-36.7717018311498,21.1466347039947));
#2613=ORIENTED_EDGE('',*,*,#3597,.F.);
#2614=ORIENTED_EDGE('',*,*,#3748,.F.);
#2615=ORIENTED_EDGE('',*,*,#3749,.F.);
#2616=ORIENTED_EDGE('',*,*,#3750,.T.);
#2617=CARTESIAN_POINT('',(-18.3,-36.7717018311498,20.6624472039947));
#2618=CARTESIAN_POINT('',(-18.3,-36.5319645422329,20.6624472039947));
#2619=CARTESIAN_POINT('',(-18.3,-36.5319645422329,20.9045409338083));
#2620=ORIENTED_EDGE('',*,*,#3598,.F.);
#2621=ORIENTED_EDGE('',*,*,#3750,.F.);
#2622=ORIENTED_EDGE('',*,*,#3751,.F.);
#2623=ORIENTED_EDGE('',*,*,#3724,.T.);
#2624=ORIENTED_EDGE('',*,*,#3599,.F.);
#2625=ORIENTED_EDGE('',*,*,#3752,.F.);
#2626=ORIENTED_EDGE('',*,*,#3753,.F.);
#2627=ORIENTED_EDGE('',*,*,#3754,.T.);
#2628=ORIENTED_EDGE('',*,*,#3600,.F.);
#2629=ORIENTED_EDGE('',*,*,#3754,.F.);
#2630=ORIENTED_EDGE('',*,*,#3755,.F.);
#2631=ORIENTED_EDGE('',*,*,#3756,.T.);
#2632=CARTESIAN_POINT('',(-18.3,-36.5319645422329,15.2871481058554));
#2633=CARTESIAN_POINT('',(-18.3,-36.5319645422329,15.5295312684784));
#2634=CARTESIAN_POINT('',(-18.3,-36.7717018311498,15.5295312684784));
#2635=ORIENTED_EDGE('',*,*,#3601,.F.);
#2636=ORIENTED_EDGE('',*,*,#3756,.F.);
#2637=ORIENTED_EDGE('',*,*,#3757,.F.);
#2638=ORIENTED_EDGE('',*,*,#3758,.T.);
#2639=ORIENTED_EDGE('',*,*,#3602,.F.);
#2640=ORIENTED_EDGE('',*,*,#3758,.F.);
#2641=ORIENTED_EDGE('',*,*,#3759,.F.);
#2642=ORIENTED_EDGE('',*,*,#3760,.T.);
#2643=CARTESIAN_POINT('',(-18.3,-36.8533919302699,13.4858730489519));
#2644=CARTESIAN_POINT('',(-18.3,-36.5319645422329,13.8075898294255));
#2645=CARTESIAN_POINT('',(-18.3,-36.5319645422329,14.2613502662785));
#2646=ORIENTED_EDGE('',*,*,#3603,.F.);
#2647=ORIENTED_EDGE('',*,*,#3760,.F.);
#2648=ORIENTED_EDGE('',*,*,#3761,.F.);
#2649=ORIENTED_EDGE('',*,*,#3762,.T.);
#2650=CARTESIAN_POINT('',(-18.3,-37.6255618458366,13.1641562684784));
#2651=CARTESIAN_POINT('',(-18.3,-37.1748193586796,13.1641562684784));
#2652=CARTESIAN_POINT('',(-18.3,-36.8533919302699,13.4858730489519));
#2653=ORIENTED_EDGE('',*,*,#3604,.F.);
#2654=ORIENTED_EDGE('',*,*,#3762,.F.);
#2655=ORIENTED_EDGE('',*,*,#3763,.F.);
#2656=ORIENTED_EDGE('',*,*,#3764,.T.);
#2657=ORIENTED_EDGE('',*,*,#3605,.F.);
#2658=ORIENTED_EDGE('',*,*,#3764,.F.);
#2659=ORIENTED_EDGE('',*,*,#3765,.F.);
#2660=ORIENTED_EDGE('',*,*,#3766,.T.);
#2661=CARTESIAN_POINT('',(-18.3,-38.7541751497963,13.5469339245019));
#2662=CARTESIAN_POINT('',(-18.3,-38.4860778058198,13.1641562684784));
#2663=CARTESIAN_POINT('',(-18.3,-37.9671637382732,13.1641562684784));
#2664=ORIENTED_EDGE('',*,*,#3606,.F.);
#2665=ORIENTED_EDGE('',*,*,#3766,.F.);
#2666=ORIENTED_EDGE('',*,*,#3767,.F.);
#2667=ORIENTED_EDGE('',*,*,#3768,.T.);
#2668=CARTESIAN_POINT('',(-18.3,-39.1085101075797,13.1504723422685));
#2669=CARTESIAN_POINT('',(-18.3,-38.8450429618433,13.3114134160586));
#2670=CARTESIAN_POINT('',(-18.3,-38.7541751497963,13.5469339245019));
#2671=ORIENTED_EDGE('',*,*,#3607,.F.);
#2672=ORIENTED_EDGE('',*,*,#3768,.F.);
#2673=ORIENTED_EDGE('',*,*,#3769,.F.);
#2674=ORIENTED_EDGE('',*,*,#3770,.T.);
#2675=CARTESIAN_POINT('',(-18.3,-39.6765374387132,12.9895312684784));
#2676=CARTESIAN_POINT('',(-18.3,-39.3719772129432,12.9895312684784));
#2677=CARTESIAN_POINT('',(-18.3,-39.1085101075797,13.1504723422685));
#2678=ORIENTED_EDGE('',*,*,#3608,.F.);
#2679=ORIENTED_EDGE('',*,*,#3770,.F.);
#2680=ORIENTED_EDGE('',*,*,#3771,.F.);
#2681=ORIENTED_EDGE('',*,*,#3772,.T.);
#2682=ORIENTED_EDGE('',*,*,#3609,.F.);
#2683=ORIENTED_EDGE('',*,*,#3772,.F.);
#2684=ORIENTED_EDGE('',*,*,#3773,.F.);
#2685=ORIENTED_EDGE('',*,*,#3774,.T.);
#2686=CARTESIAN_POINT('',(-18.3,-41.1265367889332,13.3213559518537));
#2687=CARTESIAN_POINT('',(-18.3,-40.7945673689667,12.9895312684784));
#2688=CARTESIAN_POINT('',(-18.3,-40.3607333858534,12.9895312684784));
#2689=ORIENTED_EDGE('',*,*,#3610,.F.);
#2690=ORIENTED_EDGE('',*,*,#3774,.F.);
#2691=ORIENTED_EDGE('',*,*,#3775,.F.);
#2692=ORIENTED_EDGE('',*,*,#3776,.T.);
#2693=CARTESIAN_POINT('',(-18.3,-41.4585062088996,14.0902805783255));
#2694=CARTESIAN_POINT('',(-18.3,-41.4585062088996,13.6531806756018));
#2695=CARTESIAN_POINT('',(-18.3,-41.1265367889332,13.3213559518537));
#2696=ORIENTED_EDGE('',*,*,#3611,.F.);
#2697=ORIENTED_EDGE('',*,*,#3776,.F.);
#2698=ORIENTED_EDGE('',*,*,#3777,.F.);
#2699=ORIENTED_EDGE('',*,*,#3778,.T.);
#2700=ORIENTED_EDGE('',*,*,#3612,.F.);
#2701=ORIENTED_EDGE('',*,*,#3778,.F.);
#2702=ORIENTED_EDGE('',*,*,#3779,.F.);
#2703=ORIENTED_EDGE('',*,*,#3752,.T.);
#2704=CARTESIAN_POINT('',(-18.3,-41.2161230462766,15.5295312684784));
#2705=CARTESIAN_POINT('',(-18.3,-41.4585062088996,15.5295312684784));
#2706=CARTESIAN_POINT('',(-18.3,-41.4585062088996,15.2871067640787));
#2707=ORIENTED_EDGE('',*,*,#3613,.F.);
#2708=ORIENTED_EDGE('',*,*,#3780,.F.);
#2709=ORIENTED_EDGE('',*,*,#3781,.F.);
#2710=ORIENTED_EDGE('',*,*,#3782,.T.);
#2711=CARTESIAN_POINT('',(-18.3,-41.4585062088996,10.6506975151999));
#2712=CARTESIAN_POINT('',(-18.3,-41.4585062088996,10.1932163991932));
#2713=CARTESIAN_POINT('',(-18.3,-41.13877375296,9.87158230227299));
#2714=ORIENTED_EDGE('',*,*,#3614,.F.);
#2715=ORIENTED_EDGE('',*,*,#3782,.F.);
#2716=ORIENTED_EDGE('',*,*,#3783,.F.);
#2717=ORIENTED_EDGE('',*,*,#3784,.T.);
#2718=ORIENTED_EDGE('',*,*,#3615,.F.);
#2719=ORIENTED_EDGE('',*,*,#3784,.F.);
#2720=ORIENTED_EDGE('',*,*,#3785,.F.);
#2721=ORIENTED_EDGE('',*,*,#3786,.T.);
#2722=CARTESIAN_POINT('',(-18.3,-41.1375542109214,11.7689341947096));
#2723=CARTESIAN_POINT('',(-18.3,-41.4585062088996,11.4479201840664));
#2724=CARTESIAN_POINT('',(-18.3,-41.4585062088996,10.9926301418498));
#2725=ORIENTED_EDGE('',*,*,#3616,.F.);
#2726=ORIENTED_EDGE('',*,*,#3786,.F.);
#2727=ORIENTED_EDGE('',*,*,#3787,.F.);
#2728=ORIENTED_EDGE('',*,*,#3788,.T.);
#2729=CARTESIAN_POINT('',(-18.3,-40.3614361960566,12.0899482053528));
#2730=CARTESIAN_POINT('',(-18.3,-40.8166022129432,12.0899482053528));
#2731=CARTESIAN_POINT('',(-18.3,-41.1375542109214,11.7689341947096));
#2732=ORIENTED_EDGE('',*,*,#3617,.F.);
#2733=ORIENTED_EDGE('',*,*,#3788,.F.);
#2734=ORIENTED_EDGE('',*,*,#3789,.F.);
#2735=ORIENTED_EDGE('',*,*,#3790,.T.);
#2736=ORIENTED_EDGE('',*,*,#3618,.F.);
#2737=ORIENTED_EDGE('',*,*,#3790,.F.);
#2738=ORIENTED_EDGE('',*,*,#3791,.F.);
#2739=ORIENTED_EDGE('',*,*,#3792,.T.);
#2740=CARTESIAN_POINT('',(-18.3,-36.8530818669449,11.768768827603));
#2741=CARTESIAN_POINT('',(-18.3,-37.1741992320297,12.0899482053528));
#2742=CARTESIAN_POINT('',(-18.3,-37.6263886813698,12.0899482053528));
#2743=ORIENTED_EDGE('',*,*,#3619,.F.);
#2744=ORIENTED_EDGE('',*,*,#3792,.F.);
#2745=ORIENTED_EDGE('',*,*,#3793,.F.);
#2746=ORIENTED_EDGE('',*,*,#3794,.T.);
#2747=CARTESIAN_POINT('',(-18.3,-36.5319645422329,10.9926301418498));
#2748=CARTESIAN_POINT('',(-18.3,-36.5319645422329,11.4475894498532));
#2749=CARTESIAN_POINT('',(-18.3,-36.8530818669449,11.768768827603));
#2750=ORIENTED_EDGE('',*,*,#3620,.F.);
#2751=ORIENTED_EDGE('',*,*,#3794,.F.);
#2752=ORIENTED_EDGE('',*,*,#3795,.F.);
#2753=ORIENTED_EDGE('',*,*,#3796,.T.);
#2754=ORIENTED_EDGE('',*,*,#3621,.F.);
#2755=ORIENTED_EDGE('',*,*,#3796,.F.);
#2756=ORIENTED_EDGE('',*,*,#3797,.F.);
#2757=ORIENTED_EDGE('',*,*,#3798,.T.);
#2758=CARTESIAN_POINT('',(-18.3,-36.8518623249063,9.87174766937962));
#2759=CARTESIAN_POINT('',(-18.3,-36.5319645422329,10.1935471334065));
#2760=CARTESIAN_POINT('',(-18.3,-36.5319645422329,10.6506975151999));
#2761=ORIENTED_EDGE('',*,*,#3622,.F.);
#2762=ORIENTED_EDGE('',*,*,#3798,.F.);
#2763=ORIENTED_EDGE('',*,*,#3799,.F.);
#2764=ORIENTED_EDGE('',*,*,#3800,.T.);
#2765=CARTESIAN_POINT('',(-18.3,-37.6263886813698,9.54994820535277));
#2766=CARTESIAN_POINT('',(-18.3,-37.1717601075797,9.54994820535277));
#2767=CARTESIAN_POINT('',(-18.3,-36.8518623249063,9.87174766937962));
#2768=ORIENTED_EDGE('',*,*,#3623,.F.);
#2769=ORIENTED_EDGE('',*,*,#3800,.F.);
#2770=ORIENTED_EDGE('',*,*,#3801,.F.);
#2771=ORIENTED_EDGE('',*,*,#3802,.T.);
#2772=ORIENTED_EDGE('',*,*,#3624,.F.);
#2773=ORIENTED_EDGE('',*,*,#3802,.F.);
#2774=ORIENTED_EDGE('',*,*,#3803,.F.);
#2775=ORIENTED_EDGE('',*,*,#3780,.T.);
#2776=CARTESIAN_POINT('',(-18.3,-41.13877375296,9.87158230227299));
#2777=CARTESIAN_POINT('',(-18.3,-40.8190413373933,9.54994820535277));
#2778=CARTESIAN_POINT('',(-18.3,-40.3614361960566,9.54994820535277));
#2779=ORIENTED_EDGE('',*,*,#3625,.F.);
#2780=ORIENTED_EDGE('',*,*,#3804,.F.);
#2781=ORIENTED_EDGE('',*,*,#3805,.F.);
#2782=ORIENTED_EDGE('',*,*,#3806,.T.);
#2783=CARTESIAN_POINT('',(-18.3,-41.5547070293899,6.5204693247884));
#2784=CARTESIAN_POINT('',(-18.3,-41.7971728755663,6.5204693247884));
#2785=CARTESIAN_POINT('',(-18.3,-41.7971728755663,6.27883031414523));
#2786=ORIENTED_EDGE('',*,*,#3626,.F.);
#2787=ORIENTED_EDGE('',*,*,#3806,.F.);
#2788=ORIENTED_EDGE('',*,*,#3807,.F.);
#2789=ORIENTED_EDGE('',*,*,#3808,.T.);
#2790=ORIENTED_EDGE('',*,*,#3627,.F.);
#2791=ORIENTED_EDGE('',*,*,#3808,.F.);
#2792=ORIENTED_EDGE('',*,*,#3809,.F.);
#2793=ORIENTED_EDGE('',*,*,#3810,.T.);
#2794=ORIENTED_EDGE('',*,*,#3628,.F.);
#2795=ORIENTED_EDGE('',*,*,#3810,.F.);
#2796=ORIENTED_EDGE('',*,*,#3811,.F.);
#2797=ORIENTED_EDGE('',*,*,#3812,.T.);
#2798=ORIENTED_EDGE('',*,*,#3629,.F.);
#2799=ORIENTED_EDGE('',*,*,#3812,.F.);
#2800=ORIENTED_EDGE('',*,*,#3813,.F.);
#2801=ORIENTED_EDGE('',*,*,#3814,.T.);
#2802=CARTESIAN_POINT('',(-18.3,-41.7971728755663,8.67182117685218));
#2803=CARTESIAN_POINT('',(-18.3,-41.7971728755663,8.42939671282532));
#2804=CARTESIAN_POINT('',(-18.3,-41.5547070293899,8.42939671282532));
#2805=ORIENTED_EDGE('',*,*,#3630,.F.);
#2806=ORIENTED_EDGE('',*,*,#3814,.F.);
#2807=ORIENTED_EDGE('',*,*,#3815,.F.);
#2808=ORIENTED_EDGE('',*,*,#3816,.T.);
#2809=CARTESIAN_POINT('',(-18.3,-41.5548723964965,8.91424568125186));
#2810=CARTESIAN_POINT('',(-18.3,-41.7971728755663,8.91424568125186));
#2811=CARTESIAN_POINT('',(-18.3,-41.7971728755663,8.67182117685218));
#2812=ORIENTED_EDGE('',*,*,#3631,.F.);
#2813=ORIENTED_EDGE('',*,*,#3816,.F.);
#2814=ORIENTED_EDGE('',*,*,#3817,.F.);
#2815=ORIENTED_EDGE('',*,*,#3818,.T.);
#2816=ORIENTED_EDGE('',*,*,#3632,.F.);
#2817=ORIENTED_EDGE('',*,*,#3818,.F.);
#2818=ORIENTED_EDGE('',*,*,#3819,.F.);
#2819=ORIENTED_EDGE('',*,*,#3820,.T.);
#2820=CARTESIAN_POINT('',(-18.3,-40.9769645422329,8.67182117685218));
#2821=CARTESIAN_POINT('',(-18.3,-40.9769645422329,8.91424568125186));
#2822=CARTESIAN_POINT('',(-18.3,-41.2166191475965,8.91424568125186));
#2823=ORIENTED_EDGE('',*,*,#3633,.F.);
#2824=ORIENTED_EDGE('',*,*,#3820,.F.);
#2825=ORIENTED_EDGE('',*,*,#3821,.F.);
#2826=ORIENTED_EDGE('',*,*,#3822,.T.);
#2827=ORIENTED_EDGE('',*,*,#3634,.F.);
#2828=ORIENTED_EDGE('',*,*,#3822,.F.);
#2829=ORIENTED_EDGE('',*,*,#3823,.F.);
#2830=ORIENTED_EDGE('',*,*,#3824,.T.);
#2831=ORIENTED_EDGE('',*,*,#3635,.F.);
#2832=ORIENTED_EDGE('',*,*,#3824,.F.);
#2833=ORIENTED_EDGE('',*,*,#3825,.F.);
#2834=ORIENTED_EDGE('',*,*,#3826,.T.);
#2835=CARTESIAN_POINT('',(-18.3,-36.5266728755663,7.98787328037193));
#2836=CARTESIAN_POINT('',(-18.3,-36.5266728755663,8.21111548301174));
#2837=CARTESIAN_POINT('',(-18.3,-36.7389182867333,8.22955363279175));
#2838=ORIENTED_EDGE('',*,*,#3636,.F.);
#2839=ORIENTED_EDGE('',*,*,#3826,.F.);
#2840=ORIENTED_EDGE('',*,*,#3827,.F.);
#2841=ORIENTED_EDGE('',*,*,#3828,.T.);
#2842=ORIENTED_EDGE('',*,*,#3637,.F.);
#2843=ORIENTED_EDGE('',*,*,#3828,.F.);
#2844=ORIENTED_EDGE('',*,*,#3829,.F.);
#2845=ORIENTED_EDGE('',*,*,#3830,.T.);
#2846=CARTESIAN_POINT('',(-18.3,-36.7664928480364,6.37494849145506));
#2847=CARTESIAN_POINT('',(-18.3,-36.5266728755663,6.37494849145506));
#2848=CARTESIAN_POINT('',(-18.3,-36.5266728755663,6.6165874617254));
#2849=ORIENTED_EDGE('',*,*,#3638,.F.);
#2850=ORIENTED_EDGE('',*,*,#3830,.F.);
#2851=ORIENTED_EDGE('',*,*,#3831,.F.);
#2852=ORIENTED_EDGE('',*,*,#3832,.T.);
#2853=ORIENTED_EDGE('',*,*,#3639,.F.);
#2854=ORIENTED_EDGE('',*,*,#3832,.F.);
#2855=ORIENTED_EDGE('',*,*,#3833,.F.);
#2856=ORIENTED_EDGE('',*,*,#3834,.T.);
#2857=ORIENTED_EDGE('',*,*,#3640,.F.);
#2858=ORIENTED_EDGE('',*,*,#3834,.F.);
#2859=ORIENTED_EDGE('',*,*,#3835,.F.);
#2860=ORIENTED_EDGE('',*,*,#3836,.T.);
#2861=CARTESIAN_POINT('',(-18.3,-41.2166191475965,6.03640580974554));
#2862=CARTESIAN_POINT('',(-18.3,-40.9769645422329,6.03640580974554));
#2863=CARTESIAN_POINT('',(-18.3,-40.9769645422329,6.27883031414523));
#2864=ORIENTED_EDGE('',*,*,#3641,.F.);
#2865=ORIENTED_EDGE('',*,*,#3836,.F.);
#2866=ORIENTED_EDGE('',*,*,#3837,.F.);
#2867=ORIENTED_EDGE('',*,*,#3838,.T.);
#2868=ORIENTED_EDGE('',*,*,#3642,.F.);
#2869=ORIENTED_EDGE('',*,*,#3838,.F.);
#2870=ORIENTED_EDGE('',*,*,#3839,.F.);
#2871=ORIENTED_EDGE('',*,*,#3804,.T.);
#2872=CARTESIAN_POINT('',(-18.3,-41.7971728755663,6.27883031414523));
#2873=CARTESIAN_POINT('',(-18.3,-41.7971728755663,6.03640580974554));
#2874=CARTESIAN_POINT('',(-18.3,-41.5548723964965,6.03640580974554));
#2875=ORIENTED_EDGE('',*,*,#3643,.F.);
#2876=ORIENTED_EDGE('',*,*,#3840,.F.);
#2877=ORIENTED_EDGE('',*,*,#3841,.F.);
#2878=ORIENTED_EDGE('',*,*,#3842,.T.);
#2879=CARTESIAN_POINT('',(-18.3,-41.4558603755663,5.10341898876984));
#2880=CARTESIAN_POINT('',(-18.3,-41.4558603755663,4.9229648790066));
#2881=CARTESIAN_POINT('',(-18.3,-41.2768531876133,4.87459576739957));
#2882=ORIENTED_EDGE('',*,*,#3644,.F.);
#2883=ORIENTED_EDGE('',*,*,#3842,.F.);
#2884=ORIENTED_EDGE('',*,*,#3843,.F.);
#2885=ORIENTED_EDGE('',*,*,#3844,.T.);
#2886=CARTESIAN_POINT('',(-18.3,-41.2202571835696,5.34927477988654));
#2887=CARTESIAN_POINT('',(-18.3,-41.4558603755663,5.34927477988654));
#2888=CARTESIAN_POINT('',(-18.3,-41.4558603755663,5.10341898876984));
#2889=ORIENTED_EDGE('',*,*,#3645,.F.);
#2890=ORIENTED_EDGE('',*,*,#3844,.F.);
#2891=ORIENTED_EDGE('',*,*,#3845,.F.);
#2892=ORIENTED_EDGE('',*,*,#3846,.T.);
#2893=CARTESIAN_POINT('',(-18.3,-41.19202115384,5.34241216607967));
#2894=CARTESIAN_POINT('',(-18.3,-41.1846624387132,5.34927477988654));
#2895=CARTESIAN_POINT('',(-18.3,-41.2202571835696,5.34927477988654));
#2896=ORIENTED_EDGE('',*,*,#3646,.F.);
#2897=ORIENTED_EDGE('',*,*,#3846,.F.);
#2898=ORIENTED_EDGE('',*,*,#3847,.F.);
#2899=ORIENTED_EDGE('',*,*,#3848,.T.);
#2900=ORIENTED_EDGE('',*,*,#3647,.F.);
#2901=ORIENTED_EDGE('',*,*,#3848,.F.);
#2902=ORIENTED_EDGE('',*,*,#3849,.F.);
#2903=ORIENTED_EDGE('',*,*,#3850,.T.);
#2904=CARTESIAN_POINT('',(-18.3,-36.5346103755663,3.90994144655321));
#2905=CARTESIAN_POINT('',(-18.3,-36.5346103755663,4.08849387496296));
#2906=CARTESIAN_POINT('',(-18.3,-36.7401171982564,4.1433122229831));
#2907=ORIENTED_EDGE('',*,*,#3648,.F.);
#2908=ORIENTED_EDGE('',*,*,#3850,.F.);
#2909=ORIENTED_EDGE('',*,*,#3851,.F.);
#2910=ORIENTED_EDGE('',*,*,#3852,.T.);
#2911=CARTESIAN_POINT('',(-18.3,-36.7401171982564,3.67772823986976));
#2912=CARTESIAN_POINT('',(-18.3,-36.5346103755663,3.73250524611324));
#2913=CARTESIAN_POINT('',(-18.3,-36.5346103755663,3.90994144655321));
#2914=ORIENTED_EDGE('',*,*,#3649,.F.);
#2915=ORIENTED_EDGE('',*,*,#3852,.F.);
#2916=ORIENTED_EDGE('',*,*,#3853,.F.);
#2917=ORIENTED_EDGE('',*,*,#3854,.T.);
#2918=ORIENTED_EDGE('',*,*,#3650,.F.);
#2919=ORIENTED_EDGE('',*,*,#3854,.F.);
#2920=ORIENTED_EDGE('',*,*,#3855,.F.);
#2921=ORIENTED_EDGE('',*,*,#3856,.T.);
#2922=CARTESIAN_POINT('',(-18.3,-41.2202571835696,2.47064945499653));
#2923=CARTESIAN_POINT('',(-18.3,-41.1891686116233,2.47064945499653));
#2924=CARTESIAN_POINT('',(-18.3,-41.1522923120633,2.48028196783954));
#2925=ORIENTED_EDGE('',*,*,#3651,.F.);
#2926=ORIENTED_EDGE('',*,*,#3856,.F.);
#2927=ORIENTED_EDGE('',*,*,#3857,.F.);
#2928=ORIENTED_EDGE('',*,*,#3858,.T.);
#2929=CARTESIAN_POINT('',(-18.3,-41.4558603755663,2.71646390433658));
#2930=CARTESIAN_POINT('',(-18.3,-41.4558603755663,2.47064945499653));
#2931=CARTESIAN_POINT('',(-18.3,-41.2202571835696,2.47064945499653));
#2932=ORIENTED_EDGE('',*,*,#3652,.F.);
#2933=ORIENTED_EDGE('',*,*,#3858,.F.);
#2934=ORIENTED_EDGE('',*,*,#3859,.F.);
#2935=ORIENTED_EDGE('',*,*,#3860,.T.);
#2936=CARTESIAN_POINT('',(-18.3,-41.2768531876133,2.94640335367663));
#2937=CARTESIAN_POINT('',(-18.3,-41.4558603755663,2.8980342420696));
#2938=CARTESIAN_POINT('',(-18.3,-41.4558603755663,2.71646390433658));
#2939=ORIENTED_EDGE('',*,*,#3653,.F.);
#2940=ORIENTED_EDGE('',*,*,#3860,.F.);
#2941=ORIENTED_EDGE('',*,*,#3861,.F.);
#2942=ORIENTED_EDGE('',*,*,#3862,.T.);
#2943=ORIENTED_EDGE('',*,*,#3654,.F.);
#2944=ORIENTED_EDGE('',*,*,#3862,.F.);
#2945=ORIENTED_EDGE('',*,*,#3863,.F.);
#2946=ORIENTED_EDGE('',*,*,#3864,.T.);
#2947=ORIENTED_EDGE('',*,*,#3655,.F.);
#2948=ORIENTED_EDGE('',*,*,#3864,.F.);
#2949=ORIENTED_EDGE('',*,*,#3865,.F.);
#2950=ORIENTED_EDGE('',*,*,#3840,.T.);
#2951=ORIENTED_EDGE('',*,*,#3656,.F.);
#2952=ORIENTED_EDGE('',*,*,#3866,.F.);
#2953=ORIENTED_EDGE('',*,*,#3657,.F.);
#2954=ORIENTED_EDGE('',*,*,#3867,.F.);
#2955=ORIENTED_EDGE('',*,*,#3659,.F.);
#2956=ORIENTED_EDGE('',*,*,#3663,.T.);
#2957=ORIENTED_EDGE('',*,*,#3660,.F.);
#2958=ORIENTED_EDGE('',*,*,#3698,.F.);
#2959=ORIENTED_EDGE('',*,*,#3696,.F.);
#2960=ORIENTED_EDGE('',*,*,#3697,.T.);
#2961=ORIENTED_EDGE('',*,*,#3705,.F.);
#2962=ORIENTED_EDGE('',*,*,#3703,.F.);
#2963=ORIENTED_EDGE('',*,*,#3868,.F.);
#2964=ORIENTED_EDGE('',*,*,#3869,.F.);
#2965=ORIENTED_EDGE('',*,*,#3667,.T.);
#2966=ORIENTED_EDGE('',*,*,#3870,.T.);
#2967=ORIENTED_EDGE('',*,*,#3668,.F.);
#2968=ORIENTED_EDGE('',*,*,#3869,.T.);
#2969=ORIENTED_EDGE('',*,*,#3871,.T.);
#2970=ORIENTED_EDGE('',*,*,#3872,.F.);
#2971=ORIENTED_EDGE('',*,*,#3669,.T.);
#2972=ORIENTED_EDGE('',*,*,#3870,.F.);
#2973=ORIENTED_EDGE('',*,*,#3873,.F.);
#2974=ORIENTED_EDGE('',*,*,#3874,.T.);
#2975=ORIENTED_EDGE('',*,*,#3670,.F.);
#2976=ORIENTED_EDGE('',*,*,#3872,.T.);
#2977=ORIENTED_EDGE('',*,*,#3875,.T.);
#2978=ORIENTED_EDGE('',*,*,#3874,.F.);
#2979=ORIENTED_EDGE('',*,*,#3876,.F.);
#2980=ORIENTED_EDGE('',*,*,#3877,.T.);
#2981=ORIENTED_EDGE('',*,*,#3671,.T.);
#2982=ORIENTED_EDGE('',*,*,#3878,.T.);
#2983=ORIENTED_EDGE('',*,*,#3672,.F.);
#2984=ORIENTED_EDGE('',*,*,#3877,.F.);
#2985=ORIENTED_EDGE('',*,*,#3879,.F.);
#2986=ORIENTED_EDGE('',*,*,#3880,.T.);
#2987=ORIENTED_EDGE('',*,*,#3673,.T.);
#2988=ORIENTED_EDGE('',*,*,#3878,.F.);
#2989=ORIENTED_EDGE('',*,*,#3881,.F.);
#2990=ORIENTED_EDGE('',*,*,#3882,.T.);
#2991=ORIENTED_EDGE('',*,*,#3674,.F.);
#2992=ORIENTED_EDGE('',*,*,#3880,.F.);
#2993=ORIENTED_EDGE('',*,*,#3883,.F.);
#2994=ORIENTED_EDGE('',*,*,#3884,.F.);
#2995=ORIENTED_EDGE('',*,*,#3675,.T.);
#2996=ORIENTED_EDGE('',*,*,#3882,.F.);
#2997=ORIENTED_EDGE('',*,*,#3885,.F.);
#2998=ORIENTED_EDGE('',*,*,#3886,.T.);
#2999=ORIENTED_EDGE('',*,*,#3887,.T.);
#3000=ORIENTED_EDGE('',*,*,#3676,.F.);
#3001=ORIENTED_EDGE('',*,*,#3884,.T.);
#3002=ORIENTED_EDGE('',*,*,#3887,.F.);
#3003=ORIENTED_EDGE('',*,*,#3888,.F.);
#3004=ORIENTED_EDGE('',*,*,#3889,.F.);
#3005=ORIENTED_EDGE('',*,*,#3677,.T.);
#3006=ORIENTED_EDGE('',*,*,#3684,.T.);
#3007=ORIENTED_EDGE('',*,*,#3687,.T.);
#3008=ORIENTED_EDGE('',*,*,#3890,.T.);
#3009=ORIENTED_EDGE('',*,*,#3891,.T.);
#3010=ORIENTED_EDGE('',*,*,#3678,.F.);
#3011=ORIENTED_EDGE('',*,*,#3889,.T.);
#3012=ORIENTED_EDGE('',*,*,#3688,.F.);
#3013=ORIENTED_EDGE('',*,*,#3679,.T.);
#3014=ORIENTED_EDGE('',*,*,#3891,.F.);
#3015=ORIENTED_EDGE('',*,*,#3892,.F.);
#3016=ORIENTED_EDGE('',*,*,#3701,.F.);
#3017=ORIENTED_EDGE('',*,*,#3699,.F.);
#3018=ORIENTED_EDGE('',*,*,#3690,.T.);
#3019=ORIENTED_EDGE('',*,*,#3680,.F.);
#3020=ORIENTED_EDGE('',*,*,#3893,.T.);
#3021=ORIENTED_EDGE('',*,*,#3681,.F.);
#3022=ORIENTED_EDGE('',*,*,#3894,.T.);
#3023=ORIENTED_EDGE('',*,*,#3682,.F.);
#3024=ORIENTED_EDGE('',*,*,#3895,.F.);
#3025=ORIENTED_EDGE('',*,*,#3683,.F.);
#3026=ORIENTED_EDGE('',*,*,#3896,.F.);
#3027=ORIENTED_EDGE('',*,*,#3886,.F.);
#3028=ORIENTED_EDGE('',*,*,#3885,.T.);
#3029=ORIENTED_EDGE('',*,*,#3883,.T.);
#3030=ORIENTED_EDGE('',*,*,#3881,.T.);
#3031=ORIENTED_EDGE('',*,*,#3879,.T.);
#3032=ORIENTED_EDGE('',*,*,#3876,.T.);
#3033=ORIENTED_EDGE('',*,*,#3875,.F.);
#3034=ORIENTED_EDGE('',*,*,#3873,.T.);
#3035=ORIENTED_EDGE('',*,*,#3871,.F.);
#3036=ORIENTED_EDGE('',*,*,#3868,.T.);
#3037=ORIENTED_EDGE('',*,*,#3702,.F.);
#3038=ORIENTED_EDGE('',*,*,#3892,.T.);
#3039=ORIENTED_EDGE('',*,*,#3890,.F.);
#3040=ORIENTED_EDGE('',*,*,#3888,.T.);
#3041=ORIENTED_EDGE('',*,*,#3897,.F.);
#3042=ORIENTED_EDGE('',*,*,#3898,.F.);
#3043=ORIENTED_EDGE('',*,*,#3899,.F.);
#3044=ORIENTED_EDGE('',*,*,#3900,.F.);
#3045=ORIENTED_EDGE('',*,*,#3707,.T.);
#3046=ORIENTED_EDGE('',*,*,#3723,.T.);
#3047=ORIENTED_EDGE('',*,*,#3721,.T.);
#3048=ORIENTED_EDGE('',*,*,#3719,.T.);
#3049=ORIENTED_EDGE('',*,*,#3717,.T.);
#3050=ORIENTED_EDGE('',*,*,#3715,.T.);
#3051=ORIENTED_EDGE('',*,*,#3713,.T.);
#3052=ORIENTED_EDGE('',*,*,#3711,.T.);
#3053=ORIENTED_EDGE('',*,*,#3709,.T.);
#3054=ORIENTED_EDGE('',*,*,#3725,.T.);
#3055=ORIENTED_EDGE('',*,*,#3751,.T.);
#3056=ORIENTED_EDGE('',*,*,#3749,.T.);
#3057=ORIENTED_EDGE('',*,*,#3747,.T.);
#3058=ORIENTED_EDGE('',*,*,#3745,.T.);
#3059=ORIENTED_EDGE('',*,*,#3743,.T.);
#3060=ORIENTED_EDGE('',*,*,#3741,.T.);
#3061=ORIENTED_EDGE('',*,*,#3739,.T.);
#3062=ORIENTED_EDGE('',*,*,#3737,.T.);
#3063=ORIENTED_EDGE('',*,*,#3735,.T.);
#3064=ORIENTED_EDGE('',*,*,#3733,.T.);
#3065=ORIENTED_EDGE('',*,*,#3731,.T.);
#3066=ORIENTED_EDGE('',*,*,#3729,.T.);
#3067=ORIENTED_EDGE('',*,*,#3727,.T.);
#3068=ORIENTED_EDGE('',*,*,#3779,.T.);
#3069=ORIENTED_EDGE('',*,*,#3777,.T.);
#3070=ORIENTED_EDGE('',*,*,#3775,.T.);
#3071=ORIENTED_EDGE('',*,*,#3773,.T.);
#3072=ORIENTED_EDGE('',*,*,#3771,.T.);
#3073=ORIENTED_EDGE('',*,*,#3769,.T.);
#3074=ORIENTED_EDGE('',*,*,#3767,.T.);
#3075=ORIENTED_EDGE('',*,*,#3765,.T.);
#3076=ORIENTED_EDGE('',*,*,#3763,.T.);
#3077=ORIENTED_EDGE('',*,*,#3761,.T.);
#3078=ORIENTED_EDGE('',*,*,#3759,.T.);
#3079=ORIENTED_EDGE('',*,*,#3757,.T.);
#3080=ORIENTED_EDGE('',*,*,#3755,.T.);
#3081=ORIENTED_EDGE('',*,*,#3753,.T.);
#3082=ORIENTED_EDGE('',*,*,#3901,.F.);
#3083=ORIENTED_EDGE('',*,*,#3902,.F.);
#3084=ORIENTED_EDGE('',*,*,#3903,.F.);
#3085=ORIENTED_EDGE('',*,*,#3904,.F.);
#3086=ORIENTED_EDGE('',*,*,#3905,.F.);
#3087=ORIENTED_EDGE('',*,*,#3906,.F.);
#3088=ORIENTED_EDGE('',*,*,#3907,.F.);
#3089=ORIENTED_EDGE('',*,*,#3908,.F.);
#3090=ORIENTED_EDGE('',*,*,#3909,.F.);
#3091=ORIENTED_EDGE('',*,*,#3910,.F.);
#3092=ORIENTED_EDGE('',*,*,#3911,.F.);
#3093=ORIENTED_EDGE('',*,*,#3912,.F.);
#3094=ORIENTED_EDGE('',*,*,#3913,.F.);
#3095=ORIENTED_EDGE('',*,*,#3914,.F.);
#3096=ORIENTED_EDGE('',*,*,#3915,.F.);
#3097=ORIENTED_EDGE('',*,*,#3916,.F.);
#3098=ORIENTED_EDGE('',*,*,#3803,.T.);
#3099=ORIENTED_EDGE('',*,*,#3801,.T.);
#3100=ORIENTED_EDGE('',*,*,#3799,.T.);
#3101=ORIENTED_EDGE('',*,*,#3797,.T.);
#3102=ORIENTED_EDGE('',*,*,#3795,.T.);
#3103=ORIENTED_EDGE('',*,*,#3793,.T.);
#3104=ORIENTED_EDGE('',*,*,#3791,.T.);
#3105=ORIENTED_EDGE('',*,*,#3789,.T.);
#3106=ORIENTED_EDGE('',*,*,#3787,.T.);
#3107=ORIENTED_EDGE('',*,*,#3785,.T.);
#3108=ORIENTED_EDGE('',*,*,#3783,.T.);
#3109=ORIENTED_EDGE('',*,*,#3781,.T.);
#3110=ORIENTED_EDGE('',*,*,#3917,.F.);
#3111=ORIENTED_EDGE('',*,*,#3918,.F.);
#3112=ORIENTED_EDGE('',*,*,#3919,.F.);
#3113=ORIENTED_EDGE('',*,*,#3920,.F.);
#3114=ORIENTED_EDGE('',*,*,#3921,.F.);
#3115=ORIENTED_EDGE('',*,*,#3922,.F.);
#3116=ORIENTED_EDGE('',*,*,#3923,.F.);
#3117=ORIENTED_EDGE('',*,*,#3924,.F.);
#3118=ORIENTED_EDGE('',*,*,#3925,.F.);
#3119=ORIENTED_EDGE('',*,*,#3926,.F.);
#3120=ORIENTED_EDGE('',*,*,#3927,.F.);
#3121=ORIENTED_EDGE('',*,*,#3928,.F.);
#3122=ORIENTED_EDGE('',*,*,#3839,.T.);
#3123=ORIENTED_EDGE('',*,*,#3837,.T.);
#3124=ORIENTED_EDGE('',*,*,#3835,.T.);
#3125=ORIENTED_EDGE('',*,*,#3833,.T.);
#3126=ORIENTED_EDGE('',*,*,#3831,.T.);
#3127=ORIENTED_EDGE('',*,*,#3829,.T.);
#3128=ORIENTED_EDGE('',*,*,#3827,.T.);
#3129=ORIENTED_EDGE('',*,*,#3825,.T.);
#3130=ORIENTED_EDGE('',*,*,#3823,.T.);
#3131=ORIENTED_EDGE('',*,*,#3821,.T.);
#3132=ORIENTED_EDGE('',*,*,#3819,.T.);
#3133=ORIENTED_EDGE('',*,*,#3817,.T.);
#3134=ORIENTED_EDGE('',*,*,#3815,.T.);
#3135=ORIENTED_EDGE('',*,*,#3813,.T.);
#3136=ORIENTED_EDGE('',*,*,#3811,.T.);
#3137=ORIENTED_EDGE('',*,*,#3809,.T.);
#3138=ORIENTED_EDGE('',*,*,#3807,.T.);
#3139=ORIENTED_EDGE('',*,*,#3805,.T.);
#3140=ORIENTED_EDGE('',*,*,#3929,.F.);
#3141=ORIENTED_EDGE('',*,*,#3930,.F.);
#3142=ORIENTED_EDGE('',*,*,#3931,.F.);
#3143=ORIENTED_EDGE('',*,*,#3932,.F.);
#3144=ORIENTED_EDGE('',*,*,#3865,.T.);
#3145=ORIENTED_EDGE('',*,*,#3863,.T.);
#3146=ORIENTED_EDGE('',*,*,#3861,.T.);
#3147=ORIENTED_EDGE('',*,*,#3859,.T.);
#3148=ORIENTED_EDGE('',*,*,#3857,.T.);
#3149=ORIENTED_EDGE('',*,*,#3855,.T.);
#3150=ORIENTED_EDGE('',*,*,#3853,.T.);
#3151=ORIENTED_EDGE('',*,*,#3851,.T.);
#3152=ORIENTED_EDGE('',*,*,#3849,.T.);
#3153=ORIENTED_EDGE('',*,*,#3847,.T.);
#3154=ORIENTED_EDGE('',*,*,#3845,.T.);
#3155=ORIENTED_EDGE('',*,*,#3843,.T.);
#3156=ORIENTED_EDGE('',*,*,#3841,.T.);
#3157=ORIENTED_EDGE('',*,*,#3933,.F.);
#3158=ORIENTED_EDGE('',*,*,#3934,.F.);
#3159=ORIENTED_EDGE('',*,*,#3935,.F.);
#3160=ORIENTED_EDGE('',*,*,#3866,.T.);
#3161=ORIENTED_EDGE('',*,*,#3867,.T.);
#3162=ORIENTED_EDGE('',*,*,#3893,.F.);
#3163=ORIENTED_EDGE('',*,*,#3894,.F.);
#3164=ORIENTED_EDGE('',*,*,#3895,.T.);
#3165=ORIENTED_EDGE('',*,*,#3896,.T.);
#3166=ORIENTED_EDGE('',*,*,#3936,.F.);
#3167=ORIENTED_EDGE('',*,*,#3897,.T.);
#3168=ORIENTED_EDGE('',*,*,#3937,.F.);
#3169=ORIENTED_EDGE('',*,*,#3898,.T.);
#3170=ORIENTED_EDGE('',*,*,#3938,.F.);
#3171=ORIENTED_EDGE('',*,*,#3899,.T.);
#3172=ORIENTED_EDGE('',*,*,#3939,.F.);
#3173=ORIENTED_EDGE('',*,*,#3900,.T.);
#3174=ORIENTED_EDGE('',*,*,#3940,.F.);
#3175=ORIENTED_EDGE('',*,*,#3941,.F.);
#3176=ORIENTED_EDGE('',*,*,#3901,.T.);
#3177=ORIENTED_EDGE('',*,*,#3942,.T.);
#3178=ORIENTED_EDGE('',*,*,#3943,.F.);
#3179=ORIENTED_EDGE('',*,*,#3944,.F.);
#3180=ORIENTED_EDGE('',*,*,#3902,.T.);
#3181=ORIENTED_EDGE('',*,*,#3941,.T.);
#3182=ORIENTED_EDGE('',*,*,#3945,.F.);
#3183=ORIENTED_EDGE('',*,*,#3946,.F.);
#3184=ORIENTED_EDGE('',*,*,#3903,.T.);
#3185=ORIENTED_EDGE('',*,*,#3944,.T.);
#3186=ORIENTED_EDGE('',*,*,#3947,.F.);
#3187=ORIENTED_EDGE('',*,*,#3948,.F.);
#3188=ORIENTED_EDGE('',*,*,#3904,.T.);
#3189=ORIENTED_EDGE('',*,*,#3946,.T.);
#3190=CARTESIAN_POINT('',(-18.3,-37.1950351644831,13.8301207747219));
#3191=CARTESIAN_POINT('',(-18.3,-37.0135062088996,14.0118977809653));
#3192=CARTESIAN_POINT('',(-18.3,-37.0135062088996,14.2613089245019));
#3193=ORIENTED_EDGE('',*,*,#3949,.F.);
#3194=ORIENTED_EDGE('',*,*,#3950,.F.);
#3195=ORIENTED_EDGE('',*,*,#3905,.T.);
#3196=ORIENTED_EDGE('',*,*,#3948,.T.);
#3197=CARTESIAN_POINT('',(-18.3,-37.6254378205066,13.6483437684784));
#3198=CARTESIAN_POINT('',(-18.3,-37.3765641200667,13.6483437684784));
#3199=CARTESIAN_POINT('',(-18.3,-37.1950351644831,13.8301207747219));
#3200=ORIENTED_EDGE('',*,*,#3951,.F.);
#3201=ORIENTED_EDGE('',*,*,#3952,.F.);
#3202=ORIENTED_EDGE('',*,*,#3906,.T.);
#3203=ORIENTED_EDGE('',*,*,#3950,.T.);
#3204=ORIENTED_EDGE('',*,*,#3953,.F.);
#3205=ORIENTED_EDGE('',*,*,#3954,.F.);
#3206=ORIENTED_EDGE('',*,*,#3907,.T.);
#3207=ORIENTED_EDGE('',*,*,#3952,.T.);
#3208=CARTESIAN_POINT('',(-18.3,-38.402155291133,13.8300380911685));
#3209=CARTESIAN_POINT('',(-18.3,-38.2191793733664,13.6483437684784));
#3210=CARTESIAN_POINT('',(-18.3,-37.9671223964965,13.6483437684784));
#3211=ORIENTED_EDGE('',*,*,#3955,.F.);
#3212=ORIENTED_EDGE('',*,*,#3942,.F.);
#3213=ORIENTED_EDGE('',*,*,#3908,.T.);
#3214=ORIENTED_EDGE('',*,*,#3954,.T.);
#3215=CARTESIAN_POINT('',(-18.3,-38.5851312088996,14.2613089245019));
#3216=CARTESIAN_POINT('',(-18.3,-38.5851312088996,14.0117324138587));
#3217=CARTESIAN_POINT('',(-18.3,-38.402155291133,13.8300380911685));
#3218=ORIENTED_EDGE('',*,*,#3956,.F.);
#3219=ORIENTED_EDGE('',*,*,#3957,.F.);
#3220=ORIENTED_EDGE('',*,*,#3909,.T.);
#3221=ORIENTED_EDGE('',*,*,#3958,.T.);
#3222=ORIENTED_EDGE('',*,*,#3959,.F.);
#3223=ORIENTED_EDGE('',*,*,#3960,.F.);
#3224=ORIENTED_EDGE('',*,*,#3910,.T.);
#3225=ORIENTED_EDGE('',*,*,#3957,.T.);
#3226=ORIENTED_EDGE('',*,*,#3961,.F.);
#3227=ORIENTED_EDGE('',*,*,#3962,.F.);
#3228=ORIENTED_EDGE('',*,*,#3911,.T.);
#3229=ORIENTED_EDGE('',*,*,#3960,.T.);
#3230=ORIENTED_EDGE('',*,*,#3963,.F.);
#3231=ORIENTED_EDGE('',*,*,#3964,.F.);
#3232=ORIENTED_EDGE('',*,*,#3912,.T.);
#3233=ORIENTED_EDGE('',*,*,#3962,.T.);
#3234=CARTESIAN_POINT('',(-18.3,-39.2447498331716,13.654813635407));
#3235=CARTESIAN_POINT('',(-18.3,-39.0666728755663,13.8359085427084));
#3236=CARTESIAN_POINT('',(-18.3,-39.0666728755663,14.0901152515917));
#3237=ORIENTED_EDGE('',*,*,#3965,.F.);
#3238=ORIENTED_EDGE('',*,*,#3966,.F.);
#3239=ORIENTED_EDGE('',*,*,#3913,.T.);
#3240=ORIENTED_EDGE('',*,*,#3964,.T.);
#3241=CARTESIAN_POINT('',(-18.3,-39.6764547551599,13.4737187684784));
#3242=CARTESIAN_POINT('',(-18.3,-39.4228268311498,13.4737187684784));
#3243=CARTESIAN_POINT('',(-18.3,-39.2447498331716,13.654813635407));
#3244=ORIENTED_EDGE('',*,*,#3967,.F.);
#3245=ORIENTED_EDGE('',*,*,#3968,.F.);
#3246=ORIENTED_EDGE('',*,*,#3914,.T.);
#3247=ORIENTED_EDGE('',*,*,#3966,.T.);
#3248=ORIENTED_EDGE('',*,*,#3969,.F.);
#3249=ORIENTED_EDGE('',*,*,#3970,.F.);
#3250=ORIENTED_EDGE('',*,*,#3915,.T.);
#3251=ORIENTED_EDGE('',*,*,#3968,.T.);
#3252=CARTESIAN_POINT('',(-18.3,-40.7968825084596,13.6552890658386));
#3253=CARTESIAN_POINT('',(-18.3,-40.6168004746863,13.4737187684784));
#3254=CARTESIAN_POINT('',(-18.3,-40.3611054618433,13.4737187684784));
#3255=ORIENTED_EDGE('',*,*,#3971,.F.);
#3256=ORIENTED_EDGE('',*,*,#3958,.F.);
#3257=ORIENTED_EDGE('',*,*,#3916,.T.);
#3258=ORIENTED_EDGE('',*,*,#3970,.T.);
#3259=CARTESIAN_POINT('',(-18.3,-40.9769645422329,14.0901152515917));
#3260=CARTESIAN_POINT('',(-18.3,-40.9769645422329,13.8368593631988));
#3261=CARTESIAN_POINT('',(-18.3,-40.7968825084596,13.6552890658386));
#3262=ORIENTED_EDGE('',*,*,#3972,.F.);
#3263=ORIENTED_EDGE('',*,*,#3973,.F.);
#3264=ORIENTED_EDGE('',*,*,#3917,.T.);
#3265=ORIENTED_EDGE('',*,*,#3974,.T.);
#3266=ORIENTED_EDGE('',*,*,#3975,.F.);
#3267=ORIENTED_EDGE('',*,*,#3976,.F.);
#3268=ORIENTED_EDGE('',*,*,#3918,.T.);
#3269=ORIENTED_EDGE('',*,*,#3973,.T.);
#3270=CARTESIAN_POINT('',(-18.3,-40.7970891769701,10.2156853318246));
#3271=CARTESIAN_POINT('',(-18.3,-40.6172138520801,10.0341357053528));
#3272=CARTESIAN_POINT('',(-18.3,-40.3618082720465,10.0341357053528));
#3273=ORIENTED_EDGE('',*,*,#3977,.F.);
#3274=ORIENTED_EDGE('',*,*,#3978,.F.);
#3275=ORIENTED_EDGE('',*,*,#3919,.T.);
#3276=ORIENTED_EDGE('',*,*,#3976,.T.);
#3277=CARTESIAN_POINT('',(-18.3,-40.9769645422329,10.6505321884661));
#3278=CARTESIAN_POINT('',(-18.3,-40.9769645422329,10.3972349582965));
#3279=CARTESIAN_POINT('',(-18.3,-40.7970891769701,10.2156853318246));
#3280=ORIENTED_EDGE('',*,*,#3979,.F.);
#3281=ORIENTED_EDGE('',*,*,#3980,.F.);
#3282=ORIENTED_EDGE('',*,*,#3920,.T.);
#3283=ORIENTED_EDGE('',*,*,#3978,.T.);
#3284=ORIENTED_EDGE('',*,*,#3981,.F.);
#3285=ORIENTED_EDGE('',*,*,#3982,.F.);
#3286=ORIENTED_EDGE('',*,*,#3921,.T.);
#3287=ORIENTED_EDGE('',*,*,#3980,.T.);
#3288=CARTESIAN_POINT('',(-18.3,-40.7960143311498,11.4246657980513));
#3289=CARTESIAN_POINT('',(-18.3,-40.9769645422329,11.2435708907499));
#3290=CARTESIAN_POINT('',(-18.3,-40.9769645422329,10.9927541671798));
#3291=ORIENTED_EDGE('',*,*,#3983,.F.);
#3292=ORIENTED_EDGE('',*,*,#3984,.F.);
#3293=ORIENTED_EDGE('',*,*,#3922,.T.);
#3294=ORIENTED_EDGE('',*,*,#3982,.T.);
#3295=CARTESIAN_POINT('',(-18.3,-40.3618082720465,11.6057607053528));
#3296=CARTESIAN_POINT('',(-18.3,-40.6150641200667,11.6057607053528));
#3297=CARTESIAN_POINT('',(-18.3,-40.7960143311498,11.4246657980513));
#3298=ORIENTED_EDGE('',*,*,#3985,.F.);
#3299=ORIENTED_EDGE('',*,*,#3986,.F.);
#3300=ORIENTED_EDGE('',*,*,#3923,.T.);
#3301=ORIENTED_EDGE('',*,*,#3984,.T.);
#3302=ORIENTED_EDGE('',*,*,#3987,.F.);
#3303=ORIENTED_EDGE('',*,*,#3988,.F.);
#3304=ORIENTED_EDGE('',*,*,#3924,.T.);
#3305=ORIENTED_EDGE('',*,*,#3986,.T.);
#3306=CARTESIAN_POINT('',(-18.3,-37.1946217467165,11.4245004309447));
#3307=CARTESIAN_POINT('',(-18.3,-37.3757373249063,11.6057607053528));
#3308=CARTESIAN_POINT('',(-18.3,-37.6260166053798,11.6057607053528));
#3309=ORIENTED_EDGE('',*,*,#3989,.F.);
#3310=ORIENTED_EDGE('',*,*,#3990,.F.);
#3311=ORIENTED_EDGE('',*,*,#3925,.T.);
#3312=ORIENTED_EDGE('',*,*,#3988,.T.);
#3313=CARTESIAN_POINT('',(-18.3,-37.0135062088996,10.9927541671798));
#3314=CARTESIAN_POINT('',(-18.3,-37.0135062088996,11.2432401969094));
#3315=CARTESIAN_POINT('',(-18.3,-37.1946217467165,11.4245004309447));
#3316=ORIENTED_EDGE('',*,*,#3991,.F.);
#3317=ORIENTED_EDGE('',*,*,#3992,.F.);
#3318=ORIENTED_EDGE('',*,*,#3926,.T.);
#3319=ORIENTED_EDGE('',*,*,#3990,.T.);
#3320=ORIENTED_EDGE('',*,*,#3993,.F.);
#3321=ORIENTED_EDGE('',*,*,#3994,.F.);
#3322=ORIENTED_EDGE('',*,*,#3927,.T.);
#3323=ORIENTED_EDGE('',*,*,#3992,.T.);
#3324=CARTESIAN_POINT('',(-18.3,-37.1935468605234,10.2158713698196));
#3325=CARTESIAN_POINT('',(-18.3,-37.0135062088996,10.3976070342864));
#3326=CARTESIAN_POINT('',(-18.3,-37.0135062088996,10.6505321884661));
#3327=ORIENTED_EDGE('',*,*,#3995,.F.);
#3328=ORIENTED_EDGE('',*,*,#3974,.F.);
#3329=ORIENTED_EDGE('',*,*,#3928,.T.);
#3330=ORIENTED_EDGE('',*,*,#3994,.T.);
#3331=CARTESIAN_POINT('',(-18.3,-37.6260166053798,10.0341357053528));
#3332=CARTESIAN_POINT('',(-18.3,-37.37358755252,10.0341357053528));
#3333=CARTESIAN_POINT('',(-18.3,-37.1935468605234,10.2158713698196));
#3334=ORIENTED_EDGE('',*,*,#3996,.F.);
#3335=ORIENTED_EDGE('',*,*,#3997,.F.);
#3336=ORIENTED_EDGE('',*,*,#3929,.T.);
#3337=ORIENTED_EDGE('',*,*,#3998,.T.);
#3338=ORIENTED_EDGE('',*,*,#3999,.F.);
#3339=ORIENTED_EDGE('',*,*,#4000,.F.);
#3340=ORIENTED_EDGE('',*,*,#3930,.T.);
#3341=ORIENTED_EDGE('',*,*,#3997,.T.);
#3342=ORIENTED_EDGE('',*,*,#4001,.F.);
#3343=ORIENTED_EDGE('',*,*,#4002,.F.);
#3344=ORIENTED_EDGE('',*,*,#3931,.T.);
#3345=ORIENTED_EDGE('',*,*,#4000,.T.);
#3346=ORIENTED_EDGE('',*,*,#4003,.F.);
#3347=ORIENTED_EDGE('',*,*,#3998,.F.);
#3348=ORIENTED_EDGE('',*,*,#3932,.T.);
#3349=ORIENTED_EDGE('',*,*,#4002,.T.);
#3350=ORIENTED_EDGE('',*,*,#4004,.F.);
#3351=ORIENTED_EDGE('',*,*,#4005,.F.);
#3352=ORIENTED_EDGE('',*,*,#3933,.T.);
#3353=ORIENTED_EDGE('',*,*,#4006,.T.);
#3354=ORIENTED_EDGE('',*,*,#4007,.F.);
#3355=ORIENTED_EDGE('',*,*,#4008,.F.);
#3356=ORIENTED_EDGE('',*,*,#3934,.T.);
#3357=ORIENTED_EDGE('',*,*,#4005,.T.);
#3358=ORIENTED_EDGE('',*,*,#4009,.F.);
#3359=ORIENTED_EDGE('',*,*,#4006,.F.);
#3360=ORIENTED_EDGE('',*,*,#3935,.T.);
#3361=ORIENTED_EDGE('',*,*,#4008,.T.);
#3362=ORIENTED_EDGE('',*,*,#3936,.T.);
#3363=ORIENTED_EDGE('',*,*,#4010,.T.);
#3364=ORIENTED_EDGE('',*,*,#3937,.T.);
#3365=ORIENTED_EDGE('',*,*,#4011,.T.);
#3366=ORIENTED_EDGE('',*,*,#3938,.T.);
#3367=ORIENTED_EDGE('',*,*,#4012,.T.);
#3368=ORIENTED_EDGE('',*,*,#3939,.T.);
#3369=ORIENTED_EDGE('',*,*,#4013,.T.);
#3370=ORIENTED_EDGE('',*,*,#3940,.T.);
#3371=ORIENTED_EDGE('',*,*,#3955,.T.);
#3372=ORIENTED_EDGE('',*,*,#3953,.T.);
#3373=ORIENTED_EDGE('',*,*,#3951,.T.);
#3374=ORIENTED_EDGE('',*,*,#3949,.T.);
#3375=ORIENTED_EDGE('',*,*,#3947,.T.);
#3376=ORIENTED_EDGE('',*,*,#3945,.T.);
#3377=ORIENTED_EDGE('',*,*,#3943,.T.);
#3378=ORIENTED_EDGE('',*,*,#3956,.T.);
#3379=ORIENTED_EDGE('',*,*,#3971,.T.);
#3380=ORIENTED_EDGE('',*,*,#3969,.T.);
#3381=ORIENTED_EDGE('',*,*,#3967,.T.);
#3382=ORIENTED_EDGE('',*,*,#3965,.T.);
#3383=ORIENTED_EDGE('',*,*,#3963,.T.);
#3384=ORIENTED_EDGE('',*,*,#3961,.T.);
#3385=ORIENTED_EDGE('',*,*,#3959,.T.);
#3386=ORIENTED_EDGE('',*,*,#3972,.T.);
#3387=ORIENTED_EDGE('',*,*,#3995,.T.);
#3388=ORIENTED_EDGE('',*,*,#3993,.T.);
#3389=ORIENTED_EDGE('',*,*,#3991,.T.);
#3390=ORIENTED_EDGE('',*,*,#3989,.T.);
#3391=ORIENTED_EDGE('',*,*,#3987,.T.);
#3392=ORIENTED_EDGE('',*,*,#3985,.T.);
#3393=ORIENTED_EDGE('',*,*,#3983,.T.);
#3394=ORIENTED_EDGE('',*,*,#3981,.T.);
#3395=ORIENTED_EDGE('',*,*,#3979,.T.);
#3396=ORIENTED_EDGE('',*,*,#3977,.T.);
#3397=ORIENTED_EDGE('',*,*,#3975,.T.);
#3398=ORIENTED_EDGE('',*,*,#3996,.T.);
#3399=ORIENTED_EDGE('',*,*,#4003,.T.);
#3400=ORIENTED_EDGE('',*,*,#4001,.T.);
#3401=ORIENTED_EDGE('',*,*,#3999,.T.);
#3402=ORIENTED_EDGE('',*,*,#4004,.T.);
#3403=ORIENTED_EDGE('',*,*,#4009,.T.);
#3404=ORIENTED_EDGE('',*,*,#4007,.T.);
#3405=ORIENTED_EDGE('',*,*,#4010,.F.);
#3406=ORIENTED_EDGE('',*,*,#4014,.F.);
#3407=ORIENTED_EDGE('',*,*,#4011,.F.);
#3408=ORIENTED_EDGE('',*,*,#4015,.F.);
#3409=ORIENTED_EDGE('',*,*,#4012,.F.);
#3410=ORIENTED_EDGE('',*,*,#4016,.F.);
#3411=ORIENTED_EDGE('',*,*,#4013,.F.);
#3412=ORIENTED_EDGE('',*,*,#4017,.F.);
#3413=ORIENTED_EDGE('',*,*,#4014,.T.);
#3414=ORIENTED_EDGE('',*,*,#4015,.T.);
#3415=ORIENTED_EDGE('',*,*,#4016,.T.);
#3416=ORIENTED_EDGE('',*,*,#4017,.T.);
#3417=ORIENTED_EDGE('',*,*,#3461,.T.);
#3418=ORIENTED_EDGE('',*,*,#3449,.F.);
#3419=ORIENTED_EDGE('',*,*,#4018,.F.);
#3420=ORIENTED_EDGE('',*,*,#3502,.T.);
#3421=ORIENTED_EDGE('',*,*,#4019,.T.);
#3422=ORIENTED_EDGE('',*,*,#3453,.F.);
#3423=ORIENTED_EDGE('',*,*,#3510,.T.);
#3424=ORIENTED_EDGE('',*,*,#3501,.T.);
#3425=ORIENTED_EDGE('',*,*,#4020,.T.);
#3426=ORIENTED_EDGE('',*,*,#3460,.F.);
#3427=ORIENTED_EDGE('',*,*,#4019,.F.);
#3428=ORIENTED_EDGE('',*,*,#4021,.F.);
#3429=ORIENTED_EDGE('',*,*,#3504,.T.);
#3430=ORIENTED_EDGE('',*,*,#3456,.F.);
#3431=ORIENTED_EDGE('',*,*,#4020,.F.);
#3432=ORIENTED_EDGE('',*,*,#3500,.T.);
#3433=ORIENTED_EDGE('',*,*,#3499,.T.);
#3434=ORIENTED_EDGE('',*,*,#3466,.T.);
#3435=ORIENTED_EDGE('',*,*,#3505,.F.);
#3436=ORIENTED_EDGE('',*,*,#4021,.T.);
#3437=ORIENTED_EDGE('',*,*,#3495,.T.);
#3438=ORIENTED_EDGE('',*,*,#4018,.T.);
#3439=ORIENTED_EDGE('',*,*,#3509,.F.);
#3440=ORIENTED_EDGE('',*,*,#3492,.T.);
#3441=ORIENTED_EDGE('',*,*,#3507,.T.);
#3442=ORIENTED_EDGE('',*,*,#3458,.T.);
#3443=ORIENTED_EDGE('',*,*,#3503,.F.);
#3444=ORIENTED_EDGE('',*,*,#3464,.T.);
#3445=ORIENTED_EDGE('',*,*,#3508,.T.);
#3446=ORIENTED_EDGE('',*,*,#3451,.T.);
#3447=ORIENTED_EDGE('',*,*,#3506,.F.);
#3448=ORIENTED_EDGE('',*,*,#3462,.T.);
#3449=EDGE_CURVE('',#4022,#4022,#4023,.T.);
#3450=EDGE_CURVE('',#4024,#4024,#4025,.T.);
#3451=EDGE_CURVE('',#4026,#4027,#4028,.F.);
#3452=EDGE_CURVE('',#4029,#4026,#4030,.T.);
#3453=EDGE_CURVE('',#4029,#4031,#4032,.F.);
#3454=EDGE_CURVE('',#4031,#4033,#4034,.T.);
#3455=EDGE_CURVE('',#4033,#4035,#4036,.T.);
#3456=EDGE_CURVE('',#4035,#4037,#4038,.F.);
#3457=EDGE_CURVE('',#4039,#4037,#4040,.T.);
#3458=EDGE_CURVE('',#4041,#4039,#4042,.F.);
#3459=EDGE_CURVE('',#4027,#4041,#4043,.T.);
#3460=EDGE_CURVE('',#4031,#4035,#4044,.F.);
#3461=EDGE_CURVE('',#4045,#4045,#4046,.T.);
#3462=EDGE_CURVE('',#4047,#4048,#4049,.F.);
#3463=EDGE_CURVE('',#4047,#4050,#4051,.T.);
#3464=EDGE_CURVE('',#4052,#4050,#4053,.F.);
#3465=EDGE_CURVE('',#4052,#4054,#4055,.T.);
#3466=EDGE_CURVE('',#4056,#4054,#4057,.F.);
#3467=EDGE_CURVE('',#4058,#4056,#4059,.T.);
#3468=EDGE_CURVE('',#4060,#4058,#4061,.F.);
#3469=EDGE_CURVE('',#4062,#4060,#4063,.T.);
#3470=EDGE_CURVE('',#4064,#4062,#4065,.T.);
#3471=EDGE_CURVE('',#4066,#4064,#4067,.T.);
#3472=EDGE_CURVE('',#4068,#4066,#4069,.T.);
#3473=EDGE_CURVE('',#4070,#4068,#4071,.T.);
#3474=EDGE_CURVE('',#4072,#4070,#4073,.F.);
#3475=EDGE_CURVE('',#4074,#4072,#4075,.T.);
#3476=EDGE_CURVE('',#4076,#4074,#4077,.F.);
#3477=EDGE_CURVE('',#4078,#4076,#4079,.T.);
#3478=EDGE_CURVE('',#4080,#4078,#4081,.F.);
#3479=EDGE_CURVE('',#4082,#4080,#4083,.T.);
#3480=EDGE_CURVE('',#4084,#4082,#4085,.F.);
#3481=EDGE_CURVE('',#4086,#4084,#4087,.T.);
#3482=EDGE_CURVE('',#4088,#4086,#4089,.F.);
#3483=EDGE_CURVE('',#4090,#4088,#4091,.T.);
#3484=EDGE_CURVE('',#4092,#4090,#4093,.F.);
#3485=EDGE_CURVE('',#4094,#4092,#4095,.T.);
#3486=EDGE_CURVE('',#4096,#4094,#4097,.T.);
#3487=EDGE_CURVE('',#4098,#4096,#4099,.T.);
#3488=EDGE_CURVE('',#4100,#4098,#4101,.T.);
#3489=EDGE_CURVE('',#4102,#4100,#4103,.T.);
#3490=EDGE_CURVE('',#4104,#4102,#4105,.F.);
#3491=EDGE_CURVE('',#4106,#4104,#4107,.T.);
#3492=EDGE_CURVE('',#4108,#4106,#4109,.F.);
#3493=EDGE_CURVE('',#4108,#4048,#4110,.T.);
#3494=EDGE_CURVE('',#4111,#4111,#4112,.T.);
#3495=EDGE_CURVE('',#4106,#4113,#4114,.F.);
#3496=EDGE_CURVE('',#4104,#4115,#4116,.T.);
#3497=EDGE_CURVE('',#4115,#4117,#4118,.T.);
#3498=EDGE_CURVE('',#4058,#4117,#4119,.T.);
#3499=EDGE_CURVE('',#4120,#4056,#4121,.F.);
#3500=EDGE_CURVE('',#4122,#4120,#4123,.F.);
#3501=EDGE_CURVE('',#4124,#4122,#4125,.F.);
#3502=EDGE_CURVE('',#4113,#4124,#4126,.F.);
#3503=EDGE_CURVE('',#4052,#4039,#4127,.T.);
#3504=EDGE_CURVE('',#4128,#4037,#4129,.F.);
#3505=EDGE_CURVE('',#4128,#4054,#4130,.F.);
#3506=EDGE_CURVE('',#4047,#4027,#4131,.T.);
#3507=EDGE_CURVE('',#4050,#4041,#4132,.T.);
#3508=EDGE_CURVE('',#4048,#4026,#4133,.T.);
#3509=EDGE_CURVE('',#4108,#4134,#4135,.F.);
#3510=EDGE_CURVE('',#4029,#4134,#4136,.T.);
#3511=EDGE_CURVE('',#4080,#4137,#4138,.T.);
#3512=EDGE_CURVE('',#4078,#4139,#4140,.T.);
#3513=EDGE_CURVE('',#4139,#4137,#4141,.F.);
#3514=EDGE_CURVE('',#4142,#4137,#4143,.T.);
#3515=EDGE_CURVE('',#4082,#4142,#4144,.T.);
#3516=EDGE_CURVE('',#4084,#4145,#4146,.T.);
#3517=EDGE_CURVE('',#4142,#4145,#4147,.F.);
#3518=EDGE_CURVE('',#4148,#4145,#4149,.T.);
#3519=EDGE_CURVE('',#4150,#4148,#4151,.F.);
#3520=EDGE_CURVE('',#4150,#4086,#4152,.T.);
#3521=EDGE_CURVE('',#4153,#4088,#4154,.T.);
#3522=EDGE_CURVE('',#4150,#4153,#4155,.T.);
#3523=EDGE_CURVE('',#4156,#4153,#4157,.T.);
#3524=EDGE_CURVE('',#4158,#4156,#4159,.T.);
#3525=EDGE_CURVE('',#4160,#4158,#4161,.T.);
#3526=EDGE_CURVE('',#4074,#4160,#4162,.T.);
#3527=EDGE_CURVE('',#4072,#4163,#4164,.T.);
#3528=EDGE_CURVE('',#4165,#4163,#4166,.T.);
#3529=EDGE_CURVE('',#4090,#4165,#4167,.T.);
#3530=EDGE_CURVE('',#4092,#4168,#4169,.T.);
#3531=EDGE_CURVE('',#4165,#4168,#4170,.F.);
#3532=EDGE_CURVE('',#4094,#4171,#4172,.T.);
#3533=EDGE_CURVE('',#4171,#4168,#4173,.T.);
#3534=EDGE_CURVE('',#4174,#4096,#4175,.F.);
#3535=EDGE_CURVE('',#4174,#4171,#4176,.T.);
#3536=EDGE_CURVE('',#4177,#4174,#4178,.T.);
#3537=EDGE_CURVE('',#4098,#4177,#4179,.T.);
#3538=EDGE_CURVE('',#4180,#4181,#4182,.F.);
#3539=EDGE_CURVE('',#4181,#4180,#4183,.F.);
#3540=EDGE_CURVE('',#4184,#4100,#4185,.F.);
#3541=EDGE_CURVE('',#4184,#4177,#4186,.T.);
#3542=EDGE_CURVE('',#4187,#4188,#4189,.F.);
#3543=EDGE_CURVE('',#4187,#4190,#4191,.F.);
#3544=EDGE_CURVE('',#4192,#4190,#4193,.F.);
#3545=EDGE_CURVE('',#4102,#4192,#4194,.T.);
#3546=EDGE_CURVE('',#4188,#4184,#4195,.T.);
#3547=EDGE_CURVE('',#4196,#4192,#4197,.F.);
#3548=EDGE_CURVE('',#4196,#4115,#4198,.T.);
#3549=EDGE_CURVE('',#4199,#4200,#4201,.F.);
#3550=EDGE_CURVE('',#4060,#4199,#4202,.T.);
#3551=EDGE_CURVE('',#4117,#4200,#4203,.T.);
#3552=EDGE_CURVE('',#4204,#4205,#4206,.F.);
#3553=EDGE_CURVE('',#4207,#4204,#4208,.T.);
#3554=EDGE_CURVE('',#4062,#4207,#4209,.T.);
#3555=EDGE_CURVE('',#4210,#4199,#4211,.F.);
#3556=EDGE_CURVE('',#4210,#4205,#4212,.F.);
#3557=EDGE_CURVE('',#4213,#4064,#4214,.F.);
#3558=EDGE_CURVE('',#4213,#4207,#4215,.T.);
#3559=EDGE_CURVE('',#4066,#4216,#4217,.T.);
#3560=EDGE_CURVE('',#4216,#4213,#4218,.T.);
#3561=EDGE_CURVE('',#4219,#4068,#4220,.F.);
#3562=EDGE_CURVE('',#4219,#4216,#4221,.T.);
#3563=EDGE_CURVE('',#4222,#4219,#4223,.T.);
#3564=EDGE_CURVE('',#4070,#4222,#4224,.T.);
#3565=EDGE_CURVE('',#4222,#4163,#4225,.F.);
#3566=EDGE_CURVE('',#4160,#4226,#4227,.F.);
#3567=EDGE_CURVE('',#4076,#4226,#4228,.T.);
#3568=EDGE_CURVE('',#4229,#4226,#4230,.T.);
#3569=EDGE_CURVE('',#4139,#4229,#4231,.T.);
#3570=EDGE_CURVE('',#4232,#4232,#4233,.T.);
#3571=EDGE_CURVE('',#4234,#4235,#4236,.F.);
#3572=EDGE_CURVE('',#4235,#4237,#4238,.T.);
#3573=EDGE_CURVE('',#4237,#4239,#4240,.F.);
#3574=EDGE_CURVE('',#4239,#4200,#4241,.T.);
#3575=EDGE_CURVE('',#4196,#4234,#4242,.T.);
#3576=EDGE_CURVE('',#4243,#4244,#4245,.F.);
#3577=EDGE_CURVE('',#4244,#4246,#4247,.F.);
#3578=EDGE_CURVE('',#4246,#4248,#4249,.F.);
#3579=EDGE_CURVE('',#4248,#4250,#4251,.F.);
#3580=EDGE_CURVE('',#4250,#4252,#4253,.F.);
#3581=EDGE_CURVE('',#4252,#4254,#4255,.F.);
#3582=EDGE_CURVE('',#4254,#4256,#4257,.F.);
#3583=EDGE_CURVE('',#4256,#4258,#4259,.F.);
#3584=EDGE_CURVE('',#4258,#4243,#4260,.F.);
#3585=EDGE_CURVE('',#4261,#4262,#4263,.F.);
#3586=EDGE_CURVE('',#4262,#4264,#4265,.F.);
#3587=EDGE_CURVE('',#4264,#4266,#4267,.F.);
#3588=EDGE_CURVE('',#4266,#4268,#4269,.F.);
#3589=EDGE_CURVE('',#4268,#4270,#4271,.F.);
#3590=EDGE_CURVE('',#4270,#4272,#4273,.F.);
#3591=EDGE_CURVE('',#4272,#4274,#4275,.F.);
#3592=EDGE_CURVE('',#4274,#4276,#4277,.F.);
#3593=EDGE_CURVE('',#4276,#4278,#4279,.F.);
#3594=EDGE_CURVE('',#4278,#4280,#4281,.F.);
#3595=EDGE_CURVE('',#4280,#4282,#4283,.F.);
#3596=EDGE_CURVE('',#4282,#4284,#4285,.F.);
#3597=EDGE_CURVE('',#4284,#4286,#4287,.F.);
#3598=EDGE_CURVE('',#4286,#4261,#4288,.F.);
#3599=EDGE_CURVE('',#4289,#4290,#4291,.F.);
#3600=EDGE_CURVE('',#4290,#4292,#4293,.F.);
#3601=EDGE_CURVE('',#4292,#4294,#4295,.F.);
#3602=EDGE_CURVE('',#4294,#4296,#4297,.F.);
#3603=EDGE_CURVE('',#4296,#4298,#4299,.F.);
#3604=EDGE_CURVE('',#4298,#4300,#4301,.F.);
#3605=EDGE_CURVE('',#4300,#4302,#4303,.F.);
#3606=EDGE_CURVE('',#4302,#4304,#4305,.F.);
#3607=EDGE_CURVE('',#4304,#4306,#4307,.F.);
#3608=EDGE_CURVE('',#4306,#4308,#4309,.F.);
#3609=EDGE_CURVE('',#4308,#4310,#4311,.F.);
#3610=EDGE_CURVE('',#4310,#4312,#4313,.F.);
#3611=EDGE_CURVE('',#4312,#4314,#4315,.F.);
#3612=EDGE_CURVE('',#4314,#4289,#4316,.F.);
#3613=EDGE_CURVE('',#4317,#4318,#4319,.F.);
#3614=EDGE_CURVE('',#4318,#4320,#4321,.F.);
#3615=EDGE_CURVE('',#4320,#4322,#4323,.F.);
#3616=EDGE_CURVE('',#4322,#4324,#4325,.F.);
#3617=EDGE_CURVE('',#4324,#4326,#4327,.F.);
#3618=EDGE_CURVE('',#4326,#4328,#4329,.F.);
#3619=EDGE_CURVE('',#4328,#4330,#4331,.F.);
#3620=EDGE_CURVE('',#4330,#4332,#4333,.F.);
#3621=EDGE_CURVE('',#4332,#4334,#4335,.F.);
#3622=EDGE_CURVE('',#4334,#4336,#4337,.F.);
#3623=EDGE_CURVE('',#4336,#4338,#4339,.F.);
#3624=EDGE_CURVE('',#4338,#4317,#4340,.F.);
#3625=EDGE_CURVE('',#4341,#4342,#4343,.F.);
#3626=EDGE_CURVE('',#4342,#4344,#4345,.F.);
#3627=EDGE_CURVE('',#4344,#4346,#4347,.F.);
#3628=EDGE_CURVE('',#4346,#4348,#4349,.F.);
#3629=EDGE_CURVE('',#4348,#4350,#4351,.F.);
#3630=EDGE_CURVE('',#4350,#4352,#4353,.F.);
#3631=EDGE_CURVE('',#4352,#4354,#4355,.F.);
#3632=EDGE_CURVE('',#4354,#4356,#4357,.F.);
#3633=EDGE_CURVE('',#4356,#4358,#4359,.F.);
#3634=EDGE_CURVE('',#4358,#4360,#4361,.F.);
#3635=EDGE_CURVE('',#4360,#4362,#4363,.F.);
#3636=EDGE_CURVE('',#4362,#4364,#4365,.F.);
#3637=EDGE_CURVE('',#4364,#4366,#4367,.F.);
#3638=EDGE_CURVE('',#4366,#4368,#4369,.F.);
#3639=EDGE_CURVE('',#4368,#4370,#4371,.F.);
#3640=EDGE_CURVE('',#4370,#4372,#4373,.F.);
#3641=EDGE_CURVE('',#4372,#4374,#4375,.F.);
#3642=EDGE_CURVE('',#4374,#4341,#4376,.F.);
#3643=EDGE_CURVE('',#4377,#4378,#4379,.F.);
#3644=EDGE_CURVE('',#4378,#4380,#4381,.F.);
#3645=EDGE_CURVE('',#4380,#4382,#4383,.F.);
#3646=EDGE_CURVE('',#4382,#4384,#4385,.F.);
#3647=EDGE_CURVE('',#4384,#4386,#4387,.F.);
#3648=EDGE_CURVE('',#4386,#4388,#4389,.F.);
#3649=EDGE_CURVE('',#4388,#4390,#4391,.F.);
#3650=EDGE_CURVE('',#4390,#4392,#4393,.F.);
#3651=EDGE_CURVE('',#4392,#4394,#4395,.F.);
#3652=EDGE_CURVE('',#4394,#4396,#4397,.F.);
#3653=EDGE_CURVE('',#4396,#4398,#4399,.F.);
#3654=EDGE_CURVE('',#4398,#4400,#4401,.F.);
#3655=EDGE_CURVE('',#4400,#4377,#4402,.F.);
#3656=EDGE_CURVE('',#4403,#4403,#4404,.F.);
#3657=EDGE_CURVE('',#4405,#4405,#4406,.F.);
#3658=EDGE_CURVE('',#4229,#4407,#4408,.T.);
#3659=EDGE_CURVE('',#4407,#4409,#4410,.F.);
#3660=EDGE_CURVE('',#4409,#4411,#4412,.F.);
#3661=EDGE_CURVE('',#4411,#4148,#4413,.T.);
#3662=EDGE_CURVE('',#4156,#4411,#4414,.T.);
#3663=EDGE_CURVE('',#4407,#4411,#4415,.T.);
#3664=EDGE_CURVE('',#4158,#4407,#4416,.T.);
#3665=EDGE_CURVE('',#4417,#4188,#4418,.F.);
#3666=EDGE_CURVE('',#4204,#4419,#4420,.F.);
#3667=EDGE_CURVE('',#4421,#4419,#4422,.T.);
#3668=EDGE_CURVE('',#4421,#4423,#4424,.T.);
#3669=EDGE_CURVE('',#4425,#4423,#4426,.T.);
#3670=EDGE_CURVE('',#4425,#4427,#4428,.T.);
#3671=EDGE_CURVE('',#4429,#4427,#4430,.T.);
#3672=EDGE_CURVE('',#4429,#4431,#4432,.F.);
#3673=EDGE_CURVE('',#4433,#4431,#4434,.T.);
#3674=EDGE_CURVE('',#4433,#4435,#4436,.F.);
#3675=EDGE_CURVE('',#4437,#4435,#4438,.T.);
#3676=EDGE_CURVE('',#4437,#4439,#4440,.T.);
#3677=EDGE_CURVE('',#4441,#4439,#4442,.T.);
#3678=EDGE_CURVE('',#4441,#4443,#4444,.T.);
#3679=EDGE_CURVE('',#4417,#4443,#4445,.T.);
#3680=EDGE_CURVE('',#4446,#4446,#4447,.T.);
#3681=EDGE_CURVE('',#4448,#4448,#4449,.T.);
#3682=EDGE_CURVE('',#4450,#4450,#4451,.F.);
#3683=EDGE_CURVE('',#4452,#4452,#4453,.F.);
#3684=EDGE_CURVE('',#4454,#4455,#4456,.T.);
#3685=EDGE_CURVE('',#4454,#4181,#4457,.T.);
#3686=EDGE_CURVE('',#4455,#4180,#4458,.T.);
#3687=EDGE_CURVE('',#4455,#4454,#4459,.T.);
#3688=EDGE_CURVE('',#4417,#4460,#4461,.F.);
#3689=EDGE_CURVE('',#4460,#4187,#4462,.F.);
#3690=EDGE_CURVE('',#4463,#4460,#4464,.T.);
#3691=EDGE_CURVE('',#4190,#4463,#4465,.T.);
#3692=EDGE_CURVE('',#4234,#4463,#4466,.F.);
#3693=EDGE_CURVE('',#4467,#4239,#4468,.T.);
#3694=EDGE_CURVE('',#4467,#4210,#4469,.T.);
#3695=EDGE_CURVE('',#4205,#4470,#4471,.F.);
#3696=EDGE_CURVE('',#4470,#4419,#4472,.F.);
#3697=EDGE_CURVE('',#4470,#4467,#4473,.T.);
#3698=EDGE_CURVE('',#4474,#4474,#4475,.T.);
#3699=EDGE_CURVE('',#4463,#4476,#4477,.F.);
#3700=EDGE_CURVE('',#4476,#4235,#4478,.F.);
#3701=EDGE_CURVE('',#4476,#4479,#4480,.F.);
#3702=EDGE_CURVE('',#4479,#4481,#4482,.T.);
#3703=EDGE_CURVE('',#4481,#4483,#4484,.F.);
#3704=EDGE_CURVE('',#4237,#4483,#4485,.F.);
#3705=EDGE_CURVE('',#4483,#4467,#4486,.F.);
#3706=EDGE_CURVE('',#4487,#4243,#4488,.T.);
#3707=EDGE_CURVE('',#4489,#4487,#4490,.T.);
#3708=EDGE_CURVE('',#4489,#4244,#4491,.T.);
#3709=EDGE_CURVE('',#4492,#4489,#4493,.T.);
#3710=EDGE_CURVE('',#4492,#4246,#4494,.T.);
#3711=EDGE_CURVE('',#4495,#4492,#4496,.T.);
#3712=EDGE_CURVE('',#4495,#4248,#4497,.T.);
#3713=EDGE_CURVE('',#4498,#4495,#4499,.T.);
#3714=EDGE_CURVE('',#4498,#4250,#4500,.T.);
#3715=EDGE_CURVE('',#4501,#4498,#4502,.T.);
#3716=EDGE_CURVE('',#4501,#4252,#4503,.T.);
#3717=EDGE_CURVE('',#4504,#4501,#4505,.T.);
#3718=EDGE_CURVE('',#4504,#4254,#4506,.T.);
#3719=EDGE_CURVE('',#4507,#4504,#4508,.T.);
#3720=EDGE_CURVE('',#4507,#4256,#4509,.T.);
#3721=EDGE_CURVE('',#4510,#4507,#4511,.T.);
#3722=EDGE_CURVE('',#4510,#4258,#4512,.T.);
#3723=EDGE_CURVE('',#4487,#4510,#4513,.T.);
#3724=EDGE_CURVE('',#4514,#4261,#4515,.T.);
#3725=EDGE_CURVE('',#4516,#4514,#4517,.T.);
#3726=EDGE_CURVE('',#4516,#4262,#4518,.T.);
#3727=EDGE_CURVE('',#4519,#4516,#4520,.T.);
#3728=EDGE_CURVE('',#4519,#4264,#4521,.T.);
#3729=EDGE_CURVE('',#4522,#4519,#4523,.T.);
#3730=EDGE_CURVE('',#4522,#4266,#4524,.T.);
#3731=EDGE_CURVE('',#4525,#4522,#4526,.T.);
#3732=EDGE_CURVE('',#4525,#4268,#4527,.T.);
#3733=EDGE_CURVE('',#4528,#4525,#4529,.T.);
#3734=EDGE_CURVE('',#4528,#4270,#4530,.T.);
#3735=EDGE_CURVE('',#4531,#4528,#4532,.T.);
#3736=EDGE_CURVE('',#4531,#4272,#4533,.T.);
#3737=EDGE_CURVE('',#4534,#4531,#4535,.T.);
#3738=EDGE_CURVE('',#4534,#4274,#4536,.T.);
#3739=EDGE_CURVE('',#4537,#4534,#4538,.T.);
#3740=EDGE_CURVE('',#4537,#4276,#4539,.T.);
#3741=EDGE_CURVE('',#4540,#4537,#4541,.T.);
#3742=EDGE_CURVE('',#4540,#4278,#4542,.T.);
#3743=EDGE_CURVE('',#4543,#4540,#4544,.T.);
#3744=EDGE_CURVE('',#4543,#4280,#4545,.T.);
#3745=EDGE_CURVE('',#4546,#4543,#4547,.T.);
#3746=EDGE_CURVE('',#4546,#4282,#4548,.T.);
#3747=EDGE_CURVE('',#4549,#4546,#4550,.T.);
#3748=EDGE_CURVE('',#4549,#4284,#4551,.T.);
#3749=EDGE_CURVE('',#4552,#4549,#4553,.T.);
#3750=EDGE_CURVE('',#4552,#4286,#4554,.T.);
#3751=EDGE_CURVE('',#4514,#4552,#4555,.T.);
#3752=EDGE_CURVE('',#4556,#4289,#4557,.T.);
#3753=EDGE_CURVE('',#4558,#4556,#4559,.T.);
#3754=EDGE_CURVE('',#4558,#4290,#4560,.T.);
#3755=EDGE_CURVE('',#4561,#4558,#4562,.T.);
#3756=EDGE_CURVE('',#4561,#4292,#4563,.T.);
#3757=EDGE_CURVE('',#4564,#4561,#4565,.T.);
#3758=EDGE_CURVE('',#4564,#4294,#4566,.T.);
#3759=EDGE_CURVE('',#4567,#4564,#4568,.T.);
#3760=EDGE_CURVE('',#4567,#4296,#4569,.T.);
#3761=EDGE_CURVE('',#4570,#4567,#4571,.T.);
#3762=EDGE_CURVE('',#4570,#4298,#4572,.T.);
#3763=EDGE_CURVE('',#4573,#4570,#4574,.T.);
#3764=EDGE_CURVE('',#4573,#4300,#4575,.T.);
#3765=EDGE_CURVE('',#4576,#4573,#4577,.T.);
#3766=EDGE_CURVE('',#4576,#4302,#4578,.T.);
#3767=EDGE_CURVE('',#4579,#4576,#4580,.T.);
#3768=EDGE_CURVE('',#4579,#4304,#4581,.T.);
#3769=EDGE_CURVE('',#4582,#4579,#4583,.T.);
#3770=EDGE_CURVE('',#4582,#4306,#4584,.T.);
#3771=EDGE_CURVE('',#4585,#4582,#4586,.T.);
#3772=EDGE_CURVE('',#4585,#4308,#4587,.T.);
#3773=EDGE_CURVE('',#4588,#4585,#4589,.T.);
#3774=EDGE_CURVE('',#4588,#4310,#4590,.T.);
#3775=EDGE_CURVE('',#4591,#4588,#4592,.T.);
#3776=EDGE_CURVE('',#4591,#4312,#4593,.T.);
#3777=EDGE_CURVE('',#4594,#4591,#4595,.T.);
#3778=EDGE_CURVE('',#4594,#4314,#4596,.T.);
#3779=EDGE_CURVE('',#4556,#4594,#4597,.T.);
#3780=EDGE_CURVE('',#4598,#4317,#4599,.T.);
#3781=EDGE_CURVE('',#4600,#4598,#4601,.T.);
#3782=EDGE_CURVE('',#4600,#4318,#4602,.T.);
#3783=EDGE_CURVE('',#4603,#4600,#4604,.T.);
#3784=EDGE_CURVE('',#4603,#4320,#4605,.T.);
#3785=EDGE_CURVE('',#4606,#4603,#4607,.T.);
#3786=EDGE_CURVE('',#4606,#4322,#4608,.T.);
#3787=EDGE_CURVE('',#4609,#4606,#4610,.T.);
#3788=EDGE_CURVE('',#4609,#4324,#4611,.T.);
#3789=EDGE_CURVE('',#4612,#4609,#4613,.T.);
#3790=EDGE_CURVE('',#4612,#4326,#4614,.T.);
#3791=EDGE_CURVE('',#4615,#4612,#4616,.T.);
#3792=EDGE_CURVE('',#4615,#4328,#4617,.T.);
#3793=EDGE_CURVE('',#4618,#4615,#4619,.T.);
#3794=EDGE_CURVE('',#4618,#4330,#4620,.T.);
#3795=EDGE_CURVE('',#4621,#4618,#4622,.T.);
#3796=EDGE_CURVE('',#4621,#4332,#4623,.T.);
#3797=EDGE_CURVE('',#4624,#4621,#4625,.T.);
#3798=EDGE_CURVE('',#4624,#4334,#4626,.T.);
#3799=EDGE_CURVE('',#4627,#4624,#4628,.T.);
#3800=EDGE_CURVE('',#4627,#4336,#4629,.T.);
#3801=EDGE_CURVE('',#4630,#4627,#4631,.T.);
#3802=EDGE_CURVE('',#4630,#4338,#4632,.T.);
#3803=EDGE_CURVE('',#4598,#4630,#4633,.T.);
#3804=EDGE_CURVE('',#4634,#4341,#4635,.T.);
#3805=EDGE_CURVE('',#4636,#4634,#4637,.T.);
#3806=EDGE_CURVE('',#4636,#4342,#4638,.T.);
#3807=EDGE_CURVE('',#4639,#4636,#4640,.T.);
#3808=EDGE_CURVE('',#4639,#4344,#4641,.T.);
#3809=EDGE_CURVE('',#4642,#4639,#4643,.T.);
#3810=EDGE_CURVE('',#4642,#4346,#4644,.T.);
#3811=EDGE_CURVE('',#4645,#4642,#4646,.T.);
#3812=EDGE_CURVE('',#4645,#4348,#4647,.T.);
#3813=EDGE_CURVE('',#4648,#4645,#4649,.T.);
#3814=EDGE_CURVE('',#4648,#4350,#4650,.T.);
#3815=EDGE_CURVE('',#4651,#4648,#4652,.T.);
#3816=EDGE_CURVE('',#4651,#4352,#4653,.T.);
#3817=EDGE_CURVE('',#4654,#4651,#4655,.T.);
#3818=EDGE_CURVE('',#4654,#4354,#4656,.T.);
#3819=EDGE_CURVE('',#4657,#4654,#4658,.T.);
#3820=EDGE_CURVE('',#4657,#4356,#4659,.T.);
#3821=EDGE_CURVE('',#4660,#4657,#4661,.T.);
#3822=EDGE_CURVE('',#4660,#4358,#4662,.T.);
#3823=EDGE_CURVE('',#4663,#4660,#4664,.T.);
#3824=EDGE_CURVE('',#4663,#4360,#4665,.T.);
#3825=EDGE_CURVE('',#4666,#4663,#4667,.T.);
#3826=EDGE_CURVE('',#4666,#4362,#4668,.T.);
#3827=EDGE_CURVE('',#4669,#4666,#4670,.T.);
#3828=EDGE_CURVE('',#4669,#4364,#4671,.T.);
#3829=EDGE_CURVE('',#4672,#4669,#4673,.T.);
#3830=EDGE_CURVE('',#4672,#4366,#4674,.T.);
#3831=EDGE_CURVE('',#4675,#4672,#4676,.T.);
#3832=EDGE_CURVE('',#4675,#4368,#4677,.T.);
#3833=EDGE_CURVE('',#4678,#4675,#4679,.T.);
#3834=EDGE_CURVE('',#4678,#4370,#4680,.T.);
#3835=EDGE_CURVE('',#4681,#4678,#4682,.T.);
#3836=EDGE_CURVE('',#4681,#4372,#4683,.T.);
#3837=EDGE_CURVE('',#4684,#4681,#4685,.T.);
#3838=EDGE_CURVE('',#4684,#4374,#4686,.T.);
#3839=EDGE_CURVE('',#4634,#4684,#4687,.T.);
#3840=EDGE_CURVE('',#4688,#4377,#4689,.T.);
#3841=EDGE_CURVE('',#4690,#4688,#4691,.T.);
#3842=EDGE_CURVE('',#4690,#4378,#4692,.T.);
#3843=EDGE_CURVE('',#4693,#4690,#4694,.T.);
#3844=EDGE_CURVE('',#4693,#4380,#4695,.T.);
#3845=EDGE_CURVE('',#4696,#4693,#4697,.T.);
#3846=EDGE_CURVE('',#4696,#4382,#4698,.T.);
#3847=EDGE_CURVE('',#4699,#4696,#4700,.T.);
#3848=EDGE_CURVE('',#4699,#4384,#4701,.T.);
#3849=EDGE_CURVE('',#4702,#4699,#4703,.T.);
#3850=EDGE_CURVE('',#4702,#4386,#4704,.T.);
#3851=EDGE_CURVE('',#4705,#4702,#4706,.T.);
#3852=EDGE_CURVE('',#4705,#4388,#4707,.T.);
#3853=EDGE_CURVE('',#4708,#4705,#4709,.T.);
#3854=EDGE_CURVE('',#4708,#4390,#4710,.T.);
#3855=EDGE_CURVE('',#4711,#4708,#4712,.T.);
#3856=EDGE_CURVE('',#4711,#4392,#4713,.T.);
#3857=EDGE_CURVE('',#4714,#4711,#4715,.T.);
#3858=EDGE_CURVE('',#4714,#4394,#4716,.T.);
#3859=EDGE_CURVE('',#4717,#4714,#4718,.T.);
#3860=EDGE_CURVE('',#4717,#4396,#4719,.T.);
#3861=EDGE_CURVE('',#4720,#4717,#4721,.T.);
#3862=EDGE_CURVE('',#4720,#4398,#4722,.T.);
#3863=EDGE_CURVE('',#4723,#4720,#4724,.T.);
#3864=EDGE_CURVE('',#4723,#4400,#4725,.T.);
#3865=EDGE_CURVE('',#4688,#4723,#4726,.T.);
#3866=EDGE_CURVE('',#4727,#4727,#4728,.T.);
#3867=EDGE_CURVE('',#4729,#4729,#4730,.T.);
#3868=EDGE_CURVE('',#4731,#4481,#4732,.T.);
#3869=EDGE_CURVE('',#4421,#4731,#4733,.F.);
#3870=EDGE_CURVE('',#4734,#4423,#4735,.T.);
#3871=EDGE_CURVE('',#4731,#4734,#4736,.T.);
#3872=EDGE_CURVE('',#4425,#4737,#4738,.F.);
#3873=EDGE_CURVE('',#4737,#4734,#4739,.T.);
#3874=EDGE_CURVE('',#4740,#4427,#4741,.T.);
#3875=EDGE_CURVE('',#4737,#4740,#4742,.T.);
#3876=EDGE_CURVE('',#4743,#4740,#4744,.T.);
#3877=EDGE_CURVE('',#4743,#4429,#4745,.T.);
#3878=EDGE_CURVE('',#4746,#4431,#4747,.T.);
#3879=EDGE_CURVE('',#4746,#4743,#4748,.F.);
#3880=EDGE_CURVE('',#4749,#4433,#4750,.T.);
#3881=EDGE_CURVE('',#4749,#4746,#4751,.T.);
#3882=EDGE_CURVE('',#4752,#4435,#4753,.T.);
#3883=EDGE_CURVE('',#4752,#4749,#4754,.F.);
#3884=EDGE_CURVE('',#4437,#4755,#4756,.F.);
#3885=EDGE_CURVE('',#4755,#4752,#4757,.T.);
#3886=EDGE_CURVE('',#4755,#4758,#4759,.T.);
#3887=EDGE_CURVE('',#4758,#4439,#4760,.T.);
#3888=EDGE_CURVE('',#4761,#4758,#4762,.T.);
#3889=EDGE_CURVE('',#4441,#4761,#4763,.F.);
#3890=EDGE_CURVE('',#4761,#4764,#4765,.T.);
#3891=EDGE_CURVE('',#4764,#4443,#4766,.T.);
#3892=EDGE_CURVE('',#4479,#4764,#4767,.T.);
#3893=EDGE_CURVE('',#4768,#4768,#4769,.T.);
#3894=EDGE_CURVE('',#4770,#4770,#4771,.T.);
#3895=EDGE_CURVE('',#4772,#4772,#4773,.T.);
#3896=EDGE_CURVE('',#4774,#4774,#4775,.T.);
#3897=EDGE_CURVE('',#4776,#4776,#4777,.T.);
#3898=EDGE_CURVE('',#4778,#4778,#4779,.T.);
#3899=EDGE_CURVE('',#4780,#4780,#4781,.T.);
#3900=EDGE_CURVE('',#4782,#4782,#4783,.T.);
#3901=EDGE_CURVE('',#4784,#4785,#4786,.T.);
#3902=EDGE_CURVE('',#4787,#4784,#4788,.T.);
#3903=EDGE_CURVE('',#4789,#4787,#4790,.T.);
#3904=EDGE_CURVE('',#4791,#4789,#4792,.T.);
#3905=EDGE_CURVE('',#4793,#4791,#4794,.T.);
#3906=EDGE_CURVE('',#4795,#4793,#4796,.T.);
#3907=EDGE_CURVE('',#4797,#4795,#4798,.T.);
#3908=EDGE_CURVE('',#4785,#4797,#4799,.T.);
#3909=EDGE_CURVE('',#4800,#4801,#4802,.T.);
#3910=EDGE_CURVE('',#4803,#4800,#4804,.T.);
#3911=EDGE_CURVE('',#4805,#4803,#4806,.T.);
#3912=EDGE_CURVE('',#4807,#4805,#4808,.T.);
#3913=EDGE_CURVE('',#4809,#4807,#4810,.T.);
#3914=EDGE_CURVE('',#4811,#4809,#4812,.T.);
#3915=EDGE_CURVE('',#4813,#4811,#4814,.T.);
#3916=EDGE_CURVE('',#4801,#4813,#4815,.T.);
#3917=EDGE_CURVE('',#4816,#4817,#4818,.T.);
#3918=EDGE_CURVE('',#4819,#4816,#4820,.T.);
#3919=EDGE_CURVE('',#4821,#4819,#4822,.T.);
#3920=EDGE_CURVE('',#4823,#4821,#4824,.T.);
#3921=EDGE_CURVE('',#4825,#4823,#4826,.T.);
#3922=EDGE_CURVE('',#4827,#4825,#4828,.T.);
#3923=EDGE_CURVE('',#4829,#4827,#4830,.T.);
#3924=EDGE_CURVE('',#4831,#4829,#4832,.T.);
#3925=EDGE_CURVE('',#4833,#4831,#4834,.T.);
#3926=EDGE_CURVE('',#4835,#4833,#4836,.T.);
#3927=EDGE_CURVE('',#4837,#4835,#4838,.T.);
#3928=EDGE_CURVE('',#4817,#4837,#4839,.T.);
#3929=EDGE_CURVE('',#4840,#4841,#4842,.T.);
#3930=EDGE_CURVE('',#4843,#4840,#4844,.T.);
#3931=EDGE_CURVE('',#4845,#4843,#4846,.T.);
#3932=EDGE_CURVE('',#4841,#4845,#4847,.T.);
#3933=EDGE_CURVE('',#4848,#4849,#4850,.T.);
#3934=EDGE_CURVE('',#4851,#4848,#4852,.T.);
#3935=EDGE_CURVE('',#4849,#4851,#4853,.T.);
#3936=EDGE_CURVE('',#4854,#4854,#4855,.T.);
#3937=EDGE_CURVE('',#4856,#4856,#4857,.T.);
#3938=EDGE_CURVE('',#4858,#4858,#4859,.T.);
#3939=EDGE_CURVE('',#4860,#4860,#4861,.T.);
#3940=EDGE_CURVE('',#4862,#4863,#4864,.T.);
#3941=EDGE_CURVE('',#4784,#4862,#4865,.T.);
#3942=EDGE_CURVE('',#4785,#4863,#4866,.T.);
#3943=EDGE_CURVE('',#4867,#4862,#4868,.T.);
#3944=EDGE_CURVE('',#4787,#4867,#4869,.T.);
#3945=EDGE_CURVE('',#4870,#4867,#4871,.T.);
#3946=EDGE_CURVE('',#4789,#4870,#4872,.T.);
#3947=EDGE_CURVE('',#4873,#4870,#4874,.T.);
#3948=EDGE_CURVE('',#4791,#4873,#4875,.T.);
#3949=EDGE_CURVE('',#4876,#4873,#4877,.T.);
#3950=EDGE_CURVE('',#4793,#4876,#4878,.T.);
#3951=EDGE_CURVE('',#4879,#4876,#4880,.T.);
#3952=EDGE_CURVE('',#4795,#4879,#4881,.T.);
#3953=EDGE_CURVE('',#4882,#4879,#4883,.T.);
#3954=EDGE_CURVE('',#4797,#4882,#4884,.T.);
#3955=EDGE_CURVE('',#4863,#4882,#4885,.T.);
#3956=EDGE_CURVE('',#4886,#4887,#4888,.T.);
#3957=EDGE_CURVE('',#4800,#4886,#4889,.T.);
#3958=EDGE_CURVE('',#4801,#4887,#4890,.T.);
#3959=EDGE_CURVE('',#4891,#4886,#4892,.T.);
#3960=EDGE_CURVE('',#4803,#4891,#4893,.T.);
#3961=EDGE_CURVE('',#4894,#4891,#4895,.T.);
#3962=EDGE_CURVE('',#4805,#4894,#4896,.T.);
#3963=EDGE_CURVE('',#4897,#4894,#4898,.T.);
#3964=EDGE_CURVE('',#4807,#4897,#4899,.T.);
#3965=EDGE_CURVE('',#4900,#4897,#4901,.T.);
#3966=EDGE_CURVE('',#4809,#4900,#4902,.T.);
#3967=EDGE_CURVE('',#4903,#4900,#4904,.T.);
#3968=EDGE_CURVE('',#4811,#4903,#4905,.T.);
#3969=EDGE_CURVE('',#4906,#4903,#4907,.T.);
#3970=EDGE_CURVE('',#4813,#4906,#4908,.T.);
#3971=EDGE_CURVE('',#4887,#4906,#4909,.T.);
#3972=EDGE_CURVE('',#4910,#4911,#4912,.T.);
#3973=EDGE_CURVE('',#4816,#4910,#4913,.T.);
#3974=EDGE_CURVE('',#4817,#4911,#4914,.T.);
#3975=EDGE_CURVE('',#4915,#4910,#4916,.T.);
#3976=EDGE_CURVE('',#4819,#4915,#4917,.T.);
#3977=EDGE_CURVE('',#4918,#4915,#4919,.T.);
#3978=EDGE_CURVE('',#4821,#4918,#4920,.T.);
#3979=EDGE_CURVE('',#4921,#4918,#4922,.T.);
#3980=EDGE_CURVE('',#4823,#4921,#4923,.T.);
#3981=EDGE_CURVE('',#4924,#4921,#4925,.T.);
#3982=EDGE_CURVE('',#4825,#4924,#4926,.T.);
#3983=EDGE_CURVE('',#4927,#4924,#4928,.T.);
#3984=EDGE_CURVE('',#4827,#4927,#4929,.T.);
#3985=EDGE_CURVE('',#4930,#4927,#4931,.T.);
#3986=EDGE_CURVE('',#4829,#4930,#4932,.T.);
#3987=EDGE_CURVE('',#4933,#4930,#4934,.T.);
#3988=EDGE_CURVE('',#4831,#4933,#4935,.T.);
#3989=EDGE_CURVE('',#4936,#4933,#4937,.T.);
#3990=EDGE_CURVE('',#4833,#4936,#4938,.T.);
#3991=EDGE_CURVE('',#4939,#4936,#4940,.T.);
#3992=EDGE_CURVE('',#4835,#4939,#4941,.T.);
#3993=EDGE_CURVE('',#4942,#4939,#4943,.T.);
#3994=EDGE_CURVE('',#4837,#4942,#4944,.T.);
#3995=EDGE_CURVE('',#4911,#4942,#4945,.T.);
#3996=EDGE_CURVE('',#4946,#4947,#4948,.T.);
#3997=EDGE_CURVE('',#4840,#4946,#4949,.T.);
#3998=EDGE_CURVE('',#4841,#4947,#4950,.T.);
#3999=EDGE_CURVE('',#4951,#4946,#4952,.T.);
#4000=EDGE_CURVE('',#4843,#4951,#4953,.T.);
#4001=EDGE_CURVE('',#4954,#4951,#4955,.T.);
#4002=EDGE_CURVE('',#4845,#4954,#4956,.T.);
#4003=EDGE_CURVE('',#4947,#4954,#4957,.T.);
#4004=EDGE_CURVE('',#4958,#4959,#4960,.T.);
#4005=EDGE_CURVE('',#4848,#4958,#4961,.T.);
#4006=EDGE_CURVE('',#4849,#4959,#4962,.T.);
#4007=EDGE_CURVE('',#4963,#4958,#4964,.T.);
#4008=EDGE_CURVE('',#4851,#4963,#4965,.T.);
#4009=EDGE_CURVE('',#4959,#4963,#4966,.T.);
#4010=EDGE_CURVE('',#4967,#4967,#4968,.F.);
#4011=EDGE_CURVE('',#4969,#4969,#4970,.F.);
#4012=EDGE_CURVE('',#4971,#4971,#4972,.F.);
#4013=EDGE_CURVE('',#4973,#4973,#4974,.F.);
#4014=EDGE_CURVE('',#4975,#4975,#4976,.T.);
#4015=EDGE_CURVE('',#4977,#4977,#4978,.T.);
#4016=EDGE_CURVE('',#4979,#4979,#4980,.T.);
#4017=EDGE_CURVE('',#4981,#4981,#4982,.T.);
#4018=EDGE_CURVE('',#4113,#4134,#4983,.F.);
#4019=EDGE_CURVE('',#4124,#4031,#4984,.T.);
#4020=EDGE_CURVE('',#4122,#4035,#4985,.T.);
#4021=EDGE_CURVE('',#4128,#4120,#4986,.T.);
#4022=VERTEX_POINT('',#4987);
#4023=CIRCLE('',#4988,2.5);
#4024=VERTEX_POINT('',#4992);
#4025=CIRCLE('',#4993,2.5);
#4026=VERTEX_POINT('',#4997);
#4027=VERTEX_POINT('',#4998);
#4028=CIRCLE('',#4999,3.99999999999999);
#4029=VERTEX_POINT('',#5003);
#4030=LINE('',#5004,#5005);
#4031=VERTEX_POINT('',#5007);
#4032=LINE('',#5008,#5009);
#4033=VERTEX_POINT('',#5011);
#4034=CIRCLE('',#5012,4.);
#4035=VERTEX_POINT('',#5016);
#4036=CIRCLE('',#5017,4.);
#4037=VERTEX_POINT('',#5021);
#4038=LINE('',#5022,#5023);
#4039=VERTEX_POINT('',#5025);
#4040=LINE('',#5026,#5027);
#4041=VERTEX_POINT('',#5029);
#4042=CIRCLE('',#5030,3.99999999999999);
#4043=LINE('',#5034,#5035);
#4044=CIRCLE('',#5037,4.);
#4045=VERTEX_POINT('',#5041);
#4046=CIRCLE('',#5042,4.);
#4047=VERTEX_POINT('',#5046);
#4048=VERTEX_POINT('',#5047);
#4049=CIRCLE('',#5048,4.);
#4050=VERTEX_POINT('',#5052);
#4051=LINE('',#5053,#5054);
#4052=VERTEX_POINT('',#5056);
#4053=CIRCLE('',#5057,3.99999999999999);
#4054=VERTEX_POINT('',#5061);
#4055=LINE('',#5062,#5063);
#4056=VERTEX_POINT('',#5065);
#4057=CIRCLE('',#5066,4.);
#4058=VERTEX_POINT('',#5070);
#4059=LINE('',#5071,#5072);
#4060=VERTEX_POINT('',#5074);
#4061=CIRCLE('',#5075,7.6);
#4062=VERTEX_POINT('',#5079);
#4063=LINE('',#5080,#5081);
#4064=VERTEX_POINT('',#5083);
#4065=CIRCLE('',#5084,5.);
#4066=VERTEX_POINT('',#5088);
#4067=LINE('',#5089,#5090);
#4068=VERTEX_POINT('',#5092);
#4069=CIRCLE('',#5093,5.);
#4070=VERTEX_POINT('',#5097);
#4071=LINE('',#5098,#5099);
#4072=VERTEX_POINT('',#5101);
#4073=CIRCLE('',#5102,7.60000000000002);
#4074=VERTEX_POINT('',#5106);
#4075=LINE('',#5107,#5108);
#4076=VERTEX_POINT('',#5110);
#4077=CIRCLE('',#5111,3.99999999999999);
#4078=VERTEX_POINT('',#5115);
#4079=LINE('',#5116,#5117);
#4080=VERTEX_POINT('',#5119);
#4081=CIRCLE('',#5120,4.);
#4082=VERTEX_POINT('',#5124);
#4083=LINE('',#5125,#5126);
#4084=VERTEX_POINT('',#5128);
#4085=CIRCLE('',#5129,3.99999999999999);
#4086=VERTEX_POINT('',#5133);
#4087=LINE('',#5134,#5135);
#4088=VERTEX_POINT('',#5137);
#4089=CIRCLE('',#5138,4.);
#4090=VERTEX_POINT('',#5142);
#4091=LINE('',#5143,#5144);
#4092=VERTEX_POINT('',#5146);
#4093=CIRCLE('',#5147,7.60000000000002);
#4094=VERTEX_POINT('',#5151);
#4095=LINE('',#5152,#5153);
#4096=VERTEX_POINT('',#5155);
#4097=CIRCLE('',#5156,5.);
#4098=VERTEX_POINT('',#5160);
#4099=LINE('',#5161,#5162);
#4100=VERTEX_POINT('',#5164);
#4101=CIRCLE('',#5165,5.);
#4102=VERTEX_POINT('',#5169);
#4103=LINE('',#5170,#5171);
#4104=VERTEX_POINT('',#5173);
#4105=CIRCLE('',#5174,7.60000000000001);
#4106=VERTEX_POINT('',#5178);
#4107=LINE('',#5179,#5180);
#4108=VERTEX_POINT('',#5182);
#4109=CIRCLE('',#5183,3.99999999999999);
#4110=LINE('',#5187,#5188);
#4111=VERTEX_POINT('',#5190);
#4112=CIRCLE('',#5191,2.5);
#4113=VERTEX_POINT('',#5195);
#4114=LINE('',#5196,#5197);
#4115=VERTEX_POINT('',#5199);
#4116=LINE('',#5200,#5201);
#4117=VERTEX_POINT('',#5203);
#4118=LINE('',#5204,#5205);
#4119=LINE('',#5207,#5208);
#4120=VERTEX_POINT('',#5210);
#4121=LINE('',#5211,#5212);
#4122=VERTEX_POINT('',#5214);
#4123=LINE('',#5215,#5216);
#4124=VERTEX_POINT('',#5218);
#4125=B_SPLINE_CURVE_WITH_KNOTS('',3,
(#5219,#5220,#5221,#5222,#5223,#5224,#5225,#5226,#5227,#5228,#5229,#5230,#5231,#5232,
#5233,#5234,#5235,#5236,#5237,#5238,#5239,#5240,#5241,#5242,#5243,#5244,#5245,#5246,
#5247,#5248,#5249,#5250,#5251,#5252,#5253,#5254,#5255,#5256),
.UNSPECIFIED.,.F.,.F.,
(4,1,1,1,1,1,1,1,1,1,1,1,1,1,1,1,1,1,1,1,1,1,1,1,1,1,1,1,1,1,1,1,1,1,1,4),
(0.,0.0198957987231227,0.0375439994338815,0.0545244157431998,0.0706450422242811,
0.0888244744446956,0.108023881470446,0.129100285316801,0.151986915162434,0.176839630125759,
0.203757889993907,0.233009840300347,0.26485251664308,0.299619533819643,0.33780467137802,
0.38022471620744,0.428998228160328,0.488380040275058,0.549570113917155,0.606784169544083,
0.652811365612542,0.693385053154178,0.730028925678185,0.7633901594458,0.793927227120318,
0.821926883544351,0.847655128066951,0.871323469421801,0.893119617233925,0.913187113711332,
0.931254580091553,0.94762755752961,0.962027948135876,0.975353172596094,0.987740110963828,
1.),
.UNSPECIFIED.);
#4126=LINE('',#5257,#5258);
#4127=LINE('',#5260,#5261);
#4128=VERTEX_POINT('',#5263);
#4129=(BOUNDED_CURVE()B_SPLINE_CURVE(3,
(#5264,#5265,#5266,#5267),
.UNSPECIFIED.,.F.,.F.)B_SPLINE_CURVE_WITH_KNOTS((4,4),
(0.,1.),
.UNSPECIFIED.)CURVE()GEOMETRIC_REPRESENTATION_ITEM()RATIONAL_B_SPLINE_CURVE((1.,
0.949253021674191,0.949253021674191,1.))REPRESENTATION_ITEM(''));
#4130=LINE('',#5268,#5269);
#4131=LINE('',#5271,#5272);
#4132=LINE('',#5274,#5275);
#4133=LINE('',#5277,#5278);
#4134=VERTEX_POINT('',#5280);
#4135=LINE('',#5281,#5282);
#4136=(BOUNDED_CURVE()B_SPLINE_CURVE(3,
(#5284,#5285,#5286,#5287),
.UNSPECIFIED.,.F.,.F.)B_SPLINE_CURVE_WITH_KNOTS((4,4),
(0.,1.),
.UNSPECIFIED.)CURVE()GEOMETRIC_REPRESENTATION_ITEM()RATIONAL_B_SPLINE_CURVE((1.,
0.949253021674191,0.949253021674191,1.))REPRESENTATION_ITEM(''));
#4137=VERTEX_POINT('',#5288);
#4138=LINE('',#5289,#5290);
#4139=VERTEX_POINT('',#5292);
#4140=LINE('',#5293,#5294);
#4141=CIRCLE('',#5296,3.99999999999999);
#4142=VERTEX_POINT('',#5300);
#4143=LINE('',#5301,#5302);
#4144=LINE('',#5304,#5305);
#4145=VERTEX_POINT('',#5307);
#4146=LINE('',#5308,#5309);
#4147=CIRCLE('',#5311,4.);
#4148=VERTEX_POINT('',#5315);
#4149=LINE('',#5316,#5317);
#4150=VERTEX_POINT('',#5319);
#4151=(BOUNDED_CURVE()B_SPLINE_CURVE(3,
(#5320,#5321,#5322,#5323),
.UNSPECIFIED.,.F.,.F.)B_SPLINE_CURVE_WITH_KNOTS((4,4),
(0.,1.),
.UNSPECIFIED.)CURVE()GEOMETRIC_REPRESENTATION_ITEM()RATIONAL_B_SPLINE_CURVE((1.,
0.949253021674191,0.949253021674191,1.))REPRESENTATION_ITEM(''));
#4152=LINE('',#5324,#5325);
#4153=VERTEX_POINT('',#5327);
#4154=LINE('',#5328,#5329);
#4155=(BOUNDED_CURVE()B_SPLINE_CURVE(3,
(#5331,#5332,#5333,#5334),
.UNSPECIFIED.,.F.,.F.)B_SPLINE_CURVE_WITH_KNOTS((4,4),
(0.,1.),
.UNSPECIFIED.)CURVE()GEOMETRIC_REPRESENTATION_ITEM()RATIONAL_B_SPLINE_CURVE((1.,
0.949253021674191,0.949253021674191,1.))REPRESENTATION_ITEM(''));
#4156=VERTEX_POINT('',#5335);
#4157=LINE('',#5336,#5337);
#4158=VERTEX_POINT('',#5339);
#4159=B_SPLINE_CURVE_WITH_KNOTS('',3,
(#5340,#5341,#5342,#5343,#5344,#5345,#5346,#5347,#5348,#5349,#5350,#5351,#5352,#5353,
#5354,#5355,#5356,#5357,#5358,#5359,#5360,#5361,#5362,#5363,#5364,#5365,#5366,#5367,
#5368,#5369,#5370,#5371,#5372,#5373,#5374,#5375,#5376,#5377),
.UNSPECIFIED.,.F.,.F.,
(4,1,1,1,1,1,1,1,1,1,1,1,1,1,1,1,1,1,1,1,1,1,1,1,1,1,1,1,1,1,1,1,1,1,1,4),
(0.,0.0198957987232076,0.0375439994340247,0.0545244157432836,0.0706450422243671,
0.0888244744445683,0.108023881470555,0.129100285316642,0.151986915162422,0.17683963012549,
0.203757889993845,0.23300984030017,0.264852516643051,0.299619533819283,0.337804671378183,
0.380224716207199,0.428998228161516,0.488380040275266,0.549570113915508,0.606784169537842,
0.652811365602265,0.693385053140901,0.730028925662031,0.763390159427259,0.793927227099096,
0.821926883520811,0.847655128040881,0.871323469393209,0.8931196172029,0.913187113677806,
0.931254580055712,0.947627557490667,0.962027948094634,0.975353172553093,0.987740110935053,
1.),
.UNSPECIFIED.);
#4160=VERTEX_POINT('',#5378);
#4161=LINE('',#5379,#5380);
#4162=LINE('',#5382,#5383);
#4163=VERTEX_POINT('',#5385);
#4164=LINE('',#5386,#5387);
#4165=VERTEX_POINT('',#5389);
#4166=LINE('',#5390,#5391);
#4167=LINE('',#5393,#5394);
#4168=VERTEX_POINT('',#5396);
#4169=LINE('',#5397,#5398);
#4170=CIRCLE('',#5400,7.6);
#4171=VERTEX_POINT('',#5404);
#4172=LINE('',#5405,#5406);
#4173=LINE('',#5408,#5409);
#4174=VERTEX_POINT('',#5411);
#4175=LINE('',#5412,#5413);
#4176=CIRCLE('',#5415,5.);
#4177=VERTEX_POINT('',#5419);
#4178=LINE('',#5420,#5421);
#4179=LINE('',#5423,#5424);
#4180=VERTEX_POINT('',#5426);
#4181=VERTEX_POINT('',#5427);
#4182=LINE('',#5428,#5429);
#4183=CIRCLE('',#5431,3.3);
#4184=VERTEX_POINT('',#5435);
#4185=LINE('',#5436,#5437);
#4186=CIRCLE('',#5439,5.);
#4187=VERTEX_POINT('',#5443);
#4188=VERTEX_POINT('',#5444);
#4189=CIRCLE('',#5445,4.);
#4190=VERTEX_POINT('',#5449);
#4191=LINE('',#5450,#5451);
#4192=VERTEX_POINT('',#5453);
#4193=CIRCLE('',#5454,4.);
#4194=LINE('',#5458,#5459);
#4195=LINE('',#5461,#5462);
#4196=VERTEX_POINT('',#5464);
#4197=B_SPLINE_CURVE_WITH_KNOTS('',3,
(#5465,#5466,#5467,#5468,#5469,#5470,#5471,#5472,#5473,#5474,#5475,#5476,#5477,#5478,
#5479,#5480,#5481,#5482,#5483,#5484,#5485,#5486,#5487,#5488,#5489,#5490,#5491,#5492,
#5493,#5494,#5495,#5496,#5497,#5498,#5499,#5500,#5501,#5502,#5503),
.UNSPECIFIED.,.F.,.F.,
(4,1,1,1,1,1,1,1,1,1,1,1,1,1,1,1,1,1,1,1,1,1,1,1,1,1,1,1,1,1,1,1,1,1,1,1,4),
(0.,0.0221053167852923,0.044411868750172,0.0669264151453396,0.0898747935625816,0.11303201904307,
0.136859881784893,0.161142485820773,0.186096527708027,0.211269471527409,0.237271087452873,
0.263883282505152,0.291499717954113,0.319528682021482,0.348471193120999,0.37792839940483,
0.407993683532557,0.438149050760446,0.468411270485363,0.498695563263402,0.528910499433172,
0.559025987007206,0.588730187524906,0.618114922802592,0.646987181729245,0.67565841931302,
0.703375922561385,0.730345738180484,0.756028274427706,0.78117843451139,0.80492813500103,
0.827807681823332,0.856492182186663,0.886080214175262,0.916558114170658,0.952598525258361,
1.),
.UNSPECIFIED.);
#4198=CIRCLE('',#5504,7.6);
#4199=VERTEX_POINT('',#5508);
#4200=VERTEX_POINT('',#5509);
#4201=B_SPLINE_CURVE_WITH_KNOTS('',3,
(#5510,#5511,#5512,#5513,#5514,#5515,#5516,#5517,#5518,#5519,#5520,#5521,#5522,#5523,
#5524,#5525,#5526,#5527,#5528,#5529),
.UNSPECIFIED.,.F.,.F.,
(4,1,1,1,1,1,1,1,1,1,1,1,1,1,1,1,1,4),
(0.,0.0572835137378028,0.113883685217591,0.16980925502906,0.224494649155076,0.278586012877788,
0.358133972325415,0.440111752100341,0.524422426812823,0.583392925514681,0.640635632264142,
0.700898195420141,0.764720525973677,0.822855892179277,0.870602210217542,0.91140456318961,
0.954510976058238,1.),
.UNSPECIFIED.);
#4202=LINE('',#5530,#5531);
#4203=CIRCLE('',#5533,7.6);
#4204=VERTEX_POINT('',#5537);
#4205=VERTEX_POINT('',#5538);
#4206=CIRCLE('',#5539,4.);
#4207=VERTEX_POINT('',#5543);
#4208=LINE('',#5544,#5545);
#4209=LINE('',#5547,#5548);
#4210=VERTEX_POINT('',#5550);
#4211=CIRCLE('',#5551,3.99999999999999);
#4212=LINE('',#5555,#5556);
#4213=VERTEX_POINT('',#5558);
#4214=LINE('',#5559,#5560);
#4215=CIRCLE('',#5562,5.);
#4216=VERTEX_POINT('',#5566);
#4217=LINE('',#5567,#5568);
#4218=LINE('',#5570,#5571);
#4219=VERTEX_POINT('',#5573);
#4220=LINE('',#5574,#5575);
#4221=CIRCLE('',#5577,5.);
#4222=VERTEX_POINT('',#5581);
#4223=LINE('',#5582,#5583);
#4224=LINE('',#5585,#5586);
#4225=CIRCLE('',#5588,7.6);
#4226=VERTEX_POINT('',#5592);
#4227=(BOUNDED_CURVE()B_SPLINE_CURVE(3,
(#5593,#5594,#5595,#5596),
.UNSPECIFIED.,.F.,.F.)B_SPLINE_CURVE_WITH_KNOTS((4,4),
(0.,1.),
.UNSPECIFIED.)CURVE()GEOMETRIC_REPRESENTATION_ITEM()RATIONAL_B_SPLINE_CURVE((1.,
0.949253021674191,0.949253021674191,1.))REPRESENTATION_ITEM(''));
#4228=LINE('',#5597,#5598);
#4229=VERTEX_POINT('',#5600);
#4230=(BOUNDED_CURVE()B_SPLINE_CURVE(3,
(#5601,#5602,#5603,#5604),
.UNSPECIFIED.,.F.,.F.)B_SPLINE_CURVE_WITH_KNOTS((4,4),
(0.,1.),
.UNSPECIFIED.)CURVE()GEOMETRIC_REPRESENTATION_ITEM()RATIONAL_B_SPLINE_CURVE((1.,
0.949253021674191,0.949253021674191,1.))REPRESENTATION_ITEM(''));
#4231=LINE('',#5605,#5606);
#4232=VERTEX_POINT('',#5608);
#4233=CIRCLE('',#5609,2.5);
#4234=VERTEX_POINT('',#5613);
#4235=VERTEX_POINT('',#5614);
#4236=LINE('',#5615,#5616);
#4237=VERTEX_POINT('',#5618);
#4238=LINE('',#5619,#5620);
#4239=VERTEX_POINT('',#5622);
#4240=LINE('',#5623,#5624);
#4241=LINE('',#5626,#5627);
#4242=LINE('',#5629,#5630);
#4243=VERTEX_POINT('',#5632);
#4244=VERTEX_POINT('',#5633);
#4245=LINE('',#5634,#5635);
#4246=VERTEX_POINT('',#5637);
#4247=B_SPLINE_CURVE_WITH_KNOTS('',2,
(#5638,#5639,#5640),
.UNSPECIFIED.,.F.,.F.,
(3,3),
(0.,1.),
.UNSPECIFIED.);
#4248=VERTEX_POINT('',#5641);
#4249=LINE('',#5642,#5643);
#4250=VERTEX_POINT('',#5645);
#4251=B_SPLINE_CURVE_WITH_KNOTS('',2,
(#5646,#5647,#5648),
.UNSPECIFIED.,.F.,.F.,
(3,3),
(0.,1.),
.UNSPECIFIED.);
#4252=VERTEX_POINT('',#5649);
#4253=B_SPLINE_CURVE_WITH_KNOTS('',2,
(#5650,#5651,#5652),
.UNSPECIFIED.,.F.,.F.,
(3,3),
(0.,1.),
.UNSPECIFIED.);
#4254=VERTEX_POINT('',#5653);
#4255=LINE('',#5654,#5655);
#4256=VERTEX_POINT('',#5657);
#4257=LINE('',#5658,#5659);
#4258=VERTEX_POINT('',#5661);
#4259=B_SPLINE_CURVE_WITH_KNOTS('',2,
(#5662,#5663,#5664),
.UNSPECIFIED.,.F.,.F.,
(3,3),
(0.,1.),
.UNSPECIFIED.);
#4260=B_SPLINE_CURVE_WITH_KNOTS('',2,
(#5665,#5666,#5667),
.UNSPECIFIED.,.F.,.F.,
(3,3),
(0.,1.),
.UNSPECIFIED.);
#4261=VERTEX_POINT('',#5668);
#4262=VERTEX_POINT('',#5669);
#4263=B_SPLINE_CURVE_WITH_KNOTS('',2,
(#5670,#5671,#5672),
.UNSPECIFIED.,.F.,.F.,
(3,3),
(0.,1.),
.UNSPECIFIED.);
#4264=VERTEX_POINT('',#5673);
#4265=B_SPLINE_CURVE_WITH_KNOTS('',2,
(#5674,#5675,#5676),
.UNSPECIFIED.,.F.,.F.,
(3,3),
(0.,1.),
.UNSPECIFIED.);
#4266=VERTEX_POINT('',#5677);
#4267=LINE('',#5678,#5679);
#4268=VERTEX_POINT('',#5681);
#4269=LINE('',#5682,#5683);
#4270=VERTEX_POINT('',#5685);
#4271=B_SPLINE_CURVE_WITH_KNOTS('',2,
(#5686,#5687,#5688),
.UNSPECIFIED.,.F.,.F.,
(3,3),
(0.,1.),
.UNSPECIFIED.);
#4272=VERTEX_POINT('',#5689);
#4273=B_SPLINE_CURVE_WITH_KNOTS('',2,
(#5690,#5691,#5692),
.UNSPECIFIED.,.F.,.F.,
(3,3),
(0.,1.),
.UNSPECIFIED.);
#4274=VERTEX_POINT('',#5693);
#4275=LINE('',#5694,#5695);
#4276=VERTEX_POINT('',#5697);
#4277=B_SPLINE_CURVE_WITH_KNOTS('',2,
(#5698,#5699,#5700),
.UNSPECIFIED.,.F.,.F.,
(3,3),
(0.,1.),
.UNSPECIFIED.);
#4278=VERTEX_POINT('',#5701);
#4279=B_SPLINE_CURVE_WITH_KNOTS('',2,
(#5702,#5703,#5704),
.UNSPECIFIED.,.F.,.F.,
(3,3),
(0.,1.),
.UNSPECIFIED.);
#4280=VERTEX_POINT('',#5705);
#4281=LINE('',#5706,#5707);
#4282=VERTEX_POINT('',#5709);
#4283=LINE('',#5710,#5711);
#4284=VERTEX_POINT('',#5713);
#4285=B_SPLINE_CURVE_WITH_KNOTS('',2,
(#5714,#5715,#5716),
.UNSPECIFIED.,.F.,.F.,
(3,3),
(0.,1.),
.UNSPECIFIED.);
#4286=VERTEX_POINT('',#5717);
#4287=B_SPLINE_CURVE_WITH_KNOTS('',2,
(#5718,#5719,#5720),
.UNSPECIFIED.,.F.,.F.,
(3,3),
(0.,1.),
.UNSPECIFIED.);
#4288=LINE('',#5721,#5722);
#4289=VERTEX_POINT('',#5724);
#4290=VERTEX_POINT('',#5725);
#4291=LINE('',#5726,#5727);
#4292=VERTEX_POINT('',#5729);
#4293=B_SPLINE_CURVE_WITH_KNOTS('',2,
(#5730,#5731,#5732),
.UNSPECIFIED.,.F.,.F.,
(3,3),
(0.,1.),
.UNSPECIFIED.);
#4294=VERTEX_POINT('',#5733);
#4295=LINE('',#5734,#5735);
#4296=VERTEX_POINT('',#5737);
#4297=B_SPLINE_CURVE_WITH_KNOTS('',2,
(#5738,#5739,#5740),
.UNSPECIFIED.,.F.,.F.,
(3,3),
(0.,1.),
.UNSPECIFIED.);
#4298=VERTEX_POINT('',#5741);
#4299=B_SPLINE_CURVE_WITH_KNOTS('',2,
(#5742,#5743,#5744),
.UNSPECIFIED.,.F.,.F.,
(3,3),
(0.,1.),
.UNSPECIFIED.);
#4300=VERTEX_POINT('',#5745);
#4301=LINE('',#5746,#5747);
#4302=VERTEX_POINT('',#5749);
#4303=B_SPLINE_CURVE_WITH_KNOTS('',2,
(#5750,#5751,#5752),
.UNSPECIFIED.,.F.,.F.,
(3,3),
(0.,1.),
.UNSPECIFIED.);
#4304=VERTEX_POINT('',#5753);
#4305=B_SPLINE_CURVE_WITH_KNOTS('',2,
(#5754,#5755,#5756),
.UNSPECIFIED.,.F.,.F.,
(3,3),
(0.,1.),
.UNSPECIFIED.);
#4306=VERTEX_POINT('',#5757);
#4307=B_SPLINE_CURVE_WITH_KNOTS('',2,
(#5758,#5759,#5760),
.UNSPECIFIED.,.F.,.F.,
(3,3),
(0.,1.),
.UNSPECIFIED.);
#4308=VERTEX_POINT('',#5761);
#4309=LINE('',#5762,#5763);
#4310=VERTEX_POINT('',#5765);
#4311=B_SPLINE_CURVE_WITH_KNOTS('',2,
(#5766,#5767,#5768),
.UNSPECIFIED.,.F.,.F.,
(3,3),
(0.,1.),
.UNSPECIFIED.);
#4312=VERTEX_POINT('',#5769);
#4313=B_SPLINE_CURVE_WITH_KNOTS('',2,
(#5770,#5771,#5772),
.UNSPECIFIED.,.F.,.F.,
(3,3),
(0.,1.),
.UNSPECIFIED.);
#4314=VERTEX_POINT('',#5773);
#4315=LINE('',#5774,#5775);
#4316=B_SPLINE_CURVE_WITH_KNOTS('',2,
(#5777,#5778,#5779),
.UNSPECIFIED.,.F.,.F.,
(3,3),
(0.,1.),
.UNSPECIFIED.);
#4317=VERTEX_POINT('',#5780);
#4318=VERTEX_POINT('',#5781);
#4319=B_SPLINE_CURVE_WITH_KNOTS('',2,
(#5782,#5783,#5784),
.UNSPECIFIED.,.F.,.F.,
(3,3),
(0.,1.),
.UNSPECIFIED.);
#4320=VERTEX_POINT('',#5785);
#4321=LINE('',#5786,#5787);
#4322=VERTEX_POINT('',#5789);
#4323=B_SPLINE_CURVE_WITH_KNOTS('',2,
(#5790,#5791,#5792),
.UNSPECIFIED.,.F.,.F.,
(3,3),
(0.,1.),
.UNSPECIFIED.);
#4324=VERTEX_POINT('',#5793);
#4325=B_SPLINE_CURVE_WITH_KNOTS('',2,
(#5794,#5795,#5796),
.UNSPECIFIED.,.F.,.F.,
(3,3),
(0.,1.),
.UNSPECIFIED.);
#4326=VERTEX_POINT('',#5797);
#4327=LINE('',#5798,#5799);
#4328=VERTEX_POINT('',#5801);
#4329=B_SPLINE_CURVE_WITH_KNOTS('',2,
(#5802,#5803,#5804),
.UNSPECIFIED.,.F.,.F.,
(3,3),
(0.,1.),
.UNSPECIFIED.);
#4330=VERTEX_POINT('',#5805);
#4331=B_SPLINE_CURVE_WITH_KNOTS('',2,
(#5806,#5807,#5808),
.UNSPECIFIED.,.F.,.F.,
(3,3),
(0.,1.),
.UNSPECIFIED.);
#4332=VERTEX_POINT('',#5809);
#4333=LINE('',#5810,#5811);
#4334=VERTEX_POINT('',#5813);
#4335=B_SPLINE_CURVE_WITH_KNOTS('',2,
(#5814,#5815,#5816),
.UNSPECIFIED.,.F.,.F.,
(3,3),
(0.,1.),
.UNSPECIFIED.);
#4336=VERTEX_POINT('',#5817);
#4337=B_SPLINE_CURVE_WITH_KNOTS('',2,
(#5818,#5819,#5820),
.UNSPECIFIED.,.F.,.F.,
(3,3),
(0.,1.),
.UNSPECIFIED.);
#4338=VERTEX_POINT('',#5821);
#4339=LINE('',#5822,#5823);
#4340=B_SPLINE_CURVE_WITH_KNOTS('',2,
(#5825,#5826,#5827),
.UNSPECIFIED.,.F.,.F.,
(3,3),
(0.,1.),
.UNSPECIFIED.);
#4341=VERTEX_POINT('',#5828);
#4342=VERTEX_POINT('',#5829);
#4343=B_SPLINE_CURVE_WITH_KNOTS('',2,
(#5830,#5831,#5832),
.UNSPECIFIED.,.F.,.F.,
(3,3),
(0.,1.),
.UNSPECIFIED.);
#4344=VERTEX_POINT('',#5833);
#4345=LINE('',#5834,#5835);
#4346=VERTEX_POINT('',#5837);
#4347=LINE('',#5838,#5839);
#4348=VERTEX_POINT('',#5841);
#4349=LINE('',#5842,#5843);
#4350=VERTEX_POINT('',#5845);
#4351=B_SPLINE_CURVE_WITH_KNOTS('',2,
(#5846,#5847,#5848),
.UNSPECIFIED.,.F.,.F.,
(3,3),
(0.,1.),
.UNSPECIFIED.);
#4352=VERTEX_POINT('',#5849);
#4353=B_SPLINE_CURVE_WITH_KNOTS('',2,
(#5850,#5851,#5852),
.UNSPECIFIED.,.F.,.F.,
(3,3),
(0.,1.),
.UNSPECIFIED.);
#4354=VERTEX_POINT('',#5853);
#4355=LINE('',#5854,#5855);
#4356=VERTEX_POINT('',#5857);
#4357=B_SPLINE_CURVE_WITH_KNOTS('',2,
(#5858,#5859,#5860),
.UNSPECIFIED.,.F.,.F.,
(3,3),
(0.,1.),
.UNSPECIFIED.);
#4358=VERTEX_POINT('',#5861);
#4359=LINE('',#5862,#5863);
#4360=VERTEX_POINT('',#5865);
#4361=LINE('',#5866,#5867);
#4362=VERTEX_POINT('',#5869);
#4363=B_SPLINE_CURVE_WITH_KNOTS('',2,
(#5870,#5871,#5872),
.UNSPECIFIED.,.F.,.F.,
(3,3),
(0.,1.),
.UNSPECIFIED.);
#4364=VERTEX_POINT('',#5873);
#4365=LINE('',#5874,#5875);
#4366=VERTEX_POINT('',#5877);
#4367=B_SPLINE_CURVE_WITH_KNOTS('',2,
(#5878,#5879,#5880),
.UNSPECIFIED.,.F.,.F.,
(3,3),
(0.,1.),
.UNSPECIFIED.);
#4368=VERTEX_POINT('',#5881);
#4369=LINE('',#5882,#5883);
#4370=VERTEX_POINT('',#5885);
#4371=LINE('',#5886,#5887);
#4372=VERTEX_POINT('',#5889);
#4373=B_SPLINE_CURVE_WITH_KNOTS('',2,
(#5890,#5891,#5892),
.UNSPECIFIED.,.F.,.F.,
(3,3),
(0.,1.),
.UNSPECIFIED.);
#4374=VERTEX_POINT('',#5893);
#4375=LINE('',#5894,#5895);
#4376=B_SPLINE_CURVE_WITH_KNOTS('',2,
(#5897,#5898,#5899),
.UNSPECIFIED.,.F.,.F.,
(3,3),
(0.,1.),
.UNSPECIFIED.);
#4377=VERTEX_POINT('',#5900);
#4378=VERTEX_POINT('',#5901);
#4379=B_SPLINE_CURVE_WITH_KNOTS('',2,
(#5902,#5903,#5904),
.UNSPECIFIED.,.F.,.F.,
(3,3),
(0.,1.),
.UNSPECIFIED.);
#4380=VERTEX_POINT('',#5905);
#4381=B_SPLINE_CURVE_WITH_KNOTS('',2,
(#5906,#5907,#5908),
.UNSPECIFIED.,.F.,.F.,
(3,3),
(0.,1.),
.UNSPECIFIED.);
#4382=VERTEX_POINT('',#5909);
#4383=B_SPLINE_CURVE_WITH_KNOTS('',2,
(#5910,#5911,#5912),
.UNSPECIFIED.,.F.,.F.,
(3,3),
(0.,1.),
.UNSPECIFIED.);
#4384=VERTEX_POINT('',#5913);
#4385=LINE('',#5914,#5915);
#4386=VERTEX_POINT('',#5917);
#4387=B_SPLINE_CURVE_WITH_KNOTS('',2,
(#5918,#5919,#5920),
.UNSPECIFIED.,.F.,.F.,
(3,3),
(0.,1.),
.UNSPECIFIED.);
#4388=VERTEX_POINT('',#5921);
#4389=B_SPLINE_CURVE_WITH_KNOTS('',2,
(#5922,#5923,#5924),
.UNSPECIFIED.,.F.,.F.,
(3,3),
(0.,1.),
.UNSPECIFIED.);
#4390=VERTEX_POINT('',#5925);
#4391=LINE('',#5926,#5927);
#4392=VERTEX_POINT('',#5929);
#4393=B_SPLINE_CURVE_WITH_KNOTS('',2,
(#5930,#5931,#5932),
.UNSPECIFIED.,.F.,.F.,
(3,3),
(0.,1.),
.UNSPECIFIED.);
#4394=VERTEX_POINT('',#5933);
#4395=B_SPLINE_CURVE_WITH_KNOTS('',2,
(#5934,#5935,#5936),
.UNSPECIFIED.,.F.,.F.,
(3,3),
(0.,1.),
.UNSPECIFIED.);
#4396=VERTEX_POINT('',#5937);
#4397=B_SPLINE_CURVE_WITH_KNOTS('',2,
(#5938,#5939,#5940),
.UNSPECIFIED.,.F.,.F.,
(3,3),
(0.,1.),
.UNSPECIFIED.);
#4398=VERTEX_POINT('',#5941);
#4399=LINE('',#5942,#5943);
#4400=VERTEX_POINT('',#5945);
#4401=LINE('',#5946,#5947);
#4402=LINE('',#5949,#5950);
#4403=VERTEX_POINT('',#5952);
#4404=CIRCLE('',#5953,3.25);
#4405=VERTEX_POINT('',#5957);
#4406=CIRCLE('',#5958,3.25);
#4407=VERTEX_POINT('',#5962);
#4408=LINE('',#5963,#5964);
#4409=VERTEX_POINT('',#5966);
#4410=CIRCLE('',#5967,4.);
#4411=VERTEX_POINT('',#5971);
#4412=CIRCLE('',#5972,4.);
#4413=LINE('',#5976,#5977);
#4414=B_SPLINE_CURVE_WITH_KNOTS('',3,
(#5979,#5980,#5981,#5982,#5983,#5984,#5985,#5986,#5987,#5988,#5989,#5990,#5991,#5992,
#5993,#5994,#5995,#5996,#5997,#5998,#5999,#6000,#6001,#6002,#6003,#6004,#6005,#6006,
#6007,#6008,#6009,#6010,#6011,#6012,#6013,#6014,#6015,#6016,#6017,#6018,#6019,#6020,
#6021,#6022,#6023,#6024,#6025,#6026,#6027,#6028,#6029,#6030,#6031,#6032,#6033,#6034,
#6035,#6036,#6037,#6038,#6039,#6040,#6041,#6042,#6043,#6044,#6045,#6046,#6047,#6048,
#6049,#6050,#6051,#6052,#6053,#6054,#6055),
.UNSPECIFIED.,.F.,.F.,
(4,1,1,1,1,1,1,1,1,1,1,1,1,1,1,1,1,1,1,1,1,1,1,1,1,1,1,1,1,1,1,1,1,1,1,1,1,1,1,1,
1,1,1,1,1,1,1,1,1,1,1,1,1,1,1,1,1,1,1,1,1,1,1,1,1,1,1,1,1,1,1,1,1,1,4),
(0.,0.0160394258810194,0.0320696355434474,0.0365987757532251,0.0480653613963542,
0.0639049280704258,0.0796318339295814,0.0950636772014748,0.110171509216376,0.110305011011504,
0.125275896995503,0.140165375800562,0.154730286665574,0.169044115751955,0.182943948772689,
0.185396966188369,0.196681129451451,0.210032391783044,0.223160579326562,0.235999492909517,
0.248773217136695,0.261372946175028,0.263904346741732,0.273869839047776,0.290350406169829,
0.306828455197357,0.323304209727788,0.335718418478327,0.339795303701214,0.348168201095711,
0.361239216616524,0.374894839597764,0.389680890500577,0.405013756863172,0.416362374055651,
0.423317329876769,0.444052496353574,0.469089171846292,0.495999366559537,0.498186474419555,
0.524521805674251,0.552817737728068,0.578766558498067,0.580283565253606,0.602567144592843,
0.62244073516605,0.640528265331193,0.657111708438655,0.662254283585526,0.673968916072845,
0.691347936822748,0.70897284169247,0.726809618106777,0.743729222522437,0.744608545078934,
0.761932996895592,0.778831819106364,0.800056337733905,0.820255994327549,0.824373035786565,
0.839407379042632,0.852496849415713,0.865308611941055,0.881567510509287,0.897651269687384,
0.903414777651502,0.913545083137539,0.925625370432631,0.937799324209302,0.950118302447081,
0.962489376683369,0.971199608456234,0.974960458850942,0.987471981403953,1.),
.UNSPECIFIED.);
#4415=CIRCLE('',#6056,4.);
#4416=B_SPLINE_CURVE_WITH_KNOTS('',3,
(#6060,#6061,#6062,#6063,#6064,#6065,#6066,#6067,#6068,#6069,#6070,#6071,#6072,#6073,
#6074,#6075,#6076,#6077,#6078,#6079,#6080,#6081,#6082,#6083,#6084,#6085,#6086,#6087,
#6088,#6089,#6090,#6091,#6092,#6093,#6094,#6095,#6096,#6097,#6098,#6099,#6100,#6101,
#6102,#6103,#6104,#6105,#6106,#6107,#6108,#6109,#6110,#6111,#6112,#6113,#6114,#6115,
#6116,#6117,#6118,#6119,#6120,#6121,#6122,#6123,#6124,#6125,#6126,#6127,#6128,#6129,
#6130,#6131,#6132,#6133,#6134,#6135,#6136),
.UNSPECIFIED.,.F.,.F.,
(4,1,1,1,1,1,1,1,1,1,1,1,1,1,1,1,1,1,1,1,1,1,1,1,1,1,1,1,1,1,1,1,1,1,1,1,1,1,1,1,
1,1,1,1,1,1,1,1,1,1,1,1,1,1,1,1,1,1,1,1,1,1,1,1,1,1,1,1,1,1,1,1,1,1,4),
(0.,0.0160394258829839,0.0320696355460517,0.0365987757546395,0.0480653613960063,
0.0639049280704747,0.079631833929443,0.0950636772013484,0.110171509216365,0.110305011011404,
0.125275896995391,0.140165375800452,0.154730286665478,0.169044115751816,0.18294394877257,
0.185396966188335,0.196681129451372,0.210032391782974,0.223160579326496,0.235999492909496,
0.248773217136677,0.261372946175024,0.263904346741725,0.273869839047817,0.290350406169889,
0.30682845519744,0.32330420972785,0.335718418478375,0.339795303701242,0.348168201095762,
0.361239216616533,0.374894839597703,0.389680890500507,0.405013756863025,0.416362374055591,
0.423317329876565,0.444052496353324,0.469089171845966,0.4959993665592,0.498186474419391,
0.524521805674114,0.552817737728138,0.578766558498163,0.580283565253718,0.602567144592703,
0.622440735165552,0.640528265330686,0.657111708438502,0.662254283577637,0.673968916073357,
0.691347936823188,0.708972841680521,0.726809618103317,0.743729222510837,0.744608545060837,
0.761932996882975,0.778831819086477,0.800056337697443,0.820255994291158,0.824373035773075,
0.839407379021119,0.852496849393085,0.865308611895321,0.881567510460384,0.897651269626644,
0.903414777627261,0.913545083066558,0.925625370362458,0.937799324182636,0.950118302423645,
0.962489376645893,0.971199608433769,0.974960458737271,0.987471981213258,1.),
.UNSPECIFIED.);
#4417=VERTEX_POINT('',#6137);
#4418=LINE('',#6138,#6139);
#4419=VERTEX_POINT('',#6141);
#4420=LINE('',#6142,#6143);
#4421=VERTEX_POINT('',#6145);
#4422=LINE('',#6146,#6147);
#4423=VERTEX_POINT('',#6149);
#4424=CIRCLE('',#6150,5.);
#4425=VERTEX_POINT('',#6154);
#4426=LINE('',#6155,#6156);
#4427=VERTEX_POINT('',#6158);
#4428=CIRCLE('',#6159,5.);
#4429=VERTEX_POINT('',#6163);
#4430=LINE('',#6164,#6165);
#4431=VERTEX_POINT('',#6167);
#4432=CIRCLE('',#6168,6.);
#4433=VERTEX_POINT('',#6172);
#4434=LINE('',#6173,#6174);
#4435=VERTEX_POINT('',#6176);
#4436=CIRCLE('',#6177,6.);
#4437=VERTEX_POINT('',#6181);
#4438=LINE('',#6182,#6183);
#4439=VERTEX_POINT('',#6185);
#4440=CIRCLE('',#6186,5.);
#4441=VERTEX_POINT('',#6190);
#4442=LINE('',#6191,#6192);
#4443=VERTEX_POINT('',#6194);
#4444=CIRCLE('',#6195,5.);
#4445=LINE('',#6199,#6200);
#4446=VERTEX_POINT('',#6202);
#4447=CIRCLE('',#6203,3.);
#4448=VERTEX_POINT('',#6207);
#4449=CIRCLE('',#6208,3.);
#4450=VERTEX_POINT('',#6212);
#4451=CIRCLE('',#6213,3.);
#4452=VERTEX_POINT('',#6217);
#4453=CIRCLE('',#6218,3.);
#4454=VERTEX_POINT('',#6222);
#4455=VERTEX_POINT('',#6223);
#4456=LINE('',#6224,#6225);
#4457=LINE('',#6227,#6228);
#4458=LINE('',#6230,#6231);
#4459=CIRCLE('',#6233,3.3);
#4460=VERTEX_POINT('',#6237);
#4461=CIRCLE('',#6238,4.);
#4462=LINE('',#6242,#6243);
#4463=VERTEX_POINT('',#6245);
#4464=LINE('',#6246,#6247);
#4465=LINE('',#6249,#6250);
#4466=(BOUNDED_CURVE()B_SPLINE_CURVE(3,
(#6252,#6253,#6254,#6255),
.UNSPECIFIED.,.F.,.F.)B_SPLINE_CURVE_WITH_KNOTS((4,4),
(0.,1.),
.UNSPECIFIED.)CURVE()GEOMETRIC_REPRESENTATION_ITEM()RATIONAL_B_SPLINE_CURVE((1.,
0.804737854124365,0.804737854124365,1.))REPRESENTATION_ITEM(''));
#4467=VERTEX_POINT('',#6256);
#4468=(BOUNDED_CURVE()B_SPLINE_CURVE(3,
(#6257,#6258,#6259,#6260),
.UNSPECIFIED.,.F.,.F.)B_SPLINE_CURVE_WITH_KNOTS((4,4),
(0.,1.),
.UNSPECIFIED.)CURVE()GEOMETRIC_REPRESENTATION_ITEM()RATIONAL_B_SPLINE_CURVE((1.,
0.804737854124365,0.804737854124365,1.))REPRESENTATION_ITEM(''));
#4469=LINE('',#6261,#6262);
#4470=VERTEX_POINT('',#6264);
#4471=LINE('',#6265,#6266);
#4472=CIRCLE('',#6268,4.);
#4473=LINE('',#6272,#6273);
#4474=VERTEX_POINT('',#6275);
#4475=CIRCLE('',#6276,4.);
#4476=VERTEX_POINT('',#6280);
#4477=LINE('',#6281,#6282);
#4478=CIRCLE('',#6284,4.);
#4479=VERTEX_POINT('',#6288);
#4480=LINE('',#6289,#6290);
#4481=VERTEX_POINT('',#6292);
#4482=LINE('',#6293,#6294);
#4483=VERTEX_POINT('',#6296);
#4484=LINE('',#6297,#6298);
#4485=CIRCLE('',#6300,4.);
#4486=LINE('',#6304,#6305);
#4487=VERTEX_POINT('',#6307);
#4488=LINE('',#6308,#6309);
#4489=VERTEX_POINT('',#6311);
#4490=LINE('',#6312,#6313);
#4491=LINE('',#6315,#6316);
#4492=VERTEX_POINT('',#6318);
#4493=B_SPLINE_CURVE_WITH_KNOTS('',2,
(#6319,#6320,#6321),
.UNSPECIFIED.,.F.,.F.,
(3,3),
(0.,1.),
.UNSPECIFIED.);
#4494=LINE('',#6322,#6323);
#4495=VERTEX_POINT('',#6325);
#4496=LINE('',#6326,#6327);
#4497=LINE('',#6329,#6330);
#4498=VERTEX_POINT('',#6332);
#4499=B_SPLINE_CURVE_WITH_KNOTS('',2,
(#6333,#6334,#6335),
.UNSPECIFIED.,.F.,.F.,
(3,3),
(0.,1.),
.UNSPECIFIED.);
#4500=LINE('',#6336,#6337);
#4501=VERTEX_POINT('',#6339);
#4502=B_SPLINE_CURVE_WITH_KNOTS('',2,
(#6340,#6341,#6342),
.UNSPECIFIED.,.F.,.F.,
(3,3),
(0.,1.),
.UNSPECIFIED.);
#4503=LINE('',#6343,#6344);
#4504=VERTEX_POINT('',#6346);
#4505=LINE('',#6347,#6348);
#4506=LINE('',#6350,#6351);
#4507=VERTEX_POINT('',#6353);
#4508=LINE('',#6354,#6355);
#4509=LINE('',#6357,#6358);
#4510=VERTEX_POINT('',#6360);
#4511=B_SPLINE_CURVE_WITH_KNOTS('',2,
(#6361,#6362,#6363),
.UNSPECIFIED.,.F.,.F.,
(3,3),
(0.,1.),
.UNSPECIFIED.);
#4512=LINE('',#6364,#6365);
#4513=B_SPLINE_CURVE_WITH_KNOTS('',2,
(#6367,#6368,#6369),
.UNSPECIFIED.,.F.,.F.,
(3,3),
(0.,1.),
.UNSPECIFIED.);
#4514=VERTEX_POINT('',#6370);
#4515=LINE('',#6371,#6372);
#4516=VERTEX_POINT('',#6374);
#4517=B_SPLINE_CURVE_WITH_KNOTS('',2,
(#6375,#6376,#6377),
.UNSPECIFIED.,.F.,.F.,
(3,3),
(0.,1.),
.UNSPECIFIED.);
#4518=LINE('',#6378,#6379);
#4519=VERTEX_POINT('',#6381);
#4520=B_SPLINE_CURVE_WITH_KNOTS('',2,
(#6382,#6383,#6384),
.UNSPECIFIED.,.F.,.F.,
(3,3),
(0.,1.),
.UNSPECIFIED.);
#4521=LINE('',#6385,#6386);
#4522=VERTEX_POINT('',#6388);
#4523=LINE('',#6389,#6390);
#4524=LINE('',#6392,#6393);
#4525=VERTEX_POINT('',#6395);
#4526=LINE('',#6396,#6397);
#4527=LINE('',#6399,#6400);
#4528=VERTEX_POINT('',#6402);
#4529=B_SPLINE_CURVE_WITH_KNOTS('',2,
(#6403,#6404,#6405),
.UNSPECIFIED.,.F.,.F.,
(3,3),
(0.,1.),
.UNSPECIFIED.);
#4530=LINE('',#6406,#6407);
#4531=VERTEX_POINT('',#6409);
#4532=B_SPLINE_CURVE_WITH_KNOTS('',2,
(#6410,#6411,#6412),
.UNSPECIFIED.,.F.,.F.,
(3,3),
(0.,1.),
.UNSPECIFIED.);
#4533=LINE('',#6413,#6414);
#4534=VERTEX_POINT('',#6416);
#4535=LINE('',#6417,#6418);
#4536=LINE('',#6420,#6421);
#4537=VERTEX_POINT('',#6423);
#4538=B_SPLINE_CURVE_WITH_KNOTS('',2,
(#6424,#6425,#6426),
.UNSPECIFIED.,.F.,.F.,
(3,3),
(0.,1.),
.UNSPECIFIED.);
#4539=LINE('',#6427,#6428);
#4540=VERTEX_POINT('',#6430);
#4541=B_SPLINE_CURVE_WITH_KNOTS('',2,
(#6431,#6432,#6433),
.UNSPECIFIED.,.F.,.F.,
(3,3),
(0.,1.),
.UNSPECIFIED.);
#4542=LINE('',#6434,#6435);
#4543=VERTEX_POINT('',#6437);
#4544=LINE('',#6438,#6439);
#4545=LINE('',#6441,#6442);
#4546=VERTEX_POINT('',#6444);
#4547=LINE('',#6445,#6446);
#4548=LINE('',#6448,#6449);
#4549=VERTEX_POINT('',#6451);
#4550=B_SPLINE_CURVE_WITH_KNOTS('',2,
(#6452,#6453,#6454),
.UNSPECIFIED.,.F.,.F.,
(3,3),
(0.,1.),
.UNSPECIFIED.);
#4551=LINE('',#6455,#6456);
#4552=VERTEX_POINT('',#6458);
#4553=B_SPLINE_CURVE_WITH_KNOTS('',2,
(#6459,#6460,#6461),
.UNSPECIFIED.,.F.,.F.,
(3,3),
(0.,1.),
.UNSPECIFIED.);
#4554=LINE('',#6462,#6463);
#4555=LINE('',#6465,#6466);
#4556=VERTEX_POINT('',#6468);
#4557=LINE('',#6469,#6470);
#4558=VERTEX_POINT('',#6472);
#4559=LINE('',#6473,#6474);
#4560=LINE('',#6476,#6477);
#4561=VERTEX_POINT('',#6479);
#4562=B_SPLINE_CURVE_WITH_KNOTS('',2,
(#6480,#6481,#6482),
.UNSPECIFIED.,.F.,.F.,
(3,3),
(0.,1.),
.UNSPECIFIED.);
#4563=LINE('',#6483,#6484);
#4564=VERTEX_POINT('',#6486);
#4565=LINE('',#6487,#6488);
#4566=LINE('',#6490,#6491);
#4567=VERTEX_POINT('',#6493);
#4568=B_SPLINE_CURVE_WITH_KNOTS('',2,
(#6494,#6495,#6496),
.UNSPECIFIED.,.F.,.F.,
(3,3),
(0.,1.),
.UNSPECIFIED.);
#4569=LINE('',#6497,#6498);
#4570=VERTEX_POINT('',#6500);
#4571=B_SPLINE_CURVE_WITH_KNOTS('',2,
(#6501,#6502,#6503),
.UNSPECIFIED.,.F.,.F.,
(3,3),
(0.,1.),
.UNSPECIFIED.);
#4572=LINE('',#6504,#6505);
#4573=VERTEX_POINT('',#6507);
#4574=LINE('',#6508,#6509);
#4575=LINE('',#6511,#6512);
#4576=VERTEX_POINT('',#6514);
#4577=B_SPLINE_CURVE_WITH_KNOTS('',2,
(#6515,#6516,#6517),
.UNSPECIFIED.,.F.,.F.,
(3,3),
(0.,1.),
.UNSPECIFIED.);
#4578=LINE('',#6518,#6519);
#4579=VERTEX_POINT('',#6521);
#4580=B_SPLINE_CURVE_WITH_KNOTS('',2,
(#6522,#6523,#6524),
.UNSPECIFIED.,.F.,.F.,
(3,3),
(0.,1.),
.UNSPECIFIED.);
#4581=LINE('',#6525,#6526);
#4582=VERTEX_POINT('',#6528);
#4583=B_SPLINE_CURVE_WITH_KNOTS('',2,
(#6529,#6530,#6531),
.UNSPECIFIED.,.F.,.F.,
(3,3),
(0.,1.),
.UNSPECIFIED.);
#4584=LINE('',#6532,#6533);
#4585=VERTEX_POINT('',#6535);
#4586=LINE('',#6536,#6537);
#4587=LINE('',#6539,#6540);
#4588=VERTEX_POINT('',#6542);
#4589=B_SPLINE_CURVE_WITH_KNOTS('',2,
(#6543,#6544,#6545),
.UNSPECIFIED.,.F.,.F.,
(3,3),
(0.,1.),
.UNSPECIFIED.);
#4590=LINE('',#6546,#6547);
#4591=VERTEX_POINT('',#6549);
#4592=B_SPLINE_CURVE_WITH_KNOTS('',2,
(#6550,#6551,#6552),
.UNSPECIFIED.,.F.,.F.,
(3,3),
(0.,1.),
.UNSPECIFIED.);
#4593=LINE('',#6553,#6554);
#4594=VERTEX_POINT('',#6556);
#4595=LINE('',#6557,#6558);
#4596=LINE('',#6560,#6561);
#4597=B_SPLINE_CURVE_WITH_KNOTS('',2,
(#6563,#6564,#6565),
.UNSPECIFIED.,.F.,.F.,
(3,3),
(0.,1.),
.UNSPECIFIED.);
#4598=VERTEX_POINT('',#6566);
#4599=LINE('',#6567,#6568);
#4600=VERTEX_POINT('',#6570);
#4601=B_SPLINE_CURVE_WITH_KNOTS('',2,
(#6571,#6572,#6573),
.UNSPECIFIED.,.F.,.F.,
(3,3),
(0.,1.),
.UNSPECIFIED.);
#4602=LINE('',#6574,#6575);
#4603=VERTEX_POINT('',#6577);
#4604=LINE('',#6578,#6579);
#4605=LINE('',#6581,#6582);
#4606=VERTEX_POINT('',#6584);
#4607=B_SPLINE_CURVE_WITH_KNOTS('',2,
(#6585,#6586,#6587),
.UNSPECIFIED.,.F.,.F.,
(3,3),
(0.,1.),
.UNSPECIFIED.);
#4608=LINE('',#6588,#6589);
#4609=VERTEX_POINT('',#6591);
#4610=B_SPLINE_CURVE_WITH_KNOTS('',2,
(#6592,#6593,#6594),
.UNSPECIFIED.,.F.,.F.,
(3,3),
(0.,1.),
.UNSPECIFIED.);
#4611=LINE('',#6595,#6596);
#4612=VERTEX_POINT('',#6598);
#4613=LINE('',#6599,#6600);
#4614=LINE('',#6602,#6603);
#4615=VERTEX_POINT('',#6605);
#4616=B_SPLINE_CURVE_WITH_KNOTS('',2,
(#6606,#6607,#6608),
.UNSPECIFIED.,.F.,.F.,
(3,3),
(0.,1.),
.UNSPECIFIED.);
#4617=LINE('',#6609,#6610);
#4618=VERTEX_POINT('',#6612);
#4619=B_SPLINE_CURVE_WITH_KNOTS('',2,
(#6613,#6614,#6615),
.UNSPECIFIED.,.F.,.F.,
(3,3),
(0.,1.),
.UNSPECIFIED.);
#4620=LINE('',#6616,#6617);
#4621=VERTEX_POINT('',#6619);
#4622=LINE('',#6620,#6621);
#4623=LINE('',#6623,#6624);
#4624=VERTEX_POINT('',#6626);
#4625=B_SPLINE_CURVE_WITH_KNOTS('',2,
(#6627,#6628,#6629),
.UNSPECIFIED.,.F.,.F.,
(3,3),
(0.,1.),
.UNSPECIFIED.);
#4626=LINE('',#6630,#6631);
#4627=VERTEX_POINT('',#6633);
#4628=B_SPLINE_CURVE_WITH_KNOTS('',2,
(#6634,#6635,#6636),
.UNSPECIFIED.,.F.,.F.,
(3,3),
(0.,1.),
.UNSPECIFIED.);
#4629=LINE('',#6637,#6638);
#4630=VERTEX_POINT('',#6640);
#4631=LINE('',#6641,#6642);
#4632=LINE('',#6644,#6645);
#4633=B_SPLINE_CURVE_WITH_KNOTS('',2,
(#6647,#6648,#6649),
.UNSPECIFIED.,.F.,.F.,
(3,3),
(0.,1.),
.UNSPECIFIED.);
#4634=VERTEX_POINT('',#6650);
#4635=LINE('',#6651,#6652);
#4636=VERTEX_POINT('',#6654);
#4637=B_SPLINE_CURVE_WITH_KNOTS('',2,
(#6655,#6656,#6657),
.UNSPECIFIED.,.F.,.F.,
(3,3),
(0.,1.),
.UNSPECIFIED.);
#4638=LINE('',#6658,#6659);
#4639=VERTEX_POINT('',#6661);
#4640=LINE('',#6662,#6663);
#4641=LINE('',#6665,#6666);
#4642=VERTEX_POINT('',#6668);
#4643=LINE('',#6669,#6670);
#4644=LINE('',#6672,#6673);
#4645=VERTEX_POINT('',#6675);
#4646=LINE('',#6676,#6677);
#4647=LINE('',#6679,#6680);
#4648=VERTEX_POINT('',#6682);
#4649=B_SPLINE_CURVE_WITH_KNOTS('',2,
(#6683,#6684,#6685),
.UNSPECIFIED.,.F.,.F.,
(3,3),
(0.,1.),
.UNSPECIFIED.);
#4650=LINE('',#6686,#6687);
#4651=VERTEX_POINT('',#6689);
#4652=B_SPLINE_CURVE_WITH_KNOTS('',2,
(#6690,#6691,#6692),
.UNSPECIFIED.,.F.,.F.,
(3,3),
(0.,1.),
.UNSPECIFIED.);
#4653=LINE('',#6693,#6694);
#4654=VERTEX_POINT('',#6696);
#4655=LINE('',#6697,#6698);
#4656=LINE('',#6700,#6701);
#4657=VERTEX_POINT('',#6703);
#4658=B_SPLINE_CURVE_WITH_KNOTS('',2,
(#6704,#6705,#6706),
.UNSPECIFIED.,.F.,.F.,
(3,3),
(0.,1.),
.UNSPECIFIED.);
#4659=LINE('',#6707,#6708);
#4660=VERTEX_POINT('',#6710);
#4661=LINE('',#6711,#6712);
#4662=LINE('',#6714,#6715);
#4663=VERTEX_POINT('',#6717);
#4664=LINE('',#6718,#6719);
#4665=LINE('',#6721,#6722);
#4666=VERTEX_POINT('',#6724);
#4667=B_SPLINE_CURVE_WITH_KNOTS('',2,
(#6725,#6726,#6727),
.UNSPECIFIED.,.F.,.F.,
(3,3),
(0.,1.),
.UNSPECIFIED.);
#4668=LINE('',#6728,#6729);
#4669=VERTEX_POINT('',#6731);
#4670=LINE('',#6732,#6733);
#4671=LINE('',#6735,#6736);
#4672=VERTEX_POINT('',#6738);
#4673=B_SPLINE_CURVE_WITH_KNOTS('',2,
(#6739,#6740,#6741),
.UNSPECIFIED.,.F.,.F.,
(3,3),
(0.,1.),
.UNSPECIFIED.);
#4674=LINE('',#6742,#6743);
#4675=VERTEX_POINT('',#6745);
#4676=LINE('',#6746,#6747);
#4677=LINE('',#6749,#6750);
#4678=VERTEX_POINT('',#6752);
#4679=LINE('',#6753,#6754);
#4680=LINE('',#6756,#6757);
#4681=VERTEX_POINT('',#6759);
#4682=B_SPLINE_CURVE_WITH_KNOTS('',2,
(#6760,#6761,#6762),
.UNSPECIFIED.,.F.,.F.,
(3,3),
(0.,1.),
.UNSPECIFIED.);
#4683=LINE('',#6763,#6764);
#4684=VERTEX_POINT('',#6766);
#4685=LINE('',#6767,#6768);
#4686=LINE('',#6770,#6771);
#4687=B_SPLINE_CURVE_WITH_KNOTS('',2,
(#6773,#6774,#6775),
.UNSPECIFIED.,.F.,.F.,
(3,3),
(0.,1.),
.UNSPECIFIED.);
#4688=VERTEX_POINT('',#6776);
#4689=LINE('',#6777,#6778);
#4690=VERTEX_POINT('',#6780);
#4691=B_SPLINE_CURVE_WITH_KNOTS('',2,
(#6781,#6782,#6783),
.UNSPECIFIED.,.F.,.F.,
(3,3),
(0.,1.),
.UNSPECIFIED.);
#4692=LINE('',#6784,#6785);
#4693=VERTEX_POINT('',#6787);
#4694=B_SPLINE_CURVE_WITH_KNOTS('',2,
(#6788,#6789,#6790),
.UNSPECIFIED.,.F.,.F.,
(3,3),
(0.,1.),
.UNSPECIFIED.);
#4695=LINE('',#6791,#6792);
#4696=VERTEX_POINT('',#6794);
#4697=B_SPLINE_CURVE_WITH_KNOTS('',2,
(#6795,#6796,#6797),
.UNSPECIFIED.,.F.,.F.,
(3,3),
(0.,1.),
.UNSPECIFIED.);
#4698=LINE('',#6798,#6799);
#4699=VERTEX_POINT('',#6801);
#4700=LINE('',#6802,#6803);
#4701=LINE('',#6805,#6806);
#4702=VERTEX_POINT('',#6808);
#4703=B_SPLINE_CURVE_WITH_KNOTS('',2,
(#6809,#6810,#6811),
.UNSPECIFIED.,.F.,.F.,
(3,3),
(0.,1.),
.UNSPECIFIED.);
#4704=LINE('',#6812,#6813);
#4705=VERTEX_POINT('',#6815);
#4706=B_SPLINE_CURVE_WITH_KNOTS('',2,
(#6816,#6817,#6818),
.UNSPECIFIED.,.F.,.F.,
(3,3),
(0.,1.),
.UNSPECIFIED.);
#4707=LINE('',#6819,#6820);
#4708=VERTEX_POINT('',#6822);
#4709=LINE('',#6823,#6824);
#4710=LINE('',#6826,#6827);
#4711=VERTEX_POINT('',#6829);
#4712=B_SPLINE_CURVE_WITH_KNOTS('',2,
(#6830,#6831,#6832),
.UNSPECIFIED.,.F.,.F.,
(3,3),
(0.,1.),
.UNSPECIFIED.);
#4713=LINE('',#6833,#6834);
#4714=VERTEX_POINT('',#6836);
#4715=B_SPLINE_CURVE_WITH_KNOTS('',2,
(#6837,#6838,#6839),
.UNSPECIFIED.,.F.,.F.,
(3,3),
(0.,1.),
.UNSPECIFIED.);
#4716=LINE('',#6840,#6841);
#4717=VERTEX_POINT('',#6843);
#4718=B_SPLINE_CURVE_WITH_KNOTS('',2,
(#6844,#6845,#6846),
.UNSPECIFIED.,.F.,.F.,
(3,3),
(0.,1.),
.UNSPECIFIED.);
#4719=LINE('',#6847,#6848);
#4720=VERTEX_POINT('',#6850);
#4721=LINE('',#6851,#6852);
#4722=LINE('',#6854,#6855);
#4723=VERTEX_POINT('',#6857);
#4724=LINE('',#6858,#6859);
#4725=LINE('',#6861,#6862);
#4726=LINE('',#6864,#6865);
#4727=VERTEX_POINT('',#6867);
#4728=CIRCLE('',#6868,3.25);
#4729=VERTEX_POINT('',#6872);
#4730=CIRCLE('',#6873,3.25);
#4731=VERTEX_POINT('',#6877);
#4732=LINE('',#6878,#6879);
#4733=LINE('',#6881,#6882);
#4734=VERTEX_POINT('',#6884);
#4735=LINE('',#6885,#6886);
#4736=CIRCLE('',#6888,5.);
#4737=VERTEX_POINT('',#6892);
#4738=LINE('',#6893,#6894);
#4739=LINE('',#6896,#6897);
#4740=VERTEX_POINT('',#6899);
#4741=LINE('',#6900,#6901);
#4742=CIRCLE('',#6903,5.);
#4743=VERTEX_POINT('',#6907);
#4744=LINE('',#6908,#6909);
#4745=LINE('',#6911,#6912);
#4746=VERTEX_POINT('',#6914);
#4747=LINE('',#6915,#6916);
#4748=CIRCLE('',#6918,6.00000000000001);
#4749=VERTEX_POINT('',#6922);
#4750=LINE('',#6923,#6924);
#4751=LINE('',#6926,#6927);
#4752=VERTEX_POINT('',#6929);
#4753=LINE('',#6930,#6931);
#4754=CIRCLE('',#6933,6.);
#4755=VERTEX_POINT('',#6937);
#4756=LINE('',#6938,#6939);
#4757=LINE('',#6941,#6942);
#4758=VERTEX_POINT('',#6944);
#4759=CIRCLE('',#6945,5.);
#4760=LINE('',#6949,#6950);
#4761=VERTEX_POINT('',#6952);
#4762=LINE('',#6953,#6954);
#4763=LINE('',#6956,#6957);
#4764=VERTEX_POINT('',#6959);
#4765=CIRCLE('',#6960,5.);
#4766=LINE('',#6964,#6965);
#4767=LINE('',#6967,#6968);
#4768=VERTEX_POINT('',#6970);
#4769=CIRCLE('',#6971,3.);
#4770=VERTEX_POINT('',#6975);
#4771=CIRCLE('',#6976,3.);
#4772=VERTEX_POINT('',#6980);
#4773=CIRCLE('',#6981,3.);
#4774=VERTEX_POINT('',#6985);
#4775=CIRCLE('',#6986,3.);
#4776=VERTEX_POINT('',#6990);
#4777=CIRCLE('',#6991,3.5);
#4778=VERTEX_POINT('',#6995);
#4779=CIRCLE('',#6996,3.5);
#4780=VERTEX_POINT('',#7000);
#4781=CIRCLE('',#7001,3.5);
#4782=VERTEX_POINT('',#7005);
#4783=CIRCLE('',#7006,3.5);
#4784=VERTEX_POINT('',#7010);
#4785=VERTEX_POINT('',#7011);
#4786=LINE('',#7012,#7013);
#4787=VERTEX_POINT('',#7015);
#4788=LINE('',#7016,#7017);
#4789=VERTEX_POINT('',#7019);
#4790=LINE('',#7020,#7021);
#4791=VERTEX_POINT('',#7023);
#4792=B_SPLINE_CURVE_WITH_KNOTS('',2,
(#7024,#7025,#7026),
.UNSPECIFIED.,.F.,.F.,
(3,3),
(0.,1.),
.UNSPECIFIED.);
#4793=VERTEX_POINT('',#7027);
#4794=B_SPLINE_CURVE_WITH_KNOTS('',2,
(#7028,#7029,#7030),
.UNSPECIFIED.,.F.,.F.,
(3,3),
(0.,1.),
.UNSPECIFIED.);
#4795=VERTEX_POINT('',#7031);
#4796=LINE('',#7032,#7033);
#4797=VERTEX_POINT('',#7035);
#4798=B_SPLINE_CURVE_WITH_KNOTS('',2,
(#7036,#7037,#7038),
.UNSPECIFIED.,.F.,.F.,
(3,3),
(0.,1.),
.UNSPECIFIED.);
#4799=B_SPLINE_CURVE_WITH_KNOTS('',2,
(#7039,#7040,#7041),
.UNSPECIFIED.,.F.,.F.,
(3,3),
(0.,1.),
.UNSPECIFIED.);
#4800=VERTEX_POINT('',#7042);
#4801=VERTEX_POINT('',#7043);
#4802=LINE('',#7044,#7045);
#4803=VERTEX_POINT('',#7047);
#4804=LINE('',#7048,#7049);
#4805=VERTEX_POINT('',#7051);
#4806=LINE('',#7052,#7053);
#4807=VERTEX_POINT('',#7055);
#4808=B_SPLINE_CURVE_WITH_KNOTS('',2,
(#7056,#7057,#7058),
.UNSPECIFIED.,.F.,.F.,
(3,3),
(0.,1.),
.UNSPECIFIED.);
#4809=VERTEX_POINT('',#7059);
#4810=B_SPLINE_CURVE_WITH_KNOTS('',2,
(#7060,#7061,#7062),
.UNSPECIFIED.,.F.,.F.,
(3,3),
(0.,1.),
.UNSPECIFIED.);
#4811=VERTEX_POINT('',#7063);
#4812=LINE('',#7064,#7065);
#4813=VERTEX_POINT('',#7067);
#4814=B_SPLINE_CURVE_WITH_KNOTS('',2,
(#7068,#7069,#7070),
.UNSPECIFIED.,.F.,.F.,
(3,3),
(0.,1.),
.UNSPECIFIED.);
#4815=B_SPLINE_CURVE_WITH_KNOTS('',2,
(#7071,#7072,#7073),
.UNSPECIFIED.,.F.,.F.,
(3,3),
(0.,1.),
.UNSPECIFIED.);
#4816=VERTEX_POINT('',#7074);
#4817=VERTEX_POINT('',#7075);
#4818=LINE('',#7076,#7077);
#4819=VERTEX_POINT('',#7079);
#4820=B_SPLINE_CURVE_WITH_KNOTS('',2,
(#7080,#7081,#7082),
.UNSPECIFIED.,.F.,.F.,
(3,3),
(0.,1.),
.UNSPECIFIED.);
#4821=VERTEX_POINT('',#7083);
#4822=B_SPLINE_CURVE_WITH_KNOTS('',2,
(#7084,#7085,#7086),
.UNSPECIFIED.,.F.,.F.,
(3,3),
(0.,1.),
.UNSPECIFIED.);
#4823=VERTEX_POINT('',#7087);
#4824=LINE('',#7088,#7089);
#4825=VERTEX_POINT('',#7091);
#4826=B_SPLINE_CURVE_WITH_KNOTS('',2,
(#7092,#7093,#7094),
.UNSPECIFIED.,.F.,.F.,
(3,3),
(0.,1.),
.UNSPECIFIED.);
#4827=VERTEX_POINT('',#7095);
#4828=B_SPLINE_CURVE_WITH_KNOTS('',2,
(#7096,#7097,#7098),
.UNSPECIFIED.,.F.,.F.,
(3,3),
(0.,1.),
.UNSPECIFIED.);
#4829=VERTEX_POINT('',#7099);
#4830=LINE('',#7100,#7101);
#4831=VERTEX_POINT('',#7103);
#4832=B_SPLINE_CURVE_WITH_KNOTS('',2,
(#7104,#7105,#7106),
.UNSPECIFIED.,.F.,.F.,
(3,3),
(0.,1.),
.UNSPECIFIED.);
#4833=VERTEX_POINT('',#7107);
#4834=B_SPLINE_CURVE_WITH_KNOTS('',2,
(#7108,#7109,#7110),
.UNSPECIFIED.,.F.,.F.,
(3,3),
(0.,1.),
.UNSPECIFIED.);
#4835=VERTEX_POINT('',#7111);
#4836=LINE('',#7112,#7113);
#4837=VERTEX_POINT('',#7115);
#4838=B_SPLINE_CURVE_WITH_KNOTS('',2,
(#7116,#7117,#7118),
.UNSPECIFIED.,.F.,.F.,
(3,3),
(0.,1.),
.UNSPECIFIED.);
#4839=B_SPLINE_CURVE_WITH_KNOTS('',2,
(#7119,#7120,#7121),
.UNSPECIFIED.,.F.,.F.,
(3,3),
(0.,1.),
.UNSPECIFIED.);
#4840=VERTEX_POINT('',#7122);
#4841=VERTEX_POINT('',#7123);
#4842=LINE('',#7124,#7125);
#4843=VERTEX_POINT('',#7127);
#4844=LINE('',#7128,#7129);
#4845=VERTEX_POINT('',#7131);
#4846=LINE('',#7132,#7133);
#4847=LINE('',#7135,#7136);
#4848=VERTEX_POINT('',#7138);
#4849=VERTEX_POINT('',#7139);
#4850=LINE('',#7140,#7141);
#4851=VERTEX_POINT('',#7143);
#4852=LINE('',#7144,#7145);
#4853=LINE('',#7147,#7148);
#4854=VERTEX_POINT('',#7150);
#4855=CIRCLE('',#7151,3.5);
#4856=VERTEX_POINT('',#7155);
#4857=CIRCLE('',#7156,3.5);
#4858=VERTEX_POINT('',#7160);
#4859=CIRCLE('',#7161,3.5);
#4860=VERTEX_POINT('',#7165);
#4861=CIRCLE('',#7166,3.5);
#4862=VERTEX_POINT('',#7170);
#4863=VERTEX_POINT('',#7171);
#4864=LINE('',#7172,#7173);
#4865=LINE('',#7175,#7176);
#4866=LINE('',#7178,#7179);
#4867=VERTEX_POINT('',#7181);
#4868=LINE('',#7182,#7183);
#4869=LINE('',#7185,#7186);
#4870=VERTEX_POINT('',#7188);
#4871=LINE('',#7189,#7190);
#4872=LINE('',#7192,#7193);
#4873=VERTEX_POINT('',#7195);
#4874=B_SPLINE_CURVE_WITH_KNOTS('',2,
(#7196,#7197,#7198),
.UNSPECIFIED.,.F.,.F.,
(3,3),
(0.,1.),
.UNSPECIFIED.);
#4875=LINE('',#7199,#7200);
#4876=VERTEX_POINT('',#7202);
#4877=B_SPLINE_CURVE_WITH_KNOTS('',2,
(#7203,#7204,#7205),
.UNSPECIFIED.,.F.,.F.,
(3,3),
(0.,1.),
.UNSPECIFIED.);
#4878=LINE('',#7206,#7207);
#4879=VERTEX_POINT('',#7209);
#4880=LINE('',#7210,#7211);
#4881=LINE('',#7213,#7214);
#4882=VERTEX_POINT('',#7216);
#4883=B_SPLINE_CURVE_WITH_KNOTS('',2,
(#7217,#7218,#7219),
.UNSPECIFIED.,.F.,.F.,
(3,3),
(0.,1.),
.UNSPECIFIED.);
#4884=LINE('',#7220,#7221);
#4885=B_SPLINE_CURVE_WITH_KNOTS('',2,
(#7223,#7224,#7225),
.UNSPECIFIED.,.F.,.F.,
(3,3),
(0.,1.),
.UNSPECIFIED.);
#4886=VERTEX_POINT('',#7226);
#4887=VERTEX_POINT('',#7227);
#4888=LINE('',#7228,#7229);
#4889=LINE('',#7231,#7232);
#4890=LINE('',#7234,#7235);
#4891=VERTEX_POINT('',#7237);
#4892=LINE('',#7238,#7239);
#4893=LINE('',#7241,#7242);
#4894=VERTEX_POINT('',#7244);
#4895=LINE('',#7245,#7246);
#4896=LINE('',#7248,#7249);
#4897=VERTEX_POINT('',#7251);
#4898=B_SPLINE_CURVE_WITH_KNOTS('',2,
(#7252,#7253,#7254),
.UNSPECIFIED.,.F.,.F.,
(3,3),
(0.,1.),
.UNSPECIFIED.);
#4899=LINE('',#7255,#7256);
#4900=VERTEX_POINT('',#7258);
#4901=B_SPLINE_CURVE_WITH_KNOTS('',2,
(#7259,#7260,#7261),
.UNSPECIFIED.,.F.,.F.,
(3,3),
(0.,1.),
.UNSPECIFIED.);
#4902=LINE('',#7262,#7263);
#4903=VERTEX_POINT('',#7265);
#4904=LINE('',#7266,#7267);
#4905=LINE('',#7269,#7270);
#4906=VERTEX_POINT('',#7272);
#4907=B_SPLINE_CURVE_WITH_KNOTS('',2,
(#7273,#7274,#7275),
.UNSPECIFIED.,.F.,.F.,
(3,3),
(0.,1.),
.UNSPECIFIED.);
#4908=LINE('',#7276,#7277);
#4909=B_SPLINE_CURVE_WITH_KNOTS('',2,
(#7279,#7280,#7281),
.UNSPECIFIED.,.F.,.F.,
(3,3),
(0.,1.),
.UNSPECIFIED.);
#4910=VERTEX_POINT('',#7282);
#4911=VERTEX_POINT('',#7283);
#4912=LINE('',#7284,#7285);
#4913=LINE('',#7287,#7288);
#4914=LINE('',#7290,#7291);
#4915=VERTEX_POINT('',#7293);
#4916=B_SPLINE_CURVE_WITH_KNOTS('',2,
(#7294,#7295,#7296),
.UNSPECIFIED.,.F.,.F.,
(3,3),
(0.,1.),
.UNSPECIFIED.);
#4917=LINE('',#7297,#7298);
#4918=VERTEX_POINT('',#7300);
#4919=B_SPLINE_CURVE_WITH_KNOTS('',2,
(#7301,#7302,#7303),
.UNSPECIFIED.,.F.,.F.,
(3,3),
(0.,1.),
.UNSPECIFIED.);
#4920=LINE('',#7304,#7305);
#4921=VERTEX_POINT('',#7307);
#4922=LINE('',#7308,#7309);
#4923=LINE('',#7311,#7312);
#4924=VERTEX_POINT('',#7314);
#4925=B_SPLINE_CURVE_WITH_KNOTS('',2,
(#7315,#7316,#7317),
.UNSPECIFIED.,.F.,.F.,
(3,3),
(0.,1.),
.UNSPECIFIED.);
#4926=LINE('',#7318,#7319);
#4927=VERTEX_POINT('',#7321);
#4928=B_SPLINE_CURVE_WITH_KNOTS('',2,
(#7322,#7323,#7324),
.UNSPECIFIED.,.F.,.F.,
(3,3),
(0.,1.),
.UNSPECIFIED.);
#4929=LINE('',#7325,#7326);
#4930=VERTEX_POINT('',#7328);
#4931=LINE('',#7329,#7330);
#4932=LINE('',#7332,#7333);
#4933=VERTEX_POINT('',#7335);
#4934=B_SPLINE_CURVE_WITH_KNOTS('',2,
(#7336,#7337,#7338),
.UNSPECIFIED.,.F.,.F.,
(3,3),
(0.,1.),
.UNSPECIFIED.);
#4935=LINE('',#7339,#7340);
#4936=VERTEX_POINT('',#7342);
#4937=B_SPLINE_CURVE_WITH_KNOTS('',2,
(#7343,#7344,#7345),
.UNSPECIFIED.,.F.,.F.,
(3,3),
(0.,1.),
.UNSPECIFIED.);
#4938=LINE('',#7346,#7347);
#4939=VERTEX_POINT('',#7349);
#4940=LINE('',#7350,#7351);
#4941=LINE('',#7353,#7354);
#4942=VERTEX_POINT('',#7356);
#4943=B_SPLINE_CURVE_WITH_KNOTS('',2,
(#7357,#7358,#7359),
.UNSPECIFIED.,.F.,.F.,
(3,3),
(0.,1.),
.UNSPECIFIED.);
#4944=LINE('',#7360,#7361);
#4945=B_SPLINE_CURVE_WITH_KNOTS('',2,
(#7363,#7364,#7365),
.UNSPECIFIED.,.F.,.F.,
(3,3),
(0.,1.),
.UNSPECIFIED.);
#4946=VERTEX_POINT('',#7366);
#4947=VERTEX_POINT('',#7367);
#4948=LINE('',#7368,#7369);
#4949=LINE('',#7371,#7372);
#4950=LINE('',#7374,#7375);
#4951=VERTEX_POINT('',#7377);
#4952=LINE('',#7378,#7379);
#4953=LINE('',#7381,#7382);
#4954=VERTEX_POINT('',#7384);
#4955=LINE('',#7385,#7386);
#4956=LINE('',#7388,#7389);
#4957=LINE('',#7391,#7392);
#4958=VERTEX_POINT('',#7394);
#4959=VERTEX_POINT('',#7395);
#4960=LINE('',#7396,#7397);
#4961=LINE('',#7399,#7400);
#4962=LINE('',#7402,#7403);
#4963=VERTEX_POINT('',#7405);
#4964=LINE('',#7406,#7407);
#4965=LINE('',#7409,#7410);
#4966=LINE('',#7412,#7413);
#4967=VERTEX_POINT('',#7415);
#4968=CIRCLE('',#7416,0.85);
#4969=VERTEX_POINT('',#7420);
#4970=CIRCLE('',#7421,0.85);
#4971=VERTEX_POINT('',#7425);
#4972=CIRCLE('',#7426,0.85);
#4973=VERTEX_POINT('',#7430);
#4974=CIRCLE('',#7431,0.85);
#4975=VERTEX_POINT('',#7435);
#4976=CIRCLE('',#7436,0.85);
#4977=VERTEX_POINT('',#7440);
#4978=CIRCLE('',#7441,0.85);
#4979=VERTEX_POINT('',#7445);
#4980=CIRCLE('',#7446,0.85);
#4981=VERTEX_POINT('',#7450);
#4982=CIRCLE('',#7451,0.85);
#4983=(BOUNDED_CURVE()B_SPLINE_CURVE(3,
(#7455,#7456,#7457,#7458),
.UNSPECIFIED.,.F.,.F.)B_SPLINE_CURVE_WITH_KNOTS((4,4),
(0.,1.),
.UNSPECIFIED.)CURVE()GEOMETRIC_REPRESENTATION_ITEM()RATIONAL_B_SPLINE_CURVE((1.,
0.949253021674191,0.949253021674191,1.))REPRESENTATION_ITEM(''));
#4984=B_SPLINE_CURVE_WITH_KNOTS('',3,
(#7459,#7460,#7461,#7462,#7463,#7464,#7465,#7466,#7467,#7468,#7469,#7470,#7471,#7472,
#7473,#7474,#7475,#7476,#7477,#7478,#7479,#7480,#7481,#7482,#7483,#7484,#7485,#7486,
#7487,#7488,#7489,#7490,#7491,#7492,#7493,#7494,#7495,#7496,#7497,#7498,#7499,#7500,
#7501,#7502,#7503,#7504,#7505,#7506,#7507,#7508,#7509,#7510,#7511,#7512,#7513,#7514,
#7515,#7516,#7517,#7518,#7519,#7520,#7521,#7522,#7523,#7524,#7525,#7526),
.UNSPECIFIED.,.F.,.F.,
(4,1,1,1,1,1,1,1,1,1,1,1,1,1,1,1,1,1,1,1,1,1,1,1,1,1,1,1,1,1,1,1,1,1,1,1,1,1,1,1,
1,1,1,1,1,1,1,1,1,1,1,1,1,1,1,1,1,1,1,1,1,1,1,1,1,4),
(0.,0.0156109888311913,0.0312002194979058,0.0365928291422237,0.0467442172374714,
0.0671636867931085,0.0951647981672699,0.110169836722983,0.130906427640413,0.169640237199194,
0.185398680677805,0.210463266345854,0.248639946538759,0.263515564894921,0.283982564095013,
0.314869171250274,0.343657925556612,0.34590292566935,0.374965824389252,0.401932682270045,
0.423726052193441,0.424871413045334,0.442462633357838,0.457766190707178,0.472690033769971,
0.486484686648664,0.49952414749036,0.506696982326166,0.515186182933291,0.530156602470631,
0.544439496259542,0.558123576108168,0.57189211357088,0.585733805881028,0.588770889141275,
0.599725388397867,0.613770751441903,0.627873387010753,0.642046011034897,0.656626896350374,
0.670689415715686,0.671603533057148,0.683833686668102,0.696463776590215,0.717908945379227,
0.747865291575693,0.752075578340996,0.779927701843052,0.805715519771958,0.823225056770271,
0.832597635698019,0.838809756014429,0.852148532461316,0.865159628255199,0.881518121253975,
0.897651698463666,0.911488754900623,0.913545470410565,0.925625742260062,0.937799681507671,
0.950118633772236,0.962489666702866,0.974960677673909,0.975197672888758,0.987472104345987,
1.),
.UNSPECIFIED.);
#4985=B_SPLINE_CURVE_WITH_KNOTS('',3,
(#7527,#7528,#7529,#7530,#7531,#7532,#7533,#7534,#7535,#7536,#7537,#7538,#7539,#7540,
#7541,#7542,#7543,#7544,#7545,#7546,#7547,#7548,#7549,#7550,#7551,#7552,#7553,#7554,
#7555,#7556,#7557,#7558,#7559,#7560,#7561,#7562,#7563,#7564,#7565,#7566,#7567,#7568,
#7569,#7570,#7571,#7572,#7573,#7574,#7575,#7576,#7577,#7578,#7579,#7580,#7581,#7582,
#7583,#7584,#7585,#7586,#7587,#7588,#7589,#7590,#7591,#7592,#7593,#7594),
.UNSPECIFIED.,.F.,.F.,
(4,1,1,1,1,1,1,1,1,1,1,1,1,1,1,1,1,1,1,1,1,1,1,1,1,1,1,1,1,1,1,1,1,1,1,1,1,1,1,1,
1,1,1,1,1,1,1,1,1,1,1,1,1,1,1,1,1,1,1,1,1,1,1,1,1,4),
(0.,0.0156109887351878,0.0312002195044167,0.0365928292007918,0.0467442172891078,
0.0671636867760877,0.0951647981731586,0.110169836747995,0.130906427640172,0.169640237199177,
0.185398680679585,0.210463266345529,0.248639946538398,0.263515564895175,0.283982564095578,
0.314869171250237,0.343657925556389,0.3459029256691,0.374965824389137,0.401932682269989,
0.423726052193323,0.424871413045297,0.442462633357714,0.457766190707005,0.472690033769847,
0.486484686648564,0.499524147490255,0.506696982326148,0.515186182933245,0.530156602470556,
0.544439496259381,0.558123576108011,0.571892113570649,0.585733805880724,0.588770889141197,
0.599725388397555,0.613770751441556,0.627873387017391,0.642046011034941,0.656626896350733,
0.670689415715812,0.671603533057509,0.683833686670202,0.696463776595611,0.717908945399231,
0.747865291604409,0.752075578350917,0.779927701865566,0.805715519797224,0.823225056808076,
0.832597635708649,0.83880975603583,0.852148532483994,0.8651596283008,0.881518121302953,
0.897651698524291,0.911488754924967,0.913545470481385,0.925625742330124,0.937799681534261,
0.950118633795637,0.962489666740342,0.974960677787581,0.975197672958481,0.9874721045367,
1.),
.UNSPECIFIED.);
#4986=(BOUNDED_CURVE()B_SPLINE_CURVE(3,
(#7595,#7596,#7597,#7598),
.UNSPECIFIED.,.F.,.F.)B_SPLINE_CURVE_WITH_KNOTS((4,4),
(0.,1.),
.UNSPECIFIED.)CURVE()GEOMETRIC_REPRESENTATION_ITEM()RATIONAL_B_SPLINE_CURVE((1.,
0.949253021674191,0.949253021674191,1.))REPRESENTATION_ITEM(''));
#4987=CARTESIAN_POINT('',(-25.5,-52.2,-2.35673224501794));
#4988=AXIS2_PLACEMENT_3D('',#4989,#4990,#4991);
#4989=CARTESIAN_POINT('',(-25.5,-52.2,0.143267754982063));
#4990=DIRECTION('',(1.,3.74939945665464E-32,-3.06161699786838E-16));
#4991=DIRECTION('',(-3.06161699786838E-16,-1.14792251082923E-47,-1.));
#4992=CARTESIAN_POINT('',(-28.,-52.2,-2.35673224501794));
#4993=AXIS2_PLACEMENT_3D('',#4994,#4995,#4996);
#4994=CARTESIAN_POINT('',(-28.,-52.2,0.143267754982064));
#4995=DIRECTION('',(1.,0.,-1.83697019872103E-16));
#4996=DIRECTION('',(-1.83697019872103E-16,2.44929359829471E-16,-1.));
#4997=CARTESIAN_POINT('',(-22.,-57.0284271247461,-6.67157287525493));
#4998=CARTESIAN_POINT('',(-22.,-58.2,-3.84314575050862));
#4999=AXIS2_PLACEMENT_3D('',#5000,#5001,#5002);
#5000=CARTESIAN_POINT('',(-22.,-54.2,-3.84314575050861));
#5001=DIRECTION('',(1.,2.46519032881566E-32,-3.06161699786838E-16));
#5002=DIRECTION('',(-7.73204272203604E-32,-1.,-3.33066907387548E-16));
#5003=CARTESIAN_POINT('',(-22.,-50.2,-13.5000000000004));
#5004=CARTESIAN_POINT('',(-22.,-50.2,-13.5000000000004));
#5005=VECTOR('',#5006,1.);
#5006=DIRECTION('',(3.67895547246918E-16,-0.707106781186579,0.707106781186515));
#5007=CARTESIAN_POINT('',(-22.,-50.2,-3.32083386015567));
#5008=CARTESIAN_POINT('',(-22.,-50.2,-3.32083386015565));
#5009=VECTOR('',#5010,1.);
#5010=DIRECTION('',(-3.49018144511265E-16,0.,-1.));
#5011=CARTESIAN_POINT('',(-22.,-52.2,-3.85673224501794));
#5012=AXIS2_PLACEMENT_3D('',#5013,#5014,#5015);
#5013=CARTESIAN_POINT('',(-22.,-52.2,0.143267754982062));
#5014=DIRECTION('',(-1.,-3.74939945665464E-32,3.06161699786838E-16));
#5015=DIRECTION('',(-2.65143809681226E-16,0.500000000000006,-0.866025403784436));
#5016=CARTESIAN_POINT('',(-22.,-50.2,3.60736937011979));
#5017=AXIS2_PLACEMENT_3D('',#5018,#5019,#5020);
#5018=CARTESIAN_POINT('',(-22.,-52.2,0.143267754982062));
#5019=DIRECTION('',(-1.,-3.74939945665464E-32,3.06161699786838E-16));
#5020=DIRECTION('',(-3.06161699786838E-16,-1.14792251082923E-47,-1.));
#5021=CARTESIAN_POINT('',(-22.,-50.2,13.5000000000004));
#5022=CARTESIAN_POINT('',(-22.,-50.2,13.5000000000004));
#5023=VECTOR('',#5024,1.);
#5024=DIRECTION('',(-7.18254590052025E-16,0.,-1.));
#5025=CARTESIAN_POINT('',(-22.,-57.0284271247461,6.67157287525491));
#5026=CARTESIAN_POINT('',(-22.,-57.0284271247461,6.67157287525491));
#5027=VECTOR('',#5028,1.);
#5028=DIRECTION('',(3.67895547246918E-16,0.707106781186579,0.707106781186516));
#5029=CARTESIAN_POINT('',(-22.,-58.2,3.84314575050859));
#5030=AXIS2_PLACEMENT_3D('',#5031,#5032,#5033);
#5031=CARTESIAN_POINT('',(-22.,-54.2,3.84314575050859));
#5032=DIRECTION('',(1.,4.93038065763132E-32,-3.06161699786838E-16));
#5033=DIRECTION('',(2.16489014058884E-16,-0.707106781186514,0.707106781186581));
#5034=CARTESIAN_POINT('',(-22.,-58.2,-3.84314575050862));
#5035=VECTOR('',#5036,1.);
#5036=DIRECTION('',(0.,0.,1.));
#5037=AXIS2_PLACEMENT_3D('',#5038,#5039,#5040);
#5038=CARTESIAN_POINT('',(-22.,-52.2,0.143267754982062));
#5039=DIRECTION('',(-1.,-3.74939945665464E-32,3.06161699786838E-16));
#5040=DIRECTION('',(2.65143809681226E-16,0.500000000000005,0.866025403784436));
#5041=CARTESIAN_POINT('',(-24.,-52.2,-3.85673224501794));
#5042=AXIS2_PLACEMENT_3D('',#5043,#5044,#5045);
#5043=CARTESIAN_POINT('',(-24.,-52.2,0.143267754982063));
#5044=DIRECTION('',(1.,3.74939945665464E-32,-3.06161699786838E-16));
#5045=DIRECTION('',(-3.06161699786838E-16,2.44929359829471E-16,-1.));
#5046=CARTESIAN_POINT('',(-28.,-58.2,-3.84314575050861));
#5047=CARTESIAN_POINT('',(-28.,-57.0284271247461,-6.67157287525493));
#5048=AXIS2_PLACEMENT_3D('',#5049,#5050,#5051);
#5049=CARTESIAN_POINT('',(-28.,-54.2,-3.84314575050861));
#5050=DIRECTION('',(-1.,0.,1.83697019872103E-16));
#5051=DIRECTION('',(-1.2989340843533E-16,-0.707106781186515,-0.70710678118658));
#5052=CARTESIAN_POINT('',(-28.,-58.2,3.84314575050859));
#5053=CARTESIAN_POINT('',(-28.,-58.2,-3.84314575050861));
#5054=VECTOR('',#5055,1.);
#5055=DIRECTION('',(0.,0.,1.));
#5056=CARTESIAN_POINT('',(-28.,-57.0284271247461,6.67157287525491));
#5057=AXIS2_PLACEMENT_3D('',#5058,#5059,#5060);
#5058=CARTESIAN_POINT('',(-28.,-54.2,3.84314575050859));
#5059=DIRECTION('',(-1.,2.46519032881566E-32,1.83697019872103E-16));
#5060=DIRECTION('',(-1.0622976769497E-31,-1.,-4.44089209850063E-16));
#5061=CARTESIAN_POINT('',(-28.,-47.3715728752539,16.3284271247462));
#5062=CARTESIAN_POINT('',(-28.,-57.0284271247461,6.67157287525491));
#5063=VECTOR('',#5064,1.);
#5064=DIRECTION('',(5.20282872453267E-16,0.707106781186579,0.707106781186516));
#5065=CARTESIAN_POINT('',(-28.,-46.2,19.1568542494925));
#5066=AXIS2_PLACEMENT_3D('',#5067,#5068,#5069);
#5067=CARTESIAN_POINT('',(-28.,-50.2,19.1568542494925));
#5068=DIRECTION('',(1.,0.,-1.83697019872103E-16));
#5069=DIRECTION('',(-1.2989340843533E-16,0.707106781186515,-0.707106781186581));
#5070=CARTESIAN_POINT('',(-28.,-46.2,42.4));
#5071=CARTESIAN_POINT('',(-28.,-46.2,42.4));
#5072=VECTOR('',#5073,1.);
#5073=DIRECTION('',(-1.52849950558991E-16,3.05699901117983E-16,-1.));
#5074=CARTESIAN_POINT('',(-28.,-38.6,50.));
#5075=AXIS2_PLACEMENT_3D('',#5076,#5077,#5078);
#5076=CARTESIAN_POINT('',(-28.,-38.6,42.4));
#5077=DIRECTION('',(-1.,-5.47382212626882E-48,1.83697019872103E-16));
#5078=DIRECTION('',(-3.43485744870793E-31,-1.,-1.86984930463184E-15));
#5079=CARTESIAN_POINT('',(-28.,-30.25,50.));
#5080=CARTESIAN_POINT('',(-28.,-30.25,50.));
#5081=VECTOR('',#5082,1.);
#5082=DIRECTION('',(0.,-1.,0.));
#5083=CARTESIAN_POINT('',(-28.,-20.25,50.));
#5084=AXIS2_PLACEMENT_3D('',#5085,#5086,#5087);
#5085=CARTESIAN_POINT('',(-28.,-25.25,50.));
#5086=DIRECTION('',(1.,0.,-1.83697019872103E-16));
#5087=DIRECTION('',(5.22098332203606E-31,1.,2.8421709430404E-15));
#5088=CARTESIAN_POINT('',(-28.,20.25,50.));
#5089=CARTESIAN_POINT('',(-28.,20.25,50.));
#5090=VECTOR('',#5091,1.);
#5091=DIRECTION('',(0.,-1.,0.));
#5092=CARTESIAN_POINT('',(-28.,30.25,50.));
#5093=AXIS2_PLACEMENT_3D('',#5094,#5095,#5096);
#5094=CARTESIAN_POINT('',(-28.,25.25,50.));
#5095=DIRECTION('',(1.,0.,-1.83697019872103E-16));
#5096=DIRECTION('',(0.,1.,0.));
#5097=CARTESIAN_POINT('',(-28.,38.6,50.));
#5098=CARTESIAN_POINT('',(-28.,38.6,50.));
#5099=VECTOR('',#5100,1.);
#5100=DIRECTION('',(0.,-1.,0.));
#5101=CARTESIAN_POINT('',(-28.,46.2,42.4));
#5102=AXIS2_PLACEMENT_3D('',#5103,#5104,#5105);
#5103=CARTESIAN_POINT('',(-28.,38.6,42.4));
#5104=DIRECTION('',(-1.,4.37905770101505E-47,1.83697019872103E-16));
#5105=DIRECTION('',(1.83697019872103E-16,-8.04419849524448E-63,1.));
#5106=CARTESIAN_POINT('',(-28.,46.2,19.1568542494925));
#5107=CARTESIAN_POINT('',(-28.,46.2,19.1568542494925));
#5108=VECTOR('',#5109,1.);
#5109=DIRECTION('',(1.52849950558992E-16,-3.05699901117983E-16,1.));
#5110=CARTESIAN_POINT('',(-28.,47.3715728752539,16.3284271247462));
#5111=AXIS2_PLACEMENT_3D('',#5112,#5113,#5114);
#5112=CARTESIAN_POINT('',(-28.,50.2,19.1568542494925));
#5113=DIRECTION('',(1.,0.,-1.83697019872103E-16));
#5114=DIRECTION('',(6.52622915254509E-31,-1.,3.55271367880051E-15));
#5115=CARTESIAN_POINT('',(-28.,57.0284271247461,6.67157287525492));
#5116=CARTESIAN_POINT('',(-28.,57.0284271247461,6.67157287525492));
#5117=VECTOR('',#5118,1.);
#5118=DIRECTION('',(5.20282872453267E-16,-0.707106781186579,0.707106781186516));
#5119=CARTESIAN_POINT('',(-28.,58.2,3.8431457505086));
#5120=AXIS2_PLACEMENT_3D('',#5121,#5122,#5123);
#5121=CARTESIAN_POINT('',(-28.,54.2,3.8431457505086));
#5122=DIRECTION('',(-1.,1.23259516440783E-32,1.83697019872103E-16));
#5123=DIRECTION('',(1.2989340843533E-16,0.707106781186515,0.70710678118658));
#5124=CARTESIAN_POINT('',(-28.,58.2,-3.8431457505086));
#5125=CARTESIAN_POINT('',(-28.,58.2,-3.8431457505086));
#5126=VECTOR('',#5127,1.);
#5127=DIRECTION('',(0.,0.,1.));
#5128=CARTESIAN_POINT('',(-28.,57.0284271247461,-6.67157287525492));
#5129=AXIS2_PLACEMENT_3D('',#5130,#5131,#5132);
#5130=CARTESIAN_POINT('',(-28.,54.2,-3.8431457505086));
#5131=DIRECTION('',(-1.,1.23259516440783E-32,1.83697019872103E-16));
#5132=DIRECTION('',(1.23259516440783E-32,1.,-2.26424058410483E-48));
#5133=CARTESIAN_POINT('',(-28.,47.3715728752539,-16.3284271247462));
#5134=CARTESIAN_POINT('',(-28.,47.3715728752539,-16.3284271247462));
#5135=VECTOR('',#5136,1.);
#5136=DIRECTION('',(5.20282872453267E-16,0.707106781186579,0.707106781186516));
#5137=CARTESIAN_POINT('',(-28.,46.2,-19.1568542494925));
#5138=AXIS2_PLACEMENT_3D('',#5139,#5140,#5141);
#5139=CARTESIAN_POINT('',(-28.,50.2,-19.1568542494925));
#5140=DIRECTION('',(1.,0.,-1.83697019872103E-16));
#5141=DIRECTION('',(1.2989340843533E-16,-0.707106781186515,0.707106781186581));
#5142=CARTESIAN_POINT('',(-28.,46.2,-42.4));
#5143=CARTESIAN_POINT('',(-28.,46.2,-42.4));
#5144=VECTOR('',#5145,1.);
#5145=DIRECTION('',(1.52849950558991E-16,0.,1.));
#5146=CARTESIAN_POINT('',(-28.,38.6,-50.));
#5147=AXIS2_PLACEMENT_3D('',#5148,#5149,#5150);
#5148=CARTESIAN_POINT('',(-28.,38.6,-42.4));
#5149=DIRECTION('',(-1.,0.,1.83697019872103E-16));
#5150=DIRECTION('',(0.,1.,0.));
#5151=CARTESIAN_POINT('',(-28.,30.25,-50.));
#5152=CARTESIAN_POINT('',(-28.,30.2500000000001,-50.));
#5153=VECTOR('',#5154,1.);
#5154=DIRECTION('',(0.,1.,0.));
#5155=CARTESIAN_POINT('',(-28.,20.25,-50.));
#5156=AXIS2_PLACEMENT_3D('',#5157,#5158,#5159);
#5157=CARTESIAN_POINT('',(-28.,25.25,-50.));
#5158=DIRECTION('',(1.,0.,-1.83697019872103E-16));
#5159=DIRECTION('',(0.,-1.,0.));
#5160=CARTESIAN_POINT('',(-28.,-20.25,-50.));
#5161=CARTESIAN_POINT('',(-28.,-20.25,-50.));
#5162=VECTOR('',#5163,1.);
#5163=DIRECTION('',(0.,1.,0.));
#5164=CARTESIAN_POINT('',(-28.,-30.25,-50.));
#5165=AXIS2_PLACEMENT_3D('',#5166,#5167,#5168);
#5166=CARTESIAN_POINT('',(-28.,-25.25,-50.));
#5167=DIRECTION('',(1.,0.,-1.83697019872103E-16));
#5168=DIRECTION('',(-5.22098332203606E-31,-1.,-2.8421709430404E-15));
#5169=CARTESIAN_POINT('',(-28.,-38.6,-50.));
#5170=CARTESIAN_POINT('',(-28.,-38.6,-50.));
#5171=VECTOR('',#5172,1.);
#5172=DIRECTION('',(0.,1.,0.));
#5173=CARTESIAN_POINT('',(-28.,-46.2,-42.4));
#5174=AXIS2_PLACEMENT_3D('',#5175,#5176,#5177);
#5175=CARTESIAN_POINT('',(-28.,-38.6,-42.4));
#5176=DIRECTION('',(-1.,-2.18952885050753E-47,1.83697019872103E-16));
#5177=DIRECTION('',(-1.83697019872103E-16,-4.02209924762224E-63,-1.));
#5178=CARTESIAN_POINT('',(-28.,-46.2,-19.1568542494925));
#5179=CARTESIAN_POINT('',(-28.,-46.2,-19.1568542494925));
#5180=VECTOR('',#5181,1.);
#5181=DIRECTION('',(-1.52849950558991E-16,3.05699901117983E-16,-1.));
#5182=CARTESIAN_POINT('',(-28.,-47.3715728752539,-16.3284271247462));
#5183=AXIS2_PLACEMENT_3D('',#5184,#5185,#5186);
#5184=CARTESIAN_POINT('',(-28.,-50.2,-19.1568542494925));
#5185=DIRECTION('',(1.,0.,-1.83697019872103E-16));
#5186=DIRECTION('',(3.26311457627254E-31,1.,1.77635683940025E-15));
#5187=CARTESIAN_POINT('',(-28.,-47.3715728752539,-16.3284271247462));
#5188=VECTOR('',#5189,1.);
#5189=DIRECTION('',(5.20282872453267E-16,-0.70710678118658,0.707106781186515));
#5190=CARTESIAN_POINT('',(-28.,52.2,-2.35673224501793));
#5191=AXIS2_PLACEMENT_3D('',#5192,#5193,#5194);
#5192=CARTESIAN_POINT('',(-28.,52.2,0.14326775498207));
#5193=DIRECTION('',(1.,0.,-1.83697019872103E-16));
#5194=DIRECTION('',(-1.83697019872103E-16,-1.22464679914735E-16,-1.));
#5195=CARTESIAN_POINT('',(-18.,-46.2,-19.1568542494925));
#5196=CARTESIAN_POINT('',(-18.,-46.2,-19.1568542494925));
#5197=VECTOR('',#5198,1.);
#5198=DIRECTION('',(-1.,0.,7.105427357601E-16));
#5199=CARTESIAN_POINT('',(-17.5,-46.2,-42.4));
#5200=CARTESIAN_POINT('',(-28.,-46.2,-42.4));
#5201=VECTOR('',#5202,1.);
#5202=DIRECTION('',(1.,0.,-2.03012210217172E-15));
#5203=CARTESIAN_POINT('',(-17.5,-46.2,42.4));
#5204=CARTESIAN_POINT('',(-17.5,-46.2,-42.4));
#5205=VECTOR('',#5206,1.);
#5206=DIRECTION('',(1.67580833905684E-16,-1.67580833905684E-16,1.));
#5207=CARTESIAN_POINT('',(-28.,-46.2,42.4));
#5208=VECTOR('',#5209,1.);
#5209=DIRECTION('',(1.,0.,0.));
#5210=CARTESIAN_POINT('',(-18.,-46.2,19.1568542494925));
#5211=CARTESIAN_POINT('',(-28.,-46.2,19.1568542494925));
#5212=VECTOR('',#5213,1.);
#5213=DIRECTION('',(1.,0.,-7.105427357601E-16));
#5214=CARTESIAN_POINT('',(-18.,-46.2,3.60736937011978));
#5215=CARTESIAN_POINT('',(-18.,-46.2,19.1568542494925));
#5216=VECTOR('',#5217,1.);
#5217=DIRECTION('',(-4.5695580353448E-16,0.,-1.));
#5218=CARTESIAN_POINT('',(-18.,-46.2,-3.32083386015564));
#5219=CARTESIAN_POINT('',(-18.,-46.2,3.60736937011977));
#5220=CARTESIAN_POINT('',(-18.,-46.2,3.49642023749428));
#5221=CARTESIAN_POINT('',(-18.0064286484375,-46.2,3.30153921589742));
#5222=CARTESIAN_POINT('',(-18.0263759969271,-46.2,3.05167491073254));
#5223=CARTESIAN_POINT('',(-18.0507076821683,-46.2,2.84222592185306));
#5224=CARTESIAN_POINT('',(-18.0787265969002,-46.2,2.64944705228625));
#5225=CARTESIAN_POINT('',(-18.1101393736116,-46.2,2.4657103112997));
#5226=CARTESIAN_POINT('',(-18.1456143858959,-46.2,2.28242469344571));
#5227=CARTESIAN_POINT('',(-18.1840812299876,-46.2,2.10152229220638));
#5228=CARTESIAN_POINT('',(-18.2250964615753,-46.2,1.92146839046691));
#5229=CARTESIAN_POINT('',(-18.2676718112577,-46.2,1.74279445799743));
#5230=CARTESIAN_POINT('',(-18.3109320136841,-46.2,1.56504104970099));
#5231=CARTESIAN_POINT('',(-18.3539503900396,-46.2,1.38749535367419));
#5232=CARTESIAN_POINT('',(-18.3957624730521,-46.2,1.20896801011967));
#5233=CARTESIAN_POINT('',(-18.4352827351889,-46.2,1.02784606385342));
#5234=CARTESIAN_POINT('',(-18.471294084147,-46.2,0.841544890391963));
#5235=CARTESIAN_POINT('',(-18.5024763835904,-46.2,0.644682167128836));
#5236=CARTESIAN_POINT('',(-18.5268532181189,-46.2,0.426460798692407));
#5237=CARTESIAN_POINT('',(-18.5386559470295,-46.2,0.189169229472133));
#5238=CARTESIAN_POINT('',(-18.5329708167499,-46.2,-0.0584423267910075));
#5239=CARTESIAN_POINT('',(-18.5112095421821,-46.2,-0.293383922801421));
#5240=CARTESIAN_POINT('',(-18.4793620312034,-46.2,-0.509168742960399));
#5241=CARTESIAN_POINT('',(-18.4426852737587,-46.2,-0.705499727828558));
#5242=CARTESIAN_POINT('',(-18.4021781344937,-46.2,-0.894256504805586));
#5243=CARTESIAN_POINT('',(-18.3590942474451,-46.2,-1.07951636078546));
#5244=CARTESIAN_POINT('',(-18.3146315830216,-46.2,-1.26334911728065));
#5245=CARTESIAN_POINT('',(-18.269864942823,-46.2,-1.44715204803314));
#5246=CARTESIAN_POINT('',(-18.2258008348892,-46.2,-1.63183241619149));
#5247=CARTESIAN_POINT('',(-18.1833599155805,-46.2,-1.8181024914343));
#5248=CARTESIAN_POINT('',(-18.1434275667557,-46.2,-2.00639812894875));
#5249=CARTESIAN_POINT('',(-18.1070960859329,-46.2,-2.19567132114646));
#5250=CARTESIAN_POINT('',(-18.0752751876169,-46.2,-2.38474231782791));
#5251=CARTESIAN_POINT('',(-18.0489011210276,-46.2,-2.57038895867831));
#5252=CARTESIAN_POINT('',(-18.0280219072495,-46.2,-2.75340198896162));
#5253=CARTESIAN_POINT('',(-18.0126511900464,-46.2,-2.93452290814401));
#5254=CARTESIAN_POINT('',(-18.0026309885969,-46.2,-3.12080035102368));
#5255=CARTESIAN_POINT('',(-18.0000000000001,-46.2,-3.25239501442051));
#5256=CARTESIAN_POINT('',(-18.0000000000001,-46.2,-3.32083386015563));
#5257=CARTESIAN_POINT('',(-18.,-46.2,-3.32083386015564));
#5258=VECTOR('',#5259,1.);
#5259=DIRECTION('',(-2.24343843431315E-16,0.,-1.));
#5260=CARTESIAN_POINT('',(-28.,-57.0284271247461,6.67157287525491));
#5261=VECTOR('',#5262,1.);
#5262=DIRECTION('',(1.,0.,-2.96059473233375E-16));
#5263=CARTESIAN_POINT('',(-20.8284271247462,-47.3715728752539,16.3284271247462));
#5264=CARTESIAN_POINT('',(-22.,-50.2,13.5000000000004));
#5265=CARTESIAN_POINT('',(-22.,-49.1249555917412,14.575044408259));
#5266=CARTESIAN_POINT('',(-21.5885983159026,-48.1317440664103,15.5682559335899));
#5267=CARTESIAN_POINT('',(-20.8284271247462,-47.3715728752538,16.3284271247463));
#5268=CARTESIAN_POINT('',(-28.,-47.3715728752539,16.3284271247462));
#5269=VECTOR('',#5270,1.);
#5270=DIRECTION('',(1.,0.,-4.95388353517187E-16));
#5271=CARTESIAN_POINT('',(-28.,-58.2,-3.84314575050861));
#5272=VECTOR('',#5273,1.);
#5273=DIRECTION('',(1.,0.,-2.96059473233375E-16));
#5274=CARTESIAN_POINT('',(-28.,-58.2,3.84314575050859));
#5275=VECTOR('',#5276,1.);
#5276=DIRECTION('',(1.,0.,-2.96059473233375E-16));
#5277=CARTESIAN_POINT('',(-28.,-57.0284271247461,-6.67157287525493));
#5278=VECTOR('',#5279,1.);
#5279=DIRECTION('',(1.,0.,-2.96059473233375E-16));
#5280=CARTESIAN_POINT('',(-20.8284271247462,-47.3715728752539,-16.3284271247463));
#5281=CARTESIAN_POINT('',(-20.8284271247462,-47.3715728752539,-16.3284271247462));
#5282=VECTOR('',#5283,1.);
#5283=DIRECTION('',(-1.,0.,4.95388353517186E-16));
#5284=CARTESIAN_POINT('',(-22.,-50.2,-13.5000000000004));
#5285=CARTESIAN_POINT('',(-22.,-49.1249555917412,-14.5750444082591));
#5286=CARTESIAN_POINT('',(-21.5885983159026,-48.1317440664103,-15.5682559335899));
#5287=CARTESIAN_POINT('',(-20.8284271247462,-47.3715728752538,-16.3284271247463));
#5288=CARTESIAN_POINT('',(-22.,58.2,3.84314575050859));
#5289=CARTESIAN_POINT('',(-28.,58.2,3.8431457505086));
#5290=VECTOR('',#5291,1.);
#5291=DIRECTION('',(1.,0.,-2.96059473233375E-16));
#5292=CARTESIAN_POINT('',(-22.,57.0284271247461,6.67157287525491));
#5293=CARTESIAN_POINT('',(-28.,57.0284271247461,6.67157287525492));
#5294=VECTOR('',#5295,1.);
#5295=DIRECTION('',(1.,0.,-2.96059473233375E-16));
#5296=AXIS2_PLACEMENT_3D('',#5297,#5298,#5299);
#5297=CARTESIAN_POINT('',(-22.,54.2,3.84314575050859));
#5298=DIRECTION('',(1.,0.,-3.06161699786838E-16));
#5299=DIRECTION('',(-6.79815536723447E-32,1.,-2.22044604925032E-16));
#5300=CARTESIAN_POINT('',(-22.,58.2,-3.8431457505086));
#5301=CARTESIAN_POINT('',(-22.,58.2,-3.8431457505086));
#5302=VECTOR('',#5303,1.);
#5303=DIRECTION('',(0.,0.,1.));
#5304=CARTESIAN_POINT('',(-28.,58.2,-3.8431457505086));
#5305=VECTOR('',#5306,1.);
#5306=DIRECTION('',(1.,0.,-2.96059473233375E-16));
#5307=CARTESIAN_POINT('',(-22.,57.0284271247461,-6.67157287525492));
#5308=CARTESIAN_POINT('',(-28.,57.0284271247461,-6.67157287525492));
#5309=VECTOR('',#5310,1.);
#5310=DIRECTION('',(1.,0.,-2.96059473233375E-16));
#5311=AXIS2_PLACEMENT_3D('',#5312,#5313,#5314);
#5312=CARTESIAN_POINT('',(-22.,54.2,-3.8431457505086));
#5313=DIRECTION('',(1.,0.,-3.06161699786838E-16));
#5314=DIRECTION('',(-2.16489014058883E-16,0.707106781186515,-0.707106781186581));
#5315=CARTESIAN_POINT('',(-22.,50.2,-13.5000000000004));
#5316=CARTESIAN_POINT('',(-22.,50.2,-13.5000000000004));
#5317=VECTOR('',#5318,1.);
#5318=DIRECTION('',(3.67895547246918E-16,0.707106781186579,0.707106781186516));
#5319=CARTESIAN_POINT('',(-20.8284271247462,47.3715728752539,-16.3284271247462));
#5320=CARTESIAN_POINT('',(-22.,50.2,-13.5000000000004));
#5321=CARTESIAN_POINT('',(-22.,49.1249555917412,-14.575044408259));
#5322=CARTESIAN_POINT('',(-21.5885983159026,48.1317440664103,-15.5682559335899));
#5323=CARTESIAN_POINT('',(-20.8284271247462,47.3715728752538,-16.3284271247463));
#5324=CARTESIAN_POINT('',(-20.8284271247462,47.3715728752539,-16.3284271247462));
#5325=VECTOR('',#5326,1.);
#5326=DIRECTION('',(-1.,0.,4.95388353517187E-16));
#5327=CARTESIAN_POINT('',(-18.,46.2,-19.1568542494925));
#5328=CARTESIAN_POINT('',(-18.,46.2,-19.1568542494925));
#5329=VECTOR('',#5330,1.);
#5330=DIRECTION('',(-1.,0.,3.5527136788005E-16));
#5331=CARTESIAN_POINT('',(-20.8284271247462,47.3715728752538,-16.3284271247463));
#5332=CARTESIAN_POINT('',(-20.0682559335897,46.6114016840974,-17.0885983159028));
#5333=CARTESIAN_POINT('',(-19.0750444082588,46.2,-18.0818098412337));
#5334=CARTESIAN_POINT('',(-18.,46.2,-19.1568542494925));
#5335=CARTESIAN_POINT('',(-18.,46.2,-3.32083386015573));
#5336=CARTESIAN_POINT('',(-18.,46.2,-3.32083386015573));
#5337=VECTOR('',#5338,1.);
#5338=DIRECTION('',(-4.48687686862633E-16,0.,-1.));
#5339=CARTESIAN_POINT('',(-18.,46.2,3.60736937011985));
#5340=CARTESIAN_POINT('',(-18.,46.2,3.60736937011985));
#5341=CARTESIAN_POINT('',(-18.,46.2,3.49642023749388));
#5342=CARTESIAN_POINT('',(-18.0064286484376,46.2,3.30153921589633));
#5343=CARTESIAN_POINT('',(-18.0263759969272,46.2,3.05167491073124));
#5344=CARTESIAN_POINT('',(-18.0507076821684,46.2,2.84222592185186));
#5345=CARTESIAN_POINT('',(-18.0787265969003,46.2,2.64944705228619));
#5346=CARTESIAN_POINT('',(-18.1101393736116,46.2,2.4657103112995));
#5347=CARTESIAN_POINT('',(-18.1456143858957,46.2,2.28242469344629));
#5348=CARTESIAN_POINT('',(-18.1840812299875,46.2,2.10152229220657));
#5349=CARTESIAN_POINT('',(-18.225096461575,46.2,1.92146839046806));
#5350=CARTESIAN_POINT('',(-18.2676718112575,46.2,1.74279445799823));
#5351=CARTESIAN_POINT('',(-18.3109320136838,46.2,1.56504104970208));
#5352=CARTESIAN_POINT('',(-18.3539503900394,46.2,1.38749535367472));
#5353=CARTESIAN_POINT('',(-18.3957624730518,46.2,1.20896801012071));
#5354=CARTESIAN_POINT('',(-18.4352827351888,46.2,1.02784606385379));
#5355=CARTESIAN_POINT('',(-18.4712940841468,46.2,0.841544890392658));
#5356=CARTESIAN_POINT('',(-18.5024763835906,46.2,0.644682167127165));
#5357=CARTESIAN_POINT('',(-18.526853218119,46.2,0.426460798690797));
#5358=CARTESIAN_POINT('',(-18.5386559470293,46.2,0.189169229472509));
#5359=CARTESIAN_POINT('',(-18.5329708167501,46.2,-0.0584423267803178));
#5360=CARTESIAN_POINT('',(-18.5112095421848,46.2,-0.293383922775259));
#5361=CARTESIAN_POINT('',(-18.4793620312108,46.2,-0.509168742914844));
#5362=CARTESIAN_POINT('',(-18.4426852737716,46.2,-0.705499727763623));
#5363=CARTESIAN_POINT('',(-18.4021781345125,46.2,-0.894256504721143));
#5364=CARTESIAN_POINT('',(-18.3590942474704,46.2,-1.07951636067882));
#5365=CARTESIAN_POINT('',(-18.3146315830535,46.2,-1.26334911714927));
#5366=CARTESIAN_POINT('',(-18.2698649428619,46.2,-1.44715204787248));
#5367=CARTESIAN_POINT('',(-18.2258008349347,46.2,-1.63183241599722));
#5368=CARTESIAN_POINT('',(-18.1833599156322,46.2,-1.8181024912006));
#5369=CARTESIAN_POINT('',(-18.1434275668125,46.2,-2.0063981286696));
#5370=CARTESIAN_POINT('',(-18.107096085993,46.2,-2.19567132081577));
#5371=CARTESIAN_POINT('',(-18.0752751876783,46.2,-2.38474231743647));
#5372=CARTESIAN_POINT('',(-18.0489011210871,46.2,-2.57038895821952));
#5373=CARTESIAN_POINT('',(-18.0280219073031,46.2,-2.7534019884301));
#5374=CARTESIAN_POINT('',(-18.0126511900831,46.2,-2.93452290761077));
#5375=CARTESIAN_POINT('',(-18.0026309886075,46.2,-3.12080035064772));
#5376=CARTESIAN_POINT('',(-18.,46.2,-3.25239501426014));
#5377=CARTESIAN_POINT('',(-18.,46.2,-3.32083386015574));
#5378=CARTESIAN_POINT('',(-18.,46.2,19.1568542494925));
#5379=CARTESIAN_POINT('',(-18.,46.2,19.1568542494925));
#5380=VECTOR('',#5381,1.);
#5381=DIRECTION('',(-4.56955803534481E-16,-4.56955803534481E-16,-1.));
#5382=CARTESIAN_POINT('',(-28.,46.2,19.1568542494925));
#5383=VECTOR('',#5384,1.);
#5384=DIRECTION('',(1.,0.,0.));
#5385=CARTESIAN_POINT('',(1.50307490899941E-14,46.2,42.4));
#5386=CARTESIAN_POINT('',(-28.,46.2,42.4));
#5387=VECTOR('',#5388,1.);
#5388=DIRECTION('',(1.,0.,0.));
#5389=CARTESIAN_POINT('',(-2.59625121419239E-15,46.2,-42.4));
#5390=CARTESIAN_POINT('',(-9.22344733948933E-15,46.2,-42.4));
#5391=VECTOR('',#5392,1.);
#5392=DIRECTION('',(2.17534135365315E-16,8.3790416952842E-17,1.));
#5393=CARTESIAN_POINT('',(-28.,46.2,-42.4));
#5394=VECTOR('',#5395,1.);
#5395=DIRECTION('',(1.,0.,0.));
#5396=CARTESIAN_POINT('',(-4.24585489080188E-15,38.6,-50.));
#5397=CARTESIAN_POINT('',(-28.,38.6,-50.));
#5398=VECTOR('',#5399,1.);
#5399=DIRECTION('',(1.,0.,-2.53765262771464E-16));
#5400=AXIS2_PLACEMENT_3D('',#5401,#5402,#5403);
#5401=CARTESIAN_POINT('',(-7.78875364257716E-15,38.6,-42.4));
#5402=DIRECTION('',(1.,0.,-1.83697019872103E-16));
#5403=DIRECTION('',(-1.83697019872103E-16,0.,-1.));
#5404=CARTESIAN_POINT('',(2.26745352033237E-15,30.25,-50.));
#5405=CARTESIAN_POINT('',(-28.,30.25,-50.));
#5406=VECTOR('',#5407,1.);
#5407=DIRECTION('',(1.,0.,0.));
#5408=CARTESIAN_POINT('',(-9.92149601500332E-15,30.2500000000001,-50.));
#5409=VECTOR('',#5410,1.);
#5410=DIRECTION('',(0.,1.,0.));
#5411=CARTESIAN_POINT('',(2.26745352033237E-15,20.25,-50.));
#5412=CARTESIAN_POINT('',(-28.,20.25,-50.));
#5413=VECTOR('',#5414,1.);
#5414=DIRECTION('',(1.,0.,0.));
#5415=AXIS2_PLACEMENT_3D('',#5416,#5417,#5418);
#5416=CARTESIAN_POINT('',(-9.18485099360515E-15,25.25,-50.));
#5417=DIRECTION('',(1.,0.,-1.83697019872103E-16));
#5418=DIRECTION('',(-2.61049166101803E-31,-1.,-1.4210854715202E-15));
#5419=CARTESIAN_POINT('',(2.26745352033237E-15,-20.25,-50.));
#5420=CARTESIAN_POINT('',(-9.92149601500332E-15,-20.25,-50.));
#5421=VECTOR('',#5422,1.);
#5422=DIRECTION('',(0.,1.,1.75442650804963E-16));
#5423=CARTESIAN_POINT('',(-28.,-20.25,-50.));
#5424=VECTOR('',#5425,1.);
#5425=DIRECTION('',(1.,0.,0.));
#5426=CARTESIAN_POINT('',(-12.8,-9.4535750803427,-50.));
#5427=CARTESIAN_POINT('',(-12.8,-12.9464249196573,-50.));
#5428=CARTESIAN_POINT('',(-12.8,-12.9464249196573,-50.));
#5429=VECTOR('',#5430,1.);
#5430=DIRECTION('',(0.,1.,0.));
#5431=AXIS2_PLACEMENT_3D('',#5432,#5433,#5434);
#5432=CARTESIAN_POINT('',(-10.,-11.2,-50.));
#5433=DIRECTION('',(-2.53765262771464E-16,1.53797128952403E-16,-1.));
#5434=DIRECTION('',(-0.848484848484848,0.529219672623424,2.96708446767977E-16));
#5435=CARTESIAN_POINT('',(2.26745352033237E-15,-30.25,-50.));
#5436=CARTESIAN_POINT('',(-28.,-30.25,-50.));
#5437=VECTOR('',#5438,1.);
#5438=DIRECTION('',(1.,0.,0.));
#5439=AXIS2_PLACEMENT_3D('',#5440,#5441,#5442);
#5440=CARTESIAN_POINT('',(-9.18485099360515E-15,-25.25,-50.));
#5441=DIRECTION('',(1.,0.,-1.83697019872103E-16));
#5442=DIRECTION('',(-7.83147498305409E-31,-1.,-4.2632564145606E-15));
#5443=CARTESIAN_POINT('',(-4.00000000000001,-36.2,-50.));
#5444=CARTESIAN_POINT('',(-1.01670443554694E-14,-32.2,-50.));
#5445=AXIS2_PLACEMENT_3D('',#5446,#5447,#5448);
#5446=CARTESIAN_POINT('',(-4.00000000000001,-32.2,-50.));
#5447=DIRECTION('',(-2.53765262771464E-16,1.53797128952403E-16,-1.));
#5448=DIRECTION('',(1.,-1.77635683940025E-15,-2.53765262771465E-16));
#5449=CARTESIAN_POINT('',(-13.5,-36.2,-50.));
#5450=CARTESIAN_POINT('',(-13.5,-36.2,-50.));
#5451=VECTOR('',#5452,1.);
#5452=DIRECTION('',(1.,0.,0.));
#5453=CARTESIAN_POINT('',(-17.1660605559647,-38.6,-50.));
#5454=AXIS2_PLACEMENT_3D('',#5455,#5456,#5457);
#5455=CARTESIAN_POINT('',(-13.5,-40.2,-50.));
#5456=DIRECTION('',(2.53765262771464E-16,-1.53797128952403E-16,1.));
#5457=DIRECTION('',(4.44089209850062E-16,1.,1.53797128952402E-16));
#5458=CARTESIAN_POINT('',(-28.,-38.6,-50.));
#5459=VECTOR('',#5460,1.);
#5460=DIRECTION('',(1.,0.,-6.55848908359269E-16));
#5461=CARTESIAN_POINT('',(-9.92149601500332E-15,-32.2,-50.));
#5462=VECTOR('',#5463,1.);
#5463=DIRECTION('',(0.,1.,0.));
#5464=CARTESIAN_POINT('',(-17.5,-40.2,-49.8296702484027));
#5465=CARTESIAN_POINT('',(-17.1660605559647,-38.6,-50.));
#5466=CARTESIAN_POINT('',(-17.1709696716759,-38.6112482000763,-50.0000000019511));
#5467=CARTESIAN_POINT('',(-17.1807245909942,-38.6338832234521,-49.9999498282078));
#5468=CARTESIAN_POINT('',(-17.1950977232138,-38.6681005919372,-49.9997208773286));
#5469=CARTESIAN_POINT('',(-17.2093176552713,-38.7028566636174,-49.9993308627935));
#5470=CARTESIAN_POINT('',(-17.2233727624805,-38.7381574194105,-49.9987719981206));
#5471=CARTESIAN_POINT('',(-17.2373419877077,-38.7742435480975,-49.9980314298199));
#5472=CARTESIAN_POINT('',(-17.2512089181213,-38.8111292222602,-49.9970975528358));
#5473=CARTESIAN_POINT('',(-17.2650380329276,-38.8490583393454,-49.9959503625476));
#5474=CARTESIAN_POINT('',(-17.2787176687262,-38.8878007169017,-49.9945825337803));
#5475=CARTESIAN_POINT('',(-17.2922921808735,-38.9275544311496,-49.9929734797043));
#5476=CARTESIAN_POINT('',(-17.3057234552585,-38.9682938528181,-49.9911087568216));
#5477=CARTESIAN_POINT('',(-17.3191115602935,-39.0104384658915,-49.9889493670982));
#5478=CARTESIAN_POINT('',(-17.3323467409312,-39.0537788237144,-49.9864836218478));
#5479=CARTESIAN_POINT('',(-17.3454386628682,-39.0984830768483,-49.9836798173841));
#5480=CARTESIAN_POINT('',(-17.358273292377,-39.1443001159351,-49.9805317837526));
#5481=CARTESIAN_POINT('',(-17.3708412061388,-39.191340894958,-49.9770095783143));
#5482=CARTESIAN_POINT('',(-17.3829930436302,-39.2391729055385,-49.9731261503185));
#5483=CARTESIAN_POINT('',(-17.3946527599706,-39.2875807876567,-49.9688853181312));
#5484=CARTESIAN_POINT('',(-17.4057329462522,-39.3362394816232,-49.9643077829187));
#5485=CARTESIAN_POINT('',(-17.4162082743258,-39.3850503445599,-49.9593981432763));
#5486=CARTESIAN_POINT('',(-17.4260537350804,-39.4338884950488,-49.9541666778752));
#5487=CARTESIAN_POINT('',(-17.4352270191356,-39.4825056028751,-49.9486408356564));
#5488=CARTESIAN_POINT('',(-17.4437159077172,-39.5307512025914,-49.9428430276701));
#5489=CARTESIAN_POINT('',(-17.4515012902876,-39.5783864795013,-49.9368109875275));
#5490=CARTESIAN_POINT('',(-17.4586244564703,-39.6255104877812,-49.9305426241904));
#5491=CARTESIAN_POINT('',(-17.465057772828,-39.6717655244157,-49.9240969769991));
#5492=CARTESIAN_POINT('',(-17.4708179682452,-39.7170138264456,-49.9175099574256));
#5493=CARTESIAN_POINT('',(-17.4758770025769,-39.7606563019756,-49.9108924238454));
#5494=CARTESIAN_POINT('',(-17.4803140277928,-39.8029135086291,-49.9042378403441));
#5495=CARTESIAN_POINT('',(-17.4841419585868,-39.8434242151217,-49.897628960935));
#5496=CARTESIAN_POINT('',(-17.4874328066377,-39.8824095966142,-49.8910560509394));
#5497=CARTESIAN_POINT('',(-17.4904929816326,-39.9233069108494,-49.8839473218402));
#5498=CARTESIAN_POINT('',(-17.4933233505709,-39.9673600292001,-49.8760351664638));
#5499=CARTESIAN_POINT('',(-17.4958430360254,-40.0155111846554,-49.867071222789));
#5500=CARTESIAN_POINT('',(-17.4979308837489,-40.0676122539497,-49.8570187503892));
#5501=CARTESIAN_POINT('',(-17.499567594228,-40.1293018243405,-49.8446516683986));
#5502=CARTESIAN_POINT('',(-17.5000000822294,-40.174408240651,-49.835181589119));
#5503=CARTESIAN_POINT('',(-17.5,-40.1999999991675,-49.829670248582));
#5504=AXIS2_PLACEMENT_3D('',#5505,#5506,#5507);
#5505=CARTESIAN_POINT('',(-17.5,-38.6,-42.4));
#5506=DIRECTION('',(-1.,-2.73691106313441E-48,1.83697019872103E-16));
#5507=DIRECTION('',(-1.79580037271579E-16,-0.210526315789471,-0.977588190579301));
#5508=CARTESIAN_POINT('',(-17.1660605559647,-38.6,50.));
#5509=CARTESIAN_POINT('',(-17.5,-40.2,49.8296702484027));
#5510=CARTESIAN_POINT('',(-17.5,-40.2,49.8296702484027));
#5511=CARTESIAN_POINT('',(-17.5000001968649,-40.1690483435024,49.836335995092));
#5512=CARTESIAN_POINT('',(-17.499285620609,-40.1074306848354,49.8492027698116));
#5513=CARTESIAN_POINT('',(-17.496087264649,-40.0153707458247,49.8672365551546));
#5514=CARTESIAN_POINT('',(-17.4908489428235,-39.9246026802019,49.8838638745593));
#5515=CARTESIAN_POINT('',(-17.4836566118843,-39.8351434887794,49.8991406117821));
#5516=CARTESIAN_POINT('',(-17.4731383002944,-39.7328599198107,49.9153656135787));
#5517=CARTESIAN_POINT('',(-17.4578591455708,-39.6158546016334,49.9321906317929));
#5518=CARTESIAN_POINT('',(-17.4359687113013,-39.4827791250164,49.9489628812508));
#5519=CARTESIAN_POINT('',(-17.4116940755696,-39.3613336191012,49.9620704476004));
#5520=CARTESIAN_POINT('',(-17.3868615438969,-39.2537540055767,49.9720227819271));
#5521=CARTESIAN_POINT('',(-17.3627164025098,-39.1595332801841,49.9795696327485));
#5522=CARTESIAN_POINT('',(-17.335540102748,-39.0632725903263,49.9860810352027));
#5523=CARTESIAN_POINT('',(-17.3057353555097,-38.967205840138,49.9913269347626));
#5524=CARTESIAN_POINT('',(-17.2757147397268,-38.8784284704311,49.9950490075313));
#5525=CARTESIAN_POINT('',(-17.248083320307,-38.8022627073568,49.9974119133016));
#5526=CARTESIAN_POINT('',(-17.2220301676139,-38.7343590206105,49.9989041548478));
#5527=CARTESIAN_POINT('',(-17.1952659606646,-38.6680710307719,49.9997960697966));
#5528=CARTESIAN_POINT('',(-17.1761117874237,-38.6230300796173,50.0000000629978));
#5529=CARTESIAN_POINT('',(-17.1660605559647,-38.6,50.));
#5530=CARTESIAN_POINT('',(-28.,-38.6,50.));
#5531=VECTOR('',#5532,1.);
#5532=DIRECTION('',(1.,0.,0.));
#5533=AXIS2_PLACEMENT_3D('',#5534,#5535,#5536);
#5534=CARTESIAN_POINT('',(-17.5,-38.6,42.4));
#5535=DIRECTION('',(-1.,2.18952885050753E-47,1.83697019872103E-16));
#5536=DIRECTION('',(-1.71742872435397E-31,-1.,-9.34924652315921E-16));
#5537=CARTESIAN_POINT('',(9.87098488223601E-15,-32.2,50.));
#5538=CARTESIAN_POINT('',(-3.99999999999999,-36.2,50.));
#5539=AXIS2_PLACEMENT_3D('',#5540,#5541,#5542);
#5540=CARTESIAN_POINT('',(-3.99999999999999,-32.2,50.));
#5541=DIRECTION('',(2.53765262771464E-16,-1.53797128952403E-16,1.));
#5542=DIRECTION('',(-3.90283688421032E-32,-1.,-1.53797128952403E-16));
#5543=CARTESIAN_POINT('',(1.19434011948696E-14,-30.25,50.));
#5544=CARTESIAN_POINT('',(9.92149601500332E-15,-30.25,50.));
#5545=VECTOR('',#5546,1.);
#5546=DIRECTION('',(0.,-1.,0.));
#5547=CARTESIAN_POINT('',(-28.,-30.25,50.));
#5548=VECTOR('',#5549,1.);
#5549=DIRECTION('',(1.,0.,-2.53765262771464E-16));
#5550=CARTESIAN_POINT('',(-13.5,-36.2,50.));
#5551=AXIS2_PLACEMENT_3D('',#5552,#5553,#5554);
#5552=CARTESIAN_POINT('',(-13.5,-40.2,50.));
#5553=DIRECTION('',(-2.53765262771464E-16,1.53797128952403E-16,-1.));
#5554=DIRECTION('',(-0.916515138991168,0.399999999999999,2.9409855666108E-16));
#5555=CARTESIAN_POINT('',(-3.99999999999999,-36.2,50.));
#5556=VECTOR('',#5557,1.);
#5557=DIRECTION('',(-1.,0.,0.));
#5558=CARTESIAN_POINT('',(1.13512822484029E-14,-20.25,50.));
#5559=CARTESIAN_POINT('',(-28.,-20.25,50.));
#5560=VECTOR('',#5561,1.);
#5561=DIRECTION('',(1.,0.,0.));
#5562=AXIS2_PLACEMENT_3D('',#5563,#5564,#5565);
#5563=CARTESIAN_POINT('',(9.18485099360515E-15,-25.25,50.));
#5564=DIRECTION('',(1.,0.,-1.83697019872103E-16));
#5565=DIRECTION('',(2.61049166101803E-31,1.,1.4210854715202E-15));
#5566=CARTESIAN_POINT('',(1.25355201413364E-14,20.25,50.));
#5567=CARTESIAN_POINT('',(-28.,20.25,50.));
#5568=VECTOR('',#5569,1.);
#5569=DIRECTION('',(1.,0.,0.));
#5570=CARTESIAN_POINT('',(9.92149601500332E-15,20.25,50.));
#5571=VECTOR('',#5572,1.);
#5572=DIRECTION('',(0.,-1.,0.));
#5573=CARTESIAN_POINT('',(1.19434011948696E-14,30.25,50.));
#5574=CARTESIAN_POINT('',(-28.,30.25,50.));
#5575=VECTOR('',#5576,1.);
#5576=DIRECTION('',(1.,0.,-2.53765262771464E-16));
#5577=AXIS2_PLACEMENT_3D('',#5578,#5579,#5580);
#5578=CARTESIAN_POINT('',(9.18485099360515E-15,25.25,50.));
#5579=DIRECTION('',(1.,0.,-1.83697019872103E-16));
#5580=DIRECTION('',(0.,1.,0.));
#5581=CARTESIAN_POINT('',(1.60882338201369E-14,38.6,50.));
#5582=CARTESIAN_POINT('',(9.92149601500332E-15,38.6,50.));
#5583=VECTOR('',#5584,1.);
#5584=DIRECTION('',(0.,-1.,0.));
#5585=CARTESIAN_POINT('',(-28.,38.6,50.));
#5586=VECTOR('',#5587,1.);
#5587=DIRECTION('',(1.,0.,0.));
#5588=AXIS2_PLACEMENT_3D('',#5589,#5590,#5591);
#5589=CARTESIAN_POINT('',(7.78875364257716E-15,38.6,42.4));
#5590=DIRECTION('',(1.,0.,-1.83697019872103E-16));
#5591=DIRECTION('',(1.71742872435397E-31,1.,9.34924652315921E-16));
#5592=CARTESIAN_POINT('',(-20.8284271247462,47.3715728752539,16.3284271247462));
#5593=CARTESIAN_POINT('',(-20.8284271247462,47.3715728752538,16.3284271247463));
#5594=CARTESIAN_POINT('',(-20.0682559335897,46.6114016840974,17.0885983159028));
#5595=CARTESIAN_POINT('',(-19.0750444082588,46.2,18.0818098412337));
#5596=CARTESIAN_POINT('',(-18.,46.2,19.1568542494925));
#5597=CARTESIAN_POINT('',(-28.,47.3715728752539,16.3284271247462));
#5598=VECTOR('',#5599,1.);
#5599=DIRECTION('',(1.,0.,4.95388353517187E-16));
#5600=CARTESIAN_POINT('',(-22.,50.2,13.5000000000004));
#5601=CARTESIAN_POINT('',(-22.,50.2,13.5000000000004));
#5602=CARTESIAN_POINT('',(-22.,49.1249555917412,14.575044408259));
#5603=CARTESIAN_POINT('',(-21.5885983159026,48.1317440664103,15.5682559335899));
#5604=CARTESIAN_POINT('',(-20.8284271247462,47.3715728752538,16.3284271247463));
#5605=CARTESIAN_POINT('',(-22.,57.0284271247461,6.67157287525491));
#5606=VECTOR('',#5607,1.);
#5607=DIRECTION('',(3.67895547246918E-16,-0.707106781186579,0.707106781186516));
#5608=CARTESIAN_POINT('',(-25.5,52.2,-2.35673224501793));
#5609=AXIS2_PLACEMENT_3D('',#5610,#5611,#5612);
#5610=CARTESIAN_POINT('',(-25.5,52.2,0.14326775498207));
#5611=DIRECTION('',(1.,0.,-3.06161699786838E-16));
#5612=DIRECTION('',(-3.06161699786838E-16,0.,-1.));
#5613=CARTESIAN_POINT('',(-17.5,-40.2,-44.4));
#5614=CARTESIAN_POINT('',(-17.5,-32.6,-44.4));
#5615=CARTESIAN_POINT('',(-17.5,-32.6,-44.4));
#5616=VECTOR('',#5617,1.);
#5617=DIRECTION('',(0.,-1.,0.));
#5618=CARTESIAN_POINT('',(-17.5,-32.6,44.4));
#5619=CARTESIAN_POINT('',(-17.5,-32.6,-44.4));
#5620=VECTOR('',#5621,1.);
#5621=DIRECTION('',(2.00040184617145E-16,1.60032147693716E-16,1.));
#5622=CARTESIAN_POINT('',(-17.5,-40.2,44.4));
#5623=CARTESIAN_POINT('',(-17.5,-40.2,44.4));
#5624=VECTOR('',#5625,1.);
#5625=DIRECTION('',(0.,1.,0.));
#5626=CARTESIAN_POINT('',(-17.5,-40.2,44.4));
#5627=VECTOR('',#5628,1.);
#5628=DIRECTION('',(6.54314814024969E-16,1.30862962804994E-15,1.));
#5629=CARTESIAN_POINT('',(-17.5,-40.2,-49.8296702484027));
#5630=VECTOR('',#5631,1.);
#5631=DIRECTION('',(6.54314814024972E-16,0.,1.));
#5632=CARTESIAN_POINT('',(-17.5,-41.4585062088996,26.3553292473115));
#5633=CARTESIAN_POINT('',(-17.5,-41.4585062088996,27.7228530046549));
#5634=CARTESIAN_POINT('',(-17.5,-41.4585062088996,27.7228530046549));
#5635=VECTOR('',#5636,1.);
#5636=DIRECTION('',(0.,0.,-1.));
#5637=CARTESIAN_POINT('',(-17.5,-41.2161230462766,27.9649467748413));
#5638=CARTESIAN_POINT('',(-17.5,-41.2161230462766,27.9649467748413));
#5639=CARTESIAN_POINT('',(-17.5,-41.4585062088996,27.9649467748413));
#5640=CARTESIAN_POINT('',(-17.5,-41.4585062088996,27.7228530046549));
#5641=CARTESIAN_POINT('',(-17.5,-36.7717018311498,27.9649467748413));
#5642=CARTESIAN_POINT('',(-17.5,-36.7717018311498,27.9649467748413));
#5643=VECTOR('',#5644,1.);
#5644=DIRECTION('',(0.,-1.,0.));
#5645=CARTESIAN_POINT('',(-17.5,-36.5319645422329,27.7228530046549));
#5646=CARTESIAN_POINT('',(-17.5,-36.5319645422329,27.7228530046549));
#5647=CARTESIAN_POINT('',(-17.5,-36.5319645422329,27.9649467748413));
#5648=CARTESIAN_POINT('',(-17.5,-36.7717018311498,27.9649467748413));
#5649=CARTESIAN_POINT('',(-17.5,-36.7717018311498,27.4807592748413));
#5650=CARTESIAN_POINT('',(-17.5,-36.7717018311498,27.4807592748413));
#5651=CARTESIAN_POINT('',(-17.5,-36.5319645422329,27.4807592748413));
#5652=CARTESIAN_POINT('',(-17.5,-36.5319645422329,27.7228530046549));
#5653=CARTESIAN_POINT('',(-17.5,-40.9769645422329,27.4807592748413));
#5654=CARTESIAN_POINT('',(-17.5,-40.9769645422329,27.4807592748413));
#5655=VECTOR('',#5656,1.);
#5656=DIRECTION('',(0.,1.,0.));
#5657=CARTESIAN_POINT('',(-17.5,-40.9769645422329,26.3553292473115));
#5658=CARTESIAN_POINT('',(-17.5,-40.9769645422329,26.3553292473115));
#5659=VECTOR('',#5660,1.);
#5660=DIRECTION('',(0.,0.,1.));
#5661=CARTESIAN_POINT('',(-17.5,-41.2164124387132,26.1129047429118));
#5662=CARTESIAN_POINT('',(-17.5,-41.2164124387132,26.1129047429118));
#5663=CARTESIAN_POINT('',(-17.5,-40.9769645422329,26.1129047429118));
#5664=CARTESIAN_POINT('',(-17.5,-40.9769645422329,26.3553292473115));
#5665=CARTESIAN_POINT('',(-17.5,-41.4585062088996,26.3553292473115));
#5666=CARTESIAN_POINT('',(-17.5,-41.4585062088996,26.1129047429118));
#5667=CARTESIAN_POINT('',(-17.5,-41.2164124387132,26.1129047429118));
#5668=CARTESIAN_POINT('',(-17.5,-41.2161230462766,20.6624472039947));
#5669=CARTESIAN_POINT('',(-17.5,-41.4585062088996,20.9051610604582));
#5670=CARTESIAN_POINT('',(-17.5,-41.4585062088996,20.9051610604582));
#5671=CARTESIAN_POINT('',(-17.5,-41.4585062088996,20.6624472039947));
#5672=CARTESIAN_POINT('',(-17.5,-41.2161230462766,20.6624472039947));
#5673=CARTESIAN_POINT('',(-17.5,-41.2906197973765,21.1307597039947));
#5674=CARTESIAN_POINT('',(-17.5,-41.2906197973765,21.1307597039947));
#5675=CARTESIAN_POINT('',(-17.5,-41.4585062088996,21.0566763706614));
#5676=CARTESIAN_POINT('',(-17.5,-41.4585062088996,20.9051610604582));
#5677=CARTESIAN_POINT('',(-17.5,-37.6191953333496,22.7182597039947));
#5678=CARTESIAN_POINT('',(-17.5,-37.6191953333496,22.7182597039947));
#5679=VECTOR('',#5680,1.);
#5680=DIRECTION('',(0.,-0.917870060708547,-0.396881029598151));
#5681=CARTESIAN_POINT('',(-17.5,-41.2161230462766,22.7182597039947));
#5682=CARTESIAN_POINT('',(-17.5,-41.2161230462766,22.7182597039947));
#5683=VECTOR('',#5684,1.);
#5684=DIRECTION('',(0.,1.,0.));
#5685=CARTESIAN_POINT('',(-17.5,-41.4585062088996,22.9603534338083));
#5686=CARTESIAN_POINT('',(-17.5,-41.4585062088996,22.9603534338083));
#5687=CARTESIAN_POINT('',(-17.5,-41.4585062088996,22.7182597039947));
#5688=CARTESIAN_POINT('',(-17.5,-41.2161230462766,22.7182597039947));
#5689=CARTESIAN_POINT('',(-17.5,-41.2161230462766,23.2024472039947));
#5690=CARTESIAN_POINT('',(-17.5,-41.2161230462766,23.2024472039947));
#5691=CARTESIAN_POINT('',(-17.5,-41.4585062088996,23.2024472039947));
#5692=CARTESIAN_POINT('',(-17.5,-41.4585062088996,22.9603534338083));
#5693=CARTESIAN_POINT('',(-17.5,-36.7717018311498,23.2024472039947));
#5694=CARTESIAN_POINT('',(-17.5,-36.7717018311498,23.2024472039947));
#5695=VECTOR('',#5696,1.);
#5696=DIRECTION('',(0.,-1.,0.));
#5697=CARTESIAN_POINT('',(-17.5,-36.5319645422329,22.9631646342483));
#5698=CARTESIAN_POINT('',(-17.5,-36.5319645422329,22.9631646342483));
#5699=CARTESIAN_POINT('',(-17.5,-36.5319645422329,23.2024472039947));
#5700=CARTESIAN_POINT('',(-17.5,-36.7717018311498,23.2024472039947));
#5701=CARTESIAN_POINT('',(-17.5,-36.6719456582396,22.740831950695));
#5702=CARTESIAN_POINT('',(-17.5,-36.6719456582396,22.740831950695));
#5703=CARTESIAN_POINT('',(-17.5,-36.5319645422329,22.8037118240451));
#5704=CARTESIAN_POINT('',(-17.5,-36.5319645422329,22.9631646342483));
#5705=CARTESIAN_POINT('',(-17.5,-40.3686295440767,21.1466347039947));
#5706=CARTESIAN_POINT('',(-17.5,-40.3686295440767,21.1466347039947));
#5707=VECTOR('',#5708,1.);
#5708=DIRECTION('',(0.,0.91825192529283,0.395996719299556));
#5709=CARTESIAN_POINT('',(-17.5,-36.7717018311498,21.1466347039947));
#5710=CARTESIAN_POINT('',(-17.5,-36.7717018311498,21.1466347039947));
#5711=VECTOR('',#5712,1.);
#5712=DIRECTION('',(0.,-1.,0.));
#5713=CARTESIAN_POINT('',(-17.5,-36.5319645422329,20.9045409338083));
#5714=CARTESIAN_POINT('',(-17.5,-36.5319645422329,20.9045409338083));
#5715=CARTESIAN_POINT('',(-17.5,-36.5319645422329,21.1466347039947));
#5716=CARTESIAN_POINT('',(-17.5,-36.7717018311498,21.1466347039947));
#5717=CARTESIAN_POINT('',(-17.5,-36.7717018311498,20.6624472039947));
#5718=CARTESIAN_POINT('',(-17.5,-36.7717018311498,20.6624472039947));
#5719=CARTESIAN_POINT('',(-17.5,-36.5319645422329,20.6624472039947));
#5720=CARTESIAN_POINT('',(-17.5,-36.5319645422329,20.9045409338083));
#5721=CARTESIAN_POINT('',(-17.5,-41.2161230462766,20.6624472039947));
#5722=VECTOR('',#5723,1.);
#5723=DIRECTION('',(0.,1.,0.));
#5724=CARTESIAN_POINT('',(-17.5,-41.2161230462766,15.5295312684784));
#5725=CARTESIAN_POINT('',(-17.5,-36.7717018311498,15.5295312684784));
#5726=CARTESIAN_POINT('',(-17.5,-36.7717018311498,15.5295312684784));
#5727=VECTOR('',#5728,1.);
#5728=DIRECTION('',(0.,-1.,-3.99682377843565E-16));
#5729=CARTESIAN_POINT('',(-17.5,-36.5319645422329,15.2871481058554));
#5730=CARTESIAN_POINT('',(-17.5,-36.5319645422329,15.2871481058554));
#5731=CARTESIAN_POINT('',(-17.5,-36.5319645422329,15.5295312684784));
#5732=CARTESIAN_POINT('',(-17.5,-36.7717018311498,15.5295312684784));
#5733=CARTESIAN_POINT('',(-17.5,-36.5319645422329,14.2613502662785));
#5734=CARTESIAN_POINT('',(-17.5,-36.5319645422329,14.2613502662785));
#5735=VECTOR('',#5736,1.);
#5736=DIRECTION('',(0.,0.,1.));
#5737=CARTESIAN_POINT('',(-17.5,-36.8533919302699,13.4858730489519));
#5738=CARTESIAN_POINT('',(-17.5,-36.8533919302699,13.4858730489519));
#5739=CARTESIAN_POINT('',(-17.5,-36.5319645422329,13.8075898294255));
#5740=CARTESIAN_POINT('',(-17.5,-36.5319645422329,14.2613502662785));
#5741=CARTESIAN_POINT('',(-17.5,-37.6255618458366,13.1641562684784));
#5742=CARTESIAN_POINT('',(-17.5,-37.6255618458366,13.1641562684784));
#5743=CARTESIAN_POINT('',(-17.5,-37.1748193586796,13.1641562684784));
#5744=CARTESIAN_POINT('',(-17.5,-36.8533919302699,13.4858730489519));
#5745=CARTESIAN_POINT('',(-17.5,-37.9671637382732,13.1641562684784));
#5746=CARTESIAN_POINT('',(-17.5,-37.9671637382732,13.1641562684784));
#5747=VECTOR('',#5748,1.);
#5748=DIRECTION('',(0.,1.,0.));
#5749=CARTESIAN_POINT('',(-17.5,-38.7541751497963,13.5469339245019));
#5750=CARTESIAN_POINT('',(-17.5,-38.7541751497963,13.5469339245019));
#5751=CARTESIAN_POINT('',(-17.5,-38.4860778058198,13.1641562684784));
#5752=CARTESIAN_POINT('',(-17.5,-37.9671637382732,13.1641562684784));
#5753=CARTESIAN_POINT('',(-17.5,-39.1085101075797,13.1504723422685));
#5754=CARTESIAN_POINT('',(-17.5,-39.1085101075797,13.1504723422685));
#5755=CARTESIAN_POINT('',(-17.5,-38.8450429618433,13.3114134160586));
#5756=CARTESIAN_POINT('',(-17.5,-38.7541751497963,13.5469339245019));
#5757=CARTESIAN_POINT('',(-17.5,-39.6765374387132,12.9895312684784));
#5758=CARTESIAN_POINT('',(-17.5,-39.6765374387132,12.9895312684784));
#5759=CARTESIAN_POINT('',(-17.5,-39.3719772129432,12.9895312684784));
#5760=CARTESIAN_POINT('',(-17.5,-39.1085101075797,13.1504723422685));
#5761=CARTESIAN_POINT('',(-17.5,-40.3607333858534,12.9895312684784));
#5762=CARTESIAN_POINT('',(-17.5,-40.3607333858534,12.9895312684784));
#5763=VECTOR('',#5764,1.);
#5764=DIRECTION('',(0.,1.,0.));
#5765=CARTESIAN_POINT('',(-17.5,-41.1265367889332,13.3213559518537));
#5766=CARTESIAN_POINT('',(-17.5,-41.1265367889332,13.3213559518537));
#5767=CARTESIAN_POINT('',(-17.5,-40.7945673689667,12.9895312684784));
#5768=CARTESIAN_POINT('',(-17.5,-40.3607333858534,12.9895312684784));
#5769=CARTESIAN_POINT('',(-17.5,-41.4585062088996,14.0902805783255));
#5770=CARTESIAN_POINT('',(-17.5,-41.4585062088996,14.0902805783255));
#5771=CARTESIAN_POINT('',(-17.5,-41.4585062088996,13.6531806756018));
#5772=CARTESIAN_POINT('',(-17.5,-41.1265367889332,13.3213559518537));
#5773=CARTESIAN_POINT('',(-17.5,-41.4585062088996,15.2871067640787));
#5774=CARTESIAN_POINT('',(-17.5,-41.4585062088996,15.2871067640787));
#5775=VECTOR('',#5776,1.);
#5776=DIRECTION('',(0.,0.,-1.));
#5777=CARTESIAN_POINT('',(-17.5,-41.2161230462766,15.5295312684784));
#5778=CARTESIAN_POINT('',(-17.5,-41.4585062088996,15.5295312684784));
#5779=CARTESIAN_POINT('',(-17.5,-41.4585062088996,15.2871067640787));
#5780=CARTESIAN_POINT('',(-17.5,-41.13877375296,9.87158230227299));
#5781=CARTESIAN_POINT('',(-17.5,-41.4585062088996,10.6506975151999));
#5782=CARTESIAN_POINT('',(-17.5,-41.4585062088996,10.6506975151999));
#5783=CARTESIAN_POINT('',(-17.5,-41.4585062088996,10.1932163991932));
#5784=CARTESIAN_POINT('',(-17.5,-41.13877375296,9.87158230227299));
#5785=CARTESIAN_POINT('',(-17.5,-41.4585062088996,10.9926301418498));
#5786=CARTESIAN_POINT('',(-17.5,-41.4585062088996,10.9926301418498));
#5787=VECTOR('',#5788,1.);
#5788=DIRECTION('',(0.,0.,-1.));
#5789=CARTESIAN_POINT('',(-17.5,-41.1375542109214,11.7689341947096));
#5790=CARTESIAN_POINT('',(-17.5,-41.1375542109214,11.7689341947096));
#5791=CARTESIAN_POINT('',(-17.5,-41.4585062088996,11.4479201840664));
#5792=CARTESIAN_POINT('',(-17.5,-41.4585062088996,10.9926301418498));
#5793=CARTESIAN_POINT('',(-17.5,-40.3614361960566,12.0899482053528));
#5794=CARTESIAN_POINT('',(-17.5,-40.3614361960566,12.0899482053528));
#5795=CARTESIAN_POINT('',(-17.5,-40.8166022129432,12.0899482053528));
#5796=CARTESIAN_POINT('',(-17.5,-41.1375542109214,11.7689341947096));
#5797=CARTESIAN_POINT('',(-17.5,-37.6263886813698,12.0899482053528));
#5798=CARTESIAN_POINT('',(-17.5,-37.6263886813698,12.0899482053528));
#5799=VECTOR('',#5800,1.);
#5800=DIRECTION('',(0.,-1.,0.));
#5801=CARTESIAN_POINT('',(-17.5,-36.8530818669449,11.768768827603));
#5802=CARTESIAN_POINT('',(-17.5,-36.8530818669449,11.768768827603));
#5803=CARTESIAN_POINT('',(-17.5,-37.1741992320297,12.0899482053528));
#5804=CARTESIAN_POINT('',(-17.5,-37.6263886813698,12.0899482053528));
#5805=CARTESIAN_POINT('',(-17.5,-36.5319645422329,10.9926301418498));
#5806=CARTESIAN_POINT('',(-17.5,-36.5319645422329,10.9926301418498));
#5807=CARTESIAN_POINT('',(-17.5,-36.5319645422329,11.4475894498532));
#5808=CARTESIAN_POINT('',(-17.5,-36.8530818669449,11.768768827603));
#5809=CARTESIAN_POINT('',(-17.5,-36.5319645422329,10.6506975151999));
#5810=CARTESIAN_POINT('',(-17.5,-36.5319645422329,10.6506975151999));
#5811=VECTOR('',#5812,1.);
#5812=DIRECTION('',(0.,0.,1.));
#5813=CARTESIAN_POINT('',(-17.5,-36.8518623249063,9.87174766937962));
#5814=CARTESIAN_POINT('',(-17.5,-36.8518623249063,9.87174766937962));
#5815=CARTESIAN_POINT('',(-17.5,-36.5319645422329,10.1935471334065));
#5816=CARTESIAN_POINT('',(-17.5,-36.5319645422329,10.6506975151999));
#5817=CARTESIAN_POINT('',(-17.5,-37.6263886813698,9.54994820535277));
#5818=CARTESIAN_POINT('',(-17.5,-37.6263886813698,9.54994820535277));
#5819=CARTESIAN_POINT('',(-17.5,-37.1717601075797,9.54994820535277));
#5820=CARTESIAN_POINT('',(-17.5,-36.8518623249063,9.87174766937962));
#5821=CARTESIAN_POINT('',(-17.5,-40.3614361960566,9.54994820535277));
#5822=CARTESIAN_POINT('',(-17.5,-40.3614361960566,9.54994820535277));
#5823=VECTOR('',#5824,1.);
#5824=DIRECTION('',(0.,1.,0.));
#5825=CARTESIAN_POINT('',(-17.5,-41.13877375296,9.87158230227299));
#5826=CARTESIAN_POINT('',(-17.5,-40.8190413373933,9.54994820535277));
#5827=CARTESIAN_POINT('',(-17.5,-40.3614361960566,9.54994820535277));
#5828=CARTESIAN_POINT('',(-17.5,-41.7971728755663,6.27883031414523));
#5829=CARTESIAN_POINT('',(-17.5,-41.5547070293899,6.5204693247884));
#5830=CARTESIAN_POINT('',(-17.5,-41.5547070293899,6.5204693247884));
#5831=CARTESIAN_POINT('',(-17.5,-41.7971728755663,6.5204693247884));
#5832=CARTESIAN_POINT('',(-17.5,-41.7971728755663,6.27883031414523));
#5833=CARTESIAN_POINT('',(-17.5,-41.4585062088996,6.5204693247884));
#5834=CARTESIAN_POINT('',(-17.5,-41.4585062088996,6.5204693247884));
#5835=VECTOR('',#5836,1.);
#5836=DIRECTION('',(0.,-1.,0.));
#5837=CARTESIAN_POINT('',(-17.5,-41.4585062088996,8.42939671282532));
#5838=CARTESIAN_POINT('',(-17.5,-41.4585062088996,8.42939671282532));
#5839=VECTOR('',#5840,1.);
#5840=DIRECTION('',(0.,0.,-1.));
#5841=CARTESIAN_POINT('',(-17.5,-41.5547070293899,8.42939671282532));
#5842=CARTESIAN_POINT('',(-17.5,-41.5547070293899,8.42939671282533));
#5843=VECTOR('',#5844,1.);
#5844=DIRECTION('',(0.,1.,0.));
#5845=CARTESIAN_POINT('',(-17.5,-41.7971728755663,8.67182117685218));
#5846=CARTESIAN_POINT('',(-17.5,-41.7971728755663,8.67182117685218));
#5847=CARTESIAN_POINT('',(-17.5,-41.7971728755663,8.42939671282532));
#5848=CARTESIAN_POINT('',(-17.5,-41.5547070293899,8.42939671282532));
#5849=CARTESIAN_POINT('',(-17.5,-41.5548723964965,8.91424568125186));
#5850=CARTESIAN_POINT('',(-17.5,-41.5548723964965,8.91424568125186));
#5851=CARTESIAN_POINT('',(-17.5,-41.7971728755663,8.91424568125186));
#5852=CARTESIAN_POINT('',(-17.5,-41.7971728755663,8.67182117685218));
#5853=CARTESIAN_POINT('',(-17.5,-41.2166191475965,8.91424568125186));
#5854=CARTESIAN_POINT('',(-17.5,-41.2166191475965,8.91424568125187));
#5855=VECTOR('',#5856,1.);
#5856=DIRECTION('',(0.,-1.,0.));
#5857=CARTESIAN_POINT('',(-17.5,-40.9769645422329,8.67182117685218));
#5858=CARTESIAN_POINT('',(-17.5,-40.9769645422329,8.67182117685218));
#5859=CARTESIAN_POINT('',(-17.5,-40.9769645422329,8.91424568125186));
#5860=CARTESIAN_POINT('',(-17.5,-41.2166191475965,8.91424568125186));
#5861=CARTESIAN_POINT('',(-17.5,-40.9769645422329,8.5570168394752));
#5862=CARTESIAN_POINT('',(-17.5,-40.9769645422329,8.5570168394752));
#5863=VECTOR('',#5864,1.);
#5864=DIRECTION('',(0.,0.,1.));
#5865=CARTESIAN_POINT('',(-17.5,-36.7389182867333,8.22955363279175));
#5866=CARTESIAN_POINT('',(-17.5,-36.7389182867333,8.22955363279175));
#5867=VECTOR('',#5868,1.);
#5868=DIRECTION('',(0.,-0.997028167681792,0.077037866332659));
#5869=CARTESIAN_POINT('',(-17.5,-36.5266728755663,7.98787328037193));
#5870=CARTESIAN_POINT('',(-17.5,-36.5266728755663,7.98787328037193));
#5871=CARTESIAN_POINT('',(-17.5,-36.5266728755663,8.21111548301174));
#5872=CARTESIAN_POINT('',(-17.5,-36.7389182867333,8.22955363279175));
#5873=CARTESIAN_POINT('',(-17.5,-36.5266728755663,6.6165874617254));
#5874=CARTESIAN_POINT('',(-17.5,-36.5266728755663,6.6165874617254));
#5875=VECTOR('',#5876,1.);
#5876=DIRECTION('',(0.,0.,1.));
#5877=CARTESIAN_POINT('',(-17.5,-36.7664928480364,6.37494849145506));
#5878=CARTESIAN_POINT('',(-17.5,-36.7664928480364,6.37494849145506));
#5879=CARTESIAN_POINT('',(-17.5,-36.5266728755663,6.37494849145506));
#5880=CARTESIAN_POINT('',(-17.5,-36.5266728755663,6.6165874617254));
#5881=CARTESIAN_POINT('',(-17.5,-40.9769645422329,6.37494849145506));
#5882=CARTESIAN_POINT('',(-17.5,-40.9769645422329,6.37494849145506));
#5883=VECTOR('',#5884,1.);
#5884=DIRECTION('',(0.,1.,-2.10945111191306E-16));
#5885=CARTESIAN_POINT('',(-17.5,-40.9769645422329,6.27883031414523));
#5886=CARTESIAN_POINT('',(-17.5,-40.9769645422329,6.27883031414523));
#5887=VECTOR('',#5888,1.);
#5888=DIRECTION('',(0.,0.,1.));
#5889=CARTESIAN_POINT('',(-17.5,-41.2166191475965,6.03640580974554));
#5890=CARTESIAN_POINT('',(-17.5,-41.2166191475965,6.03640580974554));
#5891=CARTESIAN_POINT('',(-17.5,-40.9769645422329,6.03640580974554));
#5892=CARTESIAN_POINT('',(-17.5,-40.9769645422329,6.27883031414523));
#5893=CARTESIAN_POINT('',(-17.5,-41.5548723964965,6.03640580974554));
#5894=CARTESIAN_POINT('',(-17.5,-41.5548723964965,6.03640580974554));
#5895=VECTOR('',#5896,1.);
#5896=DIRECTION('',(0.,1.,0.));
#5897=CARTESIAN_POINT('',(-17.5,-41.7971728755663,6.27883031414523));
#5898=CARTESIAN_POINT('',(-17.5,-41.7971728755663,6.03640580974554));
#5899=CARTESIAN_POINT('',(-17.5,-41.5548723964965,6.03640580974554));
#5900=CARTESIAN_POINT('',(-17.5,-41.2768531876133,4.87459576739957));
#5901=CARTESIAN_POINT('',(-17.5,-41.4558603755663,5.10341898876984));
#5902=CARTESIAN_POINT('',(-17.5,-41.4558603755663,5.10341898876984));
#5903=CARTESIAN_POINT('',(-17.5,-41.4558603755663,4.9229648790066));
#5904=CARTESIAN_POINT('',(-17.5,-41.2768531876133,4.87459576739957));
#5905=CARTESIAN_POINT('',(-17.5,-41.2202571835696,5.34927477988654));
#5906=CARTESIAN_POINT('',(-17.5,-41.2202571835696,5.34927477988654));
#5907=CARTESIAN_POINT('',(-17.5,-41.4558603755663,5.34927477988654));
#5908=CARTESIAN_POINT('',(-17.5,-41.4558603755663,5.10341898876984));
#5909=CARTESIAN_POINT('',(-17.5,-41.19202115384,5.34241216607967));
#5910=CARTESIAN_POINT('',(-17.5,-41.19202115384,5.34241216607967));
#5911=CARTESIAN_POINT('',(-17.5,-41.1846624387132,5.34927477988654));
#5912=CARTESIAN_POINT('',(-17.5,-41.2202571835696,5.34927477988654));
#5913=CARTESIAN_POINT('',(-17.5,-36.7401171982564,4.1433122229831));
#5914=CARTESIAN_POINT('',(-17.5,-36.7401171982564,4.1433122229831));
#5915=VECTOR('',#5916,1.);
#5916=DIRECTION('',(0.,-0.965587962000313,0.260076695688181));
#5917=CARTESIAN_POINT('',(-17.5,-36.5346103755663,3.90994144655321));
#5918=CARTESIAN_POINT('',(-17.5,-36.5346103755663,3.90994144655321));
#5919=CARTESIAN_POINT('',(-17.5,-36.5346103755663,4.08849387496296));
#5920=CARTESIAN_POINT('',(-17.5,-36.7401171982564,4.1433122229831));
#5921=CARTESIAN_POINT('',(-17.5,-36.7401171982564,3.67772823986975));
#5922=CARTESIAN_POINT('',(-17.5,-36.7401171982564,3.67772823986975));
#5923=CARTESIAN_POINT('',(-17.5,-36.5346103755663,3.73250524611324));
#5924=CARTESIAN_POINT('',(-17.5,-36.5346103755663,3.90994144655321));
#5925=CARTESIAN_POINT('',(-17.5,-41.1522923120633,2.48028196783954));
#5926=CARTESIAN_POINT('',(-17.5,-41.1522923120633,2.48028196783954));
#5927=VECTOR('',#5928,1.);
#5928=DIRECTION('',(0.,0.965089243262394,0.261921271643254));
#5929=CARTESIAN_POINT('',(-17.5,-41.2202571835696,2.47064945499653));
#5930=CARTESIAN_POINT('',(-17.5,-41.2202571835696,2.47064945499653));
#5931=CARTESIAN_POINT('',(-17.5,-41.1891686116233,2.47064945499653));
#5932=CARTESIAN_POINT('',(-17.5,-41.1522923120633,2.48028196783954));
#5933=CARTESIAN_POINT('',(-17.5,-41.4558603755663,2.71646390433658));
#5934=CARTESIAN_POINT('',(-17.5,-41.4558603755663,2.71646390433658));
#5935=CARTESIAN_POINT('',(-17.5,-41.4558603755663,2.47064945499653));
#5936=CARTESIAN_POINT('',(-17.5,-41.2202571835696,2.47064945499653));
#5937=CARTESIAN_POINT('',(-17.5,-41.2768531876133,2.94640335367663));
#5938=CARTESIAN_POINT('',(-17.5,-41.2768531876133,2.94640335367663));
#5939=CARTESIAN_POINT('',(-17.5,-41.4558603755663,2.8980342420696));
#5940=CARTESIAN_POINT('',(-17.5,-41.4558603755663,2.71646390433658));
#5941=CARTESIAN_POINT('',(-17.5,-40.0879645422329,3.26733468076648));
#5942=CARTESIAN_POINT('',(-17.5,-40.0879645422329,3.26733468076648));
#5943=VECTOR('',#5944,1.);
#5944=DIRECTION('',(0.,-0.965443101532157,-0.260613924616412));
#5945=CARTESIAN_POINT('',(-17.5,-40.0879645422329,4.55366444030973));
#5946=CARTESIAN_POINT('',(-17.5,-40.0879645422329,4.55366444030973));
#5947=VECTOR('',#5948,1.);
#5948=DIRECTION('',(0.,0.,-1.));
#5949=CARTESIAN_POINT('',(-17.5,-41.2768531876133,4.87459576739957));
#5950=VECTOR('',#5951,1.);
#5951=DIRECTION('',(0.,0.965443101532158,-0.260613924616409));
#5952=CARTESIAN_POINT('',(-17.5,-39.1,-7.85000000000001));
#5953=AXIS2_PLACEMENT_3D('',#5954,#5955,#5956);
#5954=CARTESIAN_POINT('',(-17.5,-39.1,-4.60000000000001));
#5955=DIRECTION('',(1.,0.,-1.83697019872103E-16));
#5956=DIRECTION('',(-1.83697019872103E-16,-1.22464679914735E-16,-1.));
#5957=CARTESIAN_POINT('',(-17.5,-39.1,32.15));
#5958=AXIS2_PLACEMENT_3D('',#5959,#5960,#5961);
#5959=CARTESIAN_POINT('',(-17.5,-39.1,35.4));
#5960=DIRECTION('',(1.,0.,-1.83697019872103E-16));
#5961=DIRECTION('',(-1.83697019872103E-16,-1.22464679914735E-16,-1.));
#5962=CARTESIAN_POINT('',(-22.,50.2,3.60736937011984));
#5963=CARTESIAN_POINT('',(-22.,50.2,13.5000000000004));
#5964=VECTOR('',#5965,1.);
#5965=DIRECTION('',(-3.59127295026016E-16,-7.18254590052032E-16,-1.));
#5966=CARTESIAN_POINT('',(-22.,52.2,-3.85673224501793));
#5967=AXIS2_PLACEMENT_3D('',#5968,#5969,#5970);
#5968=CARTESIAN_POINT('',(-22.,52.2,0.143267754982069));
#5969=DIRECTION('',(1.,0.,-3.06161699786838E-16));
#5970=DIRECTION('',(-3.06161699786838E-16,0.,-1.));
#5971=CARTESIAN_POINT('',(-22.,50.2,-3.32083386015571));
#5972=AXIS2_PLACEMENT_3D('',#5973,#5974,#5975);
#5973=CARTESIAN_POINT('',(-22.,52.2,0.143267754982069));
#5974=DIRECTION('',(1.,0.,-3.06161699786838E-16));
#5975=DIRECTION('',(-2.65143809681227E-16,-0.499999999999996,-0.866025403784441));
#5976=CARTESIAN_POINT('',(-22.,50.2,-3.32083386015573));
#5977=VECTOR('',#5978,1.);
#5978=DIRECTION('',(-3.49018144511267E-16,0.,-1.));
#5979=CARTESIAN_POINT('',(-18.,46.2,-3.32083386015573));
#5980=CARTESIAN_POINT('',(-18.0335865532385,46.1999999039961,-3.32083386058336));
#5981=CARTESIAN_POINT('',(-18.1007406327675,46.2008458866483,-3.32083386147037));
#5982=CARTESIAN_POINT('',(-18.1773314125073,46.2037406499537,-3.32083386190354));
#5983=CARTESIAN_POINT('',(-18.2442990828121,46.2073552346158,-3.32083386135601));
#5984=CARTESIAN_POINT('',(-18.3108208691441,46.2117843693302,-3.32083386112605));
#5985=CARTESIAN_POINT('',(-18.4005976073105,46.2196985746898,-3.32083385991214));
#5986=CARTESIAN_POINT('',(-18.4984058158597,46.2307701356114,-3.32083386022119));
#5987=CARTESIAN_POINT('',(-18.5943996191281,46.2440225223388,-3.32083386014676));
#5988=CARTESIAN_POINT('',(-18.6578142418085,46.2543326741119,-3.32083386015622));
#5989=CARTESIAN_POINT('',(-18.720147426279,46.2652344724117,-3.32083386015533));
#5990=CARTESIAN_POINT('',(-18.7819035916051,46.276791984339,-3.32083386016255));
#5991=CARTESIAN_POINT('',(-18.8729537104464,46.2960523302583,-3.32083386016595));
#5992=CARTESIAN_POINT('',(-18.9621979924863,46.3170989975663,-3.32083386015116));
#5993=CARTESIAN_POINT('',(-19.0489365320324,46.3396434794266,-3.32083386017805));
#5994=CARTESIAN_POINT('',(-19.1107423295675,46.3571787300444,-3.32083386016918));
#5995=CARTESIAN_POINT('',(-19.1662299906503,46.373694442298,-3.32083386016087));
#5996=CARTESIAN_POINT('',(-19.2204392894025,46.3904685385779,-3.32083386015346));
#5997=CARTESIAN_POINT('',(-19.2955426266986,46.4153102334834,-3.32083386015844));
#5998=CARTESIAN_POINT('',(-19.3731780856143,46.442793514822,-3.32083386017137));
#5999=CARTESIAN_POINT('',(-19.4490991379802,46.4714252448098,-3.32083386015315));
#6000=CARTESIAN_POINT('',(-19.5233949179122,46.501164301579,-3.32083386016299));
#6001=CARTESIAN_POINT('',(-19.5772031566414,46.5239567115347,-3.32083386016685));
#6002=CARTESIAN_POINT('',(-19.6253461071892,46.5450274695035,-3.3208338601617));
#6003=CARTESIAN_POINT('',(-19.6806930261525,46.5699011654666,-3.32083386015262));
#6004=CARTESIAN_POINT('',(-19.7618987028248,46.6084424654322,-3.32083386016375));
#6005=CARTESIAN_POINT('',(-19.8542434834472,46.6552358374819,-3.32083386015454));
#6006=CARTESIAN_POINT('',(-19.9378583586948,46.7003616276997,-3.32083386016605));
#6007=CARTESIAN_POINT('',(-19.997861436096,46.7345244650869,-3.32083386016696));
#6008=CARTESIAN_POINT('',(-20.042780172839,46.7608752008991,-3.32083386016015));
#6009=CARTESIAN_POINT('',(-20.0886217778691,46.7883733335307,-3.32083386015379));
#6010=CARTESIAN_POINT('',(-20.1510293923636,46.8272527542366,-3.32083386015829));
#6011=CARTESIAN_POINT('',(-20.2238625125125,46.8747782553223,-3.32083386018457));
#6012=CARTESIAN_POINT('',(-20.2995283849308,46.9265987535328,-3.32083386015238));
#6013=CARTESIAN_POINT('',(-20.3700256452308,46.9773707586161,-3.32083386016958));
#6014=CARTESIAN_POINT('',(-20.4263310937718,47.0197419479901,-3.32083386018121));
#6015=CARTESIAN_POINT('',(-20.4909629966079,47.0698505878097,-3.3208338601612));
#6016=CARTESIAN_POINT('',(-20.5767707981379,47.1394169611509,-3.32083386015598));
#6017=CARTESIAN_POINT('',(-20.691528092835,47.2394998333633,-3.32083386017529));
#6018=CARTESIAN_POINT('',(-20.7738818540575,47.3174603288939,-3.32083386018495));
#6019=CARTESIAN_POINT('',(-20.8563456013511,47.3991777067531,-3.32083386018632));
#6020=CARTESIAN_POINT('',(-20.9389901396897,47.4848273032098,-3.32083386013464));
#6021=CARTESIAN_POINT('',(-21.0508890519373,47.6112230098791,-3.32083386019375));
#6022=CARTESIAN_POINT('',(-21.1245280762325,47.7019084974775,-3.32083386018825));
#6023=CARTESIAN_POINT('',(-21.1884542687911,47.7841986311623,-3.32083386020286));
#6024=CARTESIAN_POINT('',(-21.2432227980581,47.8574882520391,-3.32083386011433));
#6025=CARTESIAN_POINT('',(-21.315381174698,47.9610284432499,-3.32083386023266));
#6026=CARTESIAN_POINT('',(-21.3778869532281,48.0566759219311,-3.32083386013841));
#6027=CARTESIAN_POINT('',(-21.4215924351675,48.1277061191943,-3.32083386024552));
#6028=CARTESIAN_POINT('',(-21.4572754659326,48.1879789444216,-3.32083386011988));
#6029=CARTESIAN_POINT('',(-21.492988112168,48.2501655257568,-3.32083386023418));
#6030=CARTESIAN_POINT('',(-21.5397714028386,48.336119550756,-3.32083386013857));
#6031=CARTESIAN_POINT('',(-21.589992356657,48.434754172324,-3.32083386015692));
#6032=CARTESIAN_POINT('',(-21.6370341161147,48.5338791616335,-3.32083386016824));
#6033=CARTESIAN_POINT('',(-21.6671842662238,48.6021627103876,-3.32083386015567));
#6034=CARTESIAN_POINT('',(-21.6959546548368,48.6698673215751,-3.3208338601557));
#6035=CARTESIAN_POINT('',(-21.7237401931741,48.7379422134182,-3.32083386016671));
#6036=CARTESIAN_POINT('',(-21.7647238622394,48.8466127384341,-3.32083386020655));
#6037=CARTESIAN_POINT('',(-21.8043931822723,48.9621631197471,-3.32083386014003));
#6038=CARTESIAN_POINT('',(-21.8324168502852,49.0533483059932,-3.32083386015859));
#6039=CARTESIAN_POINT('',(-21.8551195035938,49.1325774087445,-3.32083386015248));
#6040=CARTESIAN_POINT('',(-21.8727427269829,49.1977673596288,-3.32083386020281));
#6041=CARTESIAN_POINT('',(-21.8932845456141,49.2810099332756,-3.32083386016004));
#6042=CARTESIAN_POINT('',(-21.9126924186221,49.367154568298,-3.32083386015252));
#6043=CARTESIAN_POINT('',(-21.9313671374833,49.4598689794919,-3.32083386016495));
#6044=CARTESIAN_POINT('',(-21.945134023352,49.5384833115089,-3.32083386013208));
#6045=CARTESIAN_POINT('',(-21.9555521505872,49.6046354234178,-3.3208338601923));
#6046=CARTESIAN_POINT('',(-21.9639429124825,49.6626143968681,-3.32083385986502));
#6047=CARTESIAN_POINT('',(-21.9730117623067,49.7340469283205,-3.32083386145612));
#6048=CARTESIAN_POINT('',(-21.9812088521072,49.8101936924357,-3.32083385527014));
#6049=CARTESIAN_POINT('',(-21.9879933336015,49.8870881974568,-3.32083387864981));
#6050=CARTESIAN_POINT('',(-21.9927884798886,49.956861800037,-3.32083379960667));
#6051=CARTESIAN_POINT('',(-21.9954953894716,50.0088068982032,-3.32083397766009));
#6052=CARTESIAN_POINT('',(-21.9977059044041,50.0610681876721,-3.32083399424289));
#6053=CARTESIAN_POINT('',(-21.9994843125591,50.1213452822697,-3.32083388881032));
#6054=CARTESIAN_POINT('',(-22.0000000365224,50.1737703965324,-3.32083382861869));
#6055=CARTESIAN_POINT('',(-22.,50.2,-3.32083386015571));
#6056=AXIS2_PLACEMENT_3D('',#6057,#6058,#6059);
#6057=CARTESIAN_POINT('',(-22.,52.2,0.143267754982069));
#6058=DIRECTION('',(1.,0.,-3.06161699786838E-16));
#6059=DIRECTION('',(2.65143809681227E-16,-0.499999999999996,0.866025403784441));
#6060=CARTESIAN_POINT('',(-18.,46.2,3.60736937011985));
#6061=CARTESIAN_POINT('',(-18.0335865532426,46.199999903996,3.60736937055133));
#6062=CARTESIAN_POINT('',(-18.1007406327771,46.2008458866488,3.60736937144556));
#6063=CARTESIAN_POINT('',(-18.1773314125197,46.2037406499551,3.60736937188242));
#6064=CARTESIAN_POINT('',(-18.2442990828198,46.2073552346172,3.60736937132874));
#6065=CARTESIAN_POINT('',(-18.3108208691464,46.2117843693314,3.60736937110798));
#6066=CARTESIAN_POINT('',(-18.4005976073096,46.2196985746894,3.60736936987168));
#6067=CARTESIAN_POINT('',(-18.4984058158592,46.2307701356114,3.60736937018651));
#6068=CARTESIAN_POINT('',(-18.5943996191277,46.244022522339,3.6073693701107));
#6069=CARTESIAN_POINT('',(-18.6578142418078,46.2543326741112,3.60736937012027));
#6070=CARTESIAN_POINT('',(-18.7201474262789,46.2652344724122,3.60736937011949));
#6071=CARTESIAN_POINT('',(-18.7819035916044,46.2767919843387,3.60736937012674));
#6072=CARTESIAN_POINT('',(-18.8729537104458,46.2960523302582,3.60736937013021));
#6073=CARTESIAN_POINT('',(-18.9621979924857,46.3170989975661,3.60736937011521));
#6074=CARTESIAN_POINT('',(-19.0489365320317,46.3396434794264,3.60736937014247));
#6075=CARTESIAN_POINT('',(-19.110742329567,46.3571787300444,3.60736937013348));
#6076=CARTESIAN_POINT('',(-19.1662299906499,46.3736944422978,3.60736937012504));
#6077=CARTESIAN_POINT('',(-19.2204392894022,46.3904685385779,3.60736937011754));
#6078=CARTESIAN_POINT('',(-19.2955426266982,46.4153102334833,3.60736937012259));
#6079=CARTESIAN_POINT('',(-19.373178085614,46.4427935148219,3.60736937013566));
#6080=CARTESIAN_POINT('',(-19.44909913798,46.4714252448097,3.60736937011724));
#6081=CARTESIAN_POINT('',(-19.5233949179121,46.5011643015789,3.60736937012719));
#6082=CARTESIAN_POINT('',(-19.5772031566413,46.5239567115347,3.60736937013109));
#6083=CARTESIAN_POINT('',(-19.6253461071892,46.5450274695035,3.60736937012587));
#6084=CARTESIAN_POINT('',(-19.6806930261525,46.5699011654666,3.6073693701167));
#6085=CARTESIAN_POINT('',(-19.761898702825,46.6084424654323,3.60736937012796));
#6086=CARTESIAN_POINT('',(-19.8542434834473,46.655235837482,3.60736937011864));
#6087=CARTESIAN_POINT('',(-19.9378583586949,46.7003616276997,3.60736937013026));
#6088=CARTESIAN_POINT('',(-19.997861436096,46.734524465087,3.60736937013118));
#6089=CARTESIAN_POINT('',(-20.042780172839,46.7608752008991,3.60736937012431));
#6090=CARTESIAN_POINT('',(-20.088621777869,46.7883733335307,3.60736937011789));
#6091=CARTESIAN_POINT('',(-20.1510293923635,46.8272527542365,3.60736937012243));
#6092=CARTESIAN_POINT('',(-20.2238625125122,46.8747782553221,3.60736937014892));
#6093=CARTESIAN_POINT('',(-20.2995283849302,46.9265987535324,3.60736937011647));
#6094=CARTESIAN_POINT('',(-20.3700256452304,46.9773707586158,3.60736937013379));
#6095=CARTESIAN_POINT('',(-20.4263310937712,47.0197419479897,3.60736937014552));
#6096=CARTESIAN_POINT('',(-20.4909629966072,47.0698505878091,3.60736937012533));
#6097=CARTESIAN_POINT('',(-20.5767707981368,47.1394169611501,3.60736937012012));
#6098=CARTESIAN_POINT('',(-20.691528092834,47.2394998333624,3.60736937013952));
#6099=CARTESIAN_POINT('',(-20.7738818540567,47.3174603288931,3.60736937014923));
#6100=CARTESIAN_POINT('',(-20.8563456013507,47.3991777067526,3.60736937015061));
#6101=CARTESIAN_POINT('',(-20.9389901396896,47.4848273032097,3.60736937009867));
#6102=CARTESIAN_POINT('',(-21.0508890519368,47.6112230098785,3.60736937015798));
#6103=CARTESIAN_POINT('',(-21.1245280762321,47.7019084974768,3.60736937015264));
#6104=CARTESIAN_POINT('',(-21.1884542687906,47.7841986311618,3.60736937016703));
#6105=CARTESIAN_POINT('',(-21.2432227980645,47.8574882520341,3.60736937008682));
#6106=CARTESIAN_POINT('',(-21.3153811746762,47.9610284432615,3.60736937017145));
#6107=CARTESIAN_POINT('',(-21.3778869532968,48.0566759218902,3.60736937018545));
#6108=CARTESIAN_POINT('',(-21.4215924349918,48.1277061192772,3.60736937000941));
#6109=CARTESIAN_POINT('',(-21.457275466179,48.1879789442584,3.60736937039015));
#6110=CARTESIAN_POINT('',(-21.4929881120357,48.2501655258154,3.60736937005174));
#6111=CARTESIAN_POINT('',(-21.5397714027927,48.3361195507437,3.607369370049));
#6112=CARTESIAN_POINT('',(-21.5899923569161,48.4347541721609,3.60736937050426));
#6113=CARTESIAN_POINT('',(-21.6370341159655,48.5338791616394,3.60736936995198));
#6114=CARTESIAN_POINT('',(-21.6671842663155,48.602162710276,3.60736937029672));
#6115=CARTESIAN_POINT('',(-21.6959546549633,48.6698673214291,3.60736937036787));
#6116=CARTESIAN_POINT('',(-21.7237401930804,48.7379422133518,3.6073693700433));
#6117=CARTESIAN_POINT('',(-21.7647238621729,48.8466127383075,3.60736937013238));
#6118=CARTESIAN_POINT('',(-21.8043931824024,48.9621631194978,3.60736937044604));
#6119=CARTESIAN_POINT('',(-21.8324168502812,49.0533483057993,3.60736937021051));
#6120=CARTESIAN_POINT('',(-21.8551195037413,49.1325774085427,3.60736937047363));
#6121=CARTESIAN_POINT('',(-21.872742726907,49.1977673595221,3.60736937008545));
#6122=CARTESIAN_POINT('',(-21.8932845455297,49.2810099331051,3.60736937003581));
#6123=CARTESIAN_POINT('',(-21.9126924188004,49.3671545680201,3.60736937058472));
#6124=CARTESIAN_POINT('',(-21.9313671374662,49.4598689791759,3.60736937021122));
#6125=CARTESIAN_POINT('',(-21.945134023367,49.5384833112247,3.6073693702505));
#6126=CARTESIAN_POINT('',(-21.9555521507773,49.6046354230562,3.60736937063896));
#6127=CARTESIAN_POINT('',(-21.963942912638,49.6626143964892,3.60736937060896));
#6128=CARTESIAN_POINT('',(-21.9730117623023,49.7340469279545,3.60736937005043));
#6129=CARTESIAN_POINT('',(-21.981208852072,49.8101936921712,3.60736937013402));
#6130=CARTESIAN_POINT('',(-21.9879933335887,49.8870881972606,3.60736937013394));
#6131=CARTESIAN_POINT('',(-21.9927884798769,49.9568617998538,3.60736937014928));
#6132=CARTESIAN_POINT('',(-21.9954953894533,50.0088068978345,3.60736937005654));
#6133=CARTESIAN_POINT('',(-21.9977059043732,50.061068186986,3.6073693718973));
#6134=CARTESIAN_POINT('',(-21.9994843125462,50.1213452816325,3.60736937330965));
#6135=CARTESIAN_POINT('',(-22.0000000365223,50.1737703961335,3.60736937199332));
#6136=CARTESIAN_POINT('',(-22.,50.2,3.60736937011984));
#6137=CARTESIAN_POINT('',(-8.58877524537072E-15,-32.2,-48.4));
#6138=CARTESIAN_POINT('',(-9.92149601500332E-15,-32.2,-50.));
#6139=VECTOR('',#6140,1.);
#6140=DIRECTION('',(3.6940426609235E-16,0.,1.));
#6141=CARTESIAN_POINT('',(8.29271577213734E-15,-32.2,48.4));
#6142=CARTESIAN_POINT('',(8.88635997940551E-15,-32.2,48.3999999999999));
#6143=VECTOR('',#6144,1.);
#6144=DIRECTION('',(3.69404266092333E-16,0.,1.));
#6145=CARTESIAN_POINT('',(1.06611915580043E-14,-29.9870877129308,48.4));
#6146=CARTESIAN_POINT('',(7.99818155970539E-15,-29.9870877129308,48.4));
#6147=VECTOR('',#6148,1.);
#6148=DIRECTION('',(0.,-1.,0.));
#6149=CARTESIAN_POINT('',(1.18454294509378E-14,-20.5129122870692,48.4));
#6150=AXIS2_PLACEMENT_3D('',#6151,#6152,#6153);
#6151=CARTESIAN_POINT('',(9.18485099360515E-15,-25.25,50.));
#6152=DIRECTION('',(1.,0.,-1.83697019872103E-16));
#6153=DIRECTION('',(-5.8783046359073E-17,-0.947417542586161,-0.32));
#6154=CARTESIAN_POINT('',(1.36217862903381E-14,20.5129122870692,48.4));
#6155=CARTESIAN_POINT('',(1.33272520779061E-14,20.5129122870692,48.4));
#6156=VECTOR('',#6157,1.);
#6157=DIRECTION('',(-8.65970084862118E-17,-1.,0.));
#6158=CARTESIAN_POINT('',(1.36217862903381E-14,29.9870877129308,48.4));
#6159=AXIS2_PLACEMENT_3D('',#6160,#6161,#6162);
#6160=CARTESIAN_POINT('',(9.18485099360515E-15,25.25,50.));
#6161=DIRECTION('',(1.,0.,-1.83697019872103E-16));
#6162=DIRECTION('',(-5.87830463590733E-17,-0.94741754258616,-0.320000000000002));
#6163=CARTESIAN_POINT('',(8.89093576180978E-15,38.6,48.4));
#6164=CARTESIAN_POINT('',(1.68799657567066E-14,38.6,48.4));
#6165=VECTOR('',#6166,1.);
#6166=DIRECTION('',(-2.06243461002981E-16,-1.,0.));
#6167=CARTESIAN_POINT('',(2.1316282072803E-14,44.6,42.4));
#6168=AXIS2_PLACEMENT_3D('',#6169,#6170,#6171);
#6169=CARTESIAN_POINT('',(7.78875364257716E-15,38.6,42.4));
#6170=DIRECTION('',(1.,0.,-1.83697019872103E-16));
#6171=DIRECTION('',(2.17540971751502E-31,1.,1.1842378929335E-15));
#6172=CARTESIAN_POINT('',(0.,44.6,-42.4));
#6173=CARTESIAN_POINT('',(1.43469369691217E-15,44.6,-42.4));
#6174=VECTOR('',#6175,1.);
#6175=DIRECTION('',(1.54691322650683E-16,1.67580833905684E-16,1.));
#6176=CARTESIAN_POINT('',(3.5527136788005E-15,38.6,-48.4));
#6177=AXIS2_PLACEMENT_3D('',#6178,#6179,#6180);
#6178=CARTESIAN_POINT('',(-7.78875364257716E-15,38.6,-42.4));
#6179=DIRECTION('',(1.,0.,-1.83697019872103E-16));
#6180=DIRECTION('',(-1.83697019872103E-16,0.,-1.));
#6181=CARTESIAN_POINT('',(5.32601999659791E-15,29.9870877129308,-48.4));
#6182=CARTESIAN_POINT('',(-2.66911104150464E-15,29.9870877129308,-48.4));
#6183=VECTOR('',#6184,1.);
#6184=DIRECTION('',(9.15904956335561E-32,1.,0.));
#6185=CARTESIAN_POINT('',(4.73390105013116E-15,20.5129122870692,-48.4));
#6186=AXIS2_PLACEMENT_3D('',#6187,#6188,#6189);
#6187=CARTESIAN_POINT('',(-9.18485099360515E-15,25.25,-50.));
#6188=DIRECTION('',(1.,0.,-1.83697019872103E-16));
#6189=DIRECTION('',(5.87830463590727E-17,0.947417542586161,0.319999999999999));
#6190=CARTESIAN_POINT('',(4.14178210366441E-15,-20.5129122870692,-48.4));
#6191=CARTESIAN_POINT('',(-6.22182472030514E-15,-20.5129122870692,-48.4));
#6192=VECTOR('',#6193,1.);
#6193=DIRECTION('',(8.6597008486212E-17,1.,0.));
#6194=CARTESIAN_POINT('',(3.54966315719766E-15,-29.9870877129308,-48.4));
#6195=AXIS2_PLACEMENT_3D('',#6196,#6197,#6198);
#6196=CARTESIAN_POINT('',(-9.18485099360515E-15,-25.25,-50.));
#6197=DIRECTION('',(1.,0.,-1.83697019872103E-16));
#6198=DIRECTION('',(5.87830463590722E-17,0.947417542586162,0.319999999999996));
#6199=CARTESIAN_POINT('',(-6.22182472030514E-15,-32.2,-48.4));
#6200=VECTOR('',#6201,1.);
#6201=DIRECTION('',(0.,1.,0.));
#6202=CARTESIAN_POINT('',(8.63375993398884E-15,25.25,-47.));
#6203=AXIS2_PLACEMENT_3D('',#6204,#6205,#6206);
#6204=CARTESIAN_POINT('',(-9.18485099360515E-15,25.25,-50.));
#6205=DIRECTION('',(-1.,0.,1.83697019872103E-16));
#6206=DIRECTION('',(1.83697019872103E-16,-1.22464679914735E-16,1.));
#6207=CARTESIAN_POINT('',(8.63375993398884E-15,-25.25,-47.));
#6208=AXIS2_PLACEMENT_3D('',#6209,#6210,#6211);
#6209=CARTESIAN_POINT('',(-9.18485099360514E-15,-25.25,-50.));
#6210=DIRECTION('',(-1.,0.,1.83697019872103E-16));
#6211=DIRECTION('',(1.83697019872103E-16,-1.22464679914735E-16,1.));
#6212=CARTESIAN_POINT('',(8.63375993398884E-15,-25.25,47.));
#6213=AXIS2_PLACEMENT_3D('',#6214,#6215,#6216);
#6214=CARTESIAN_POINT('',(9.18485099360514E-15,-25.25,50.));
#6215=DIRECTION('',(1.,0.,-1.83697019872103E-16));
#6216=DIRECTION('',(-1.83697019872103E-16,-1.22464679914735E-16,-1.));
#6217=CARTESIAN_POINT('',(8.63375993398884E-15,25.25,47.));
#6218=AXIS2_PLACEMENT_3D('',#6219,#6220,#6221);
#6219=CARTESIAN_POINT('',(9.18485099360515E-15,25.25,50.));
#6220=DIRECTION('',(1.,0.,-1.83697019872103E-16));
#6221=DIRECTION('',(-1.83697019872103E-16,-1.22464679914735E-16,-1.));
#6222=CARTESIAN_POINT('',(-12.8,-12.9464249196573,-48.4));
#6223=CARTESIAN_POINT('',(-12.8,-9.4535750803427,-48.4));
#6224=CARTESIAN_POINT('',(-12.8,-12.9464249196573,-48.4));
#6225=VECTOR('',#6226,1.);
#6226=DIRECTION('',(0.,1.,0.));
#6227=CARTESIAN_POINT('',(-12.8,-12.9464249196573,-48.4));
#6228=VECTOR('',#6229,1.);
#6229=DIRECTION('',(-1.11022302462515E-15,1.11022302462515E-15,-1.));
#6230=CARTESIAN_POINT('',(-12.8,-9.4535750803427,-48.4));
#6231=VECTOR('',#6232,1.);
#6232=DIRECTION('',(0.,0.,-1.));
#6233=AXIS2_PLACEMENT_3D('',#6234,#6235,#6236);
#6234=CARTESIAN_POINT('',(-10.,-11.2,-48.4));
#6235=DIRECTION('',(-2.53765262771464E-16,1.53797128952403E-16,-1.));
#6236=DIRECTION('',(-0.848484848484848,0.529219672623424,2.96708446767977E-16));
#6237=CARTESIAN_POINT('',(-4.00000000000001,-36.2,-48.4));
#6238=AXIS2_PLACEMENT_3D('',#6239,#6240,#6241);
#6239=CARTESIAN_POINT('',(-4.00000000000001,-32.2,-48.4));
#6240=DIRECTION('',(2.53765262771464E-16,-1.53797128952403E-16,1.));
#6241=DIRECTION('',(-2.22044604925031E-16,-1.,-1.53797128952403E-16));
#6242=CARTESIAN_POINT('',(-4.00000000000001,-36.2,-50.));
#6243=VECTOR('',#6244,1.);
#6244=DIRECTION('',(0.,0.,1.));
#6245=CARTESIAN_POINT('',(-13.5,-36.1999999993884,-48.4));
#6246=CARTESIAN_POINT('',(-13.5,-36.2,-48.4));
#6247=VECTOR('',#6248,1.);
#6248=DIRECTION('',(1.,0.,0.));
#6249=CARTESIAN_POINT('',(-13.5,-36.2,-50.));
#6250=VECTOR('',#6251,1.);
#6251=DIRECTION('',(0.,0.,1.));
#6252=CARTESIAN_POINT('',(-13.5,-36.2,-48.4));
#6253=CARTESIAN_POINT('',(-15.8431457505076,-36.2,-48.4));
#6254=CARTESIAN_POINT('',(-17.5,-37.8568542494924,-46.7431457505076));
#6255=CARTESIAN_POINT('',(-17.5,-40.2,-44.4));
#6256=CARTESIAN_POINT('',(-13.5,-36.1999999993884,48.4));
#6257=CARTESIAN_POINT('',(-13.5,-36.2,48.4));
#6258=CARTESIAN_POINT('',(-15.8431457505076,-36.2,48.4));
#6259=CARTESIAN_POINT('',(-17.5,-37.8568542494924,46.7431457505076));
#6260=CARTESIAN_POINT('',(-17.5,-40.2,44.4));
#6261=CARTESIAN_POINT('',(-13.5,-36.2,48.4));
#6262=VECTOR('',#6263,1.);
#6263=DIRECTION('',(0.,0.,1.));
#6264=CARTESIAN_POINT('',(-3.99999999999999,-36.2,48.3999999999999));
#6265=CARTESIAN_POINT('',(-3.99999999999999,-36.2,48.3999999999999));
#6266=VECTOR('',#6267,1.);
#6267=DIRECTION('',(0.,0.,1.));
#6268=AXIS2_PLACEMENT_3D('',#6269,#6270,#6271);
#6269=CARTESIAN_POINT('',(-3.99999999999999,-32.2,48.4));
#6270=DIRECTION('',(-2.53765262771464E-16,1.53797128952403E-16,-1.));
#6271=DIRECTION('',(1.,-3.5527136788005E-15,-2.53765262771465E-16));
#6272=CARTESIAN_POINT('',(-3.99999999999999,-36.2,48.4));
#6273=VECTOR('',#6274,1.);
#6274=DIRECTION('',(-1.,0.,7.47939721852737E-16));
#6275=CARTESIAN_POINT('',(-24.,52.2,-3.85673224501793));
#6276=AXIS2_PLACEMENT_3D('',#6277,#6278,#6279);
#6277=CARTESIAN_POINT('',(-24.,52.2,0.143267754982069));
#6278=DIRECTION('',(1.,0.,-3.06161699786838E-16));
#6279=DIRECTION('',(-3.06161699786838E-16,0.,-1.));
#6280=CARTESIAN_POINT('',(-13.5,-32.6,-48.4));
#6281=CARTESIAN_POINT('',(-13.5,-32.6,-48.4));
#6282=VECTOR('',#6283,1.);
#6283=DIRECTION('',(0.,-1.,0.));
#6284=AXIS2_PLACEMENT_3D('',#6285,#6286,#6287);
#6285=CARTESIAN_POINT('',(-13.5,-32.6,-44.4));
#6286=DIRECTION('',(1.05365844256918E-31,-1.,1.46806350363657E-16));
#6287=DIRECTION('',(-1.,1.55414620278954E-31,1.77635683940025E-15));
#6288=CARTESIAN_POINT('',(-26.4,-32.6,-48.4));
#6289=CARTESIAN_POINT('',(-26.4,-32.6,-48.4));
#6290=VECTOR('',#6291,1.);
#6291=DIRECTION('',(1.,0.,0.));
#6292=CARTESIAN_POINT('',(-26.4,-32.6,48.4));
#6293=CARTESIAN_POINT('',(-26.4,-32.6,-48.4));
#6294=VECTOR('',#6295,1.);
#6295=DIRECTION('',(2.20209525545486E-16,1.46806350363657E-16,1.));
#6296=CARTESIAN_POINT('',(-13.5,-32.6,48.4));
#6297=CARTESIAN_POINT('',(-13.5,-32.6,48.4));
#6298=VECTOR('',#6299,1.);
#6299=DIRECTION('',(-1.,0.,0.));
#6300=AXIS2_PLACEMENT_3D('',#6301,#6302,#6303);
#6301=CARTESIAN_POINT('',(-13.5,-32.6,44.4));
#6302=DIRECTION('',(1.05365844256918E-31,-1.,1.46806350363657E-16));
#6303=DIRECTION('',(4.44089209850063E-16,1.46806350363657E-16,1.));
#6304=CARTESIAN_POINT('',(-13.5,-36.1999999975536,48.4));
#6305=VECTOR('',#6306,1.);
#6306=DIRECTION('',(0.,1.,0.));
#6307=CARTESIAN_POINT('',(-18.3,-41.4585062088996,26.3553292473115));
#6308=CARTESIAN_POINT('',(-18.3,-41.4585062088996,26.3553292473115));
#6309=VECTOR('',#6310,1.);
#6310=DIRECTION('',(1.,0.,0.));
#6311=CARTESIAN_POINT('',(-18.3,-41.4585062088996,27.7228530046549));
#6312=CARTESIAN_POINT('',(-18.3,-41.4585062088996,27.7228530046549));
#6313=VECTOR('',#6314,1.);
#6314=DIRECTION('',(0.,0.,-1.));
#6315=CARTESIAN_POINT('',(-18.3,-41.4585062088996,27.7228530046549));
#6316=VECTOR('',#6317,1.);
#6317=DIRECTION('',(1.,0.,0.));
#6318=CARTESIAN_POINT('',(-18.3,-41.2161230462766,27.9649467748413));
#6319=CARTESIAN_POINT('',(-18.3,-41.2161230462766,27.9649467748413));
#6320=CARTESIAN_POINT('',(-18.3,-41.4585062088996,27.9649467748413));
#6321=CARTESIAN_POINT('',(-18.3,-41.4585062088996,27.7228530046549));
#6322=CARTESIAN_POINT('',(-18.3,-41.2161230462766,27.9649467748413));
#6323=VECTOR('',#6324,1.);
#6324=DIRECTION('',(1.,0.,0.));
#6325=CARTESIAN_POINT('',(-18.3,-36.7717018311498,27.9649467748413));
#6326=CARTESIAN_POINT('',(-18.3,-36.7717018311498,27.9649467748413));
#6327=VECTOR('',#6328,1.);
#6328=DIRECTION('',(0.,-1.,0.));
#6329=CARTESIAN_POINT('',(-18.3,-36.7717018311498,27.9649467748413));
#6330=VECTOR('',#6331,1.);
#6331=DIRECTION('',(1.,0.,0.));
#6332=CARTESIAN_POINT('',(-18.3,-36.5319645422329,27.7228530046549));
#6333=CARTESIAN_POINT('',(-18.3,-36.5319645422329,27.7228530046549));
#6334=CARTESIAN_POINT('',(-18.3,-36.5319645422329,27.9649467748413));
#6335=CARTESIAN_POINT('',(-18.3,-36.7717018311498,27.9649467748413));
#6336=CARTESIAN_POINT('',(-18.3,-36.5319645422329,27.7228530046549));
#6337=VECTOR('',#6338,1.);
#6338=DIRECTION('',(1.,0.,0.));
#6339=CARTESIAN_POINT('',(-18.3,-36.7717018311498,27.4807592748413));
#6340=CARTESIAN_POINT('',(-18.3,-36.7717018311498,27.4807592748413));
#6341=CARTESIAN_POINT('',(-18.3,-36.5319645422329,27.4807592748413));
#6342=CARTESIAN_POINT('',(-18.3,-36.5319645422329,27.7228530046549));
#6343=CARTESIAN_POINT('',(-18.3,-36.7717018311498,27.4807592748413));
#6344=VECTOR('',#6345,1.);
#6345=DIRECTION('',(1.,0.,0.));
#6346=CARTESIAN_POINT('',(-18.3,-40.9769645422329,27.4807592748413));
#6347=CARTESIAN_POINT('',(-18.3,-40.9769645422329,27.4807592748413));
#6348=VECTOR('',#6349,1.);
#6349=DIRECTION('',(0.,1.,0.));
#6350=CARTESIAN_POINT('',(-18.3,-40.9769645422329,27.4807592748413));
#6351=VECTOR('',#6352,1.);
#6352=DIRECTION('',(1.,0.,0.));
#6353=CARTESIAN_POINT('',(-18.3,-40.9769645422329,26.3553292473115));
#6354=CARTESIAN_POINT('',(-18.3,-40.9769645422329,26.3553292473115));
#6355=VECTOR('',#6356,1.);
#6356=DIRECTION('',(0.,0.,1.));
#6357=CARTESIAN_POINT('',(-18.3,-40.9769645422329,26.3553292473115));
#6358=VECTOR('',#6359,1.);
#6359=DIRECTION('',(1.,0.,0.));
#6360=CARTESIAN_POINT('',(-18.3,-41.2164124387132,26.1129047429118));
#6361=CARTESIAN_POINT('',(-18.3,-41.2164124387132,26.1129047429118));
#6362=CARTESIAN_POINT('',(-18.3,-40.9769645422329,26.1129047429118));
#6363=CARTESIAN_POINT('',(-18.3,-40.9769645422329,26.3553292473115));
#6364=CARTESIAN_POINT('',(-18.3,-41.2164124387132,26.1129047429118));
#6365=VECTOR('',#6366,1.);
#6366=DIRECTION('',(1.,0.,0.));
#6367=CARTESIAN_POINT('',(-18.3,-41.4585062088996,26.3553292473115));
#6368=CARTESIAN_POINT('',(-18.3,-41.4585062088996,26.1129047429118));
#6369=CARTESIAN_POINT('',(-18.3,-41.2164124387132,26.1129047429118));
#6370=CARTESIAN_POINT('',(-18.3,-41.2161230462766,20.6624472039947));
#6371=CARTESIAN_POINT('',(-18.3,-41.2161230462766,20.6624472039947));
#6372=VECTOR('',#6373,1.);
#6373=DIRECTION('',(1.,0.,0.));
#6374=CARTESIAN_POINT('',(-18.3,-41.4585062088996,20.9051610604582));
#6375=CARTESIAN_POINT('',(-18.3,-41.4585062088996,20.9051610604582));
#6376=CARTESIAN_POINT('',(-18.3,-41.4585062088996,20.6624472039947));
#6377=CARTESIAN_POINT('',(-18.3,-41.2161230462766,20.6624472039947));
#6378=CARTESIAN_POINT('',(-18.3,-41.4585062088996,20.9051610604582));
#6379=VECTOR('',#6380,1.);
#6380=DIRECTION('',(1.,0.,0.));
#6381=CARTESIAN_POINT('',(-18.3,-41.2906197973765,21.1307597039947));
#6382=CARTESIAN_POINT('',(-18.3,-41.2906197973765,21.1307597039947));
#6383=CARTESIAN_POINT('',(-18.3,-41.4585062088996,21.0566763706614));
#6384=CARTESIAN_POINT('',(-18.3,-41.4585062088996,20.9051610604582));
#6385=CARTESIAN_POINT('',(-18.3,-41.2906197973765,21.1307597039947));
#6386=VECTOR('',#6387,1.);
#6387=DIRECTION('',(1.,0.,0.));
#6388=CARTESIAN_POINT('',(-18.3,-37.6191953333496,22.7182597039947));
#6389=CARTESIAN_POINT('',(-18.3,-37.6191953333496,22.7182597039947));
#6390=VECTOR('',#6391,1.);
#6391=DIRECTION('',(0.,-0.917870060708547,-0.396881029598151));
#6392=CARTESIAN_POINT('',(-18.3,-37.6191953333496,22.7182597039947));
#6393=VECTOR('',#6394,1.);
#6394=DIRECTION('',(1.,0.,0.));
#6395=CARTESIAN_POINT('',(-18.3,-41.2161230462766,22.7182597039947));
#6396=CARTESIAN_POINT('',(-18.3,-41.2161230462766,22.7182597039947));
#6397=VECTOR('',#6398,1.);
#6398=DIRECTION('',(0.,1.,0.));
#6399=CARTESIAN_POINT('',(-18.3,-41.2161230462766,22.7182597039947));
#6400=VECTOR('',#6401,1.);
#6401=DIRECTION('',(1.,0.,0.));
#6402=CARTESIAN_POINT('',(-18.3,-41.4585062088996,22.9603534338083));
#6403=CARTESIAN_POINT('',(-18.3,-41.4585062088996,22.9603534338083));
#6404=CARTESIAN_POINT('',(-18.3,-41.4585062088996,22.7182597039947));
#6405=CARTESIAN_POINT('',(-18.3,-41.2161230462766,22.7182597039947));
#6406=CARTESIAN_POINT('',(-18.3,-41.4585062088996,22.9603534338083));
#6407=VECTOR('',#6408,1.);
#6408=DIRECTION('',(1.,0.,0.));
#6409=CARTESIAN_POINT('',(-18.3,-41.2161230462766,23.2024472039947));
#6410=CARTESIAN_POINT('',(-18.3,-41.2161230462766,23.2024472039947));
#6411=CARTESIAN_POINT('',(-18.3,-41.4585062088996,23.2024472039947));
#6412=CARTESIAN_POINT('',(-18.3,-41.4585062088996,22.9603534338083));
#6413=CARTESIAN_POINT('',(-18.3,-41.2161230462766,23.2024472039947));
#6414=VECTOR('',#6415,1.);
#6415=DIRECTION('',(1.,0.,0.));
#6416=CARTESIAN_POINT('',(-18.3,-36.7717018311498,23.2024472039947));
#6417=CARTESIAN_POINT('',(-18.3,-36.7717018311498,23.2024472039947));
#6418=VECTOR('',#6419,1.);
#6419=DIRECTION('',(0.,-1.,0.));
#6420=CARTESIAN_POINT('',(-18.3,-36.7717018311498,23.2024472039947));
#6421=VECTOR('',#6422,1.);
#6422=DIRECTION('',(1.,0.,0.));
#6423=CARTESIAN_POINT('',(-18.3,-36.5319645422329,22.9631646342483));
#6424=CARTESIAN_POINT('',(-18.3,-36.5319645422329,22.9631646342483));
#6425=CARTESIAN_POINT('',(-18.3,-36.5319645422329,23.2024472039947));
#6426=CARTESIAN_POINT('',(-18.3,-36.7717018311498,23.2024472039947));
#6427=CARTESIAN_POINT('',(-18.3,-36.5319645422329,22.9631646342483));
#6428=VECTOR('',#6429,1.);
#6429=DIRECTION('',(1.,0.,0.));
#6430=CARTESIAN_POINT('',(-18.3,-36.6719456582396,22.740831950695));
#6431=CARTESIAN_POINT('',(-18.3,-36.6719456582396,22.740831950695));
#6432=CARTESIAN_POINT('',(-18.3,-36.5319645422329,22.8037118240451));
#6433=CARTESIAN_POINT('',(-18.3,-36.5319645422329,22.9631646342483));
#6434=CARTESIAN_POINT('',(-18.3,-36.6719456582396,22.740831950695));
#6435=VECTOR('',#6436,1.);
#6436=DIRECTION('',(1.,0.,0.));
#6437=CARTESIAN_POINT('',(-18.3,-40.3686295440767,21.1466347039947));
#6438=CARTESIAN_POINT('',(-18.3,-40.3686295440767,21.1466347039947));
#6439=VECTOR('',#6440,1.);
#6440=DIRECTION('',(0.,0.91825192529283,0.395996719299556));
#6441=CARTESIAN_POINT('',(-18.3,-40.3686295440767,21.1466347039947));
#6442=VECTOR('',#6443,1.);
#6443=DIRECTION('',(1.,0.,0.));
#6444=CARTESIAN_POINT('',(-18.3,-36.7717018311498,21.1466347039947));
#6445=CARTESIAN_POINT('',(-18.3,-36.7717018311498,21.1466347039947));
#6446=VECTOR('',#6447,1.);
#6447=DIRECTION('',(0.,-1.,0.));
#6448=CARTESIAN_POINT('',(-18.3,-36.7717018311498,21.1466347039947));
#6449=VECTOR('',#6450,1.);
#6450=DIRECTION('',(1.,0.,0.));
#6451=CARTESIAN_POINT('',(-18.3,-36.5319645422329,20.9045409338083));
#6452=CARTESIAN_POINT('',(-18.3,-36.5319645422329,20.9045409338083));
#6453=CARTESIAN_POINT('',(-18.3,-36.5319645422329,21.1466347039947));
#6454=CARTESIAN_POINT('',(-18.3,-36.7717018311498,21.1466347039947));
#6455=CARTESIAN_POINT('',(-18.3,-36.5319645422329,20.9045409338083));
#6456=VECTOR('',#6457,1.);
#6457=DIRECTION('',(1.,0.,0.));
#6458=CARTESIAN_POINT('',(-18.3,-36.7717018311498,20.6624472039947));
#6459=CARTESIAN_POINT('',(-18.3,-36.7717018311498,20.6624472039947));
#6460=CARTESIAN_POINT('',(-18.3,-36.5319645422329,20.6624472039947));
#6461=CARTESIAN_POINT('',(-18.3,-36.5319645422329,20.9045409338083));
#6462=CARTESIAN_POINT('',(-18.3,-36.7717018311498,20.6624472039947));
#6463=VECTOR('',#6464,1.);
#6464=DIRECTION('',(1.,0.,0.));
#6465=CARTESIAN_POINT('',(-18.3,-41.2161230462766,20.6624472039947));
#6466=VECTOR('',#6467,1.);
#6467=DIRECTION('',(0.,1.,0.));
#6468=CARTESIAN_POINT('',(-18.3,-41.2161230462766,15.5295312684784));
#6469=CARTESIAN_POINT('',(-18.3,-41.2161230462766,15.5295312684784));
#6470=VECTOR('',#6471,1.);
#6471=DIRECTION('',(1.,0.,0.));
#6472=CARTESIAN_POINT('',(-18.3,-36.7717018311498,15.5295312684784));
#6473=CARTESIAN_POINT('',(-18.3,-36.7717018311498,15.5295312684784));
#6474=VECTOR('',#6475,1.);
#6475=DIRECTION('',(0.,-1.,0.));
#6476=CARTESIAN_POINT('',(-18.3,-36.7717018311498,15.5295312684784));
#6477=VECTOR('',#6478,1.);
#6478=DIRECTION('',(1.,0.,0.));
#6479=CARTESIAN_POINT('',(-18.3,-36.5319645422329,15.2871481058554));
#6480=CARTESIAN_POINT('',(-18.3,-36.5319645422329,15.2871481058554));
#6481=CARTESIAN_POINT('',(-18.3,-36.5319645422329,15.5295312684784));
#6482=CARTESIAN_POINT('',(-18.3,-36.7717018311498,15.5295312684784));
#6483=CARTESIAN_POINT('',(-18.3,-36.5319645422329,15.2871481058554));
#6484=VECTOR('',#6485,1.);
#6485=DIRECTION('',(1.,0.,0.));
#6486=CARTESIAN_POINT('',(-18.3,-36.5319645422329,14.2613502662785));
#6487=CARTESIAN_POINT('',(-18.3,-36.5319645422329,14.2613502662785));
#6488=VECTOR('',#6489,1.);
#6489=DIRECTION('',(0.,0.,1.));
#6490=CARTESIAN_POINT('',(-18.3,-36.5319645422329,14.2613502662785));
#6491=VECTOR('',#6492,1.);
#6492=DIRECTION('',(1.,0.,0.));
#6493=CARTESIAN_POINT('',(-18.3,-36.8533919302699,13.4858730489519));
#6494=CARTESIAN_POINT('',(-18.3,-36.8533919302699,13.4858730489519));
#6495=CARTESIAN_POINT('',(-18.3,-36.5319645422329,13.8075898294255));
#6496=CARTESIAN_POINT('',(-18.3,-36.5319645422329,14.2613502662785));
#6497=CARTESIAN_POINT('',(-18.3,-36.8533919302699,13.4858730489519));
#6498=VECTOR('',#6499,1.);
#6499=DIRECTION('',(1.,0.,0.));
#6500=CARTESIAN_POINT('',(-18.3,-37.6255618458366,13.1641562684784));
#6501=CARTESIAN_POINT('',(-18.3,-37.6255618458366,13.1641562684784));
#6502=CARTESIAN_POINT('',(-18.3,-37.1748193586796,13.1641562684784));
#6503=CARTESIAN_POINT('',(-18.3,-36.8533919302699,13.4858730489519));
#6504=CARTESIAN_POINT('',(-18.3,-37.6255618458366,13.1641562684784));
#6505=VECTOR('',#6506,1.);
#6506=DIRECTION('',(1.,0.,0.));
#6507=CARTESIAN_POINT('',(-18.3,-37.9671637382732,13.1641562684784));
#6508=CARTESIAN_POINT('',(-18.3,-37.9671637382732,13.1641562684784));
#6509=VECTOR('',#6510,1.);
#6510=DIRECTION('',(0.,1.,0.));
#6511=CARTESIAN_POINT('',(-18.3,-37.9671637382732,13.1641562684784));
#6512=VECTOR('',#6513,1.);
#6513=DIRECTION('',(1.,0.,0.));
#6514=CARTESIAN_POINT('',(-18.3,-38.7541751497963,13.5469339245019));
#6515=CARTESIAN_POINT('',(-18.3,-38.7541751497963,13.5469339245019));
#6516=CARTESIAN_POINT('',(-18.3,-38.4860778058198,13.1641562684784));
#6517=CARTESIAN_POINT('',(-18.3,-37.9671637382732,13.1641562684784));
#6518=CARTESIAN_POINT('',(-18.3,-38.7541751497963,13.5469339245019));
#6519=VECTOR('',#6520,1.);
#6520=DIRECTION('',(1.,0.,0.));
#6521=CARTESIAN_POINT('',(-18.3,-39.1085101075797,13.1504723422685));
#6522=CARTESIAN_POINT('',(-18.3,-39.1085101075797,13.1504723422685));
#6523=CARTESIAN_POINT('',(-18.3,-38.8450429618433,13.3114134160586));
#6524=CARTESIAN_POINT('',(-18.3,-38.7541751497963,13.5469339245019));
#6525=CARTESIAN_POINT('',(-18.3,-39.1085101075797,13.1504723422685));
#6526=VECTOR('',#6527,1.);
#6527=DIRECTION('',(1.,0.,0.));
#6528=CARTESIAN_POINT('',(-18.3,-39.6765374387132,12.9895312684784));
#6529=CARTESIAN_POINT('',(-18.3,-39.6765374387132,12.9895312684784));
#6530=CARTESIAN_POINT('',(-18.3,-39.3719772129432,12.9895312684784));
#6531=CARTESIAN_POINT('',(-18.3,-39.1085101075797,13.1504723422685));
#6532=CARTESIAN_POINT('',(-18.3,-39.6765374387132,12.9895312684784));
#6533=VECTOR('',#6534,1.);
#6534=DIRECTION('',(1.,0.,0.));
#6535=CARTESIAN_POINT('',(-18.3,-40.3607333858534,12.9895312684784));
#6536=CARTESIAN_POINT('',(-18.3,-40.3607333858534,12.9895312684784));
#6537=VECTOR('',#6538,1.);
#6538=DIRECTION('',(0.,1.,0.));
#6539=CARTESIAN_POINT('',(-18.3,-40.3607333858534,12.9895312684784));
#6540=VECTOR('',#6541,1.);
#6541=DIRECTION('',(1.,0.,0.));
#6542=CARTESIAN_POINT('',(-18.3,-41.1265367889332,13.3213559518537));
#6543=CARTESIAN_POINT('',(-18.3,-41.1265367889332,13.3213559518537));
#6544=CARTESIAN_POINT('',(-18.3,-40.7945673689667,12.9895312684784));
#6545=CARTESIAN_POINT('',(-18.3,-40.3607333858534,12.9895312684784));
#6546=CARTESIAN_POINT('',(-18.3,-41.1265367889332,13.3213559518537));
#6547=VECTOR('',#6548,1.);
#6548=DIRECTION('',(1.,0.,0.));
#6549=CARTESIAN_POINT('',(-18.3,-41.4585062088996,14.0902805783255));
#6550=CARTESIAN_POINT('',(-18.3,-41.4585062088996,14.0902805783255));
#6551=CARTESIAN_POINT('',(-18.3,-41.4585062088996,13.6531806756018));
#6552=CARTESIAN_POINT('',(-18.3,-41.1265367889332,13.3213559518537));
#6553=CARTESIAN_POINT('',(-18.3,-41.4585062088996,14.0902805783255));
#6554=VECTOR('',#6555,1.);
#6555=DIRECTION('',(1.,0.,0.));
#6556=CARTESIAN_POINT('',(-18.3,-41.4585062088996,15.2871067640787));
#6557=CARTESIAN_POINT('',(-18.3,-41.4585062088996,15.2871067640787));
#6558=VECTOR('',#6559,1.);
#6559=DIRECTION('',(0.,0.,-1.));
#6560=CARTESIAN_POINT('',(-18.3,-41.4585062088996,15.2871067640787));
#6561=VECTOR('',#6562,1.);
#6562=DIRECTION('',(1.,0.,0.));
#6563=CARTESIAN_POINT('',(-18.3,-41.2161230462766,15.5295312684784));
#6564=CARTESIAN_POINT('',(-18.3,-41.4585062088996,15.5295312684784));
#6565=CARTESIAN_POINT('',(-18.3,-41.4585062088996,15.2871067640787));
#6566=CARTESIAN_POINT('',(-18.3,-41.13877375296,9.87158230227299));
#6567=CARTESIAN_POINT('',(-18.3,-41.13877375296,9.87158230227299));
#6568=VECTOR('',#6569,1.);
#6569=DIRECTION('',(1.,0.,0.));
#6570=CARTESIAN_POINT('',(-18.3,-41.4585062088996,10.6506975151999));
#6571=CARTESIAN_POINT('',(-18.3,-41.4585062088996,10.6506975151999));
#6572=CARTESIAN_POINT('',(-18.3,-41.4585062088996,10.1932163991932));
#6573=CARTESIAN_POINT('',(-18.3,-41.13877375296,9.87158230227299));
#6574=CARTESIAN_POINT('',(-18.3,-41.4585062088996,10.6506975151999));
#6575=VECTOR('',#6576,1.);
#6576=DIRECTION('',(1.,0.,0.));
#6577=CARTESIAN_POINT('',(-18.3,-41.4585062088996,10.9926301418498));
#6578=CARTESIAN_POINT('',(-18.3,-41.4585062088996,10.9926301418498));
#6579=VECTOR('',#6580,1.);
#6580=DIRECTION('',(0.,0.,-1.));
#6581=CARTESIAN_POINT('',(-18.3,-41.4585062088996,10.9926301418498));
#6582=VECTOR('',#6583,1.);
#6583=DIRECTION('',(1.,0.,0.));
#6584=CARTESIAN_POINT('',(-18.3,-41.1375542109214,11.7689341947096));
#6585=CARTESIAN_POINT('',(-18.3,-41.1375542109214,11.7689341947096));
#6586=CARTESIAN_POINT('',(-18.3,-41.4585062088996,11.4479201840664));
#6587=CARTESIAN_POINT('',(-18.3,-41.4585062088996,10.9926301418498));
#6588=CARTESIAN_POINT('',(-18.3,-41.1375542109214,11.7689341947096));
#6589=VECTOR('',#6590,1.);
#6590=DIRECTION('',(1.,0.,0.));
#6591=CARTESIAN_POINT('',(-18.3,-40.3614361960566,12.0899482053528));
#6592=CARTESIAN_POINT('',(-18.3,-40.3614361960566,12.0899482053528));
#6593=CARTESIAN_POINT('',(-18.3,-40.8166022129432,12.0899482053528));
#6594=CARTESIAN_POINT('',(-18.3,-41.1375542109214,11.7689341947096));
#6595=CARTESIAN_POINT('',(-18.3,-40.3614361960566,12.0899482053528));
#6596=VECTOR('',#6597,1.);
#6597=DIRECTION('',(1.,0.,0.));
#6598=CARTESIAN_POINT('',(-18.3,-37.6263886813698,12.0899482053528));
#6599=CARTESIAN_POINT('',(-18.3,-37.6263886813698,12.0899482053528));
#6600=VECTOR('',#6601,1.);
#6601=DIRECTION('',(0.,-1.,0.));
#6602=CARTESIAN_POINT('',(-18.3,-37.6263886813698,12.0899482053528));
#6603=VECTOR('',#6604,1.);
#6604=DIRECTION('',(1.,0.,0.));
#6605=CARTESIAN_POINT('',(-18.3,-36.8530818669449,11.768768827603));
#6606=CARTESIAN_POINT('',(-18.3,-36.8530818669449,11.768768827603));
#6607=CARTESIAN_POINT('',(-18.3,-37.1741992320297,12.0899482053528));
#6608=CARTESIAN_POINT('',(-18.3,-37.6263886813698,12.0899482053528));
#6609=CARTESIAN_POINT('',(-18.3,-36.8530818669449,11.768768827603));
#6610=VECTOR('',#6611,1.);
#6611=DIRECTION('',(1.,0.,0.));
#6612=CARTESIAN_POINT('',(-18.3,-36.5319645422329,10.9926301418498));
#6613=CARTESIAN_POINT('',(-18.3,-36.5319645422329,10.9926301418498));
#6614=CARTESIAN_POINT('',(-18.3,-36.5319645422329,11.4475894498532));
#6615=CARTESIAN_POINT('',(-18.3,-36.8530818669449,11.768768827603));
#6616=CARTESIAN_POINT('',(-18.3,-36.5319645422329,10.9926301418498));
#6617=VECTOR('',#6618,1.);
#6618=DIRECTION('',(1.,0.,0.));
#6619=CARTESIAN_POINT('',(-18.3,-36.5319645422329,10.6506975151999));
#6620=CARTESIAN_POINT('',(-18.3,-36.5319645422329,10.6506975151999));
#6621=VECTOR('',#6622,1.);
#6622=DIRECTION('',(0.,0.,1.));
#6623=CARTESIAN_POINT('',(-18.3,-36.5319645422329,10.6506975151999));
#6624=VECTOR('',#6625,1.);
#6625=DIRECTION('',(1.,0.,0.));
#6626=CARTESIAN_POINT('',(-18.3,-36.8518623249063,9.87174766937962));
#6627=CARTESIAN_POINT('',(-18.3,-36.8518623249063,9.87174766937962));
#6628=CARTESIAN_POINT('',(-18.3,-36.5319645422329,10.1935471334065));
#6629=CARTESIAN_POINT('',(-18.3,-36.5319645422329,10.6506975151999));
#6630=CARTESIAN_POINT('',(-18.3,-36.8518623249063,9.87174766937962));
#6631=VECTOR('',#6632,1.);
#6632=DIRECTION('',(1.,0.,0.));
#6633=CARTESIAN_POINT('',(-18.3,-37.6263886813698,9.54994820535277));
#6634=CARTESIAN_POINT('',(-18.3,-37.6263886813698,9.54994820535277));
#6635=CARTESIAN_POINT('',(-18.3,-37.1717601075797,9.54994820535277));
#6636=CARTESIAN_POINT('',(-18.3,-36.8518623249063,9.87174766937962));
#6637=CARTESIAN_POINT('',(-18.3,-37.6263886813698,9.54994820535277));
#6638=VECTOR('',#6639,1.);
#6639=DIRECTION('',(1.,0.,0.));
#6640=CARTESIAN_POINT('',(-18.3,-40.3614361960566,9.54994820535277));
#6641=CARTESIAN_POINT('',(-18.3,-40.3614361960566,9.54994820535277));
#6642=VECTOR('',#6643,1.);
#6643=DIRECTION('',(0.,1.,0.));
#6644=CARTESIAN_POINT('',(-18.3,-40.3614361960566,9.54994820535277));
#6645=VECTOR('',#6646,1.);
#6646=DIRECTION('',(1.,0.,0.));
#6647=CARTESIAN_POINT('',(-18.3,-41.13877375296,9.87158230227299));
#6648=CARTESIAN_POINT('',(-18.3,-40.8190413373933,9.54994820535277));
#6649=CARTESIAN_POINT('',(-18.3,-40.3614361960566,9.54994820535277));
#6650=CARTESIAN_POINT('',(-18.3,-41.7971728755663,6.27883031414523));
#6651=CARTESIAN_POINT('',(-18.3,-41.7971728755663,6.27883031414523));
#6652=VECTOR('',#6653,1.);
#6653=DIRECTION('',(1.,0.,0.));
#6654=CARTESIAN_POINT('',(-18.3,-41.5547070293899,6.5204693247884));
#6655=CARTESIAN_POINT('',(-18.3,-41.5547070293899,6.5204693247884));
#6656=CARTESIAN_POINT('',(-18.3,-41.7971728755663,6.5204693247884));
#6657=CARTESIAN_POINT('',(-18.3,-41.7971728755663,6.27883031414523));
#6658=CARTESIAN_POINT('',(-18.3,-41.5547070293899,6.5204693247884));
#6659=VECTOR('',#6660,1.);
#6660=DIRECTION('',(1.,0.,0.));
#6661=CARTESIAN_POINT('',(-18.3,-41.4585062088996,6.5204693247884));
#6662=CARTESIAN_POINT('',(-18.3,-41.4585062088996,6.5204693247884));
#6663=VECTOR('',#6664,1.);
#6664=DIRECTION('',(0.,-1.,0.));
#6665=CARTESIAN_POINT('',(-18.3,-41.4585062088996,6.5204693247884));
#6666=VECTOR('',#6667,1.);
#6667=DIRECTION('',(1.,0.,0.));
#6668=CARTESIAN_POINT('',(-18.3,-41.4585062088996,8.42939671282532));
#6669=CARTESIAN_POINT('',(-18.3,-41.4585062088996,8.42939671282532));
#6670=VECTOR('',#6671,1.);
#6671=DIRECTION('',(0.,0.,-1.));
#6672=CARTESIAN_POINT('',(-18.3,-41.4585062088996,8.42939671282532));
#6673=VECTOR('',#6674,1.);
#6674=DIRECTION('',(1.,0.,0.));
#6675=CARTESIAN_POINT('',(-18.3,-41.5547070293899,8.42939671282532));
#6676=CARTESIAN_POINT('',(-18.3,-41.5547070293899,8.42939671282532));
#6677=VECTOR('',#6678,1.);
#6678=DIRECTION('',(0.,1.,0.));
#6679=CARTESIAN_POINT('',(-18.3,-41.5547070293899,8.42939671282532));
#6680=VECTOR('',#6681,1.);
#6681=DIRECTION('',(1.,0.,0.));
#6682=CARTESIAN_POINT('',(-18.3,-41.7971728755663,8.67182117685218));
#6683=CARTESIAN_POINT('',(-18.3,-41.7971728755663,8.67182117685218));
#6684=CARTESIAN_POINT('',(-18.3,-41.7971728755663,8.42939671282532));
#6685=CARTESIAN_POINT('',(-18.3,-41.5547070293899,8.42939671282532));
#6686=CARTESIAN_POINT('',(-18.3,-41.7971728755663,8.67182117685218));
#6687=VECTOR('',#6688,1.);
#6688=DIRECTION('',(1.,0.,0.));
#6689=CARTESIAN_POINT('',(-18.3,-41.5548723964965,8.91424568125186));
#6690=CARTESIAN_POINT('',(-18.3,-41.5548723964965,8.91424568125186));
#6691=CARTESIAN_POINT('',(-18.3,-41.7971728755663,8.91424568125186));
#6692=CARTESIAN_POINT('',(-18.3,-41.7971728755663,8.67182117685218));
#6693=CARTESIAN_POINT('',(-18.3,-41.5548723964965,8.91424568125186));
#6694=VECTOR('',#6695,1.);
#6695=DIRECTION('',(1.,0.,0.));
#6696=CARTESIAN_POINT('',(-18.3,-41.2166191475965,8.91424568125186));
#6697=CARTESIAN_POINT('',(-18.3,-41.2166191475965,8.91424568125186));
#6698=VECTOR('',#6699,1.);
#6699=DIRECTION('',(0.,-1.,0.));
#6700=CARTESIAN_POINT('',(-18.3,-41.2166191475965,8.91424568125186));
#6701=VECTOR('',#6702,1.);
#6702=DIRECTION('',(1.,0.,0.));
#6703=CARTESIAN_POINT('',(-18.3,-40.9769645422329,8.67182117685218));
#6704=CARTESIAN_POINT('',(-18.3,-40.9769645422329,8.67182117685218));
#6705=CARTESIAN_POINT('',(-18.3,-40.9769645422329,8.91424568125186));
#6706=CARTESIAN_POINT('',(-18.3,-41.2166191475965,8.91424568125186));
#6707=CARTESIAN_POINT('',(-18.3,-40.9769645422329,8.67182117685218));
#6708=VECTOR('',#6709,1.);
#6709=DIRECTION('',(1.,0.,0.));
#6710=CARTESIAN_POINT('',(-18.3,-40.9769645422329,8.5570168394752));
#6711=CARTESIAN_POINT('',(-18.3,-40.9769645422329,8.5570168394752));
#6712=VECTOR('',#6713,1.);
#6713=DIRECTION('',(0.,0.,1.));
#6714=CARTESIAN_POINT('',(-18.3,-40.9769645422329,8.5570168394752));
#6715=VECTOR('',#6716,1.);
#6716=DIRECTION('',(1.,0.,0.));
#6717=CARTESIAN_POINT('',(-18.3,-36.7389182867333,8.22955363279175));
#6718=CARTESIAN_POINT('',(-18.3,-36.7389182867333,8.22955363279175));
#6719=VECTOR('',#6720,1.);
#6720=DIRECTION('',(0.,-0.997028167681792,0.077037866332659));
#6721=CARTESIAN_POINT('',(-18.3,-36.7389182867333,8.22955363279175));
#6722=VECTOR('',#6723,1.);
#6723=DIRECTION('',(1.,0.,0.));
#6724=CARTESIAN_POINT('',(-18.3,-36.5266728755663,7.98787328037193));
#6725=CARTESIAN_POINT('',(-18.3,-36.5266728755663,7.98787328037193));
#6726=CARTESIAN_POINT('',(-18.3,-36.5266728755663,8.21111548301174));
#6727=CARTESIAN_POINT('',(-18.3,-36.7389182867333,8.22955363279175));
#6728=CARTESIAN_POINT('',(-18.3,-36.5266728755663,7.98787328037193));
#6729=VECTOR('',#6730,1.);
#6730=DIRECTION('',(1.,0.,0.));
#6731=CARTESIAN_POINT('',(-18.3,-36.5266728755663,6.6165874617254));
#6732=CARTESIAN_POINT('',(-18.3,-36.5266728755663,6.6165874617254));
#6733=VECTOR('',#6734,1.);
#6734=DIRECTION('',(0.,0.,1.));
#6735=CARTESIAN_POINT('',(-18.3,-36.5266728755663,6.6165874617254));
#6736=VECTOR('',#6737,1.);
#6737=DIRECTION('',(1.,0.,0.));
#6738=CARTESIAN_POINT('',(-18.3,-36.7664928480364,6.37494849145506));
#6739=CARTESIAN_POINT('',(-18.3,-36.7664928480364,6.37494849145506));
#6740=CARTESIAN_POINT('',(-18.3,-36.5266728755663,6.37494849145506));
#6741=CARTESIAN_POINT('',(-18.3,-36.5266728755663,6.6165874617254));
#6742=CARTESIAN_POINT('',(-18.3,-36.7664928480364,6.37494849145506));
#6743=VECTOR('',#6744,1.);
#6744=DIRECTION('',(1.,0.,0.));
#6745=CARTESIAN_POINT('',(-18.3,-40.9769645422329,6.37494849145506));
#6746=CARTESIAN_POINT('',(-18.3,-40.9769645422329,6.37494849145506));
#6747=VECTOR('',#6748,1.);
#6748=DIRECTION('',(0.,1.,-2.10945111191306E-16));
#6749=CARTESIAN_POINT('',(-18.3,-40.9769645422329,6.37494849145506));
#6750=VECTOR('',#6751,1.);
#6751=DIRECTION('',(1.,0.,0.));
#6752=CARTESIAN_POINT('',(-18.3,-40.9769645422329,6.27883031414523));
#6753=CARTESIAN_POINT('',(-18.3,-40.9769645422329,6.27883031414523));
#6754=VECTOR('',#6755,1.);
#6755=DIRECTION('',(0.,0.,1.));
#6756=CARTESIAN_POINT('',(-18.3,-40.9769645422329,6.27883031414523));
#6757=VECTOR('',#6758,1.);
#6758=DIRECTION('',(1.,0.,0.));
#6759=CARTESIAN_POINT('',(-18.3,-41.2166191475965,6.03640580974554));
#6760=CARTESIAN_POINT('',(-18.3,-41.2166191475965,6.03640580974554));
#6761=CARTESIAN_POINT('',(-18.3,-40.9769645422329,6.03640580974554));
#6762=CARTESIAN_POINT('',(-18.3,-40.9769645422329,6.27883031414523));
#6763=CARTESIAN_POINT('',(-18.3,-41.2166191475965,6.03640580974554));
#6764=VECTOR('',#6765,1.);
#6765=DIRECTION('',(1.,0.,0.));
#6766=CARTESIAN_POINT('',(-18.3,-41.5548723964965,6.03640580974554));
#6767=CARTESIAN_POINT('',(-18.3,-41.5548723964965,6.03640580974554));
#6768=VECTOR('',#6769,1.);
#6769=DIRECTION('',(0.,1.,0.));
#6770=CARTESIAN_POINT('',(-18.3,-41.5548723964965,6.03640580974554));
#6771=VECTOR('',#6772,1.);
#6772=DIRECTION('',(1.,0.,0.));
#6773=CARTESIAN_POINT('',(-18.3,-41.7971728755663,6.27883031414523));
#6774=CARTESIAN_POINT('',(-18.3,-41.7971728755663,6.03640580974554));
#6775=CARTESIAN_POINT('',(-18.3,-41.5548723964965,6.03640580974554));
#6776=CARTESIAN_POINT('',(-18.3,-41.2768531876133,4.87459576739957));
#6777=CARTESIAN_POINT('',(-18.3,-41.2768531876133,4.87459576739957));
#6778=VECTOR('',#6779,1.);
#6779=DIRECTION('',(1.,0.,0.));
#6780=CARTESIAN_POINT('',(-18.3,-41.4558603755663,5.10341898876984));
#6781=CARTESIAN_POINT('',(-18.3,-41.4558603755663,5.10341898876984));
#6782=CARTESIAN_POINT('',(-18.3,-41.4558603755663,4.9229648790066));
#6783=CARTESIAN_POINT('',(-18.3,-41.2768531876133,4.87459576739957));
#6784=CARTESIAN_POINT('',(-18.3,-41.4558603755663,5.10341898876984));
#6785=VECTOR('',#6786,1.);
#6786=DIRECTION('',(1.,0.,0.));
#6787=CARTESIAN_POINT('',(-18.3,-41.2202571835696,5.34927477988654));
#6788=CARTESIAN_POINT('',(-18.3,-41.2202571835696,5.34927477988654));
#6789=CARTESIAN_POINT('',(-18.3,-41.4558603755663,5.34927477988654));
#6790=CARTESIAN_POINT('',(-18.3,-41.4558603755663,5.10341898876984));
#6791=CARTESIAN_POINT('',(-18.3,-41.2202571835696,5.34927477988654));
#6792=VECTOR('',#6793,1.);
#6793=DIRECTION('',(1.,0.,0.));
#6794=CARTESIAN_POINT('',(-18.3,-41.19202115384,5.34241216607967));
#6795=CARTESIAN_POINT('',(-18.3,-41.19202115384,5.34241216607967));
#6796=CARTESIAN_POINT('',(-18.3,-41.1846624387132,5.34927477988654));
#6797=CARTESIAN_POINT('',(-18.3,-41.2202571835696,5.34927477988654));
#6798=CARTESIAN_POINT('',(-18.3,-41.19202115384,5.34241216607967));
#6799=VECTOR('',#6800,1.);
#6800=DIRECTION('',(1.,0.,0.));
#6801=CARTESIAN_POINT('',(-18.3,-36.7401171982564,4.1433122229831));
#6802=CARTESIAN_POINT('',(-18.3,-36.7401171982564,4.1433122229831));
#6803=VECTOR('',#6804,1.);
#6804=DIRECTION('',(0.,-0.965587962000313,0.260076695688181));
#6805=CARTESIAN_POINT('',(-18.3,-36.7401171982564,4.1433122229831));
#6806=VECTOR('',#6807,1.);
#6807=DIRECTION('',(1.,0.,0.));
#6808=CARTESIAN_POINT('',(-18.3,-36.5346103755663,3.90994144655321));
#6809=CARTESIAN_POINT('',(-18.3,-36.5346103755663,3.90994144655321));
#6810=CARTESIAN_POINT('',(-18.3,-36.5346103755663,4.08849387496296));
#6811=CARTESIAN_POINT('',(-18.3,-36.7401171982564,4.1433122229831));
#6812=CARTESIAN_POINT('',(-18.3,-36.5346103755663,3.90994144655321));
#6813=VECTOR('',#6814,1.);
#6814=DIRECTION('',(1.,0.,0.));
#6815=CARTESIAN_POINT('',(-18.3,-36.7401171982564,3.67772823986976));
#6816=CARTESIAN_POINT('',(-18.3,-36.7401171982564,3.67772823986976));
#6817=CARTESIAN_POINT('',(-18.3,-36.5346103755663,3.73250524611324));
#6818=CARTESIAN_POINT('',(-18.3,-36.5346103755663,3.90994144655321));
#6819=CARTESIAN_POINT('',(-18.3,-36.7401171982564,3.67772823986976));
#6820=VECTOR('',#6821,1.);
#6821=DIRECTION('',(1.,0.,0.));
#6822=CARTESIAN_POINT('',(-18.3,-41.1522923120633,2.48028196783954));
#6823=CARTESIAN_POINT('',(-18.3,-41.1522923120633,2.48028196783954));
#6824=VECTOR('',#6825,1.);
#6825=DIRECTION('',(0.,0.965089243262394,0.261921271643254));
#6826=CARTESIAN_POINT('',(-18.3,-41.1522923120633,2.48028196783954));
#6827=VECTOR('',#6828,1.);
#6828=DIRECTION('',(1.,0.,-5.55111512312578E-16));
#6829=CARTESIAN_POINT('',(-18.3,-41.2202571835696,2.47064945499653));
#6830=CARTESIAN_POINT('',(-18.3,-41.2202571835696,2.47064945499653));
#6831=CARTESIAN_POINT('',(-18.3,-41.1891686116233,2.47064945499653));
#6832=CARTESIAN_POINT('',(-18.3,-41.1522923120633,2.48028196783954));
#6833=CARTESIAN_POINT('',(-18.3,-41.2202571835696,2.47064945499653));
#6834=VECTOR('',#6835,1.);
#6835=DIRECTION('',(1.,0.,0.));
#6836=CARTESIAN_POINT('',(-18.3,-41.4558603755663,2.71646390433658));
#6837=CARTESIAN_POINT('',(-18.3,-41.4558603755663,2.71646390433658));
#6838=CARTESIAN_POINT('',(-18.3,-41.4558603755663,2.47064945499653));
#6839=CARTESIAN_POINT('',(-18.3,-41.2202571835696,2.47064945499653));
#6840=CARTESIAN_POINT('',(-18.3,-41.4558603755663,2.71646390433658));
#6841=VECTOR('',#6842,1.);
#6842=DIRECTION('',(1.,0.,0.));
#6843=CARTESIAN_POINT('',(-18.3,-41.2768531876133,2.94640335367663));
#6844=CARTESIAN_POINT('',(-18.3,-41.2768531876133,2.94640335367663));
#6845=CARTESIAN_POINT('',(-18.3,-41.4558603755663,2.8980342420696));
#6846=CARTESIAN_POINT('',(-18.3,-41.4558603755663,2.71646390433658));
#6847=CARTESIAN_POINT('',(-18.3,-41.2768531876133,2.94640335367663));
#6848=VECTOR('',#6849,1.);
#6849=DIRECTION('',(1.,0.,-5.55111512312578E-16));
#6850=CARTESIAN_POINT('',(-18.3,-40.0879645422329,3.26733468076648));
#6851=CARTESIAN_POINT('',(-18.3,-40.0879645422329,3.26733468076648));
#6852=VECTOR('',#6853,1.);
#6853=DIRECTION('',(0.,-0.965443101532157,-0.260613924616412));
#6854=CARTESIAN_POINT('',(-18.3,-40.0879645422329,3.26733468076648));
#6855=VECTOR('',#6856,1.);
#6856=DIRECTION('',(1.,0.,-5.55111512312578E-16));
#6857=CARTESIAN_POINT('',(-18.3,-40.0879645422329,4.55366444030973));
#6858=CARTESIAN_POINT('',(-18.3,-40.0879645422329,4.55366444030973));
#6859=VECTOR('',#6860,1.);
#6860=DIRECTION('',(0.,0.,-1.));
#6861=CARTESIAN_POINT('',(-18.3,-40.0879645422329,4.55366444030973));
#6862=VECTOR('',#6863,1.);
#6863=DIRECTION('',(1.,0.,0.));
#6864=CARTESIAN_POINT('',(-18.3,-41.2768531876133,4.87459576739957));
#6865=VECTOR('',#6866,1.);
#6866=DIRECTION('',(0.,0.965443101532158,-0.260613924616409));
#6867=CARTESIAN_POINT('',(-26.5,-39.1,-7.85000000000001));
#6868=AXIS2_PLACEMENT_3D('',#6869,#6870,#6871);
#6869=CARTESIAN_POINT('',(-26.5,-39.1,-4.60000000000001));
#6870=DIRECTION('',(1.,0.,-1.83697019872103E-16));
#6871=DIRECTION('',(-1.83697019872103E-16,-1.22464679914735E-16,-1.));
#6872=CARTESIAN_POINT('',(-26.5,-39.1,32.15));
#6873=AXIS2_PLACEMENT_3D('',#6874,#6875,#6876);
#6874=CARTESIAN_POINT('',(-26.5,-39.1,35.4));
#6875=DIRECTION('',(1.,0.,-1.83697019872103E-16));
#6876=DIRECTION('',(-1.83697019872103E-16,-1.22464679914735E-16,-1.));
#6877=CARTESIAN_POINT('',(-26.4,-29.9870877129308,48.4));
#6878=CARTESIAN_POINT('',(-26.4,-29.9870877129308,48.4));
#6879=VECTOR('',#6880,1.);
#6880=DIRECTION('',(0.,-1.,0.));
#6881=CARTESIAN_POINT('',(-26.4,-29.9870877129308,48.4));
#6882=VECTOR('',#6883,1.);
#6883=DIRECTION('',(1.,2.69144975666705E-16,-5.38289951333409E-16));
#6884=CARTESIAN_POINT('',(-26.4,-20.5129122870692,48.4));
#6885=CARTESIAN_POINT('',(-26.4,-20.5129122870692,48.4));
#6886=VECTOR('',#6887,1.);
#6887=DIRECTION('',(1.,0.,-2.69144975666705E-16));
#6888=AXIS2_PLACEMENT_3D('',#6889,#6890,#6891);
#6889=CARTESIAN_POINT('',(-26.4,-25.25,50.));
#6890=DIRECTION('',(1.,0.,-1.83697019872103E-16));
#6891=DIRECTION('',(-5.8783046359073E-17,-0.947417542586161,-0.32));
#6892=CARTESIAN_POINT('',(-26.4,20.5129122870692,48.4));
#6893=CARTESIAN_POINT('',(-26.4,20.5129122870692,48.4));
#6894=VECTOR('',#6895,1.);
#6895=DIRECTION('',(1.,0.,-5.38289951333409E-16));
#6896=CARTESIAN_POINT('',(-26.4,20.5129122870692,48.4));
#6897=VECTOR('',#6898,1.);
#6898=DIRECTION('',(0.,-1.,1.73194016972424E-16));
#6899=CARTESIAN_POINT('',(-26.4,29.9870877129308,48.4));
#6900=CARTESIAN_POINT('',(-26.4,29.9870877129308,48.4));
#6901=VECTOR('',#6902,1.);
#6902=DIRECTION('',(1.,0.,-2.69144975666705E-16));
#6903=AXIS2_PLACEMENT_3D('',#6904,#6905,#6906);
#6904=CARTESIAN_POINT('',(-26.4,25.25,50.));
#6905=DIRECTION('',(1.,0.,-1.83697019872103E-16));
#6906=DIRECTION('',(-5.87830463590735E-17,-0.94741754258616,-0.320000000000003));
#6907=CARTESIAN_POINT('',(-26.4,38.6,48.4));
#6908=CARTESIAN_POINT('',(-26.4,38.6,48.4));
#6909=VECTOR('',#6910,1.);
#6910=DIRECTION('',(0.,-1.,0.));
#6911=CARTESIAN_POINT('',(-26.4,38.6,48.4));
#6912=VECTOR('',#6913,1.);
#6913=DIRECTION('',(1.,0.,0.));
#6914=CARTESIAN_POINT('',(-26.4,44.6,42.4));
#6915=CARTESIAN_POINT('',(-26.4,44.6,42.4));
#6916=VECTOR('',#6917,1.);
#6917=DIRECTION('',(1.,0.,0.));
#6918=AXIS2_PLACEMENT_3D('',#6919,#6920,#6921);
#6919=CARTESIAN_POINT('',(-26.4,38.6,42.4));
#6920=DIRECTION('',(-1.,2.73691106313441E-48,1.83697019872103E-16));
#6921=DIRECTION('',(1.83697019872103E-16,-5.0276240595278E-64,1.));
#6922=CARTESIAN_POINT('',(-26.4,44.6,-42.4));
#6923=CARTESIAN_POINT('',(-26.4,44.6,-42.4));
#6924=VECTOR('',#6925,1.);
#6925=DIRECTION('',(1.,0.,-2.69144975666705E-16));
#6926=CARTESIAN_POINT('',(-26.4,44.6,-42.4));
#6927=VECTOR('',#6928,1.);
#6928=DIRECTION('',(1.67580833905684E-16,1.67580833905684E-16,1.));
#6929=CARTESIAN_POINT('',(-26.4,38.6,-48.4));
#6930=CARTESIAN_POINT('',(-26.4,38.6,-48.4));
#6931=VECTOR('',#6932,1.);
#6932=DIRECTION('',(1.,2.69144975666705E-16,-2.69144975666705E-16));
#6933=AXIS2_PLACEMENT_3D('',#6934,#6935,#6936);
#6934=CARTESIAN_POINT('',(-26.4,38.6,-42.4));
#6935=DIRECTION('',(-1.,0.,1.83697019872103E-16));
#6936=DIRECTION('',(0.,1.,0.));
#6937=CARTESIAN_POINT('',(-26.4,29.9870877129307,-48.4));
#6938=CARTESIAN_POINT('',(-26.4,29.9870877129308,-48.4));
#6939=VECTOR('',#6940,1.);
#6940=DIRECTION('',(1.,0.,0.));
#6941=CARTESIAN_POINT('',(-26.4,29.9870877129307,-48.4));
#6942=VECTOR('',#6943,1.);
#6943=DIRECTION('',(0.,1.,0.));
#6944=CARTESIAN_POINT('',(-26.4,20.5129122870693,-48.4));
#6945=AXIS2_PLACEMENT_3D('',#6946,#6947,#6948);
#6946=CARTESIAN_POINT('',(-26.4,25.25,-50.));
#6947=DIRECTION('',(1.,0.,-1.83697019872103E-16));
#6948=DIRECTION('',(5.87830463590743E-17,0.947417542586158,0.320000000000007));
#6949=CARTESIAN_POINT('',(-26.4,20.5129122870692,-48.4));
#6950=VECTOR('',#6951,1.);
#6951=DIRECTION('',(1.,0.,0.));
#6952=CARTESIAN_POINT('',(-26.4,-20.5129122870692,-48.4));
#6953=CARTESIAN_POINT('',(-26.4,-20.5129122870692,-48.4));
#6954=VECTOR('',#6955,1.);
#6955=DIRECTION('',(-8.65970084862117E-17,1.,0.));
#6956=CARTESIAN_POINT('',(-26.4,-20.5129122870692,-48.4));
#6957=VECTOR('',#6958,1.);
#6958=DIRECTION('',(1.,0.,0.));
#6959=CARTESIAN_POINT('',(-26.4,-29.9870877129308,-48.4));
#6960=AXIS2_PLACEMENT_3D('',#6961,#6962,#6963);
#6961=CARTESIAN_POINT('',(-26.4,-25.25,-50.));
#6962=DIRECTION('',(1.,0.,-1.83697019872103E-16));
#6963=DIRECTION('',(5.87830463590727E-17,0.947417542586161,0.319999999999999));
#6964=CARTESIAN_POINT('',(-26.4,-29.9870877129308,-48.4));
#6965=VECTOR('',#6966,1.);
#6966=DIRECTION('',(1.,0.,0.));
#6967=CARTESIAN_POINT('',(-26.4,-32.6,-48.4));
#6968=VECTOR('',#6969,1.);
#6969=DIRECTION('',(0.,1.,0.));
#6970=CARTESIAN_POINT('',(-20.,25.25,-47.));
#6971=AXIS2_PLACEMENT_3D('',#6972,#6973,#6974);
#6972=CARTESIAN_POINT('',(-20.,25.25,-50.));
#6973=DIRECTION('',(-1.,0.,-1.83697019872103E-16));
#6974=DIRECTION('',(-1.83697019872103E-16,-1.22464679914735E-16,1.));
#6975=CARTESIAN_POINT('',(-20.,-25.25,-47.));
#6976=AXIS2_PLACEMENT_3D('',#6977,#6978,#6979);
#6977=CARTESIAN_POINT('',(-20.,-25.25,-50.));
#6978=DIRECTION('',(-1.,0.,-1.83697019872103E-16));
#6979=DIRECTION('',(-1.83697019872103E-16,-1.22464679914735E-16,1.));
#6980=CARTESIAN_POINT('',(-20.,-25.25,47.));
#6981=AXIS2_PLACEMENT_3D('',#6982,#6983,#6984);
#6982=CARTESIAN_POINT('',(-20.,-25.25,50.));
#6983=DIRECTION('',(1.,0.,-1.83697019872103E-16));
#6984=DIRECTION('',(-1.83697019872103E-16,-1.22464679914735E-16,-1.));
#6985=CARTESIAN_POINT('',(-20.,25.25,47.));
#6986=AXIS2_PLACEMENT_3D('',#6987,#6988,#6989);
#6987=CARTESIAN_POINT('',(-20.,25.25,50.));
#6988=DIRECTION('',(1.,0.,-1.83697019872103E-16));
#6989=DIRECTION('',(-1.83697019872103E-16,-1.22464679914735E-16,-1.));
#6990=CARTESIAN_POINT('',(-26.4,-25.4,-42.5));
#6991=AXIS2_PLACEMENT_3D('',#6992,#6993,#6994);
#6992=CARTESIAN_POINT('',(-26.4,-25.4,-39.));
#6993=DIRECTION('',(1.,0.,-1.83697019872103E-16));
#6994=DIRECTION('',(-1.83697019872103E-16,-1.22464679914735E-16,-1.));
#6995=CARTESIAN_POINT('',(-26.4,-25.4,12.));
#6996=AXIS2_PLACEMENT_3D('',#6997,#6998,#6999);
#6997=CARTESIAN_POINT('',(-26.4,-25.4,15.5));
#6998=DIRECTION('',(1.,0.,-1.83697019872103E-16));
#6999=DIRECTION('',(-1.83697019872103E-16,-1.22464679914735E-16,-1.));
#7000=CARTESIAN_POINT('',(-26.4,38.6,-42.5));
#7001=AXIS2_PLACEMENT_3D('',#7002,#7003,#7004);
#7002=CARTESIAN_POINT('',(-26.4,38.6,-39.));
#7003=DIRECTION('',(1.,0.,-1.83697019872103E-16));
#7004=DIRECTION('',(-1.83697019872103E-16,-1.22464679914735E-16,-1.));
#7005=CARTESIAN_POINT('',(-26.4,38.6,35.5));
#7006=AXIS2_PLACEMENT_3D('',#7007,#7008,#7009);
#7007=CARTESIAN_POINT('',(-26.4,38.6,39.));
#7008=DIRECTION('',(1.,0.,-1.83697019872103E-16));
#7009=DIRECTION('',(-1.83697019872103E-16,-1.22464679914735E-16,-1.));
#7010=CARTESIAN_POINT('',(-18.3,-38.5851312088996,15.0453437684784));
#7011=CARTESIAN_POINT('',(-18.3,-38.5851312088996,14.2613089245019));
#7012=CARTESIAN_POINT('',(-18.3,-38.5851312088996,15.0453437684784));
#7013=VECTOR('',#7014,1.);
#7014=DIRECTION('',(0.,0.,-1.));
#7015=CARTESIAN_POINT('',(-18.3,-37.0135062088996,15.0453437684784));
#7016=CARTESIAN_POINT('',(-18.3,-37.0135062088996,15.0453437684784));
#7017=VECTOR('',#7018,1.);
#7018=DIRECTION('',(0.,-1.,0.));
#7019=CARTESIAN_POINT('',(-18.3,-37.0135062088996,14.2613089245019));
#7020=CARTESIAN_POINT('',(-18.3,-37.0135062088996,14.2613089245019));
#7021=VECTOR('',#7022,1.);
#7022=DIRECTION('',(0.,0.,1.));
#7023=CARTESIAN_POINT('',(-18.3,-37.1950351644831,13.8301207747219));
#7024=CARTESIAN_POINT('',(-18.3,-37.1950351644831,13.8301207747219));
#7025=CARTESIAN_POINT('',(-18.3,-37.0135062088996,14.0118977809653));
#7026=CARTESIAN_POINT('',(-18.3,-37.0135062088996,14.2613089245019));
#7027=CARTESIAN_POINT('',(-18.3,-37.6254378205066,13.6483437684784));
#7028=CARTESIAN_POINT('',(-18.3,-37.6254378205066,13.6483437684784));
#7029=CARTESIAN_POINT('',(-18.3,-37.3765641200667,13.6483437684784));
#7030=CARTESIAN_POINT('',(-18.3,-37.1950351644831,13.8301207747219));
#7031=CARTESIAN_POINT('',(-18.3,-37.9671223964965,13.6483437684784));
#7032=CARTESIAN_POINT('',(-18.3,-37.9671223964965,13.6483437684784));
#7033=VECTOR('',#7034,1.);
#7034=DIRECTION('',(0.,1.,0.));
#7035=CARTESIAN_POINT('',(-18.3,-38.402155291133,13.8300380911685));
#7036=CARTESIAN_POINT('',(-18.3,-38.402155291133,13.8300380911685));
#7037=CARTESIAN_POINT('',(-18.3,-38.2191793733664,13.6483437684784));
#7038=CARTESIAN_POINT('',(-18.3,-37.9671223964965,13.6483437684784));
#7039=CARTESIAN_POINT('',(-18.3,-38.5851312088996,14.2613089245019));
#7040=CARTESIAN_POINT('',(-18.3,-38.5851312088996,14.0117324138587));
#7041=CARTESIAN_POINT('',(-18.3,-38.402155291133,13.8300380911685));
#7042=CARTESIAN_POINT('',(-18.3,-40.9769645422329,15.0453437684784));
#7043=CARTESIAN_POINT('',(-18.3,-40.9769645422329,14.0901152515917));
#7044=CARTESIAN_POINT('',(-18.3,-40.9769645422329,15.0453437684784));
#7045=VECTOR('',#7046,1.);
#7046=DIRECTION('',(0.,0.,-1.));
#7047=CARTESIAN_POINT('',(-18.3,-39.0666728755663,15.0453437684784));
#7048=CARTESIAN_POINT('',(-18.3,-39.0666728755663,15.0453437684784));
#7049=VECTOR('',#7050,1.);
#7050=DIRECTION('',(0.,-1.,0.));
#7051=CARTESIAN_POINT('',(-18.3,-39.0666728755663,14.0901152515917));
#7052=CARTESIAN_POINT('',(-18.3,-39.0666728755663,14.0901152515917));
#7053=VECTOR('',#7054,1.);
#7054=DIRECTION('',(0.,0.,1.));
#7055=CARTESIAN_POINT('',(-18.3,-39.2447498331716,13.654813635407));
#7056=CARTESIAN_POINT('',(-18.3,-39.2447498331716,13.654813635407));
#7057=CARTESIAN_POINT('',(-18.3,-39.0666728755663,13.8359085427084));
#7058=CARTESIAN_POINT('',(-18.3,-39.0666728755663,14.0901152515917));
#7059=CARTESIAN_POINT('',(-18.3,-39.6764547551599,13.4737187684784));
#7060=CARTESIAN_POINT('',(-18.3,-39.6764547551599,13.4737187684784));
#7061=CARTESIAN_POINT('',(-18.3,-39.4228268311498,13.4737187684784));
#7062=CARTESIAN_POINT('',(-18.3,-39.2447498331716,13.654813635407));
#7063=CARTESIAN_POINT('',(-18.3,-40.3611054618433,13.4737187684784));
#7064=CARTESIAN_POINT('',(-18.3,-40.3611054618433,13.4737187684784));
#7065=VECTOR('',#7066,1.);
#7066=DIRECTION('',(0.,1.,0.));
#7067=CARTESIAN_POINT('',(-18.3,-40.7968825084596,13.6552890658386));
#7068=CARTESIAN_POINT('',(-18.3,-40.7968825084596,13.6552890658386));
#7069=CARTESIAN_POINT('',(-18.3,-40.6168004746863,13.4737187684784));
#7070=CARTESIAN_POINT('',(-18.3,-40.3611054618433,13.4737187684784));
#7071=CARTESIAN_POINT('',(-18.3,-40.9769645422329,14.0901152515917));
#7072=CARTESIAN_POINT('',(-18.3,-40.9769645422329,13.8368593631988));
#7073=CARTESIAN_POINT('',(-18.3,-40.7968825084596,13.6552890658386));
#7074=CARTESIAN_POINT('',(-18.3,-40.3618082720465,10.0341357053528));
#7075=CARTESIAN_POINT('',(-18.3,-37.6260166053798,10.0341357053528));
#7076=CARTESIAN_POINT('',(-18.3,-40.3618082720465,10.0341357053528));
#7077=VECTOR('',#7078,1.);
#7078=DIRECTION('',(0.,1.,0.));
#7079=CARTESIAN_POINT('',(-18.3,-40.7970891769701,10.2156853318246));
#7080=CARTESIAN_POINT('',(-18.3,-40.7970891769701,10.2156853318246));
#7081=CARTESIAN_POINT('',(-18.3,-40.6172138520801,10.0341357053528));
#7082=CARTESIAN_POINT('',(-18.3,-40.3618082720465,10.0341357053528));
#7083=CARTESIAN_POINT('',(-18.3,-40.9769645422329,10.6505321884661));
#7084=CARTESIAN_POINT('',(-18.3,-40.9769645422329,10.6505321884661));
#7085=CARTESIAN_POINT('',(-18.3,-40.9769645422329,10.3972349582965));
#7086=CARTESIAN_POINT('',(-18.3,-40.7970891769701,10.2156853318246));
#7087=CARTESIAN_POINT('',(-18.3,-40.9769645422329,10.9927541671798));
#7088=CARTESIAN_POINT('',(-18.3,-40.9769645422329,10.9927541671798));
#7089=VECTOR('',#7090,1.);
#7090=DIRECTION('',(0.,0.,-1.));
#7091=CARTESIAN_POINT('',(-18.3,-40.7960143311498,11.4246657980513));
#7092=CARTESIAN_POINT('',(-18.3,-40.7960143311498,11.4246657980513));
#7093=CARTESIAN_POINT('',(-18.3,-40.9769645422329,11.2435708907499));
#7094=CARTESIAN_POINT('',(-18.3,-40.9769645422329,10.9927541671798));
#7095=CARTESIAN_POINT('',(-18.3,-40.3618082720465,11.6057607053528));
#7096=CARTESIAN_POINT('',(-18.3,-40.3618082720465,11.6057607053528));
#7097=CARTESIAN_POINT('',(-18.3,-40.6150641200667,11.6057607053528));
#7098=CARTESIAN_POINT('',(-18.3,-40.7960143311498,11.4246657980513));
#7099=CARTESIAN_POINT('',(-18.3,-37.6260166053798,11.6057607053528));
#7100=CARTESIAN_POINT('',(-18.3,-37.6260166053798,11.6057607053528));
#7101=VECTOR('',#7102,1.);
#7102=DIRECTION('',(0.,-1.,0.));
#7103=CARTESIAN_POINT('',(-18.3,-37.1946217467165,11.4245004309447));
#7104=CARTESIAN_POINT('',(-18.3,-37.1946217467165,11.4245004309447));
#7105=CARTESIAN_POINT('',(-18.3,-37.3757373249063,11.6057607053528));
#7106=CARTESIAN_POINT('',(-18.3,-37.6260166053798,11.6057607053528));
#7107=CARTESIAN_POINT('',(-18.3,-37.0135062088996,10.9927541671798));
#7108=CARTESIAN_POINT('',(-18.3,-37.0135062088996,10.9927541671798));
#7109=CARTESIAN_POINT('',(-18.3,-37.0135062088996,11.2432401969094));
#7110=CARTESIAN_POINT('',(-18.3,-37.1946217467165,11.4245004309447));
#7111=CARTESIAN_POINT('',(-18.3,-37.0135062088996,10.6505321884661));
#7112=CARTESIAN_POINT('',(-18.3,-37.0135062088996,10.6505321884661));
#7113=VECTOR('',#7114,1.);
#7114=DIRECTION('',(0.,0.,1.));
#7115=CARTESIAN_POINT('',(-18.3,-37.1935468605234,10.2158713698196));
#7116=CARTESIAN_POINT('',(-18.3,-37.1935468605234,10.2158713698196));
#7117=CARTESIAN_POINT('',(-18.3,-37.0135062088996,10.3976070342864));
#7118=CARTESIAN_POINT('',(-18.3,-37.0135062088996,10.6505321884661));
#7119=CARTESIAN_POINT('',(-18.3,-37.6260166053798,10.0341357053528));
#7120=CARTESIAN_POINT('',(-18.3,-37.37358755252,10.0341357053528));
#7121=CARTESIAN_POINT('',(-18.3,-37.1935468605234,10.2158713698196));
#7122=CARTESIAN_POINT('',(-18.3,-40.9769645422329,6.85913599145506));
#7123=CARTESIAN_POINT('',(-18.3,-37.0082145422329,6.85913599145506));
#7124=CARTESIAN_POINT('',(-18.3,-40.9769645422329,6.85913599145506));
#7125=VECTOR('',#7126,1.);
#7126=DIRECTION('',(0.,1.,-2.23792987640976E-16));
#7127=CARTESIAN_POINT('',(-18.3,-40.9769645422329,8.07386284351884));
#7128=CARTESIAN_POINT('',(-18.3,-40.9769645422329,8.07386284351884));
#7129=VECTOR('',#7130,1.);
#7130=DIRECTION('',(0.,0.,-1.));
#7131=CARTESIAN_POINT('',(-18.3,-37.0082145422329,7.76541657148863));
#7132=CARTESIAN_POINT('',(-18.3,-37.0082145422329,7.76541657148863));
#7133=VECTOR('',#7134,1.);
#7134=DIRECTION('',(0.,-0.996993511300354,0.0774850851776766));
#7135=CARTESIAN_POINT('',(-18.3,-37.0082145422329,6.85913599145506));
#7136=VECTOR('',#7137,1.);
#7137=DIRECTION('',(0.,0.,1.));
#7138=CARTESIAN_POINT('',(-18.3,-39.6064228755663,3.37610323986976));
#7139=CARTESIAN_POINT('',(-18.3,-37.4930634702866,3.91052023142643));
#7140=CARTESIAN_POINT('',(-18.3,-39.6064228755663,3.37610323986976));
#7141=VECTOR('',#7142,1.);
#7142=DIRECTION('',(0.,0.969482992228248,0.245158576803186));
#7143=CARTESIAN_POINT('',(-18.3,-39.6064228755663,4.44377965323666));
#7144=CARTESIAN_POINT('',(-18.3,-39.6064228755663,4.44377965323666));
#7145=VECTOR('',#7146,1.);
#7146=DIRECTION('',(0.,0.,-1.));
#7147=CARTESIAN_POINT('',(-18.3,-37.4930634702866,3.91052023142643));
#7148=VECTOR('',#7149,1.);
#7149=DIRECTION('',(0.,-0.969609092321804,0.244659371549277));
#7150=CARTESIAN_POINT('',(-19.4,-25.4,-42.5));
#7151=AXIS2_PLACEMENT_3D('',#7152,#7153,#7154);
#7152=CARTESIAN_POINT('',(-19.4,-25.4,-39.));
#7153=DIRECTION('',(1.,0.,-1.83697019872103E-16));
#7154=DIRECTION('',(-1.83697019872103E-16,-1.22464679914735E-16,-1.));
#7155=CARTESIAN_POINT('',(-19.4,-25.4,12.));
#7156=AXIS2_PLACEMENT_3D('',#7157,#7158,#7159);
#7157=CARTESIAN_POINT('',(-19.4,-25.4,15.5));
#7158=DIRECTION('',(1.,0.,-1.83697019872103E-16));
#7159=DIRECTION('',(-1.83697019872103E-16,-1.22464679914735E-16,-1.));
#7160=CARTESIAN_POINT('',(-19.4,38.6,-42.5));
#7161=AXIS2_PLACEMENT_3D('',#7162,#7163,#7164);
#7162=CARTESIAN_POINT('',(-19.4,38.6,-39.));
#7163=DIRECTION('',(1.,0.,-1.83697019872103E-16));
#7164=DIRECTION('',(-1.83697019872103E-16,-1.22464679914735E-16,-1.));
#7165=CARTESIAN_POINT('',(-19.4,38.6,35.5));
#7166=AXIS2_PLACEMENT_3D('',#7167,#7168,#7169);
#7167=CARTESIAN_POINT('',(-19.4,38.6,39.));
#7168=DIRECTION('',(1.,0.,-1.83697019872103E-16));
#7169=DIRECTION('',(-1.83697019872103E-16,-1.22464679914735E-16,-1.));
#7170=CARTESIAN_POINT('',(-17.5,-38.5851312088996,15.0453437684784));
#7171=CARTESIAN_POINT('',(-17.5,-38.5851312088996,14.2613089245019));
#7172=CARTESIAN_POINT('',(-17.5,-38.5851312088996,15.0453437684784));
#7173=VECTOR('',#7174,1.);
#7174=DIRECTION('',(0.,0.,-1.));
#7175=CARTESIAN_POINT('',(-18.3,-38.5851312088996,15.0453437684784));
#7176=VECTOR('',#7177,1.);
#7177=DIRECTION('',(1.,0.,0.));
#7178=CARTESIAN_POINT('',(-18.3,-38.5851312088996,14.2613089245019));
#7179=VECTOR('',#7180,1.);
#7180=DIRECTION('',(1.,0.,0.));
#7181=CARTESIAN_POINT('',(-17.5,-37.0135062088996,15.0453437684784));
#7182=CARTESIAN_POINT('',(-17.5,-37.0135062088996,15.0453437684784));
#7183=VECTOR('',#7184,1.);
#7184=DIRECTION('',(0.,-1.,0.));
#7185=CARTESIAN_POINT('',(-18.3,-37.0135062088996,15.0453437684784));
#7186=VECTOR('',#7187,1.);
#7187=DIRECTION('',(1.,0.,0.));
#7188=CARTESIAN_POINT('',(-17.5,-37.0135062088996,14.2613089245019));
#7189=CARTESIAN_POINT('',(-17.5,-37.0135062088996,14.2613089245019));
#7190=VECTOR('',#7191,1.);
#7191=DIRECTION('',(0.,0.,1.));
#7192=CARTESIAN_POINT('',(-18.3,-37.0135062088996,14.2613089245019));
#7193=VECTOR('',#7194,1.);
#7194=DIRECTION('',(1.,0.,0.));
#7195=CARTESIAN_POINT('',(-17.5,-37.1950351644831,13.8301207747219));
#7196=CARTESIAN_POINT('',(-17.5,-37.1950351644831,13.8301207747219));
#7197=CARTESIAN_POINT('',(-17.5,-37.0135062088996,14.0118977809653));
#7198=CARTESIAN_POINT('',(-17.5,-37.0135062088996,14.2613089245019));
#7199=CARTESIAN_POINT('',(-18.3,-37.1950351644831,13.8301207747219));
#7200=VECTOR('',#7201,1.);
#7201=DIRECTION('',(1.,0.,0.));
#7202=CARTESIAN_POINT('',(-17.5,-37.6254378205066,13.6483437684784));
#7203=CARTESIAN_POINT('',(-17.5,-37.6254378205066,13.6483437684784));
#7204=CARTESIAN_POINT('',(-17.5,-37.3765641200667,13.6483437684784));
#7205=CARTESIAN_POINT('',(-17.5,-37.1950351644831,13.8301207747219));
#7206=CARTESIAN_POINT('',(-18.3,-37.6254378205066,13.6483437684784));
#7207=VECTOR('',#7208,1.);
#7208=DIRECTION('',(1.,0.,0.));
#7209=CARTESIAN_POINT('',(-17.5,-37.9671223964965,13.6483437684784));
#7210=CARTESIAN_POINT('',(-17.5,-37.9671223964965,13.6483437684784));
#7211=VECTOR('',#7212,1.);
#7212=DIRECTION('',(0.,1.,0.));
#7213=CARTESIAN_POINT('',(-18.3,-37.9671223964965,13.6483437684784));
#7214=VECTOR('',#7215,1.);
#7215=DIRECTION('',(1.,0.,0.));
#7216=CARTESIAN_POINT('',(-17.5,-38.402155291133,13.8300380911685));
#7217=CARTESIAN_POINT('',(-17.5,-38.402155291133,13.8300380911685));
#7218=CARTESIAN_POINT('',(-17.5,-38.2191793733664,13.6483437684784));
#7219=CARTESIAN_POINT('',(-17.5,-37.9671223964965,13.6483437684784));
#7220=CARTESIAN_POINT('',(-18.3,-38.402155291133,13.8300380911685));
#7221=VECTOR('',#7222,1.);
#7222=DIRECTION('',(1.,0.,0.));
#7223=CARTESIAN_POINT('',(-17.5,-38.5851312088996,14.2613089245019));
#7224=CARTESIAN_POINT('',(-17.5,-38.5851312088996,14.0117324138587));
#7225=CARTESIAN_POINT('',(-17.5,-38.402155291133,13.8300380911685));
#7226=CARTESIAN_POINT('',(-17.5,-40.9769645422329,15.0453437684784));
#7227=CARTESIAN_POINT('',(-17.5,-40.9769645422329,14.0901152515917));
#7228=CARTESIAN_POINT('',(-17.5,-40.9769645422329,15.0453437684784));
#7229=VECTOR('',#7230,1.);
#7230=DIRECTION('',(0.,0.,-1.));
#7231=CARTESIAN_POINT('',(-18.3,-40.9769645422329,15.0453437684784));
#7232=VECTOR('',#7233,1.);
#7233=DIRECTION('',(1.,0.,0.));
#7234=CARTESIAN_POINT('',(-18.3,-40.9769645422329,14.0901152515917));
#7235=VECTOR('',#7236,1.);
#7236=DIRECTION('',(1.,0.,0.));
#7237=CARTESIAN_POINT('',(-17.5,-39.0666728755663,15.0453437684784));
#7238=CARTESIAN_POINT('',(-17.5,-39.0666728755663,15.0453437684784));
#7239=VECTOR('',#7240,1.);
#7240=DIRECTION('',(0.,-1.,0.));
#7241=CARTESIAN_POINT('',(-18.3,-39.0666728755663,15.0453437684784));
#7242=VECTOR('',#7243,1.);
#7243=DIRECTION('',(1.,0.,0.));
#7244=CARTESIAN_POINT('',(-17.5,-39.0666728755663,14.0901152515917));
#7245=CARTESIAN_POINT('',(-17.5,-39.0666728755663,14.0901152515917));
#7246=VECTOR('',#7247,1.);
#7247=DIRECTION('',(0.,0.,1.));
#7248=CARTESIAN_POINT('',(-18.3,-39.0666728755663,14.0901152515917));
#7249=VECTOR('',#7250,1.);
#7250=DIRECTION('',(1.,0.,0.));
#7251=CARTESIAN_POINT('',(-17.5,-39.2447498331716,13.654813635407));
#7252=CARTESIAN_POINT('',(-17.5,-39.2447498331716,13.654813635407));
#7253=CARTESIAN_POINT('',(-17.5,-39.0666728755663,13.8359085427084));
#7254=CARTESIAN_POINT('',(-17.5,-39.0666728755663,14.0901152515917));
#7255=CARTESIAN_POINT('',(-18.3,-39.2447498331716,13.654813635407));
#7256=VECTOR('',#7257,1.);
#7257=DIRECTION('',(1.,0.,0.));
#7258=CARTESIAN_POINT('',(-17.5,-39.6764547551599,13.4737187684784));
#7259=CARTESIAN_POINT('',(-17.5,-39.6764547551599,13.4737187684784));
#7260=CARTESIAN_POINT('',(-17.5,-39.4228268311498,13.4737187684784));
#7261=CARTESIAN_POINT('',(-17.5,-39.2447498331716,13.654813635407));
#7262=CARTESIAN_POINT('',(-18.3,-39.6764547551599,13.4737187684784));
#7263=VECTOR('',#7264,1.);
#7264=DIRECTION('',(1.,0.,0.));
#7265=CARTESIAN_POINT('',(-17.5,-40.3611054618433,13.4737187684784));
#7266=CARTESIAN_POINT('',(-17.5,-40.3611054618433,13.4737187684784));
#7267=VECTOR('',#7268,1.);
#7268=DIRECTION('',(0.,1.,0.));
#7269=CARTESIAN_POINT('',(-18.3,-40.3611054618433,13.4737187684784));
#7270=VECTOR('',#7271,1.);
#7271=DIRECTION('',(1.,0.,0.));
#7272=CARTESIAN_POINT('',(-17.5,-40.7968825084596,13.6552890658386));
#7273=CARTESIAN_POINT('',(-17.5,-40.7968825084596,13.6552890658386));
#7274=CARTESIAN_POINT('',(-17.5,-40.6168004746863,13.4737187684784));
#7275=CARTESIAN_POINT('',(-17.5,-40.3611054618433,13.4737187684784));
#7276=CARTESIAN_POINT('',(-18.3,-40.7968825084596,13.6552890658386));
#7277=VECTOR('',#7278,1.);
#7278=DIRECTION('',(1.,0.,0.));
#7279=CARTESIAN_POINT('',(-17.5,-40.9769645422329,14.0901152515917));
#7280=CARTESIAN_POINT('',(-17.5,-40.9769645422329,13.8368593631988));
#7281=CARTESIAN_POINT('',(-17.5,-40.7968825084596,13.6552890658386));
#7282=CARTESIAN_POINT('',(-17.5,-40.3618082720465,10.0341357053528));
#7283=CARTESIAN_POINT('',(-17.5,-37.6260166053798,10.0341357053528));
#7284=CARTESIAN_POINT('',(-17.5,-40.3618082720465,10.0341357053528));
#7285=VECTOR('',#7286,1.);
#7286=DIRECTION('',(0.,1.,0.));
#7287=CARTESIAN_POINT('',(-18.3,-40.3618082720465,10.0341357053528));
#7288=VECTOR('',#7289,1.);
#7289=DIRECTION('',(1.,0.,0.));
#7290=CARTESIAN_POINT('',(-18.3,-37.6260166053798,10.0341357053528));
#7291=VECTOR('',#7292,1.);
#7292=DIRECTION('',(1.,0.,0.));
#7293=CARTESIAN_POINT('',(-17.5,-40.7970891769701,10.2156853318246));
#7294=CARTESIAN_POINT('',(-17.5,-40.7970891769701,10.2156853318246));
#7295=CARTESIAN_POINT('',(-17.5,-40.6172138520801,10.0341357053528));
#7296=CARTESIAN_POINT('',(-17.5,-40.3618082720465,10.0341357053528));
#7297=CARTESIAN_POINT('',(-18.3,-40.7970891769701,10.2156853318246));
#7298=VECTOR('',#7299,1.);
#7299=DIRECTION('',(1.,0.,0.));
#7300=CARTESIAN_POINT('',(-17.5,-40.9769645422329,10.6505321884661));
#7301=CARTESIAN_POINT('',(-17.5,-40.9769645422329,10.6505321884661));
#7302=CARTESIAN_POINT('',(-17.5,-40.9769645422329,10.3972349582965));
#7303=CARTESIAN_POINT('',(-17.5,-40.7970891769701,10.2156853318246));
#7304=CARTESIAN_POINT('',(-18.3,-40.9769645422329,10.6505321884661));
#7305=VECTOR('',#7306,1.);
#7306=DIRECTION('',(1.,0.,0.));
#7307=CARTESIAN_POINT('',(-17.5,-40.9769645422329,10.9927541671798));
#7308=CARTESIAN_POINT('',(-17.5,-40.9769645422329,10.9927541671798));
#7309=VECTOR('',#7310,1.);
#7310=DIRECTION('',(0.,0.,-1.));
#7311=CARTESIAN_POINT('',(-18.3,-40.9769645422329,10.9927541671798));
#7312=VECTOR('',#7313,1.);
#7313=DIRECTION('',(1.,0.,0.));
#7314=CARTESIAN_POINT('',(-17.5,-40.7960143311498,11.4246657980513));
#7315=CARTESIAN_POINT('',(-17.5,-40.7960143311498,11.4246657980513));
#7316=CARTESIAN_POINT('',(-17.5,-40.9769645422329,11.2435708907499));
#7317=CARTESIAN_POINT('',(-17.5,-40.9769645422329,10.9927541671798));
#7318=CARTESIAN_POINT('',(-18.3,-40.7960143311498,11.4246657980513));
#7319=VECTOR('',#7320,1.);
#7320=DIRECTION('',(1.,0.,0.));
#7321=CARTESIAN_POINT('',(-17.5,-40.3618082720465,11.6057607053528));
#7322=CARTESIAN_POINT('',(-17.5,-40.3618082720465,11.6057607053528));
#7323=CARTESIAN_POINT('',(-17.5,-40.6150641200667,11.6057607053528));
#7324=CARTESIAN_POINT('',(-17.5,-40.7960143311498,11.4246657980513));
#7325=CARTESIAN_POINT('',(-18.3,-40.3618082720465,11.6057607053528));
#7326=VECTOR('',#7327,1.);
#7327=DIRECTION('',(1.,0.,0.));
#7328=CARTESIAN_POINT('',(-17.5,-37.6260166053798,11.6057607053528));
#7329=CARTESIAN_POINT('',(-17.5,-37.6260166053798,11.6057607053528));
#7330=VECTOR('',#7331,1.);
#7331=DIRECTION('',(0.,-1.,0.));
#7332=CARTESIAN_POINT('',(-18.3,-37.6260166053798,11.6057607053528));
#7333=VECTOR('',#7334,1.);
#7334=DIRECTION('',(1.,0.,0.));
#7335=CARTESIAN_POINT('',(-17.5,-37.1946217467165,11.4245004309447));
#7336=CARTESIAN_POINT('',(-17.5,-37.1946217467165,11.4245004309447));
#7337=CARTESIAN_POINT('',(-17.5,-37.3757373249063,11.6057607053528));
#7338=CARTESIAN_POINT('',(-17.5,-37.6260166053798,11.6057607053528));
#7339=CARTESIAN_POINT('',(-18.3,-37.1946217467165,11.4245004309447));
#7340=VECTOR('',#7341,1.);
#7341=DIRECTION('',(1.,0.,0.));
#7342=CARTESIAN_POINT('',(-17.5,-37.0135062088996,10.9927541671798));
#7343=CARTESIAN_POINT('',(-17.5,-37.0135062088996,10.9927541671798));
#7344=CARTESIAN_POINT('',(-17.5,-37.0135062088996,11.2432401969094));
#7345=CARTESIAN_POINT('',(-17.5,-37.1946217467165,11.4245004309447));
#7346=CARTESIAN_POINT('',(-18.3,-37.0135062088996,10.9927541671798));
#7347=VECTOR('',#7348,1.);
#7348=DIRECTION('',(1.,0.,0.));
#7349=CARTESIAN_POINT('',(-17.5,-37.0135062088996,10.6505321884661));
#7350=CARTESIAN_POINT('',(-17.5,-37.0135062088996,10.6505321884661));
#7351=VECTOR('',#7352,1.);
#7352=DIRECTION('',(0.,0.,1.));
#7353=CARTESIAN_POINT('',(-18.3,-37.0135062088996,10.6505321884661));
#7354=VECTOR('',#7355,1.);
#7355=DIRECTION('',(1.,0.,0.));
#7356=CARTESIAN_POINT('',(-17.5,-37.1935468605234,10.2158713698196));
#7357=CARTESIAN_POINT('',(-17.5,-37.1935468605234,10.2158713698196));
#7358=CARTESIAN_POINT('',(-17.5,-37.0135062088996,10.3976070342864));
#7359=CARTESIAN_POINT('',(-17.5,-37.0135062088996,10.6505321884661));
#7360=CARTESIAN_POINT('',(-18.3,-37.1935468605234,10.2158713698196));
#7361=VECTOR('',#7362,1.);
#7362=DIRECTION('',(1.,0.,0.));
#7363=CARTESIAN_POINT('',(-17.5,-37.6260166053798,10.0341357053528));
#7364=CARTESIAN_POINT('',(-17.5,-37.37358755252,10.0341357053528));
#7365=CARTESIAN_POINT('',(-17.5,-37.1935468605234,10.2158713698196));
#7366=CARTESIAN_POINT('',(-17.5,-40.9769645422329,6.85913599145506));
#7367=CARTESIAN_POINT('',(-17.5,-37.0082145422329,6.85913599145506));
#7368=CARTESIAN_POINT('',(-17.5,-40.9769645422329,6.85913599145506));
#7369=VECTOR('',#7370,1.);
#7370=DIRECTION('',(0.,1.,-2.23792987640976E-16));
#7371=CARTESIAN_POINT('',(-18.3,-40.9769645422329,6.85913599145506));
#7372=VECTOR('',#7373,1.);
#7373=DIRECTION('',(1.,0.,0.));
#7374=CARTESIAN_POINT('',(-18.3,-37.0082145422329,6.85913599145506));
#7375=VECTOR('',#7376,1.);
#7376=DIRECTION('',(1.,0.,0.));
#7377=CARTESIAN_POINT('',(-17.5,-40.9769645422329,8.07386284351884));
#7378=CARTESIAN_POINT('',(-17.5,-40.9769645422329,8.07386284351884));
#7379=VECTOR('',#7380,1.);
#7380=DIRECTION('',(0.,0.,-1.));
#7381=CARTESIAN_POINT('',(-18.3,-40.9769645422329,8.07386284351884));
#7382=VECTOR('',#7383,1.);
#7383=DIRECTION('',(1.,0.,0.));
#7384=CARTESIAN_POINT('',(-17.5,-37.0082145422329,7.76541657148863));
#7385=CARTESIAN_POINT('',(-17.5,-37.0082145422329,7.76541657148863));
#7386=VECTOR('',#7387,1.);
#7387=DIRECTION('',(0.,-0.996993511300354,0.0774850851776766));
#7388=CARTESIAN_POINT('',(-18.3,-37.0082145422329,7.76541657148863));
#7389=VECTOR('',#7390,1.);
#7390=DIRECTION('',(1.,0.,0.));
#7391=CARTESIAN_POINT('',(-17.5,-37.0082145422329,6.85913599145506));
#7392=VECTOR('',#7393,1.);
#7393=DIRECTION('',(0.,0.,1.));
#7394=CARTESIAN_POINT('',(-17.5,-39.6064228755663,3.37610323986976));
#7395=CARTESIAN_POINT('',(-17.5,-37.4930634702866,3.91052023142643));
#7396=CARTESIAN_POINT('',(-17.5,-39.6064228755663,3.37610323986976));
#7397=VECTOR('',#7398,1.);
#7398=DIRECTION('',(0.,0.969482992228248,0.245158576803186));
#7399=CARTESIAN_POINT('',(-18.3,-39.6064228755663,3.37610323986976));
#7400=VECTOR('',#7401,1.);
#7401=DIRECTION('',(1.,0.,-5.55111512312578E-16));
#7402=CARTESIAN_POINT('',(-18.3,-37.4930634702866,3.91052023142643));
#7403=VECTOR('',#7404,1.);
#7404=DIRECTION('',(1.,0.,-5.55111512312578E-16));
#7405=CARTESIAN_POINT('',(-17.5,-39.6064228755663,4.44377965323666));
#7406=CARTESIAN_POINT('',(-17.5,-39.6064228755663,4.44377965323666));
#7407=VECTOR('',#7408,1.);
#7408=DIRECTION('',(0.,0.,-1.));
#7409=CARTESIAN_POINT('',(-18.3,-39.6064228755663,4.44377965323666));
#7410=VECTOR('',#7411,1.);
#7411=DIRECTION('',(1.,0.,0.));
#7412=CARTESIAN_POINT('',(-17.5,-37.4930634702866,3.91052023142643));
#7413=VECTOR('',#7414,1.);
#7414=DIRECTION('',(0.,-0.969609092321804,0.244659371549277));
#7415=CARTESIAN_POINT('',(-19.4,-25.4,-39.85));
#7416=AXIS2_PLACEMENT_3D('',#7417,#7418,#7419);
#7417=CARTESIAN_POINT('',(-19.4,-25.4,-39.));
#7418=DIRECTION('',(1.,0.,-1.83697019872103E-16));
#7419=DIRECTION('',(-1.83697019872103E-16,-1.22464679914735E-16,-1.));
#7420=CARTESIAN_POINT('',(-19.4,-25.4,14.65));
#7421=AXIS2_PLACEMENT_3D('',#7422,#7423,#7424);
#7422=CARTESIAN_POINT('',(-19.4,-25.4,15.5));
#7423=DIRECTION('',(1.,0.,-1.83697019872103E-16));
#7424=DIRECTION('',(-1.83697019872103E-16,-1.22464679914735E-16,-1.));
#7425=CARTESIAN_POINT('',(-19.4,38.6,-39.85));
#7426=AXIS2_PLACEMENT_3D('',#7427,#7428,#7429);
#7427=CARTESIAN_POINT('',(-19.4,38.6,-39.));
#7428=DIRECTION('',(1.,0.,-1.83697019872103E-16));
#7429=DIRECTION('',(-1.83697019872103E-16,-1.22464679914735E-16,-1.));
#7430=CARTESIAN_POINT('',(-19.4,38.6,38.15));
#7431=AXIS2_PLACEMENT_3D('',#7432,#7433,#7434);
#7432=CARTESIAN_POINT('',(-19.4,38.6,39.));
#7433=DIRECTION('',(1.,0.,-1.83697019872103E-16));
#7434=DIRECTION('',(-1.83697019872103E-16,-1.22464679914735E-16,-1.));
#7435=CARTESIAN_POINT('',(-25.4,-25.4,-39.85));
#7436=AXIS2_PLACEMENT_3D('',#7437,#7438,#7439);
#7437=CARTESIAN_POINT('',(-25.4,-25.4,-39.));
#7438=DIRECTION('',(1.,0.,-1.83697019872103E-16));
#7439=DIRECTION('',(-1.83697019872103E-16,-1.22464679914735E-16,-1.));
#7440=CARTESIAN_POINT('',(-25.4,-25.4,14.65));
#7441=AXIS2_PLACEMENT_3D('',#7442,#7443,#7444);
#7442=CARTESIAN_POINT('',(-25.4,-25.4,15.5));
#7443=DIRECTION('',(1.,0.,-1.83697019872103E-16));
#7444=DIRECTION('',(-1.83697019872103E-16,-1.22464679914735E-16,-1.));
#7445=CARTESIAN_POINT('',(-25.4,38.6,-39.85));
#7446=AXIS2_PLACEMENT_3D('',#7447,#7448,#7449);
#7447=CARTESIAN_POINT('',(-25.4,38.6,-39.));
#7448=DIRECTION('',(1.,0.,-1.83697019872103E-16));
#7449=DIRECTION('',(-1.83697019872103E-16,-1.22464679914735E-16,-1.));
#7450=CARTESIAN_POINT('',(-25.4,38.6,38.15));
#7451=AXIS2_PLACEMENT_3D('',#7452,#7453,#7454);
#7452=CARTESIAN_POINT('',(-25.4,38.6,39.));
#7453=DIRECTION('',(1.,0.,-1.83697019872103E-16));
#7454=DIRECTION('',(-1.83697019872103E-16,-1.22464679914735E-16,-1.));
#7455=CARTESIAN_POINT('',(-20.8284271247462,-47.3715728752538,-16.3284271247463));
#7456=CARTESIAN_POINT('',(-20.0682559335897,-46.6114016840974,-17.0885983159028));
#7457=CARTESIAN_POINT('',(-19.0750444082588,-46.2,-18.0818098412338));
#7458=CARTESIAN_POINT('',(-18.,-46.2,-19.1568542494925));
#7459=CARTESIAN_POINT('',(-18.,-46.2,-3.32083386015564));
#7460=CARTESIAN_POINT('',(-18.0326975294165,-46.199999885455,-3.32083386237555));
#7461=CARTESIAN_POINT('',(-18.0980446821685,-46.2008013546789,-3.32083386187792));
#7462=CARTESIAN_POINT('',(-18.174636028455,-46.2036186306698,-3.32083385863947));
#7463=CARTESIAN_POINT('',(-18.2397456257935,-46.2070885580422,-3.32083386238516));
#7464=CARTESIAN_POINT('',(-18.3149026106584,-46.2120147698376,-3.32083386045618));
#7465=CARTESIAN_POINT('',(-18.4370877225346,-46.222974634603,-3.32083386002464));
#7466=CARTESIAN_POINT('',(-18.568863839341,-46.2398657117402,-3.32083386018682));
#7467=CARTESIAN_POINT('',(-18.7006299839885,-46.2613002411481,-3.32083386014648));
#7468=CARTESIAN_POINT('',(-18.8538330414095,-46.2906569948698,-3.3208338601689));
#7469=CARTESIAN_POINT('',(-19.0070952777095,-46.3275189374651,-3.3208338601717));
#7470=CARTESIAN_POINT('',(-19.1672956347517,-46.3733828418261,-3.32083386015206));
#7471=CARTESIAN_POINT('',(-19.3248509317919,-46.4240071627734,-3.32083386016726));
#7472=CARTESIAN_POINT('',(-19.4780083563642,-46.4817546018073,-3.32083386017717));
#7473=CARTESIAN_POINT('',(-19.6197116661976,-46.5420390514473,-3.32083386015367));
#7474=CARTESIAN_POINT('',(-19.7458167394846,-46.5998719130937,-3.320833860168));
#7475=CARTESIAN_POINT('',(-19.8954939126181,-46.6759640739458,-3.32083386014825));
#7476=CARTESIAN_POINT('',(-20.0082534181611,-46.7401069633161,-3.32083386017139));
#7477=CARTESIAN_POINT('',(-20.1161150058326,-46.8049931975645,-3.32083386014975));
#7478=CARTESIAN_POINT('',(-20.2191549811146,-46.8704821899323,-3.32083386018803));
#7479=CARTESIAN_POINT('',(-20.3527747828596,-46.9639058905566,-3.32083386015297));
#7480=CARTESIAN_POINT('',(-20.4360983194651,-47.027048070253,-3.32083386017856));
#7481=CARTESIAN_POINT('',(-20.5028236217432,-47.0795311747366,-3.32083386015866));
#7482=CARTESIAN_POINT('',(-20.5582152251563,-47.1244347756967,-3.32083386014674));
#7483=CARTESIAN_POINT('',(-20.634370566505,-47.1895019352242,-3.32083386019195));
#7484=CARTESIAN_POINT('',(-20.7030374931192,-47.2510504034331,-3.32083386016014));
#7485=CARTESIAN_POINT('',(-20.7668387792512,-47.3108871067457,-3.32083386016441));
#7486=CARTESIAN_POINT('',(-20.8177585768837,-47.3607010258352,-3.32083386019224));
#7487=CARTESIAN_POINT('',(-20.8600599252913,-47.403418823544,-3.32083386017419));
#7488=CARTESIAN_POINT('',(-20.9046431978256,-47.4495627692625,-3.32083386015265));
#7489=CARTESIAN_POINT('',(-20.9585202120305,-47.5074222898106,-3.32083386015672));
#7490=CARTESIAN_POINT('',(-21.018283948373,-47.5746359859092,-3.32083386021127));
#7491=CARTESIAN_POINT('',(-21.0749254240494,-47.6412280994944,-3.32083386015241));
#7492=CARTESIAN_POINT('',(-21.1295344467618,-47.7083092669913,-3.32083386017771));
#7493=CARTESIAN_POINT('',(-21.1689743331965,-47.7589618735515,-3.32083386020204));
#7494=CARTESIAN_POINT('',(-21.2041778138695,-47.8054316812548,-3.32083386017992));
#7495=CARTESIAN_POINT('',(-21.2391234866394,-47.8526299589409,-3.32083386016062));
#7496=CARTESIAN_POINT('',(-21.2865605285879,-47.9194020332326,-3.32083386010947));
#7497=CARTESIAN_POINT('',(-21.3362913136596,-47.9927865816633,-3.32083386041915));
#7498=CARTESIAN_POINT('',(-21.3849885574757,-48.0681995437031,-3.32083386009598));
#7499=CARTESIAN_POINT('',(-21.431926383877,-48.1446213703308,-3.32083386020952));
#7500=CARTESIAN_POINT('',(-21.4631340478438,-48.1980933647388,-3.32083386021485));
#7501=CARTESIAN_POINT('',(-21.4912770216888,-48.2476440738484,-3.32083386018623));
#7502=CARTESIAN_POINT('',(-21.5174533850347,-48.2948607806232,-3.3208338601468));
#7503=CARTESIAN_POINT('',(-21.5628157899505,-48.3805908730454,-3.3208338601637));
#7504=CARTESIAN_POINT('',(-21.6223536858718,-48.500785890497,-3.32083386039509));
#7505=CARTESIAN_POINT('',(-21.669813009963,-48.6071910984597,-3.32083386044703));
#7506=CARTESIAN_POINT('',(-21.7195231426857,-48.7271990005207,-3.32083386026957));
#7507=CARTESIAN_POINT('',(-21.7630686080887,-48.8402984296129,-3.32083386021868));
#7508=CARTESIAN_POINT('',(-21.8107168191329,-48.9815250667431,-3.32083386005426));
#7509=CARTESIAN_POINT('',(-21.8424109005515,-49.0871978230361,-3.32083386042568));
#7510=CARTESIAN_POINT('',(-21.8609178173625,-49.1539963498872,-3.32083386044511));
#7511=CARTESIAN_POINT('',(-21.8763763204393,-49.2125690474588,-3.32083386006962));
#7512=CARTESIAN_POINT('',(-21.8927655662071,-49.2787721574174,-3.32083386008263));
#7513=CARTESIAN_POINT('',(-21.9124600922493,-49.3660298173385,-3.32083386061384));
#7514=CARTESIAN_POINT('',(-21.9312937802284,-49.4594578792383,-3.32083386023395));
#7515=CARTESIAN_POINT('',(-21.9480352607148,-49.5550362789175,-3.32083386036033));
#7516=CARTESIAN_POINT('',(-21.9580496716215,-49.6213586862633,-3.32083386067618));
#7517=CARTESIAN_POINT('',(-21.9660723347866,-49.6793871952024,-3.32083386052656));
#7518=CARTESIAN_POINT('',(-21.97301180132,-49.7340472514077,-3.32083386008247));
#7519=CARTESIAN_POINT('',(-21.9812088925878,-49.8101941010857,-3.32083386016559));
#7520=CARTESIAN_POINT('',(-21.9879933698339,-49.8870886594484,-3.32083386019113));
#7521=CARTESIAN_POINT('',(-21.9933284374438,-49.9647187114664,-3.32083386010522));
#7522=CARTESIAN_POINT('',(-21.9959063518992,-50.0171682828505,-3.32083386025457));
#7523=CARTESIAN_POINT('',(-21.9979527828142,-50.0694357335958,-3.32083386232123));
#7524=CARTESIAN_POINT('',(-21.9994891968017,-50.1218416536221,-3.32083386335624));
#7525=CARTESIAN_POINT('',(-22.0000000316565,-50.1737704588027,-3.32083386178336));
#7526=CARTESIAN_POINT('',(-22.,-50.1999999975767,-3.32083386015568));
#7527=CARTESIAN_POINT('',(-18.,-46.2,3.60736937011978));
#7528=CARTESIAN_POINT('',(-18.0326975281941,-46.1999999162971,3.60736937052221));
#7529=CARTESIAN_POINT('',(-18.0980446824087,-46.2008013624639,3.60736937139377));
#7530=CARTESIAN_POINT('',(-18.1746360314343,-46.2036185750721,3.60736937190277));
#7531=CARTESIAN_POINT('',(-18.2397456246412,-46.2070885749869,3.60736937135621));
#7532=CARTESIAN_POINT('',(-18.3149026112296,-46.2120147578131,3.60736937115055));
#7533=CARTESIAN_POINT('',(-18.4370877226168,-46.2229746404986,3.60736936963325));
#7534=CARTESIAN_POINT('',(-18.5688638394214,-46.2398657108726,3.60736937020434));
#7535=CARTESIAN_POINT('',(-18.7006299838079,-46.2613002413629,3.60736937009567));
#7536=CARTESIAN_POINT('',(-18.8538330416091,-46.2906569947573,3.60736937014229));
#7537=CARTESIAN_POINT('',(-19.0070952777046,-46.3275189374841,3.60736937013494));
#7538=CARTESIAN_POINT('',(-19.1672956347411,-46.3733828418172,3.60736937011645));
#7539=CARTESIAN_POINT('',(-19.3248509318026,-46.4240071627799,3.60736937013139));
#7540=CARTESIAN_POINT('',(-19.4780083563668,-46.4817546018082,3.60736937014155));
#7541=CARTESIAN_POINT('',(-19.6197116661963,-46.5420390514468,3.60736937011776));
#7542=CARTESIAN_POINT('',(-19.7458167394812,-46.5998719130921,3.60736937013226));
#7543=CARTESIAN_POINT('',(-19.8954939126196,-46.6759640739466,3.60736937011231));
#7544=CARTESIAN_POINT('',(-20.0082534181614,-46.7401069633162,3.60736937013565));
#7545=CARTESIAN_POINT('',(-20.1161150058325,-46.8049931975644,3.60736937011383));
#7546=CARTESIAN_POINT('',(-20.2191549811137,-46.8704821899318,3.60736937015243));
#7547=CARTESIAN_POINT('',(-20.3527747828588,-46.963905890556,3.60736937011706));
#7548=CARTESIAN_POINT('',(-20.4360983194648,-47.0270480702527,3.60736937014285));
#7549=CARTESIAN_POINT('',(-20.5028236217428,-47.0795311747363,3.60736937012281));
#7550=CARTESIAN_POINT('',(-20.5582152251559,-47.1244347756963,3.60736937011081));
#7551=CARTESIAN_POINT('',(-20.6343705665044,-47.1895019352236,3.60736937015631));
#7552=CARTESIAN_POINT('',(-20.7030374931186,-47.2510504034326,3.60736937012429));
#7553=CARTESIAN_POINT('',(-20.7668387792506,-47.3108871067452,3.60736937012859));
#7554=CARTESIAN_POINT('',(-20.8177585768833,-47.3607010258348,3.60736937015656));
#7555=CARTESIAN_POINT('',(-20.860059925291,-47.4034188235437,3.60736937013842));
#7556=CARTESIAN_POINT('',(-20.9046431978253,-47.4495627692622,3.60736937011675));
#7557=CARTESIAN_POINT('',(-20.95852021203,-47.5074222898101,3.60736937012086));
#7558=CARTESIAN_POINT('',(-21.0182839483725,-47.5746359859085,3.60736937017565));
#7559=CARTESIAN_POINT('',(-21.0749254240486,-47.6412280994936,3.60736937011646));
#7560=CARTESIAN_POINT('',(-21.1295344467612,-47.70830926699,3.60736937014217));
#7561=CARTESIAN_POINT('',(-21.1689743331954,-47.7589618735512,3.60736937016575));
#7562=CARTESIAN_POINT('',(-21.2041778138694,-47.8054316812531,3.60736937014497));
#7563=CARTESIAN_POINT('',(-21.2391234866244,-47.8526299589498,3.60736937010909));
#7564=CARTESIAN_POINT('',(-21.2865605286642,-47.9194020331979,3.60736937014756));
#7565=CARTESIAN_POINT('',(-21.3362913134119,-47.9927865818441,3.60736937010869));
#7566=CARTESIAN_POINT('',(-21.3849885575545,-48.0681995436684,3.60736937013663));
#7567=CARTESIAN_POINT('',(-21.4319263838567,-48.1446213703426,3.60736937015266));
#7568=CARTESIAN_POINT('',(-21.4631340478443,-48.1980933647394,3.60736937017929));
#7569=CARTESIAN_POINT('',(-21.4912770216908,-48.2476440738522,3.60736937015032));
#7570=CARTESIAN_POINT('',(-21.5174533850372,-48.2948607806392,3.607369370104));
#7571=CARTESIAN_POINT('',(-21.5628157900011,-48.3805908730842,3.60736937016095));
#7572=CARTESIAN_POINT('',(-21.6223536857347,-48.5007858906985,3.60736937009939));
#7573=CARTESIAN_POINT('',(-21.6698130098203,-48.6071910986551,3.60736937012187));
#7574=CARTESIAN_POINT('',(-21.7195231426594,-48.7271990006638,3.60736937011746));
#7575=CARTESIAN_POINT('',(-21.7630686081322,-48.8402984297208,3.6073693701817));
#7576=CARTESIAN_POINT('',(-21.8107168192569,-48.9815250668953,3.60736937014431));
#7577=CARTESIAN_POINT('',(-21.8424109004521,-49.0871978232327,3.60736937012733));
#7578=CARTESIAN_POINT('',(-21.8609178172412,-49.1539963500782,3.6073693701024));
#7579=CARTESIAN_POINT('',(-21.8763763205464,-49.2125690475511,3.60736937018209));
#7580=CARTESIAN_POINT('',(-21.8927655662809,-49.2787721575904,3.60736937011066));
#7581=CARTESIAN_POINT('',(-21.9124600920741,-49.3660298176149,3.60736937013228));
#7582=CARTESIAN_POINT('',(-21.9312937802508,-49.4594578795529,3.60736937007016));
#7583=CARTESIAN_POINT('',(-21.948035260663,-49.5550362792095,3.6073693702879));
#7584=CARTESIAN_POINT('',(-21.9580496714292,-49.6213586866251,3.60736936977872));
#7585=CARTESIAN_POINT('',(-21.9660723346684,-49.6793871955771,3.60736937056094));
#7586=CARTESIAN_POINT('',(-21.9730118013243,-49.7340472517731,3.60736935715217));
#7587=CARTESIAN_POINT('',(-21.9812088926229,-49.8101941013499,3.60736941704709));
#7588=CARTESIAN_POINT('',(-21.9879933698467,-49.8870886596443,3.60736919297131));
#7589=CARTESIAN_POINT('',(-21.9933284374683,-49.9647187118399,3.60737003629962));
#7590=CARTESIAN_POINT('',(-21.9959063519217,-50.0171682833166,3.60736790275471));
#7591=CARTESIAN_POINT('',(-21.9979527828447,-50.0694357343814,3.60737075874717));
#7592=CARTESIAN_POINT('',(-21.9994891968127,-50.1218416541672,3.60736929989654));
#7593=CARTESIAN_POINT('',(-22.0000000316559,-50.1737704592007,3.60736790990205));
#7594=CARTESIAN_POINT('',(-22.,-50.1999999975767,3.6073693701198));
#7595=CARTESIAN_POINT('',(-20.8284271247462,-47.3715728752538,16.3284271247463));
#7596=CARTESIAN_POINT('',(-20.0682559335897,-46.6114016840974,17.0885983159028));
#7597=CARTESIAN_POINT('',(-19.0750444082588,-46.2,18.0818098412337));
#7598=CARTESIAN_POINT('',(-18.,-46.2,19.1568542494925));
ENDSEC;
END-ISO-10303-21;
